Username,Hashtags
babaktafreshi,[]
brettmonroegarner,[]
shahselbe,[]
kiliiiyuyan,[]
nicholesobecki,[]
keithladzinski,[]
yagazieemezi,"['adayinmylife', 'sunset', 'capetownsunset', 'capetown', 'southafrica']"
donaldmiralle,[]
filipe.deandrade,[]
natashaldaly,[]
erin_hogue,[]
xrconnectingcommunities,[]
xrderby,[]
xryouth.charlotte,[]
xrshef,[]
xrlambeth,"['ritzycinemabrixton', 'icouldnevergoveganmovie']"
extinctionrebellionie,"['datacentres', 'datacentresireland', 'extinctionrebellion', 'xri', 'extinctionrebellionireland']"
xryouthboston,[]
xryouth.wro,[]
xrmerida,[]
xryouth.la,[]
xraustria,"['climatejustice', 'stopptunnelspinne', 'seraphoftheend', 'reclaimtiktok']"
extinctionrebellionla,[]
scientist.rebellion_,[]
juventudxclima,"['andalucía', 'aove', 'españa', 'jaén', 'oroverde', 'orolíquido', 'sequía', 'crisisclimática', 'nuestracasaseabrasa']"
climateincolour,"['biodiversity', 'earthmonth', 'soundsright']"
climatestrikeliverpool,[]
whitestar2009,[]
fffwiesbaden,[]
fff_aberdeen,[]
fridaysforfuturenl,[]
climatestrikeleic,[]
xryouth.vic,[]
xrpathways,[]
climate_justice_prof,"['flight', 'nueroscience', 'globalwarming', 'classof2024', 'drought', 'africanamerican', 'travel', 'climateaction', 'environmentaljustice', 'ev', 'birth', 'gosling', 'animals', 'climatechange', 'climateactionnow', 'geese', 'hatch', 'exxon', 'trending', 'diet', 'lakeforestcollege', 'endfossilfuels', 'getaway', 'bird', 'poverty', 'paycheck', 'beef', 'renewableenergy', 'food', 'chevron', 'cattle', 'burn', 'babyanimals', 'climatestike', 'cruiseship', 'wander', 'heat', 'planet', 'oil', 'inflation', 'black', 'pollution', 'beauty', 'data', 'fight', 'eartheday', 'water', 'transformation', 'anxiety', 'vegetarian', 'solar', 'strike', 'health', 'nutrition', 'nepal', 'biden', 'maga', 'tiktok', 'tree', 'lossanddamage', 'truck', 'environmental', 'cost', 'fracking', 'vegan', 'unfccc', 'environment', 'wind', 'scientist', 'party', 'shell', 'environmentalracism', 'elite', 'news', 'wealth', 'earth', 'clinatestrike', 'election', 'himalayan', 'born', 'cows', 'car', 'consumerism', 'climatejustice', 'cars', 'parents', 'mountains', 'compost', 'juststopoil', 'earthday', 'demographics', 'bigtruck', 'justice', 'globalsouth', 'privatejet', 'plantbased', 'fly', 'dei', 'global', 'conception', 'friday', 'steak', 'action', 'goose', 'wild', 'family', 'speing', 'birds', 'vote', 'capitalism', 'asia', 'cheese', 'climatestrike', 'naturalgas', 'fashion', 'glaciers', 'record', 'blacklivesmatter', 'spring', 'inequality', 'masstransit', 'home', 'sustainability', 'rich', 'monday', 'fridaysforfuture', 'children', 'lawn', 'foresters', 'siblings', 'style', 'dairy', 'economy', 'upperclass', 'protest', 'future', 'pregnant', 'bp', 'drinkingwater', 'parentsoftiktok', 'eattherich', 'ucriverside', 'nature', 'biology', 'seasons', 'kids', 'traveltiktok', 'campus', 'river', 'trump', 'cute', 'degrowth', 'population', 'race', 'heatwave', 'wildlife', 'academic', 'clean', 'recylce', 'coal', 'birdsoftiktok', 'climateanxiety', 'makeup', 'babies', 'everest', 'gas', 'india', 'coalroller', 'science', 'temperature', 'ryangosling', 'brain', 'fossilfuels', 'politics', 'geothermal', 'study']"
fridaysforfuturearg,[]
animal_rebellion,[]
hs2.rebellion,[]
luetzibleibt,[]
fff.duesseldorf,[]
