Username,Parsed Status
tiktok_user,2
unclimatechange,1
bbcnews,1
climateadam,1
dr_gilbz,1
dw_planeta,1
extinctionrebellionxr,1
greenpeace_international,1
guardian,1
ourchangingclimate,1
tedtoks,1
juststopoil,1
minuteearth,1
metoffice,1
zbtheclimateoptimist,1
greenrupertread,1
friends_earth,1
parleyfortheoceans,1
action4climate,1
pique_action,1
margreen_s,1
nowthisearth,1
solibolita,1
googleartsculture,1
melatiwijsen,1
khalidalameri,1
khadszy,1
unrefugees,1
marianaccanairam,1
vox,4
curlychameleon666,1
helenagualinga,1
humanitarianbs,1
washingtonpost,1
simonoxfphys,1
ecpavilion,1
justkeepthinking,1
newslitproject,2
glacionaut,1
aquariuminfo,1
innamodja,1
harrymackofficial,1
eco_og,1
natgeo,1
joespinstheglobe,1
jackblack,1
dw_arabia,1
wearedigitaldiplomacy,1
ifrc_arabic,1
unhcrcanada,1
usainbolt,1
daveindercomar,2
dr.katharine,1
dougmcneall,1
climatediva,1
earthstewardess,1
philthefixer,1
nowthis,1
icrc,1
ariellevking,1
ed_hawkins,1
unitednationsvolunteers,1
climate.science,1
relauren,1
unpeacekeeping,1
solanathagreenfairy,1
earthtocop,1
wateraid,1
camwhitnall,1
alysonstoner,1
nachhaltigerleben,1
idriselba,1
flexfor1pt5,1
wearegreenr,1
carissaandclimate,2
studioolafureliasson,2
lewispughfoundation,1
maxklymenko,2
thegarbagequeen,1
oneyoungworld,1
mitzijonelle,1
sustainableenergyforall,1
cleoabram,1
sophiasmithgaler,1
markrober,1
jameswakibia,1
olympics,1
bts_official_bighit,1
1unicefafrica,1
queerbrownvegan,2
moby,1
ilo,1
wimbledon,1
pattiegonia,1
goingzerowaste_,1
nickuhas,1
tiktok,1
tofology,1
janefonda,1
yusramardini,1
monazaki,1
tiktokforgood,2
tiktokcreators,1
sustain.ly,1
imbaela,1
billnye,1
rezo,1
earthhourofficial,1
amnesty,1
wwf_uk,1
angelique_kidjo,1
paris2024officiel,1
sariaalto,1
julietamartinezo,1
selfhelpafrica,1
shelbizleee,1
wwf_deutschland,1
oceana,1
camilacabello,1
emersonbrophy,1
luisamneubauer,1
marianateranr,1
wwf,1
glblctzn,1
prothearctic,1
iamauroramusic,1
transparencyintl,1
conservationorg,1
entomologyabby,1
climatecents,1
bp_tiktok,1
antoinettetaus,1
ifawglobal,1
malalafund,1
groovygeologist,1
ifrc,1
worldfoodprogramme,1
earthtopia,1
elivirkina,2
zekedarwinscience,1
tarabellerose,1
wsl,1
hashem.alghaili,2
hankgreen1,1
unccd,1
astrokirsten,1
louisaschneider.de,1
undpthailand,1
britishredcross,1
alex.haraus,1
worldeconomicforum,1
neildegrassetyson,1
unyouthaffairs,1
who,1
unwomen,1
fao,2
unitednationshumanrights,1
unep,1
youngo.unfccc,1
ifad,1
unicef,1
refugees,1
unmigration,1
unitednations,1
bbc,1
bbcsport,1
bbcnewsmundo,1
bbcnewsrussian,1
bbcnewsguest,2
bbcnewsround,1
bbcnewsazeri,1
bbcnewsbrasil,1
bbcnewsukrainian,1
bomanizer,1
comedianmike,1
steven_he,1
art21,1
figgybaby,1
thatkahlo,1
sighsammie_,1
satanspussi,2
showme_yourmask,2
enriqueanartelazo,1
jack.lawro,2
ottolenghi,1
mrnigelng,1
chorizamay,1
uispi4,1
eddaemilie,1
eleanorbrenbabes,1
stonewalluk,1
rhysiedarby,1
theqweeragenda,2
dw_enteignen,1
bestofvogue,2
fridaysforfuture.berlin,1
sackvideo,1
theonion,1
victoriascone,1
rainbowhistoryclass,1
levi__leah,1
schwulesmuseum,1
ash_phd,2
therapyjeff,1
willhislop,1
drhueyli,1
freelifepassport,1
justalittledeutsch,2
imperfectidealist,1
alexengelberg,1
cla_carbon,1
jinleebaobei,1
steffzombie,2
queenfulvia,1
sup_jer,1
mikaelaloach,1
yasmin_elhady,1
queerjabibachaterx,1
allisonraskinbaby,1
pslnational,1
dw_berlinfresh,1
cbeaumartino,1
frauloewenherz.de,2
happyclimatenerd,1
crownedkaye,2
alexisnikole,1
yoleendadong,2
ecoheffa,2
heated.world,1
zerowastemorocco,1
honeyygonzales,1
earth_uprising,1
reductress,1
stevemould,2
4.lifeherrr,1
die_parallelklasse,1
prisonfeminism,1
nbcolympics,2
katiemarovitch,2
tomlumperson,2
mikemaddenwx,1
astrokatiemack,1
sierraclubclimate,1
sohlae,1
eco.amical,2
aclu,1
toknerdytome,1
tagesschau,2
littlemissflint,2
_owenz,1
carolinethebug,1
simonegiertz,1
climatejournalproject,1
thejeffreymarsh,3
jackies_backie,1
hussamantar,2
drbecky_s,1
fridaysforfutureto,1
asophsfables,1
aimemaggiee,1
jocelyntimperley,1
nicedward,2
amiraunplugged,1
emorwee,1
professorcasey,2
blaccademic,1
mckensea,1
reubenkaye,1
nogalevyrapoport,1
antwuhnet,1
annikazion,1
janellemonae,1
environment_explained,1
dominiquet.a.r.jackson,1
sids.ventures,1
transtopia,1
ciscosews,1
eshutunes,1
alexandriav2005,2
adrianbliss,2
nnamdingwe,1
angelicaloveross,1
blairimani,1
cynthiakao,2
tonyhawk,1
party_harderson,1
focusedoninfinity,1
theshadyecologist,1
blackpenredpen,1
browngirlgreen,1
goetheinstitut.deutsch,1
dakota.danger,1
quangpaasch,2
they.them.ri,1
thisishowilook,1
charlieinberlin,1
chez_jorge,1
chromacine,2
billieeilish,2
frannybeck,1
unrulygeorgia,1
trixiemattelfp,1
titsessence,1
nilered,1
useless_farm,1
robintrancomedian,1
iamlagigi,1
scishow,1
ylove613,1
jtfirstman,1
asapscience,1
thetiktokscientist,1
gayshegoes,1
shamini.b,1
sam_reich,3
raventhesciencemaven,1
ecocore,1
breakthebinary_,1
sciencesiren,1
maxwellvice,1
jackiechanupdate,1
justicerane,2
ecofreako,2
luukashan,1
shaunoboyle,1
trippsurvives,1
tessplease,2
will.is.petty,1
wisdm8,1
fritzieworld,2
rock.daddy,2
thephysicsgirl,1
tiktokbrownchick,1
onlinekyne,1
gastridacid,1
thespacegal,1
basementgang,1
lizzo,1
alisonhammond,1
unofficiallachwatson,1
shannon..skye,2
jeffrightnow,2
tate.est,1
ministryofscience,1
brittany_broski,1
wildlife_jason,1
israhirsi,1
professorbren,1
theyearsproject,1
standingbrowngirlemoji,2
whatchugotforme,1
zentouro_,1
jennamarbles,1
wildlife_film,1
gremlingrandparent,1
climatestrikeok,1
sciencesara,1
banders.natch,1
jasseminho,2
jakersnoll,1
thedailyshow,1
kurtisbaute,1
usclimatestrike,1
amberbella9,1
lanceasmith5424.4.0,1
yash_and_dylan_boxing,1
jordanprinceofficial,1
alessiavalentini00,1
ukantarcticheritagetrust,1
kewshoots,1
goliathsnemesis,1
all_about_climate,3
shearh20,2
melissa_zad0,1
goodworkmb,1
harrietvickers3,1
mixtress_dj,1
rosierawle,1
nabihahp,2
chertzogyoung,1
the_northern_boys,1
thosenorthernboys,1
climate.change.action,1
btwaves,1
sendmesouth,1
officialtrashpirates,1
drriksmith,1
ecoshika,1
jasonvonmeding,1
scotty1southpaw,1
sistersinscience_nl,1
ecotastes,1
maria_in_antarctica,1
andy_revkin,1
scientistsings,1
galwad22,1
davechef53,4
ecowithrada,1
climatechange0,1
pollutersout,1
earth.dude,1
sarahkhalidamohamad,1
its.up.2.us,1
simonrose753,1
iangarland176,1
santibabi,1
theclimatechangers,1
fitzupgetsocial,1
conservingearth,1
ashishghadiali0,1
climate.crusader,1
davalarr63,1
matthew1butcher,1
mas_masood1,1
save.this_planet,1
eloisemaddocks,1
journeytozerowaste,1
seaweedresearch,1
user8637564179269,1
volcanodoc,1
dirtydikesmb,1
zakkflash,1
oisin86,1
kevinjgsmith,1
boxmeme0,3
climateawarness,1
danielanavarroaguirre,1
g.wise2,1
gwenwhere91,1
grandma_droniak,1
user8858696569419,1
tonybroadhurstsr,1
mobenchikh,1
orangekristin,1
camcairnduff,1
constababble,1
mazafraser,1
rossgrant5,1
alexdeville0,1
fuzzhengewright,1
drilledmedia,1
leroyshanahan,1
comrade_ashok,1
kashablanca,2
climate_colin,1
josharnfield,3
bysshe_diesel,1
naomimawhood,1
tillypeterken,1
embob30,1
drshepherdknows,1
tourdemoon,1
ajitniranjan5,2
phatang606,1
lucylubarr,1
subjecttoclimate,1
mazashleyfraser,1
rmealla,1
dan_shake,2
samsmarinescience,1
zaralouiseotoole,1
traffizperkins,1
pete_cannon,1
peteandbas,1
jonnyeng702,1
sunnitorgman,1
simonking553,1
addtheclausetocompanies,1
mattykjordan,1
leilaincredible,1
prof.andrewdessler,1
matthewcappucci,1
drsean2022,2
copperrod,1
seemonsteruk,1
farhath_siddiqui,1
jimmysjobsofthefuture,1
climate_allegiance,1
myzerocarbon,1
action.for.the.arctic,1
anotherway.org,1
fffaltkreishalle,2
sustaindub,1
sastainable,1
grasshopperclimate,1
climatevegas,1
antonia_aimee,1
planetreimagined,1
save.the.earthhhhhh,1
fridaysforfuturerussia,1
greenrevolution.earth,1
theclimateinitiative,1
theclimaterealityproject,1
polarthomas,1
j.lenaerts,1
beatricelangefors,1
timmermansr,1
climatekam,1
climate_quest,1
marissatremblay34,1
greennewdealnetwork,1
polarprediction,1
climate_people,1
oceansciencealex,1
climatologist49,1
climatevoiceorg,1
richardabetts,1
polar_marck,1
ciresoutreach,1
sams_volcano_stories,1
uofr_icecores,1
zuidpool_sophie,1
request2021,1
eumetsat,1
int.polarfoundation,1
byrd.60,1
aunthropocene,1
polarforsker,1
polarbirdy,1
allisonchartrand3,1
simon_satellite,1
sarabohi,1
baberuthless143,1
antarcticagay,1
andrew__warner,1
icy_pete,1
simplyantarctica,1
ceelaas,2
mickplus,1
icefromspace,1
dw.science,1
olifro.st,2
andreacheong_,1
ocean.ramsey,2
vicenews,1
elisejoshi,1
pedestriandignity,1
michael_mezz,2
morningbrew,1
talkingcities,1
thealgorythm,1
knawtkai,1
heartthrobert,1
venetialamanna,2
birdladydrin,2
its_nhm,1
metmuseum,1
jessecallahanbryant,1
encyclopaediabritannica,1
astrosamantha,2
geodesaurus,1
katiekreen,2
sachistorymuseum,1
mrohwerkahlmann,1
chemteacherphil,1
annelisethearchaeologist,1
deutschebahn,1
mfnberlin,1
philwalkable,2
seashepherdglobal,1
birdoftheweek,1
yalgannabi,1
rachelstewart0404,1
frauspaeth,1
alvin0vic,2
astro_alexandra,1
morethanadodo,1
sciencewithana,1
zethdafer,1
fahadmarsoo,1
thegoogleearthguy,2
estebanepardo,1
theoceancleanup,1
caseyneistat,1
notjustbikes,2
jonma22,1
hazelisonline,1
sejsejlija,2
aurikatariina,1
_lukashansen,1
planetmoney,1
hatimanati,1
dw_nesia,1
davejorgenson,1
dw_the77percent,1
sambentley,1
misteraceedee,2
tiktoktips,1
heather.hupp,1
entr_en,1
thegoodnewsms,1
sabrina.sustainable.life,2
ecofran,1
akire_m,1
padiborealis,1
kiyosusan,3
tati_thespy,1
echonaut.science,1
supersteinii,1
xrconnectingcommunities,1
xrderby,1
xryouth.charlotte,1
xrshef,1
miwallbank,1
xrlambeth,1
0rganic_arts,1
fridaysforfutureguate,1
extinctionrebellionie,1
xryouthboston,1
xryouth.wro,1
xrmerida,1
xryouth.la,1
sunrisemvmtsalem,1
xraustria,1
fff.magdeburg,1
the_london_spy,1
extinctionrebellionla,2
scientistrebellion,1
scientist.rebellion_,2
co2action,1
juventudxclima,1
climateincolour,1
stopclimatechang,1
climatestrikeliverpool,1
whitestar2009,1
fffwiesbaden,1
helpwithclimatechange,1
fff_aberdeen,1
extinctionrebellioncr,1
xrbrismeanjin,1
fridaysforfuturenl,1
fridaysforfuturetrier,1
climatestrikeleic,1
xryouth.vic,1
klimatreffen_st,1
xrpathways,1
climate_justice_prof,1
fffkiel,1
fridaysforfuturearg,1
animal_rebellion,1
hs2.rebellion,1
fff.passau,1
thetimes,1
dontpayuk,2
fridaysforfuture.ge,1
fridays4future,1
eco_warrior_soap,1
decemergency,1
fridaysforfuture_tuebi,1
dannyphiltalk,1
luetzibleibt,1
independent,1
fff.duesseldorf,1
fff.leverkusen,1
fridaysforfuturelatvia,1
guardianaustralia,1
insulatelove,1
oliverlarsen328,1
adamemedia,1
theblackspeech,1
wagingnv,1
thetwolauras,1
xrlondon,1
c4news,1
conscientious_protectors,1
sustain.ed,1
paidtopollute,1
rspb,1
climate_revive,1
survivalinternational,1
plantbasedpilot,1
xrnyc,1
maximumshart,1
matthewshribman,1
sunandswell,1
user1791164468925,1
wildeyeadventures,1
debtforclimate,1
xry.sweden,1
fossilfreelondon,1
naomiy8s,1
ojlgoulden,1
xr_africa_actions,1
xrshrewsbury,1
s_ve.the.earth.now,1
lopwert,1
xryouth_uk,1
stopcambo,1
cassandrafreier,1
gndrising,1
commietrashh,2
varyify,1
