Username,Hashtags
dimitris_loiz,"['tonex', 'blues', 'fenderguitars', 'bluestone', 'oldgibson', 'slowbluesguitar', 'lespaul', 'vintagegibson', 'dimitrisloizos', 'guitartone', 'fenderstrat', 'bluesuk', 'slowblues', 'bluesfoundation', 'gibson', 'duosonic', 'guitar', 'fender', 'dimitris', 'blueslondon', 'stratocaster', 'boostache', 'tone', 'fenderduosonic', 'strat', 'bluesguitar', 'fiestared']"
laresistencia_shop,"['guitartech', 'fixit', 'reparaciondeguitarra', 'luthier', 'neon', 'guitar', 'telecaster', 'guitarrepair', 'fender', 'vintageguitar', 'bcn', 'repairguitar', 'guitarstrings']"
lucytalksfish,"['ukwildlife', 'davidattenborough', 'tidepool', 'marinebiology', 'crab', 'beachday', 'starfish']"
pierrefriedlingstein,[]
alivanfleet,[]
alonalbagli,[]
yourneighborwthecutedog,"['alab', 'priorities', 'animalneighbors', 'playheals', 'audhd', 'bootsriley', 'philosophytiktok', '11', 'brainpower', 'driverprivilege', 'antinatalism', 'imavirgo', 'vegan', 'casualviolence', '1', 'connection', 'densewalkableneighborhoodssavedmylife', 'greenscreen', 'scootergirl', 'carnistwisdom', 'noparking', 'imhere', 'legaladvice', '3', '2', 'sadface', 'philosophytube', 'microconnections', 'cfbc', 'downtownportland', 'scootscoot', 'spaceforwildlife', 'compersion', 'iloveme', 'prisonlabor', 'depave', 'businessadvice', 'boycottanimalagriculture', 'halp', 'carsruincities', 'trafficviolence']"
ellisfrancishoward,[]
britheberge,[]
mamakatie70,[]
archietht,[]
adamduncan660,[]
theweirdonefromwa,[]
zeppelinbarnatra,[]
entranceexit,[]
ledersocke,[]
_dominique_deveraux_,[]
peakfalcon,[]
jennyonow,"['illustration', 'character', 'rubberstamps']"
thredmag,"['britishwildlifephotography', 'spacevip', 'oceanconservation', 'competition', 'tech', 'amazon', 'uae', 'generationhope', 'earthday?', 'ethicalchoices', 'activism', 'aiinfluencers', 'ethics', 'pregnancy', 'ai', 'floods', 'environmen', 'spacetravel', 'humanrights', 'dining', 'ageing', 'socialmedia', 'justwalkout', 'nhs', 'deepfake', 'government', 'hiddenworkforce', 'world', 'socialchangenews', 'awards', 'riverthames', 'biodiversity', 'environment', 'planetvsplastics', 'internet', 'barkair', 'london', 'mounteverest', 'activists', 'coral', 'bleaching', 'industry', 'beautycontest', 'conservation', 'sadiqkha', 'earth', 'deadinternettheory', 'britishwildlife', 'ecoinnovation', 'thames', 'climate', 'swiss', 'wildlife', 'cloudseeding', 'news', 'u', 'science', 'airline', 'healthcareforall', 'technology', 'socialchange', 'space', 'waste', 'gapyear', 'ocean', 'genz', 'conspiracy', 'climatechange', 'savethewildlife', 'earthday', 'wildlifephotography', 'law', 'luxury', 'greenpeace', 'everest', 'diningexperience', 'dogs', 'protectourplanet', 'eu', 'indigenious']"
greeneyedpoetess,[]
rezzreze,[]
pietbar,[]
larissaramos677,[]
dyk0rtk83g0s,[]
turnbull_pdx,[]
bekindtonature,[]
dy4qkzf1ix8g,[]
chickenbutt2525,[]
