Username,Hashtags
marlows.house,[]
bumbleduckie,[]
joannehaydecorating,"['geordieaccent', 'joannehaypaintinganddecorating', 'geordiedecorator']"
markmccarthy481,[]
victorianadventure,"['sayyestotheworld', 'lufthansa', 'bangkok']"
hudsonuniqueuk,[]
leeeoooooon,[]
thejazzemu,"['foryou', 'downloadnow', 'tools', 'psychologicallyfinished', 'livemusic', 'inflation', 'tutorial', 'therapy', 'frontallobe', 'interest', 'financialadvice', 'attention', 'money', 'game', 'creator', 'advice', 'mobilegaming', 'fyp', 'howto', 'mentalhealth', 'manipulation']"
inspectorplanet,[]
earthloveunited,[]
brynnford,"['bestfriends', 'joannagoing', 'womensafety', '1970s', 'sisters', 'girlythings', 'rachelweisz', 'siblings', 'realitycheck', 'bodyimage', 'lesliemann', 'bearorman', 'brendanfraser', 'keepitreal', 'sistergoals']"
ludmila.rattis,[]
pbskids,[]
oliverjeffersart,[]
sewpheeyuh,"['adhd', 'roevwade', 'stitch', '🍉', '🍉🍉🍉']"
yarashahidi,[]
