Username,Hashtags
yurilamasbella,"['hyundaiusa', 'hyundaipartner', 'esteeselviajedetuvida', 'microblading', 'relatable', 'thankyouaimee', 'realitytv', 'drake', 'kuwtk', 'novababe', 'fashionnova', 'hyundaisantafe', 'kardashians', 'pov', 'taylorswift']"
nova.skylar,[]
thesweetimpact,"['thesweetimpact', 'cake', 'cakedecorating', 'knuckles', 'tiktokfood', 'spongebob', 'ad', 'paramountplus', 'nickelodeon']"
psg,"['mbappé', 'ligue', 'parisiensetchampions', 'ligue1', 'fanspsg', 'ramos', 'psgfans', 'warren2029', 'zaireemery', 'champions', 'parissaintgermain', 'psg', 'parcdesprinces', 'goals']"
andremusgrove,"['freediver', 'whales', 'sharks', 'freediving', 'bahamas', 'underwaterstunts', 'underwaterphotography']"
epthelatino,[]
lejuanjames,"['lejuanjames', 'teamlejuan', 'fyp', 'nissanpartner']"
nv.trainn,"['nvtrain', 'paravoce', 'passinho', 'dancinha']"
hekaya.music,[]
neymarjr,[]
allisonrogers31,[]
younghussle__,"['fypシ゚viral', 'laugh', 'jamaica', 'funny', 'jamaicatiktok', 'fypシ', 'fyp']"
alissa.ashley,"['9', 'gym', 'grwm', 'greenscreen', 'makeup', 'stitch', 'stairmaster', 'duet', 'fentybeauty']"
patriceevra,[]
wilkander,[]
tomo_tv,"['fyp', 'jamaica']"
itsdxinx,"['outnow', 'dxinx', 'ghostface600', 'hangingfrommylip']"
amirasayed042,[]
pondegrass,[]
eltrinivenezolano,"['orderingfoodinspanish', 'onlinespanishclass', 'foodie', 'trinidad', 'spanishclass', 'onlinespanishteacher', 'venezolanos', 'trinidadspanishclasses', 'trinidadspanishteacher', 'venezolanosentrinidad', 'venezolanosporelmundo', 'bilingual', 'profedeinglés', 'spanishteacher', 'trinidadandtobago', 'pedircomidaenespañol', 'venezolanosentrinidadytobago', 'eltrinivenezolano', 'languageteacher', 'trini_tiktoks', 'venezuela', 'trinidadcreator', 'polyglots', 'spanishclassonline', 'bilingualjourney', 'englishteacher']"
trinidriver47,"['ttps', 'td47', 'trinidad', 'trinidriver47']"
myhealthybaker,"['geoorood', 'tiktokshopfinds', 'viraljumpsuit', 'doggroomingvacuum', 'daddyyankee', 'workoutmotivation', 'bbljacket', 'fyp', 'gymmotivation', 'bulgariansplitsquat', 'fullbody', 'fitnessmotivation', 'doggrooming', 'fitnesschallenge', 'gymfit', 'tiktokshop', 'dogsoftiktok', 'jumpsuit', 'geooroodpet', 'oqq', 'donantedesangre']"
adifishy,"['howtochoosedatenight', 'datenightideas', 'datenight']"
terrellgrice,[]
fishing_with_devan,"['lovethethingsido', '1111', 'trinidad🇹🇹', 'living', 'braidstyles', 'stillathug', 'peaseandhappyness', 'braids', 'saltlife']"
damedamian,"['adhd', 'garageringtones']"
bukayosaka87,[]
tysonmoss1,[]
princeroyce,['calumnia']
raisingzion1,"['broski', 'funnybaby', 'cute', 'funnybabyvideos', 'baby', 'footballtraining', 'funny', 'newborn', 'babytok', 'funnyvideos', 'football', 'cutebaby', 'newbornbaby']"
ktreadzsocks,"['socks', 'savannah', 'poui', 'ktreadzstyle', 'yellowpoui', 'ktreadzsocks', 'bestsocksever', 'pouitree', 'ktreadzlife', 'pinkpoui', 'caribbeanlife', 'socksfetish', 'sockstyle', 'caribbean', 'bestsocks']"
ponaflex,"['trinitiktok', 'multiaverso', 'bermuda', 'soca', 'dancehall', 'caribbeantiktok', 'trini', 'efeitops2', 'jamaicantiktok', 'trinidad', 'memecut', 'capcut', 'jamaicatiktok', 'meme', 'ponaflex', 'trinidadandtobago', 'caribbean', 'carnival']"
spanishwleslie,"['learnspanishonline', 'learnspanishfast', 'spanish', 'easyspanish', 'spanishlesson', 'fyp']"
annnexmp,[]
scottdhenry,"['manvsbear', 'greenscreenvideo', 'liarliar', 'standupcomedy', 'duet', 'newgirl', 'bestcomments', 'thegentlemencomedytour', 'lipsyncchallenge2024', 'beatcommentsection', 'goat', 'bebetter', 'excuses', 'iykyk', 'mom', 'karma', 'comedy', 'stitch', 'jimcarrey', 'mama', 'greenscreen', 'missingwork', 'funny', 'comments', 'brooklynn99']"
thejonnycakes,"['isitcake', 'tryguys', 'ew', 'greenscreen', 'dessert', 'crocs', 'buckethat', 'tiktokshop', 'cake', 'theboyz', 'stitch', 'ttpd', 'bathroom', 'duet', 'cakes', 'pepto', 'shrek', 'taylorswift']"
vinijr,"['visitdubai', 'realmadrid', 'dubaiforreal']"
speakspanishfaster,[]
prodirectsoccer,"['franklampard', 'prodirect', 'niketiempo', 'ukcomedy', 'awfc', 'asmr', 'mccabe', 'footballtiktok', 'gusto', 'angryginge13', 'footballvideo', 'yungfilly', 'cfc', 'coys', 'trent', 'footballboots', 'musiala', 'maryearps', 'pumafootball', 'prodirectsoccer', 'puma', 'woso', 'asmrsounds', 'harrypinero', 'bhafc', 'foord', 'angryginge', 'adidasfootball', 'fyp', 'chelseafc', 'adidas', 'arsenal', 'predator', 'soccercleats', 'comedy', 'newbalance', 'lionesses', 'mufc', 'bts', 'nikefootball', 'spurs', 'underarmour', 'ansufati', 'vandijk', 'liverpool', 'trentalexanderarnold', 'premier', 'afc', 'wsl', 'lfc', 'liverpoolfc', 'chelsea', 'arsenalfc', 'football', 'nike', 'adidaspredator']"
addeyhairpractitioner,"['barber', 'steveharvey', 'hairloss', 'stylist', 'hair', 'funny', 'duet', 'trichologist', 'hairrestoration']"
richarlison,[]
laguardiacross,"['dadsontiktok', 'parentsoftiktok']"
melissaleanneee,[]
tanyahomeinspo,"['feedingmyfamily', 'bathroomgadgets', 'homecooking', 'amazonfinds', 'bedroom', 'foodies', 'cheapmeals', 'bathroomstorage', 'cleaningmotivation', 'aldifinds', 'tastyfood', 'budget', 'cleaningtips', 'renterfriendlydecor', 'laundry', 'bathroom', 'fivepoundmeals', 'trendingrecipes', 'rental', 'CookWithMe', 'stains', 'bathroomaesthetic', 'easyrecipes', 'cleaninghacks', 'bathroomaccessories', 'savingmoney', 'costoflivingcrisisuk', 'cheapfood', 'budgetmeals', 'renterfriendly', 'laundryhacks', 'costofliving', 'yummyfood', 'cleaningvideos', 'homeinspo', 'cleantok', 'amazonbestseller', 'foodshoponabudget', 'amazonmusthaves2024', 'foodshopping', 'groceries']"
timbales_guy,"['chutney', 'tassa', 'fyp', 'boatride']"
thegirlcop,"['capcut', 'photoshoot', 'baseballplayers', '46brothers', 'prettylittledevil', 'itsyourworldwerejustspinninginit', 'internet', 'players', 'advice', 'juco', 'parentingtips', 'softball', 'littlesisters', 'coolshirt', 'storage', 'tiktok', 'icecube', 'congress', 'howto', 'blueymom', 'happinesshas9letters', 'svu', 'collegebaseball', 'safety', 'ohmygoodlord', 'babies', 'tiktokshopfinds', 'team', 'slowitdown', 'rap', 'protectkids', 'art', 'howtotalktokids', 'childsafety', 'babyvoiceover', 'shirt', 'sad', 'baseballteam', 'missingchildren', 'fyp', 'momhack', 'college', 'childsafetytips', 'tupac', 'pictureframe', 'godsaysiam', 'bluey', 'requestverification', '90srappers', 'unique', 'kid', 'tiktokshop', 'childabuse', 'girlcop', 'bighie', 'toddlers', 'wheredothegoodboysgo', 'brothers', 'baseball', 'teenager', 'parenting', 'nothotlist', 'family', 'coacheswife', 'savetiktok', 'toddler', 'internetsafety', 'youlooklike', 'hideaway', '90rappers', 'littlesister', 'bensonboone', 'sweet', 'tiktokban', 'kids', 'bearinthewoods', 'coachesdaughters', 'findvanessamorales', 'lassen', 'giftsformom', 'christian', 'chilli', 'thesign', 'oliviabenson', '90s', 'cute', 'keepkidssafe', 'giftidea', 'funny', 'tocatchapredator', 'ad', 'immadelight', 'usa', 'marriage', 'onlinesafety', 'sportsfamily', 'mariskahargitay', 'ban', 'doubleshotofwhiskey', 'savechildren', 'parentinghack', 'protectbabies', 'lawandordersvu', 'savethekids', 'sportfamily', 'parentsafetytips', 'coachesdaughter', 'growinguo', 'tipsy', 'safetytips', 'verifymetiktok', 'believekids', 'greenscreen', 'sportstiktok', 'tiktikshop', 'verification', 'scam', 'account', 'fypシ', 'saprevention']"
dr_bri_obgyn,"['hyperemesisgravidarumawareness', 'knowledgesharing', 'knowmebetter', 'csectionmom', 'expectingmom', 'csectionrecovery', 'csectionmommy', 'gynecologist', 'nauseainpregnancy', 'hyperemesisgravidarumpregnancy', 'expectingmamas', 'obstetrician', 'csectionawarenessmonth', 'caribbeandoctor', 'csection', 'hyperemesisgravidarum', 'csectiondelivery', 'csectionscar', 'csections', 'lovewhatyoudodowhatyoulove', 'vomitinginpreg', 'pregnancyadvice', 'csectionmama', 'pregnancy', 'bumps', 'femaleobgyn', 'pregnancycomplications', 'obgyndoctor', 'csectionawareness']"
art_society_tt,"['art', 'thingstodointrinidad', 'trinidadartist', 'astt', '🇹🇹', 'trinidadandtobago', 'worldartday2024']"
benandzara,"['velocityfrequentflyer', 'kids', 'virginaustralia', '90shiphop', 'bustarhymes', 'funnyreels', 'siblings', 'secondchild', 'didi', 'abba', 'family', 'ad', 'emojichallenge🤣']"
larobenz,"['games', 'lilversachi', 'pregnant', 'boyfriend', 'girlfriend', 'larobenz', 'blowthisup', 'starbucks', 'couple', 'fyp', 'comedy', 'reaction', 'hilarious', 'zaeway', 'baby2024', 'momsoftiktok', 'viral', 'pregnancy', 'alexabadini', 'friends', 'crying', 'funny', 'babiesoftiktok']"
sooonwa,"['music', 'motivation', 'mazamorra', 'playlist', 'parati', 'colombia', 'fitness', 'arepa', 'comunidad', 'fyp', 'running']"
spanishonline_,"['spanish', 'foryoupageofficiall', 'fypシ', 'spanishteacher', 'learnspanish']"
efisarj,[]
xibibrothers,"['24horas', 'humor', 'cleantok', 'scrubdaddy', 'perdonasimishijoslloran', 'limpieza']"
iamforrestb,[]
khingkloud,[]
eatthatmuffin,"['trinitiktok', 'lemon', 'vitmains', 'nylonpool', 'food', 'sea', 'trinidad', 'motherson', 'suckabag', 'family', 'redwomanchronicles', 'latenight', 'beach', 'ridealong', 'carribean', 'tobago', 'landscape', 'adventure', 'boat', 'nature', 'trinidadandtobago', 'fyp', 'tobagotiktok🇹🇹🇹🇹', 'pool', 'water', 'exploring', 'viral', 'onthisday', 'backyard', 'river', 'fypシ', 'dogs']"
scubacao,[]
user63187166663325,[]
msritab,"['mycostamoment', 'londonmarathon', 'costamisecoffee']"
masonmount,[]
zacc.chen,[]
masakakidsafricana,"['uae', 'repost', 'follow', 'maquillajechallenge', 'tiktokdance', 'masakatotheworld', 'sharjahchildrensreadingfestival', 'smile', 'onanana', 'beautiful', 'weekendvibes', 'picoftheday', 'exploreuganda', 'enjoy', 'texasholdem', 'trend', 'instagood', 'reelsdance', 'funnyvideos', 'like', 'tiktok', 'friends', 'trendingreels', 'photooftheday', 'best', 'football', 'masakakidsafricana', 'newmusic', 'followforfollowback', 'explorepage', 'dance', 'tiktokchallenge', 'duet', 'art', 'fashion', 'life', 'fyp', 'comedy', 'instacool', 'uganda', 'barcelona', 'amazing', 'meme', 'happiness', 'dancereels', 'fun', 'instamood', 'uae🇦🇪', 'dancer', 'bestlife', 'tiktokers', 'fcbarcelona', 'bollywood', 'whatislove', 'gasolina', 'followme', 'daddyyankee', 'reels', 'beyoncé', 'lfl', 'hakim', 'explore', 'trending', 'memes', 'viral', 'danceriseandshine', 'cute', 'fcbarcelona🔵🔴', 'weekend', 'sharjah', 'funny', 'foryoupage', 'discover', 'instagram', 'nigeriantiktok', 'bestoftheday', 'love', 'music', 'reelsinstagram', 'lol', 'viralvideos', 'fcb', 'song', 'masakakids', 'instalike', 'happyfriday', 'likeforlikes', 'happy', 'instalikes', 'fundaciofcb', 'instadaily', 'likes', 'beyonce', 'maquillaje', 'fypシ', 'beautifuldestinations']"
insanedailyclips,[]
australianmarinecons,"['ocean', 'art', 'oceanlover', 'sharks', 'rays', 'australianmuseum', 'animalloversoftiktok']"
michaelb0505,['abercrombiepartner']
angrydaughter,[]
duogriot,[]
wahwedoing,"['trinitiktok', 'wicked', 'trinidad', 'thelittlemermaid', '868', 'events', 'trini', 'theatre', 'broadwaymusicals', 'broadwaytiktok', 'mothersday2024', 'broadway', 'uwi', 'mammamia', 'trinidadandtobago', 'brunch', 'quarterlifecrisis', 'flowers', 'trini🇹🇹', 'thingstodointrinidad', 'trinidadandtobago🇹🇹', 'hairspray', 'mothersdaygiftideas', 'trini_tiktoks', 'photowall', 'mothersdaygift', 'trinievents', 'dearevanhansen', 'musicals', 'university', 'mothersday', 'thegreatestshowman', '868🇹🇹', 'uwistagustine']"
ztv868,[]
iamthatenglishteacher,"['makeadifference', 'colorwords', 'education', 'flashbacktothe70s', 'eclipsefacts', 'justtobeclear', 'spacedebate', 'spacecast', 'tiktokeducation', 'iteach', 'facetious', 'antonym', 'sun', 'ellteacher', 'grammarteacher', 'circumflexed', 'grammarlesson', 'rllpart7', 'synonym', 'blase', 'learnnewwords', 'there', 'followinginstructions', 'thewhispers', 'refracting', 'plentiful', 'pewter', 'commas', 'grammarmistakes', 'mother', 'saffron', 'language', 'englishquiz', 'englishgrammar', 'the', 'engaging', 'cheatingonatest', 'myclassroom', 'hyphenated', 'learningenglish', 'coworker', '04082024', 'solareclipse2024', 'baby', 'didyoulearnsomethingnew', 'lavender', 'disneyteacherseries', 'teachersoftiktok', 'msjamesteachertips', 'msjamesteachingtips', 'rootwordstudy', 'century', 'therm', 'grammarfun', 'adverb', 'ilovethismashup', 'marketing', 'eon', 'englishvocabularylearning', 'iamthatenglishteacher', 'visage', 'rllpart1', 'thuh', 'bankrupt', 'anewday', 'conjoin', 'englishreview', 'colleague', 'solareclipse', 'maternal', 'propernoun', 'teachermentor', 'commause', 'englishteacher', 'erupt', 'pastparticiple', 'wontlisten', 'spellcheck', 'thankyou', 'jobtitles', 'grammarhelp', 'mentoringmatters', 'babies', 'fuchsia', 'languagelearning', 'middleschoolers', 'showemoff', 'havehas', 'englishgrammarlesson', 'wearglasses', 'esllesson', 'pastelfashion', 'apathy', 'grammarrules', 'april8', 'msjamesisateacher', 'englishasasecondlanguage', 'verbtenses', 'teachingreallifelessons', 'temperature', 'englishlearning', 'grammarmistakestoavoid', 'studyvocabulary', 'firstannual', 'father', 'imalive', 'teachingvocabulary', 'iminlove', 'epigraph', 'maternity', 'customerserviceproblems', 'tipsforwriting', 'spacetok', 'customercomplacency', 'studyingenglish', 'childhoodmemories', 'vocabularywords', 'etemology', 'its', 'englishgrammarquiz', 'businessterms', 'learnenglish', 'theceo', 'pronoun', 'inflexible', 'moon', 'semicolon', 'businessowner', 'musicterms', 'englishlanguage', 'spring2024', 'viewingtgeeclipse', 'unitedstates', 'whatyoudonowmatters', 'are', 'donttellthemshowthem', 'ela', 'mycoworkers', 'englishlanguagetips', 'inspired', 'middleschool', 'celadon', 'alot', 'teacherootd', 'commasplice', 'greeklatinroot', 'astronomers', 'vocabularycheck', 'mashup', 'drivethrough', 'springfashion', 'latinrootwords', 'teacheroutfit', 'burningbridges', 'vocab', 'ateacherseries', 'paternal', 'skygazers', 'eclipsevocabulary', 'englishlessons', 'colors', 'engagement', 'editingtips', 'thebeatgoeson', 'flexible', 'space', 'wearprotectiveeyegear', 'lunar', 'imakeadifference', 'cheatingstudents', 'greekroots', 'nasa', 'learningcanbefun', 'pasttense', 'eslstudent', 'is', 'conjunctions', 'spring2024fashion', 'grammarquiz', 'eclipse2024', 'writingtips', 'engaginglessons', 'customerservice', 'spring', 'map', 'newword', 'msjamesteacher', 'triannual', 'teacher', 'interjection', 'commasmatter', 'esl', 'eclipselunar', 'possessive', 'englishwritingtips', 'wellbeing', 'noun', 'iteachmiddleschool', 'english', 'figurativelanguage', 'cinnabar', 'grammarreview', 'msjames', 'englishspeaking', 'plural', 'grammarcheck', 'clarity', 'marketing101', 'goodbye', 'socialmediagrammarmistakes', 'grammar', 'ootd', 'improvevocabulary', 'drivethru', 'englishlesson', 'paternity', 'sky', 'teacherlife', 'magenta', 'irregularverbs', 'middleschoolersbelike', 'adjective', 'vocabulary', 'their', 'nonenglishspeaker', 'triennial', 'preposition', 'followinstructions', 'latinroots', 'astronomy', 'newvocabulary', 'defineclarity', 'totality', 'mycoworker', 'stem', 'science', 'learnsomethingnew', 'nostalgia', 'oxymorons', '2024', 'except', 'eclipse', 'newvocab', 'usingcommas', 'decade', 'verb', 'theyre', 'partsofspeech', 'greekandlatinroots', 'beverbs', 'accept', 'vocabularylesson', 'complacency', 'paleyellow', 'followdirections', 'learn', 'universe', 'usinghyphens', 'engagedstudents', 'entrepreneur', 'hyphen', 'cheesetoast', 'eponym', 'makingadifference', 'newwords', 'punctuation', 'define', 'springoutfit', 'elateacher', 'msjamesteach', 'edit', 'englishvocabulary', 'inaugural', 'motivated', 'eclipsesolar', 'eslteacher', 'noviceteacher', 'itoldthemwhattodo', 'grammareducator', 'teach', 'tiktokteacher', 'englishlanguagelearning', 'greekrootwords', 'comma', 'neverlookatthesun', 'rootwords', 'sciencevocabulary', 'middleschoolvibes', 'customerapathy', 'vocabularyquiz', 'teacherseries', 'pluralnouns', 'am', 'wordstudy', 'languageskills', 'corrupt', 'havebeen', 'whosthefather', 'abundant', 'hasbeen', 'bountiful']"
artbyrannie,[]
trini_surfer,"['photographer', 'diving', 'bigboy', 'brunchgoals', 'delicious', 'photoshoot', 'maternityphotoshoot', 'tour', 'inspiration', 'pizza', 'huggies', 'sunrise', 'tropicalescape', 'husbandsoftiktok', 'boatride', 'tree', 'goodmorning', 'foodporn', 'baby', 'funnyvideos', 'baking', 'trini_tiktoks', 'photography', 'selflove', 'reef', 'seafood', 'earthday', 'naturelovers', 'photooftheday', 'cakes', 'travellife', 'sunset', 'foodie', 'spicyfood', 'islandlife', 'tobago', 'diapers', 'caribbeanlife', 'vacationmode', 'horse', 'caribbeantiktoker', 'foodtiktok', 'flowers', 'esim', 'foodreview', 'plants', 'babytiktok', 'pizzalover', 'sea', 'caribbeanparadise', 'healthyfood', 'trini_surfer', 'ocean', 'waterfall', 'beachlife', 'streetfood', 'yellow', 'horsesoftiktok', 'photo', 'trinidadandtobago🇹🇹', 'explore', 'miamieats', 'dessert', 'rainbow', 'waterfalls', 'islandboy🌴', 'food', 'outdoors', 'traveltiktok', 'vacation', 'son', 'believeinyourself', 'travelgoals', 'beach', 'whatsthat', 'friedchicken', 'eww', 'dad', 'trinidadandtobago', 'brunch', 'helicopter', 'breakfast', 'wildlife', 'dadsoftiktok', 'bistro', 'naturevibes', 'unforgettablejourneys', 'familytime', 'lunch', 'happy', 'bakery', 'beautifuldestinations', 'babyboy']"
capogrossoskitchen,"['socks', 'stickseaon', 'glücklich😍', 'dunloelodge', 'tanzen', 'ireland', 'fy', 'findhim', 'killarney', 'disco', 'mamatanzt', 'europe', 'fun', 'stickseason']"
lucianreacts,[]
childrensauthoritytt,[]
nylabricknlace,"['fy', 'clothingrental', 'baddie', 'funfashion', 'productlaunch', 'qualitycontent', 'nyla', 'workhard', 'fashion', 'metalic', 'momlife', 'nylabricknlace', 'relateornah', 'poweredbyhaverdash', 'homeopathic', 'sleep', 'hollisticlifestyletok', 'supplements', 'entrepreneur', 'fyp', 'privateevents', 'natural', 'momoftiktok', 'parties', 'justdoit', 'styleguide', 'contentcreator', 'anticipatoryanxiety', 'nadsupplement', 'momsoftiktok', 'momguilt', 'rentalsubscriptionservice', 'productdevelopment', 'healthylifestyle', 'nutritiontips', 'entrepreneurship', 'nad', 'health', 'money', 'product', 'youthsupplement']"
diegodayy,[]
jcamfit,[]
alejandra_quiguantar,[]
transatlanticbabe,"['glowup', 'hobby', 'martialarts', 'motivation', 'londonnetworking', 'gatekeeping', 'londonhobby', 'funding', 'productivity', 'selfdevelopment', 'grantwriting', 'fundraising']"
freddyt_smoove,"['fypツ', 'freddyt_smoove', 'toobadchallenge', 'dance', 'foryou', 'foryourpage', 'basketball', 'kumalalasavesta', 'girlfriend', 'brazil🇧🇷', 'trendingdance', 'gf', 'jamaicantiktok', 'warriors', 'cars', 'waduh', 'kumalala', 'sacramentokings', 'xyzbca', 'fypシ゚viral', 'fyp', 'klaythompson', 'explore', 'kumalalavssavesta', 'meme', 'hitman', 'viral', 'xybca', 'foryoupage', 'fypシ', 'justagirl', 'savesta']"
sinceres.chinese.grocery,[]
houseactive_,[]
mickey.keo,[]
caribbeanun,[]
a_bit_khrysbee,[]
staceousfitness,"['gotabs', '️']"
snthe4th,"['forever', 'vibes', 'chrisbrown', 'foryou', 'foryoupage', 'nepali', 'fyp', 'withyou']"
kcshreya1,[]
shaun_pelayo_show,"['diving', 'fightcamp', 'food', 'question', 'countrymusic', 'palawantiktokers', 'basketball', 'butterfly', 'palawan', 'gym', 'tiktokph', 'bike', 'pacquiao', 'siquijor', 'country', 'challenge', 'filipino', 'benchactive', 'bisaya', 'freedive', 'tagalog', 'philippines', 'bikelife', 'pinoy', 'tagafriend', 'benchbody', 'boxing', 'travel']"
iam.danielmorales,"['overcominglust', 'overcoming', 'jesusloveyou', 'jesus', 'christiantiktok', 'deliverance', 'overcomingsin', 'jesuslovesyou']"
thesweetbeet_tt,[]
jeroldmigue,[]
jackgrealish,[]
ttfireservice,"['4301', '990', '4577']"
s3electricalservices,[]
meagan.wongsang.remax,[]
losttribecarnival,[]
profetiburon1,[]
i.am.keiron.5,[]
leelapermanand,[]
terisfoodtherapy,"['coconutmilk', 'lactoseintolerance', 'sawine', 'dairyfreeicecream', 'loaf', 'peppersteak', 'beef', 'chiaseed', 'oatmilk', 'mangoseason', 'recipevid', 'dairyfree', 'terisfoodtherapy', 'foodsensitivities', 'recipe', 'bellpeppers', 'quickmeal', 'foodvid', 'oatbread', 'eid', 'flaxseed', 'curry', 'goodfood', 'yummy', 'veganbutter', 'homemadebread', 'rolledoats']"
hindash,"['tiktoksalon', 'hindash', 'howto', 'charlottetilbury', 'pillowtalkeffect', 'lips', 'yslbeauty', 'beauty', 'makeup', 'eidmakeup', 'eid', 'foryoupage', 'liner', 'fyp', 'eyeliner', 'eyes']"
liverpoolfc,"['taa', 'highlights', 'eveliv', 'lfc', 'klopp', 'whuliv', 'fulham', 'vvd', 'gravenberch', 'liverpool', 'fulliv', 'pl', 'liverpoolfc']"
teresalauracaruso,"['amazonhome', 'amazonfinds', 'packing', 'carrestock', 'organized', 'amazonmusthaves', 'organizedhome', 'organizingtiktok', 'packwithme', 'calpaktravel', 'asmrsounds', 'organizewithme', 'organize', 'amazonfinds2024', 'beachvibes', 'beistravel', 'carreset', 'beachbag', 'carorganization', 'founditonamazon', 'amazonfavorites', 'jewelryorganizer']"
mpfarisalrawi,"['eidulfitr', 'development', 'sanfernando', 'ontheground', 'rdlg', 'project', 'south', 'eid', 'eidmubark', 'cepepsafetyweek2024', 'work', 'viral', 'trini_tiktoks', 'puttingpeoplefirst']"
thatsheygirl,['pregnancyjourney']
seray.films,[]
kjbr0wn,"['foryou', 'foryoupage', 'teachersoftiktok', 'fyp', 'healthysummertoolkit']"
akilcrich,[]
shevmetivier,[]
ailars,[]
jayoffline,[]
yungoatmilk,"['photographer', 'fyfy', 'jolene', 'foryou', 'frenchrestaurant', 'ldn', 'londonrestaurants', 'duet', 'taylorswift', 'foodtok', 'releaseday', 'ttpd', 'swifttok', 'fyp', 'viral', 'swiftietok', 'photography', 'londontok', 'fyfyfy', 'london', 'french', 'foodreview', 'dayinmylife']"
blackballaduk,"['romeoandjuliet2024', 'ayrastarrbloodysamaritan', 'empoweringblackwomen', 'blackwomeneventsuk', 'mumguilt', 'traumaresponse', 'takeover', 'blackindie', 'blackwomenevents', 'romeoandjuliettomholland', 'toxicenvironment', '9to5job', 'dancehallasia', 'workingblackwomen', 'googlehq', 'blackindietiktok', 'mumguiltisnormal', 'blackwomenhealing', 'empoweringwomen', 'blackwomenoftiktok', 'romeoandjuliet', 'bedtimeroutine', 'dancehallmusic', 'blackwomen', 'dancehall', 'blackindiefan', 'humility', 'blackwomenintheworkplace', 'blackwomenappreciation', 'ayrastarrrush', 'ayrastarr']"
ashleeaburnett,[]
kariceredhead,[]
thosethreelions,[]
jesselingard,[]
bestoflondon,[]
goal.cast,[]
cleverlysaid,[]
thegirliesguide,"['workoutgroup', 'vlog', 'motivation', 'londontips', 'wheretomovelondon', 'flathunting', 'thegirliesguide', 'wheretoliveinyourtwenties', 'newfriends', 'londonworkoutclasses', 'friendship', 'girlstrip', 'makenewfriends', 'southlondon', 'flattour', 'girlsmeetuplondon', 'movinghouse', 'londonworkoutgroup', 'londongirls', 'relatable', 'quoteoftheday', 'northlondon', 'westlondon', 'girlsmeetup', 'roommates', 'howtomovetolondon', 'airport', 'fulham', 'fyp', 'goals', 'ratinglondon', 'rungroup', 'gettingmarried', 'battersea', 'bestie', 'stratford', 'sza', 'wheretoliveinlondon', 'londonrungroup', 'londonareas', 'quote', 'eastlondon', 'londonworkouts', 'workout', 'girlsnight', 'housemates', 'traveltok', 'manifesting', 'londonmeetup', 'movingtolondon', 'londonrenting', 'dulwich', 'friends', 'lonely', 'twentysomething', 'london', 'besties', 'renting', 'houseshare', 'londonlife', 'howtofindaflat', 'girlmeetup', 'travel']"
ray_of_lifee,"['country', 'arizona', 'foryou', 'foryoupage', 'fyp', 'countrythunder']"
ohheyimrenee,"['live', 'facetime', 'tiktoklive', 'commentsection']"
candicebrathwaite,"['candicebrathwaitewardrobe', 'candicebrathwaiteootd', 'dovepartner', 'keepbeautyreal', 'candicebrathwaitestyle', 'candicebrathwaite']"
tonesterpaints,"['interiordesign', 'paintok', 'interiorpaint', 'interiordesigner', 'colormatching', 'color']"
rebelrango,"['ladies2on1', 'drinks', 'partyharty', 'rebelrango', 'freedrinks', 'getlistednow', 'arenatrinidad', 'fruta', 'oasis', 'viva', 'colecold', 'stillsober', 'throwback', 'lastmanstanding', 'southside', 'turbo']"
ameliadimz,[]
sharky,[]
yfilly,"['urban', 'lynxfinefragrance', 'gwagon', 'g63amg', 'g63', 'yungfilly', 'ad', 'tommyjeans']"
blakeberger_,"['storm', 'ibew', 'powerrestoration', 'linework', 'lineman']"
tontravels,"['stitch', 'jamaicantiktok']"
paulajosephtt,[]
davidsbeenhere,[]
comicpun,[]
iamseangabriel868,"['sportscars', 'hondacivictyper', 'trinidad🇹🇹', 'gt3rs', 'porsche', 'trinidad', 'typer']"
im_just_a_kade,"['lgbt🌈', 'wlwtiktok', 'fypシ', 'fypシ゚viral', 'trini_tiktoks']"
nellarose,[]
tazyahoconnor,[]
