Username,Hashtags
scottym11,"['solarenergy', 'solarpanel']"
sunrisemvmtnyc,[]
instagramcreators,"['igtips', 'igstoryideas', 'creatortips', 'instagramgrowthtips', 'contentcreatorttips', 'monetizeyourcontent', 'adammosseri', 'instagramstrategytips', 'metaai', 'instagram', 'instagramtips', 'igupdates', 'creatoradvice', 'videocontent']"
rei,[]
filmtools,"['nab', 'blackmagic', 'filmtools', 'rosco', 'paint', 'nanlux', 'blazarlens']"
radicalinprogress,[]
shityoushouldcareabout,"['c', 'zendaya', 'mikefaist', 'challengersmovie', 'mikefaistjoshoconnor', 'joshoconnor', 'zendayam', 'theideaofyou', 'annehathaway', 'challengersc', 'challengers', 'challengersmoviez', 'nicholasgalitzine']"
canvajunky,[]
emmajanegeisler,"['vanlife', 'vanlifers', 'vanlifedogs', 'sheexplores', 'vanlifedog', 'sheroams']"
managedbyskye,"['contenttips', 'socialmediatutorial', 'canvatips', 'contentcreatortipsforbeginners', 'entertainment', 'contentcreatortips', 'contentcreater', 'contenttools', 'editingtutorial', 'socialmediamarketing', 'contentbatching', 'canvatutorial', 'contentcreators', 'lemon8us', 'socialmediamanager']"
sunriselayouth,[]
knowyourmeme,"['carnival', 'turkishquandaledingle', 'getup', 'fanart', 'watermelonstream', 'debate', 'ianhawkememe', 'kizzy', 'carnivalboys', 'meme', 'sarahjoy', 'boiitsjustalkhahawl', 'bluetie', 'candidgirlfriend', 'cringe', 'flightsmokebreakmeme', 'marriage', 'viralvideo', 'streamer', 'therock', 'larva', 'regirock', 'oioioi', 'memeofthemonth', 'greenfn', 'redlarva', 'march', 'memes', 'amish', 'shrimpjesus', 'jinxzi', 'quandaledingle', 'meekmillgetupppp', 'whatsupbrother', 'sketchjinxzi', 'facebook', 'smilingfriends', 'canonvsfanon', 'willywonkaexperience', 'husbandjak', 'memesexplained', 'alkahal', 'internetnews', 'flightbreak', 'viral', 'flightreacts', 'wrestlemania', 'flightmeme', 'internetculture', 'cvntyregirockwithahandbag', 'lobotomy', 'flight', 'alvinandthechipmunks', 'pokemonmeme', 'quirkchungus', 'tiktoksounds', 'meekmill', 'ianhawkememeexplained', 'explained', 'sketch', 'couples', 'ai', 'brainrot', 'wifejak', 'gwimbly', 'memesounds', 'candidgirl', 'streamers', 'tiktokrizzparty', 'nochickfilasauce', 'larvameme', 'tiktokcult', 'watermelonmeme', 'thatoneguysfyp', 'watermelonriver', 'rizzparty', 'thatoneguy', 'oioioibakugo', 'lobotomycore', 'whatsyournextbite', 'sandwich', 'aigenerated', 'barber', 'rizz', 'wojak', 'ianhawke', 'trending', 'nextbite', 'davidcross', 'tiktokmemes']"
badactivistcollective,[]
fridaysforfutureus,[]
powershiftnetwork,[]
leilinap,[]
juwariia,[]
climatestriketx,[]
futurecoalition,[]
vicjbarrett,[]
youth4climatejustice,[]
user092076434,[]
climatestrikeil,[]
floridaclimatestrike,[]
fridaysforfutureusa,[]
amarch4ourlives,"['tnleg', 'endgunviolencenow', 'marchforourlives', 'texas', 'counselorsnotcops', 'nashville', 'endgunviolence', 'tennessee', 'columbine', 'tn', 'iowa', 'houston']"
climatecardinals,[]
iamjeromefosterii,"['letsjoinhands', 'educationforall', 'haveaniceday', '3dprintedfuture']"
jamie.s.margolin,[]
teentalkhotline,[]
oneupaction,[]
ughkneesuhh,[]
kansas_climate,[]
mindfullymic,[]
surjazz,[]
uncle_azeez,['notregularchallenge']
jacobcollier,[]
lenstrumental,"['kidcudi', 'bobmarley', 'doyourchainhanglow', 'fyp', 'bic', 'pentapping', 'mario', 'foryoupage']"
applebees,"['applebees', 'nationalpretzelday', 'abwinningwings']"
tonyrobbins,"['personaldevelopment', 'lifequotes', 'lifelessons', 'growth']"
cheetosantino,"['selenagomez', 'whiskeygingerpodcast', 'bennyblanco', 'andrewsantino']"
tizzyent,"['stitch', 'rightwing', 'duet', 'onthisday']"
justinpashia,[]
ikaanic_,[]
mighty_misc,[]
iamkinglos,[]
connorprice__,[]
rickglassman,"['andrewsantino', 'rickglassman', 'notdeadyet', 'brazilianjujutsu', 'billlawrence', 'daxshepard', 'scrubs', 'tedlasso', 'bjj', 'ginarodriguez', 'bobbylee', 'jujutsu', 'shrinking', 'standup', 'takeyourshoesoffpodcast', 'fahimanwar', 'armchairexpert', 'bradgarrett', 'thesixthlead', 'replenish']"
dissectpodcast,"['beyonce', 'shaboozey', 'beyonceeffect', 'cowboycarter']"
normansann,"['hiphop', 'fyp', 'trending', 'newmusic']"
mikeposner,"['blessed', 'motivation', 'sobriety', 'sprouts']"
elijahhh471,[]
tyga,[]
fourthwallhq,[]
akeem_ali,[]
penandpayper,"['satisfying', 'handwriting', 'writingaesthetic', 'writing']"
dumbfoundead,[]
junejissle,"['producersoftiktok', '90shiphop', 'granturismo', 'retrogaming', 'playstation', 'lilyachty', 'psx']"
cam_steen,"['musictheory', 'tutorial', 'music', 'meditation', 'producertok', 'asmr', 'bassmusic', 'producer', 'edm', 'percussion', 'electronicmusic', 'dubstep', 'camsteen', 'vibrato', 'sitar', 'speed', 'festival', 'talent', 'handpan', 'stitch', 'sleep', 'soundhealing', 'minecraft', 'longervideos', 'science']"
timbaland,[]
mirandaneal8,[]
brandontaylorx,[]
oliverkneehouse,[]
patrickkennedyemd,[]
djoffblue,[]
jpatzmusic,"['dopebeats', 'rapbeats', 'boombap', 'instrumental', 'trapbeats', 'beats', 'soulfulbeats', 'hiphopbeats', 'boombapbeats', 'freestylebeats', 'makingbeats', 'musicproducer', 'fingerdrumming', 'hiphop', 'ableton']"
beatsbyjblack,"['002', 'primevideocreator', 'musica']"
coluhrs,[]
theneedletok,"['disstrack', 'music', 'livemusic', 'spotle', 'newmusic', 'courtneylove', 'coversong', 'musicquiz', 'interview', 'kendrick', 'albums', 'chancetherapper', 'reaction', 'bandle', 'top5', 'dojacat', 'nmf', 'kencarson', 'davidguetta', 'dualipa', 'taylorswift', 'trackreview', 'twentyonepilots', 'drake', 'beyonce', 'review', 'jcole', 'kanye']"
kfreshmusic,"['production', 'beats', 'indienation', 'instrumentals', 'music', 'hiphoplife', 'drumsounds', 'producerpics', 'samplepack', 'producerlifstyle', 'mpc2000xl', 'beatmaking', 'boombap', 'instamusic', 'musicislife', 'hiphopbeats', 'newrules', 'mpclive', 'fingerdrumming', 'standalonechallenge', 'beatmakers', 'drumpack', 'akai', 'instrumentalhiphop', 'instagood', 'studiofiles']"
boxofbeats,"['congress', 'tiktokban', 'madewitharcade', 'keeptiktok', 'edm', 'outputpartner', 'dogsoftiktok', 'marriedlife', 'electronicmusic', 'fyp', 'coachella', 'music', 'outputarcade', 'beatboxing', 'politics', 'halo', 'livelooping', 'rave']"
wildnout,"['brokeup', 'cheating', 'pickupandkillit', 'nickcannon', 'funny', 'comedyskit', 'couplesjokes', 'pickuplines', 'ripmicheals', 'sibling', 'fashionpolice', 'beyonce', 'flowjob', 'heartbreak', 'lol', 'roasted', 'siblinglove', 'standup', 'cowboy', 'dcyoungfly', 'tastetester', 'relationships', 'samples', 'eman', 'letmeholla', 'rejected', 'familyreunion', 'family', 'uncle', 'ormash', 'flirt', 'pickupline', 'jokes', 'costco', 'justinavalentine', 'fight', 'tylerchronicles', 'charlieclips', 'bigmack', 'chicobean', 'flirting', 'standupcomedy', 'cowboycarter', 'costcosamples', 'relateable', 'women', 'cheater', 'gotdamned', 'bustarhymes', 'couples', 'talkinspit', 'danielleherrington', 'courtneybee', 'wildstyle', 'funnyvideos', 'michaelblackson', 'karlousmiller', 'breakup', 'breakingup', 'maddysmith', 'brokenup', 'conceited', 'freestyle', 'roycebell', 'onthespot', 'bullspittin', 'wildnout', 'diss', 'hitman', 'remix', 'katwilliams', 'freestylerap', 'dating', 'breakuptok', 'prettyvee', 'fashion', 'breakingupishardtodo', 'talkingspit', 'bullrider', 'drunk', 'couplestiktok', 'cougar', 'emannuelhudson', 'pleadthefifth', 'roast', 'coreycharron', 'whatyoucallthat', 'teeth', 'cortez', 'boodup', 'bobbejthompson', 'single', 'emanuelhudson', 'rapbattle', 'poetry']"
jzacmusic,"['churchsgetsaucy', 'ad', 'churchsgetssaucy']"
illmindproducer,[]
postmalone,['garthbrooks']
jesseitzler,"['gonygo', 'entrepreneur', 'businesstips', 'ican', 'clubberlangearlydaysmindset', 'makeithappen', 'speechgame', 'pree', 'lessonlearned', 'iwill', 'beentherebuiltthat', 'momentsnotyears', 'stillheavy', 'knicks', 'business', 'mytwocents', 'life', 'creativity']"
torrianball,"['lovestory', 'realtalk', 'kai', 'torrianball', 'healingtiktok', 'dating', 'relateable', 'women', 'nadlife', 'trustissues', 'advice', 'lifeextension', 'healing', 'hug', 'love', 'nzt48', 'dance', 'womenempowerment', 'rideordie', 'empath', 'limitlesspill', 'lifechanging', 'onlinedating', 'nzt48limitlesspill', 'empathsbelike', 'goodpeople', 'dancer', 'toxicrelationship', 'goodenergy', 'truelove', 'BOSSUpYourGame', 'womenoftiktok', 'intimacy', 'storytime', 'realfriends', 'genuine', 'romance']"
diddy,[]
danielspoon7,[]
tokenhiphop,"['50cent', 'jeorogan', 'undergroundmusic', 'danshneider', 'mattrife', 'phonk', 'addiction', 'theovon', 'eminem', 'freestyle', 'shanegillis', 'phonk_music', 'jid', 'dreamville']"
genius,"['genius', 'disstrack', 'jpbadbitty', 'music', 'kdot', 'hiphop', 'billboard', 'jp', 'newmusic', 'euphoria', 'abarsong', 'badbitty', 'amaarae', 'oliviadeandive', 'neosoul', 'dive', 'rnb', 'drake', 'angelsintibet', 'scatting', 'tipsy', 'verified', 'rap', 'viralmusic', 'soul', 'kendricklamar', 'shaboozey', 'afrobeats', 'oliviadean', 'votm', 'countrymusic']"
bradywattbass,"['composer', 'thepharcyde', 'krayziebone', 'bradywattbass', 'hiphop', 'publicenemy', 'producer', 'acoustic', 'bass', 'jonb', 'bonethugsnharmony', 'largeprofessor', 'bassandbars', 'songwriter', 'chuckd', 'bradywatt', 'maadcity', 'kendricklamar', 'mceih', 'areyoustilldown']"
waynebrady,[]
complexmusic,"['zendaya', 'zackfox', 'carnival', 'citygirls', 'meganfox', 'richthekid', 'hiphop', 'tde', 'jt', 'drill', 'kanyewest', 'thatsdeep', 'kendrick', 'lilwayne', 'conspiracy', 'playboicarti', 'pinkpantheress', 'migos', 'elonmusk', 'whatsinyourphone', 'veeze', 'drake', 'yedoyetravis', 'glorilla', 'goattalk', 'bktherula', 'rayj', 'yakub', 'tydollasign', 'jcole', 'dreamville']"
iamstarringo,"['sexualassaultawareness', 'streetgospel', 'underratedartist', 'christianrap', 'music', 'freestylerap', 'funny', 'underratedrappers', 'louisianatiktok', 'rappers', 'bars', 'hiphop', 'rappin', 'jokesonyou', 'consciousrap', 'stereotypes', 'realrap', 'funnymusic', 'realrapmusic', 'churchtok', 'hyena', 'motivationmusic', 'underratedrapper', 'fyp', 'inspirationalmusic', 'rappersoftiktok', 'churchtiktok', 'tupac', 'hyenalaugh', 'gospelrap', 'freestyle', 'jcoletok', 'rap', 'realmusic', 'bestrapper', 'jcole', 'getitright']"
justthatguy461,[]
katoproducer,"['cartiktok', 'musicproduction', 'harvey', 'beats', 'beatmaker', 'artistsoftiktok', 'hopsin', 'jarrenbenton', 'instrumentals', 'duet', 'carsoftiktok', 'duetwithme', 'indieartist', 'dizzywright', 'musicbusiness', 'paulwall', 'cars', 'kpop', 'musicproducer', 'fastandfurious', 'openverse', 'instrumental', 'funkvolume', 'e40', 'bigmad', 'independentartist', 'musicproducers', 'xg', 'jpop', 'houston', 'cartok', 'forza', 'newphonewhodis', 'musician', 'carlover', 'tuningcar', 'bayarea', 'viralsound', 'openversechallenge', 'granturismo', 'greenscreen', 'xgtape']"
snoopdogg,[]
wendeezylivee,[]
evan.brodnick,[]
friends_earth,"['ecotok', 'nature', 'goodnews', 'climatechange', 'positivenews', 'renewables', 'climatenews', 'earth', 'positivevibes', 'energycrisis']"
uni.kick,"['caravan', 'ドローン', '英語', 'ひろゆき', 'trip', 'ロードトリップ', 'ワーホリ', '1周', 'kick', 'scooter', 'キックボード', '旅', 'drive', 'melbourne', 'ハプニング', '車', 'バックパッカー', 'uni', 'シドニー', 'traveler', 'guardian', 'オーストラリア', 'cairns', '初心者', 'ロン毛', 'アウトドア', 'news', 'キャンプ', '縦断']"
tiktokforgood5,[]
acnurargentina,"['sudan', 'hambre', 'foryoupage', 'ayudahumanitaria', 'acnur', 'donacion', 'solidaridad', 'guerra']"
unhcr.indonesia.real,[]
unrefugeesuk,"['earthday', 'ramadan', 'keepeyesonsudan', 'fyp', 'refugees', 'unhcr', 'bradford', 'comewithme', 'iftar', 'refugeeswelcome']"
coffee_with_daddy,"['funny', 'lebanon', 'onthisday', 'seniors2024', 'promposal2024', 'we', 'australia', 'food', 'lebanese', 'comedy', 'trend', 'truestory', 'viral', 'explore', 'prom', 'promposal', 'fy', 'lebanon🇱🇧', 'opinion']"
konkarapanagiotidis,"['albo', 'vegetarianrecipes', 'refugee', 'asylumseekers', 'sydney', 'iran', 'refugees', 'veganrecipes', 'refugeewomen', 'mothersday', 'feminist', 'women', 'cookbook', 'auspol', 'sexualabuse', 'vegetarian', 'bondi', 'vegetariancookbook', 'australia', 'terrorism', 'welcomerefugees', 'asrc', 'dv', 'albanese', 'brisbane', 'bondijunction', 'feminism', 'crisis', 'vaw', 'melbourne', 'maleentitlement', 'mothers', 'mums', 'violence', 'asylum', 'mothersdaygift', 'yesallmen', 'refugeeswelcome', 'senate', 'whatwereyouwearing', 'domesticviolence', 'familyviolence', 'deporation', 'rape', 'maleviolence', 'men', 'vegan', 'vegetariancookbooks', 'womenoftiktok', 'asylumseeker', 'sexualassault', 'allmen', 'dutton']"
thebluesberries,[]
jozzzza,"['wlw', 'prawnpasta', 'fyp']"
uhncrindonesia,[]
eyad_mas3od,[]
unchrindonesia.official,[]
actforpeace,[]
tamaramichael_,"['adoodleaday', 'mentalhealth', 'mindfulness', 'stressrelief', 'mindfulart', 'easyart', 'learntodraw']"
sbsondemand,"['foodtok', 'trueorfalse', 'fishing', 'darksideofthe2000s', 'nostalgia', 'music', 'potatoeseveryday', 'celebrityguest', 'outdoor', 'quiz', 'friends', 'janisjoplin', 'reactionvideo', 'nepal', 'stanleytucci', 'documentary', 'food', 'eurovision2024', 'sesamestreet', 'childactors', 'italy', 'survival', 'vogue', 'ramadannightmarket', 'outdoors', 'photoshoot', 'backtoblack', 'reclaimingamy', 'melbourne', 'sherpa', 'sbseurovision', 'salamfest', 'mastermind', 'realitytv', 'sneakpeek', 'eid', 'courtneyact', 'everest', 'fitcheck', 'ramadan', 'eurovision', 'rock', 'backstage', 'basecamp', 'potatotok', 'lakemba', 'swiftstreet', 'alone', 'amywinehouse', 'potatoes', 'friendstvshow', 'tv', 'gogglebox', 'aloneaustralia']"
unicefiraq,[]
sydneymorningherald,"['anzacday', 'puzzles', 'mona', 'winx', 'australianweather', 'investigation', 'socialmedia', 'sydneyharbour', 'ojsimpson', 'nfl', 'newyork', 'qantas', 'sydneynews', 'crime', 'bondijunction', 'shaunjohnson', 'horsevideo', 'stitch', 'taylorswift', 'dubai', 'pfas', 'budgetairline', 'neilperry', 'zoefosterblake', 'illawarradragons', 'australianpolitics', 'donaldtrump', 'climatechange', 'foreverchemicals', 'coachella', 'ttpd', 'australianchampion', 'cruiseship', 'billieeilish', 'nrltiktok', 'sydneyroads', 'wikileaks', 'nrl2024', 'julianassange', 'costoflivingcrisis', 'bulldogs', 'sydney', 'australianreporter', 'transportnsw', 'employee', 'quantumcomputing', 'documentary', 'dubairain', 'lego', 'sydneymetro', 'fallguy', 'encampment', 'liveauction', 'sydneyincident', 'costofliving', 'gaza', 'westfield', 'tasmania', 'legomasters', 'newcastleknights', 'australiantravel', 'postgrad', 'worldnews', 'sydneytransport', 'musicpodcast', 'bailreform', 'nswpolice', 'australianactors', 'kokodatrack', 'dubaiweather', 'australiantour', 'southsydneyrabbitohs', 'racehorses', 'angourierice', 'copenhagen', 'environment', 'brucelehrmann', 'stan', 'worldrecord', 'canterburybankstownbulldogs', 'nsw', 'stockexchange', 'auspol', 'martinplace', 'y2k', 'columbiauniversity', 'tvreview', 'ryangosling', 'easternsuburbs', 'sydneyroosters', 'pressconference', 'sydneytrains', 'culturepodcast', 'metoo', 'solareclipse', 'babyreindeer', 'crossword', 'trump', 'usnews', 'sydneyhousingcrisis', 'gamingcommunity', 'sydneyfloods', 'anthonyalbanese', 'latrellmitchell', 'afi', 'asio', 'harveyweinstein', 'jasondemetriou', 'australianhousing', 'royalfamily', 'netflix', 'australiannews', 'nicolekidman', 'woolworths', 'iran', 'nrlnews', 'lestweforget', 'bonza', 'podcast', 'giantwave', 'frequentflyer', 'sydneyrent', 'sydneyfood', 'studentprotest', 'domdolla', 'lukekeary', 'rabbitohs', 'surfing', 'northamerica', 'kingcharles', 'inquiry', 'sydneycbd', 'roosters', 'tugboat', 'ttpdtaylorswift', 'israel', 'margaretdoublebay', 'investigativejournalism', 'wakeley', 'nrl', 'sydneypodcast', 'nswgovernment', 'nswfloods', 'doublebay', 'afp', 'kickstreaming', 'nswcrime']"
emibattuta,[]
officiallunhcr,[]
unhcrindonesiaofc,[]
unwomenaust,"['sportforequality', 'genderequality', 'sportforpeace', 'womeninsport', 'afghanistan', 'sportsforall', 'olympics']"
asifsultani_,[]
redcrossau,[]
usaforunhcr,"['sudan', 'welcominginteractive', 'worldbookday']"
unicef_ukraine,"['вода', 'найкраще', 'друзі', 'ігри', 'мама', 'длядітей', 'батькам', 'песпатрон', 'юнісеф', 'хвороба', 'дружба', 'заспокоєння', 'хтоти', 'онлайн', 'агресія', 'травма', 'ментальнездоровя', 'залізниця', 'пожежа', 'вправи', 'лікування', 'колцентр', 'лікар', 'всесвіт', 'мамам', 'грип', 'імунітетдитини', 'memes', 'вайб', 'ми', 'підтримка', 'одеса', 'тіктокукраїнською', 'корисно', 'здороватарілка', 'білівмі', 'степ', 'міннабезпека', 'друг', 'кіт', 'дитина', 'знак', 'ракети', 'підлітки', 'вірусебе❤️', 'малеча', 'київ', 'булінгвшколі', 'малюк', 'гра', 'руханка', 'небезпека', 'пх', 'believeme', 'батьки', 'діти', 'поради', 'сімя', 'турбота', 'знаквсесвіту', 'щастя', 'правилабезпеки', '101', 'приліт', 'навчання', 'мем', 'рекомендації', 'афірмації', 'щеплення', 'настрій', 'школа', 'ракета', 'kyiv', 'affirmations', 'вчителька', 'весна', 'день', 'ти', 'міна', 'надихайте', 'село', 'афірмація', 'виховання', 'любовдосебе', 'війна', 'імунітет', 'укриття', 'психолог', 'міни', 'подруга', 'чарівно', 'життя', 'affirmation', 'природа', 'харчування', 'рятувальникиукраїни', 'кудипітикиїв', 'булінг', 'порадипсихолога', 'гумор', 'завтра', 'jerryheil', 'правильнехарчування', 'безпека', 'прикол', 'уроки', 'тривога', 'дснс', 'вогонь', 'річка', 'добро', 'багаття', 'імунізація', 'садочок', 'влучання', 'всевийде', 'гратисяінебоятися', 'любишвакцинуй', 'освіта', 'українс', 'літо', 'дозвілля', 'вибухи', 'котик', 'утебевсевийде', 'афірмаціяукраїнською', 'розваги', 'люди', 'мультфільми', 'вакцина', 'дніпро', 'повітрянатривога', 'емоції', 'порадибатькам', 'психологія', 'bluemonday', 'віраусебе', 'кава', 'радість', 'овочі', 'україна', 'ліс', 'вакцинація', 'патрон', 'книжковакраїна', 'любов', 'стосунки', 'кудипіти', 'лікарня', 'мотивація']"
onubrasil,"['earthday2024', 'g20', 'diadaterra', 'integridadedainformação', 'naçõesunidas', 'penseantesdecompartilhar', 'diadospovosindígenas', 'desinformação', 'verificado', 'brasil', 'redessociais', 'mudançaclimática', 'refugiados', 'youthlead', 'prometopausar', 'povosindígenas', 'cop30', 'ny', 'nãoaoódio', 'juventude2030', 'onu', 'acordodeparis', 'onubrasil', 'rio', 'juventudelidera', 'combaterapoluiçãoplástica', 'mãeterra', 'defendaosdireitoshumanos', 'plástico', 'resíduozero', 'belém', 'pelanatureza', 'açãoclimática', 'agentesdoverificado', 'ambiçãoclimática', 'comosrefugiados', 'biodiversidade', 'ndc', 'pelaspessoas', 'youth2030']"
alphonsodavies,"['bmopartner', 'bmogrowthegame']"
humanrightswatch,"['lgbtrights', 'elections', 'ghana', 'afghanistan', 'quizzes', 'france', 'uk', 'netherlands', 'switzerland', 'olympics', 'prochoice', 'climatechange', 'humanrights', 'israelpalestine', 'media', 'senegal', 'earthday2024', 'asylumseekers', 'un', 'refugees', 'trivia', 'transgenderrights', 'world', 'quiztime', 'quizshow', 'lgbt', 'brainteaser', 'italy', 'facebook', 'india', 'mexico', 'senegalelection', 'belgium', 'gaza', 'syria', 'bokoharam', 'fyp', 'khartoum', 'sudanese_tiktok', 'europe', 'worldnews', 'humanrightswatch', 'earthday', 'dominica', 'climatecrisis', 'lgbtqrights', 'nigeria', 'paris', 'sudan', 'foreignagent', 'environment', 'northkorea', 'quiz', 'meta', 'senegaltiktok', 'protests', 'climate', 'brazil', 'eu', 'reproductiverights', 'parisolympics2024', 'uganda', 'ecuador', 'palestine', 'aljazeera', 'taliban', 'climatejustice', 'climaterights', 'escazu', 'goodnews', 'bassiroudiomayefaye', 'germany', 'freespeech', 'twitter', 'womensrights', 'rwanda', 'tech', 'westbank', 'arizona', 'intersex', 'triviachallenge', 'georgia', '2024elections', 'israel', 'burkinafaso', 'protest', 'pressfreedom', 'us', 'lgbtq', 'technology', 'news', 'abortion']"
sverige_for_unhcr,[]
ghazalmia,[]
robberbod,[]
galebeatbox,"['planb', 'garage', 'remix', 'onamission', 'stage', 'minimal', 'bass', 'awa', 'chaseandstatus', 'dubstep', 'jungle', 'newzealand', 'voice', 'geese', 'original', 'festivals', 'stitch', 'scratch', 'beatboxing', 'freestyle', 'doof', 'beatbox', 'pieces', 'dnb', 'house']"
unhcrph,"['earthday', 'worldbookday']"
unicefeca,"['moments', 'stem', 'immunization', 'vaccines', 'humanlypossible', 'medics', 'ukraine', 'worldhealthday', 'children', 'internationaldayofhumanspaceflight', 'wiw', 'girls', 'health', 'uzbekistan', 'mines', 'unicef', 'skills4girls', 'unisat']"
mongolianredcross,[]
avdbsings,"['acappella', 'espresso', 'buildingharmony', 'acapella', 'icandoitwithabrokenheart', 'headhighdojacat', 'ttpd', 'taylorswift', 'thetorturedpoetsdepartment', 'headhigh', 'harmonies', 'sabrinacarpenter', 'harmonybuilding', 'dojacat']"
alejandra.nyc,[]
oneminmicro,"['hygiene', 'education', 'cleantok', 'system', 'rbc', 'deurteriumoxide', 'deuterium', 'h2o', 'microscope', 'stem', 'immune', 'heavywater', 'biology', 'toothpaste', 'bacteria', 'chemistry', 'teeth', 'tooth', 'd2o', 'germs', 'learnontiktok', 'vodka', 'oxide', 'wbc', 'immmunology', 'science']"
nathanlust,"['musical', 'abba', 'fortnite', 'maxtonhall', 'philippines', 'kpop', 'germany', 'chinese', 'mammamia', 'victoryroyale', 'ad', 'nathanlust', 'stepup', 'grease', 'enhypen', 'viral']"
tasty,"['matzahballsoup', 'passover', 'lasagna', 'vegetarian', 'cooking', 'ai', 'foodblog', 'chicken', 'drinks', 'foodie', 'lavender', 'macsalad', 'passoverrecipe', 'mocktails', 'vegetariansoup', 'airecipe', 'loadedlasagna', 'easydinner', 'salad', 'cocacolaspaghetti', 'bread', 'crabrangoon', 'mediterranean', 'rice']"
acnur,"['diadelarte', 'danza', 'apatridia', 'díadelasalud', 'hogarlejosdecasa', 'telocuentoentiktok', 'refugiadas', 'juventud', 'diadelatierra', 'arte', 'médicos', 'dance', 'plastico', 'votar', 'murales', 'cambioclimatico', 'tips', 'hogar', 'aprendeentiktok', 'nacionalidad']"
nathanevanss,"['acoustic', 'scottishmusic', 'cover', 'highlandgirl', 'newmusic', 'scottishhighlands', 'fyp', 'rural', 'guitar', 'scottishtiktok', 'scottish', 'newsong', 'scotland', 'viral', 'countrymusic', 'xyzbca']"
redcrossukraine,"['ukraine', 'миразом', 'впо', '106', 'мипоруч', 'безтебеніяк', '106українськийчервонийхрест', 'прихисток', 'волонтери', 'міннанебезпека', 'redcrossukraine', 'thanksvolunteers', '106redcrossukraine', 'учхволонтери']"
plan.international,[]
unicef_es,"['sudan', 'papilomavirus', 'patripsicologa', 'lasvacunassalvanvidas', 'libros', 'paz', 'unicefespaña', 'regalospersonalizados', 'ceasefirenow', 'refugees', 'participacioninfantil', 'renta', 'unicef', 'vacunacion', 'palestina', 'inmunizacion', 'diadelasmadres', 'sabiasque', 'infanciaenelcongreso', 'participacionciudadana', 'diadellibro', 'plataformadeinfancia', 'vacuna', 'chad', 'diainternacionaldellibro', 'saracarbonero', 'lasvacunasfuncionan', 'rafah', 'supervivenciainfantil', 'ayudahumanitaria', 'psicologia', 'regaloazul', 'ot2023', 'aprendecontiktok', 'nereapediatra', 'hellogyn', 'vph', 'noticiastiktok', 'congreso', 'sudán', 'adolescentes', 'martinurrutia', 'gaza', 'paracadainfancia', 'declaracion', 'salud', 'israel', 'papiloma', 'paza', 'booktokespañol', 'ginecologia', 'infancia', 'peace', 'deducciones', 'altoelfuego', 'madres', 'booktoker', 'regaloscreativos', 'vacunas', 'madre', 'donaciones', 'sarampion', 'booktok', 'sudanese', 'diadelamadre', 'rotavirus', 'regalosoriginales', 'rompeolas', 'aprendeentiktok']"
tiktok_australia,['heartbreakhigh']
unicefdk,[]
unhcr_arabic,[]
sylviefrancis,[]
unhcrfrance,"['soudan', 'couple', 'sudan', 'ethiopie', 'amour', 'love']"
redcrosscanada,[]
vice,"['costoflivingcrisis', 'debt', 'nightclub', 'scam']"
unhcrthailand,"['eidmubarak', 'วันอีฎิ้ลฟิตริ', 'งานสถาปนิก67', 'เจ้าหน้าที่ประชาสัมพันธ์', 'withrefugees', 'everydayblueblood', 'unhcr', 'everygiftcounts', 'unhcrthailand', 'รอมฎอน']"
savethechildrenus,"['hygiene', 'education', 'genalpha', 'advocacy', 'cholera', 'advocate', 'littleastronomer', 'sportsday', 'reading', 'nationalsuperheroday', 'history', 'worldhealthday', 'protectourplanet', 'diseaseprevention', 'cleanwater', 'leadership', 'wholesome', 'gaza', 'hopecore', 'genz', 'fyp', 'bethechange', 'dreambig', 'ceasefire', 'childrensbooks', 'worldbookday', 'who', 'nextgen', 'vendingmachine', 'climatechange', 'booktok', 'eclipse?', 'zambia', 'cricket', 'endchildmarriage', 'humanrights', 'climatecrisis', 'climateaction', 'literacy', 'science', 'library']"
dailymail,"['fake', 'singer', 'bytedance', 'charlotte', 'australia', 'danschneider', 'newyork', 'wedding', 'apes', 'tenderloin', 'powerball', 'student', 'comments', 'ride', 'road', 'celebnews', 'snake', 'today', 'therock', 'bear', 'aquarium', 'jcole', 'nosleep', 'planetoftheapes', 'ufo', 'celeb', 'medicine', 'celebritynews', 'luxurywedding', 'driving', 'offtheshoulder', 'smoke', 'sandiego', 'flip', 'omfahad', 'guards', 'runway', 'pants', 'found', 'skier', 'controversial', 'chef', 'airline', 'emergency', 'spa', 'bullterrier', 'tragic', 'win', 'saudiarabia', 'jeep', 'makeup', 'bro', 'wisconsin', 'flight', 'california', 'kimkardashian', 'jeans', 'warrant', 'music', 'mysterious', 'nsw', 'coffee', 'cocktails', 'ai', 'ryangosling', 'highschool', 'suzannemorphew', 'whitehouse', 'philadelphia', 'facetattoo', 'bling', 'howitsmade', 'jobhunt', 'onlineshopping', 'procedure', 'adoptabledogs', 'lottery', 'conviction', 'woman', 'engineering', 'dolls', 'scam', 'officer', 'glasgow', 'jordanluca', 'indigenous', 'car', 'trumptrial', 'arrest', 'headdress', 'lawenforcement', 'actor', 'motherhood', 'storm', 'sanfrancisco', 'puppy', 'fitness', 'ocean', 'venicebeach', 'mikeday', 'breakaleg', 'work', 'future', 'biltrewards', 'drakeedits', 'murder', 'funny', 'jobmarket', 'karen', 'breaking', 'birth', 'weather', 'escape', 'ex', 'aircanada', 'crime', 'diamonds', 'toy', 'canada', 'texas', 'nearmiss', 'gift', 'snl', 'losangeles', 'manonthestreet', 'toddler', 'washington', 'home', 'freebritney', 'cops', 'pregnancy', 'tourist', 'germanshepherd', 'creepy', 'parent', 'story', 'kamalharris', 'nhl', 'hollywood', 'movies', 'train', 'children', 'lasvegas', 'kid', 'fashiontiktok', 'winning', 'willywonkaexperience', 'nebraska', 'rip', 'celebrities', 'oldwoman', 'camplejeune', 'robbery', 'thefallguy', 'skijump', 'grandmadroniak', 'moneytips', 'satisfying', 'cat', 'worldrecord', 'quietonset', 'fire', 'fraud', 'raid', 'columbiauniversity', 'omaha', 'lac', 'king', 'parents', 'ice', 'fired', 'movie', 'reporter', 'underwater', 'lawsuit', 'paragliding', 'disstrack', 'rescue', 'kendricklamaredit', 'hospitalised', 'cancer', 'election2024', 'royals', 'missing', 'kingcharles', 'nyc', 'tornado', 'southafrica', 'baltimore', 'cairo', 'flood', 'northcarolina', 'priest', 'influencer', 'maddison', 'policechase', 'colorado', 'musica', 'wildlife', 'wild', 'coldcase', 'moviepremiere', 'system', 'motorcycle', 'therapy', 'americanairlines', 'triton', 'redcarpet', 'complete', 'fatality', 'sad', 'bank', 'insect', 'oregon', 'breakingnews', 'volcano', 'parachute', 'usgovernment', 'court', 'doctor', 'animal', 'ryoyukobayashi', 'gold', 'auto', 'shooting', 'donaldtrump', 'brinteyspears', 'bees', 'stingray', 'longbeach', 'clothes', 'carcrash', 'riot', 'fashiontrends', 'michigan', 'nature', 'grandmasoftiktok', 'india', 'newsouthwales', 'lying', 'genz', 'safari', 'twister', 'viral', 'indigenoustiktok', 'attack', 'sport', 'zebra', 'nashville', 'submarine', 'film', 'abandoned', 'newyorkcity', 'light', 'google', 'university', 'scary', 'deal', 'death', '100', 'biden2024', 'la', 'trump2024', 'birthday', 'shoes', 'youtuber', 'harveyweinstein', 'glam', 'airport', 'dad', 'cute', 'doll', 'celebrity', 'accident', 'ryangarcia', 'pregnant', 'iraq', 'money', 'midwest', 'oompaloompa', 'devastated', 'tech', 'dwaynejohnson', 'shocking', 'fashion', 'chief', 'nickelodeon', 'seige', 'sky', 'sword', 'horses', 'sleep', 'fashiontrend', 'beavisandbutthead', 'tired', 'billionaire', 'northdakota', 'oceanside', 'rapper', 'truecrime', 'missingperson', 'girldad', 'students', 'baby', 'bike', 'heartbreaking', 'gta', 'tattoos', 'piercings', 'hero', 'dubai', 'criminalreform', 'crash', 'joebiden', 'famous', 'nycpd', 'biden', 'wonka', 'pitmaneuver', 'gymtok', 'safe', 'usa', 'candycrush', 'youtube', 'tiktokban', 'columbia', 'animals', 'challenge', 'marine', 'willywonka', 'trends', 'florida', 'fyp', 'london', 'momsoftiktok', 'brokenleg', 'payitforward', 'police', 'teenager', 'petebuttigieg', 'joeyswoll', 'dog', 'pup', 'oklahoma', 'iowa', 'treatmentcenter', 'firefighter', 'party', 'church', 'cartier', 'socialworker', 'tiktok', 'nativeamerican', 'trump', 'ohio', 'drake', 'fashionfails', 'tiktoker', 'concerts', 'truck', 'fashionnees', 'royalfamily', 'theunknown', 'kendricklamar', 'station', 'weird', 'uselection', 'artificialintelligence', 'lawyer', 'routinecheckup', 'gaming', 'lion', 'kids', 'champion', 'marathon', 'futuristic', 'drive', 'tjmaxx', 'janedoe', 'royalnews', 'noahpresgrove', 'tribalchief', 'freakout', 'racist', 'beekeeper', 'parenting', 'protest', 'haunting', 'girl', 'ucla', 'pet', 'zoo', 'college', 'news', 'halfmarathon']"
refugeeolympicteam,[]
unicefaustralia,"['earthday', 'onmymind', 'mental', 'socialmedia', 'climate', 'happyearthday', 'unicefaustralia', 'switchingoff', 'climateaction', 'unicef']"
partnersinhealth,[]
torontostar,[]
mapleleafs,[]
maitreyiramakrishnan,[]
dualipaofficial,[]
nhl,"['hockey', 'stanleycup', 'genz', 'genalpha', 'micdup', 'nhl', 'football']"
nhljets,[]
morgannbook,[]
lilyebert,[]
shawnmendes,[]
joeyking,['weweretheluckyones']
canucksfin,[]
notoriouscree,[]
danjlevy,[]
theweeknd,[]
caleontwins,[]
lennonstella,[]
cfl,[]
spencer2thewest,[]
bomanarepublic,[]
tiktok_uk,"['thetorturedpoetsdepartment', 'flowertok', 'swifttok', 'londonmarathon', 'addsong', 'tiktok', 'stopfoodwaste', 'transcore', 'caketok', 'tiktoktips', 'tiktoktaughtme', 'stressawarenessmonth', 'gardentok', 'britishweather', 'nationalbrunchmonth', 'nationalgardeningday', 'britishflowertok', 'nationalsiblingday', 'uktok', 'recyclelife', 'musicdiscovery']"
katgraham_real,['tour2024']
mollyburkeofficial,"['organization', 'haircare', 'desert', 'beer', 'beach', 'beachvibes', 'blind', 'happy', 'makeuptiktok', 'beautytiktok', 'sad', 'abudhabi', 'travelhack', 'love', 'whatitslike', 'brewery', 'travel', 'guidedog', 'braille', 'lipstick', 'blindgirl', 'seasonaldepression', 'grateful', 'beautyhack', 'owl', 'servicedog', 'skincare', 'makeup', 'summer']"
historicacanada,[]
ecuadordaleplay,[]
cookwithemilia,[]
nutrientmatters,[]
breeganjane,"['pinkbedroom', 'chandelier', 'primarybathroom', 'breeganjane', 'ad', 'paintcontractor', 'partyhouse', 'luxuryrealestate', 'homevendor', 'breeganjanedesign', 'contractorappreciationmonth', 'housesupplies', 'graffiti', 'primarybathdesign', 'buildingmydreamhouse', 'interiordesign', 'boysbedroom', 'kitchendesignideas', 'kitchendesign', 'graffitiart', 'electrician', 'interiordesigner', 'pinkbedroombarbie', 'breeganjanestyle', 'luxurybathroom', 'designerreacts', 'boysbedroomideas', 'luxurybathrooms', 'backyardpool', 'buildingmydreamhome', 'inspiration']"
yilmaz_saeed,[]
mxryjun,[]
chocogunshow,[]
firstaidtoolkit,[]
tashellejoseph25,[]
meredithmitchell97,[]
yourvisacanada,[]
leotreps,[]
alexeimorita,[]
hannahmscott96,[]
itsshannonburns,[]
narcitycanada,[]
samirasalimrcic,[]
djblitzwpg,[]
voiceswithrefugees,[]
sarahnurse,[]
tanisha.lvalcin,[]
kallmekris,[]
freshdailyca,[]
tiktokuniversity,[]
tristenmaclean,[]
its_j_dog,[]
globalnews.ca,[]
maximeb,[]
snarkymarky,[]
fcbayern,"['fcbrma', 'fcufcb', 'championsleague', 'jamalmusiala', 'goretzka', 'onthisday', 'packmas', 'arsfcb', 'bundesliga', 'legendchallenge', 'ucl', 'fcbsge', 'fcbayern', 'thefallguyfilm', 'nyc', 'ribéry', 'legends', 'mathystel', 'sané', 'throwback', 'robben', 'tel', 'leroysane', 'miasanmia', 'mentality', 'ronaldo', 'neuer', 'capcut', 'efootball', 'thomasmüller', 'harrykane', 'kimmich', 'birthdayboy', 'manuelneuer', 'fcbars', 'fcbayernlegends', 'happybirthday']"
tanyaburr,"['sunshine', 'fishermansandals', 'transitionaloutfits', 'fyp', 'holiday', 'wedding', 'getreadywithme', 'weddingdress', 'ootd', 'jeansforever', 'weddingguestdress', 'marbella', 'springoutfits']"
tiktoktrends,[]
acmilan,"['championsleague', 'u19', 'zlatan', 'followtherossonere', 'okafor', 'bennacer', 'adli', 'sempremilan', 'primavera', 'milan', 'roblox', 'yepes', 'tiktokfootball', 'dompig', 'catsoftiktok', 'europaleague', 'youthleague', 'dietrolequinte', 'gabbia', 'porto', 'acmilan', 'sportiello', 'warmup', 'leao', 'cattrend', 'hernandez', 'challenge', 'trend', 'maignan', 'ibra', 'theo', 'rafa', 'sassuolomilan', 'curva', 'serginho', 'musah', 'pedro', 'bts', 'milantv', 'kjaer', 'scudetto', 'kaka', 'juvemilan', 'freestyle', 'rl10', 'ibrahimovic', 'giroud', 'sansiro', 'thiaw', 'chukwueze', 'seriea', 'tiktokcalcio', 'haircut', 'romamilan', 'pioli', 'acm', 'passion', 'calabria', 'spalletti', 'oliveira', 'tikrokfootball', 'seedorf', 'onemoretime', 'juventus', 'legend', 'spiderman', 'pulisic']"
museumofscience,"['cleantok', 'stemeducation', 'sustainableliving', 'environment', 'eclipse2024', 'eclipse', 'plantbased', 'bostonmarathon', 'trekkie', 'scienceexperiments', 'astronaut', 'solarsystem', 'mathematics', 'cooking', 'microscope', 'foodietiktok', 'fishtok', 'vegetarian', 'research', 'fertility', 'marathon', 'scienceexperiment', 'planet', 'saturn', 'vulcan', 'moon', 'earthlight', 'diy', 'foodie', 'biology', 'spock', 'globalwarming', 'microplastics', 'solareclipse', 'womeninstem', 'meteorshower', 'dairyfree', 'astrophotography', 'earthquake', 'runningtok', 'sustainability', 'ilovefood', 'physics', 'highprotein', 'comfortfood', 'cookingvideo', 'mars', 'experiment', 'surrogacy', 'earthday', 'homecooking', 'learningisfun', 'cleaning', 'nasa', 'sandwich', 'electric', 'dinnerideas', 'solareclipse2024', 'edutok', 'space', 'study', 'vegan', 'running', 'newengland', 'womenoftiktok', 'startrek', 'climateaction', 'ecofriendly', 'sciencetok', 'astronomy', 'science', 'spacetok']"
livekindly,"['plants', 'garden', 'lanadelrey', 'groceryshopping', 'upcycle', 'greenscreenvideo', 'planets', 'jojosiwa', 'sustainableliving', 'duet', 'slowfashion', 'nondairy', 'eclipse', 'plantbased', 'nature', 'secondhand', 'fashion', 'memecut', 'growingfood', 'amazonfinds2024', 'tylerthecreator', 'thrifting', 'foodwaste', 'meme', 'solareclipse', 'festival', 'sheinhaul', 'deinfluencing', 'dojacat', 'compost', 'dairyfree', 'overconsumption', 'starbucks', 'fyp', 'gardening', 'sustainability', 'vacation', 'thriftfinds', 'recycle', 'oatmilk', 'bedrotting', 'shein', 'fruits', 'fastfashion', 'europe', 'justinbieber', 'spring', 'earthday', 'earthmonth', 'pillowpet', 'climatechange', 'coachella', 'climatecrisis', 'bananas', 'disney', 'billieeilish', 'lawsuit', 'greenscreen', 'ecofriendly', 'zara', 'fastfashionsucks']"
cnn,"['iran', 'china', 'flamethrower', 'scotus', 'supremecourt', 'presidentialimmunity', 'transplant', 'columbiauniversity', 'shogun', 'whitehousecorrespondentsdinner', 'connecticut', 'hushmoney', 'nebraska', 'nyc', 'tornado', 'cnn', 'whcd', 'fyp', 'medical', 'snl', 'surgery', 'trump', 'kenya', 'saturdaynightlive', 'biden', 'kidney', 'kagan', 'news', 'dog', 'series']"
movebeyondcoal,"['gomeroi', 'climatechange', 'pacificislands', 'documentary', 'strongertogether', 'schoolstrike4climate', 'movebeyondcoal', 'nomorecoal', 'climateaction', 'riseup', 'climatejustice', 'nomoregas']"
sustainabilitymattersva,"['earthday2024', 'lemonpeels', 'upcycle', 'plantforpollinators', 'diyproject', 'landfill', 'lemon', 'reuse', 'nativeplants', 'planthacks', 'nationalparkweek', 'donations', 'loudouncounty', 'recycling', 'pesticidefree', 'winchesterva', 'wastemanagement', 'trash', 'artsandcrafts', 'bigbendnationalpark', 'zerowaste', 'shoplocal', 'nativemeadow', 'nativelandscaping', 'refill', 'nativenursery', 'sustainableshopping', 'foodwaste', 'sustainabilitymatters', 'getoutside', 'textiles', 'thrift', 'conservation', 'reducereuserecycle', 'cliftonva', 'solidwaste', 'waste', 'wine', 'rva', 'recycle', 'goodclimatenews', 'sustainable', 'refillmarket', 'virginiamercantile', 'shenandoahvalley', 'earthday', 'nationalparks', 'plasticfree', 'bigbend', 'rewildingwinchester', 'donate', 'kantamanto', 'harrisonburgva', 'ocotillo', 'makingtrashbloom', 'ecofriendly', 'nativeplant', 'mrf']"
genzforchange,"['vote16', 'gz4climatejustice', 'abolishthepolice', 'stopcopcity', 'genzforchange', 'environment', 'fyp', 'genz', 'stitch', 'reproductiverights', 'vote', 'greenscreen', 'gz4freepalestine', 'acab']"
johnapabon,"['dumbcomments', 'nuclear', 'truecrime', 'americanlife', 'mountainvalleypipeline', 'babs', 'disposablesociety', 'influencersbelike', 'environmentalprotection', 'chineselanguage', 'france', 'uspolitics', 'australia', 'socialmedia', 'environmentallyfriendly', 'whitehousecorrespondentsdinner', 'myviralvideo', 'authorlife', 'repairdontthrowaway', 'fastfashionban', 'funfact', 'stitch', 'greekhistory', 'taylorswift', 'greenliving', 'ausvsusa', 'boomers', 'beyonce', 'viralvideo', 'jobsearch', 'tiktoktips', 'greenoutfit', 'climatechange', 'australianpolitics', 'plasticwaste', 'americanhorrorstory', 'fail', 'factoryworker', 'nichetea', 'privatejet', 'zara', 'fastfashionsucks', 'publicrelations', 'altruism', 'earthday2024', 'usa', 'expat', 'australianstatistics', 'occupywallstreet', 'recycling', 'recruitment', 'corruptgovernment', 'tiktokban', 'columbia', 'facelessprofilesbelike', 'theunicorn', 'firstamendment', 'fashiontiktok', 'expatlife', 'politicaltiktok', 'co2', 'carboncredits', 'sustainability', 'etymology', 'bidenadministration', 'shein', 'taxtime', 'fastfashion', 'lifeinchina', 'earthday', 'society', 'notsofunfacts', 'sustainablefashion', 'ranaplaza', 'stupidcomments', 'republicans', 'ecofriendly', 'lifeinamerica', 'carbonemissions', 'historytok', 'uselections', 'sustainableliving', 'freedomofspeech', 'environment', 'wompwomp', 'shibainu', 'americansbelike', 'awareness', 'hiring', 'emilysavesamerica', 'onthisday', 'aussiesabroad', 'cocktails', 'auspol', 'ai', 'columbiauniversity', 'protests', 'democraticparty', 'expertise', 'workersrights', 'stayinschool', 'tipsandtricks', 'usvstheworld', 'honestyisthebestpolicy', 'casholloway', 'truecrimetiktok', 'biden2024', 'funfacts', 'melissamccarthy', 'mitchmcconnell', 'knowledgeispower', 'fossilfuels', 'nypd', 'socialconsciousness', 'virality', 'asia', 'imaginedragons', 'willowproject', 'sbti', 'americavsaustralia', 'americabelike', 'dontlie', 'tellthetruth', 'uselection', 'ustaxes', 'americansabroad', 'duet', 'lifeinkorea', 'justtransition', 'wtf', 'china', 'laborparty', 'studentprotest', 'influencertips', 'mandarin', 'fashion', 'madonna', 'wallstreet', 'election2024', 'policebrutality', 'trustingovernment', 'americanpolitics', 'americanproblems', 'goingviral', 'swifties', 'esg', 'savetheplanet', 'barbrastreisand', 'usexpats', 'fastfashionfacts', 'musicindustry', 'viralversary', 'savetheworld', 'americaisthebadplace', 'stitich', 'trust', 'activism', 'handm', 'climateaction', 'greenwashing']"
recesstherapy,"['mustache', 'nabshow', 'springflowers', 'coolkids', 'dogs', 'cool', 'enviormentalist', 'titanic', 'movies', 'recesstherapy', 'party', 'ai', 'wisewords', 'dior', 'dontforgetme', 'hermes', 'animals', 'popular', 'love', 'paulmccartney', 'pigeons', 'drone', 'stopandsmelltheroses', 'maggierogers', 'pollution', 'fashionstatement', 'jokes', 'torturedpoetsdepartment', 'taylorswift', 'chanel', 'hotoneschallenge', 'iceicebaby', 'swagger', 'ice', 'lemonade', 'celebrities', 'spring', 'earthday', 'seanevans', 'cats', 'flowerchild', 'billionaires', 'firstwefeast', 'vibes', 'ttpd', 'hotones', 'mayarudolph', 'flowers']"
aljazeeraenglish,"['elections', 'academic', 'pakistani_tik_tok', 'nigeriantiktok', 'madinah', 'piareus', 'whalesoftiktok', 'bytedance', 'students', 'ukrainian', 'tehran', 'france', 'hindrajab', 'australia', 'uk', 'quran', 'socialmedia', 'rafah', 'german', 'factcheck', 'whitehousecorrespondentsdinner', 'germany🇩🇪', 'newyork', 'unitedkingdom', 'philippine', 'breakingnews', 'iranian', 'volcano', 'ny', 'bali', 'texas', 'canada', 'turkish', 'navy', 'dubai', 'sorbonneuniversity', 'washington', 'arabspring', 'washingtondc', 'joebiden', 'waterfalls', 'biden', 'humanrights', 'ajestarthere', 'economies', 'goldengate', 'tourism', 'projectnimbus', 'ajstarthere', 'orange', 'tunisia', 'western', 'bassemyoussef', 'refugee', 'oscars', 'denmark🇩🇰', 'closeup', 'un', 'iranians', 'dohaqatar', 'academics', 'rain', 'southchinasea', 'voters', 'slovakian', 'chennai', 'muslimtiktok', 'tiktokban', 'columbia', 'train', 'denmark', 'chibok', 'modi', 'encampment', 'canadatiktok', 'naval', 'india', 'malaysian', 'nyu', 'muslim', 'watercannons', 'techtok', 'aid', 'omanflood', 'helicopter', 'chuckschumer', 'gaza', 'daniellevy', 'syria', 'crowdfunding', 'london', 'fyp', 'sulawesi', 'sudanese_tiktok', 'marinelife', 'greece', 'viral', 'europe', 'arabtiktok', 'economic', 'pakistan', 'whale', 'election', 'netanyahu', 'oman🇴🇲', 'hawaii?', 'nigeria', 'journalist', 'jew', 'saudiarabia', 'middleeast', 'paris', 'rains', 'copenhagen', 'unitedstates', 'turkeytiktok', 'sudan', 'montreal', 'california', 'bjp', 'american', 'boeing', 'flashfloods', 'passover', 'eastjerusalem', 'omantiktok', 'unsc', 'newyorkcity', 'austin', 'britain', 'digitaldilemma', 'lahore', 'indonesia', 'uaeflood', 'google', 'floods', 'fire', 'sauditiktok', 'ai', 'mcgilluniversity', 'unitedarabemirates', 'divest', 'university', 'aoc', 'columbiauniversity', 'reporters', 'chinese', 'climate', 'eu', 'senator', 'whales', 'ajstream', 'weathertok', 'whitehouse', 'psychology', 'indiatiktok', 'infrastructure', 'tiktok', 'princeton', 'palestine', 'yale', 'indonesiavolcano', 'medina', 'texasuniversity', 'crane', 'turkey', 'qatar', 'unrwa', 'georgewashingtonuniversity', 'colleges', 'jewish', 'isfahan', 'germany', 'freespeech', 'scottish', 'zelenskyy', 'holyquran', 'mountruang', 'taiwan', 'ukraine', 'ontario', 'chinaflood', 'cameron', 'iran', 'china', 'iraniantiktok', 'oman', 'dc', 'medicalworkers', 'maryland', 'extremeweather', 'passover2024', 'unmute', 'westbank', 'mep', 'sanfrancisco', 'saudi', 'athens', 'africa', 'guterres', 'uae', 'melbourne', 'philippines', 'israel', 'bill', 'protest', 'unitednations', 'bisan', 'ucla', 'jordanian', 'french', 'peace', 'ajupfront', 'scotland', 'universities', 'flood', 'famine', 'senate', 'doha', 'dunsborough', 'omarsuleiman', 'congress', 'spire', 'dubaiflood', 'us', 'grammys', 'khanyounis', 'narendramodi', 'college', 'malaysiantiktok', 'rutgers', 'malaysia', 'ankara', 'virginia', 'news', 'wildlife', 'mediator', 'slovakia', 'chinatiktok', 'flooding', 'quotable', 'canadiantiktok', 'ajcentrestage', 'european']"
sunrisemvmt,"['freepalestine', 'duet', 'encampment', 'climate', 'cuteanimals', 'scoopability', 'greennewdeal', 'politics', 'artist', 'meme', 'gaza', 'genz', 'fyp', 'protest', 'art', 'climatechange', 'greenscreen', 'jojosiwa', 'dog']"
bigthink,"['spacetravel', 'mensmentalhealth', 'friendship', 'feedback', 'spirituality', 'lifeafterloss', 'aginggracefully', 'careeradvice', 'adamgrant', 'anthropology', 'retirement', 'wwyd', 'kellyrichmondpope', 'psychology', 'scientistsoftiktok', 'lonelinessepidemic', 'chrisvoss', 'retirementplanning', 'aging', 'lisafeldmanbarrett', 'secretkeeping', 'morganlevine', 'ethics', 'scienceofsecrets', 'spiritualitytok', 'triunebrain', 'michaelslepian', 'empathy', 'physics', 'forensicaccounting', 'michellethaller', 'selfhelp', 'companytime', 'wharton', 'fbi', 'mentalhealth', 'learnontiktok', 'happiness', 'mars', 'loneliness', 'griefjourney', 'lisamiller', 'lyndagratton', 'lauriesantos', 'neuroscience', 'sciencetok', 'astronomy', 'briancox', 'aristotle']"
nikitadumptruck,"['queer', 'womeninfinance', 'work', 'money', 'intuitpartner', 'boo', 'eclipse', 'finance', 'women', 'explained', 'millennials', 'tiktokban', 'columbia', 'butterflyeffect', 'history', 'climate', 'girls', 'politics', 'arizona', 'comedy', 'feminism', 'capitalism', 'nyc', 'satire', 'genx', 'genz', 'stitch', 'yale', 'taylorswift', 'swiftie', 'latestagecapitalism', 'earthday', 'teen', 'climatechange', 'entrepreneur', 'popculture', 'college', 'coachella', 'ttpd', 'investing', 'news', 'greenscreen', 'usc', 'climatepowerpartner']"
bodhi_patil,[]
greenpeace_be,[]
unicefaustria,"['memes', 'gewaltverbot', 'unicef', 'foryou', 'vaccineswork', 'nahostkonflikt', 'foryoupage', 'endviolence', 'ngo', 'hydroponik', 'unicefaustria', 'memecut', 'endpolionow', 'impfen', 'punchdance', 'punchingtrend', 'meme', 'foreverychild', 'funfacts', 'immunization', 'tiktok', 'gaza', 'fyp', 'boxing', 'violence', 'nonprofit', 'fürdich', 'vaccine', 'follow', 'viral', 'earthday', 'fy', 'unicefösterreich', 'fürjedeskind', 'gemeinschaftsstärkung', 'trending', 'polio', 'malaria', 'boxingtrend', 'childrenrights']"
einfachanke,"['altkleider', 'nachhaltigeperiode', 'urbanjungle', 'essenkochen', 'mikroplastik', 'selbstständigkeit', 'windelfrei', 'filter', 'produktvergleich', 'wassertrinken', 'uniköln', 'müllsparen', 'workingmom', 'frühlingsputz', 'stoffwindeln', 'wasdalos', 'gedankenkarussell', 'funnymom', 'wasserverbrauch', 'badmom', 'fensterputzen', 'toddlermom', 'menstruationsfreiheit', 'slipeinlage', 'mompreneur', 'sandkasten', 'regional', 'komischalleschemisch', 'minimalism', 'minimalismus', 'spass', 'karpaten', 'leitungswasser', 'frühstück', 'gemüseanbau', 'zugfahren', 'trinkwasser', 'eigenewohnung', 'interior', 'toddlersoftiktok', 'saatgut', 'sportlich', 'riechen', 'duscheputzen', 'hochverarbeitetelebensmittel', 'kinderkleiung', 'fairfinance', 'momsoftiktok', 'plastikfrei', 'closingshop', 'mombelike', 'momlife', 'ehrlichkeit', 'elternleben', 'startupclosure', 'fscsiegel', 'möbelkaufen', 'kaffeeliebe', 'hatersgonnahate', 'autofrei', 'putztipps', 'gemeinsam', 'freebleeding', 'superfood', 'nachhaltiginvestieren', 'kurvendiskussion', 'vegetarian', 'vegangeutschland', 'zimmerpflanzen', 'putzen', 'funnyvideos', 'urwald', 'keineahnung', 'smartphone', 'kommentarebeantworten', 'inhaltsstoffe', 'comedy', 'vegankosmetik', 'schulkind', 'stuntmom', 'nachhaltigerleben', 'schlafmangel', 'resilienz', 'workingdad', 'gründerin', 'avocado', 'mamaleben', 'selbstständigefrauen', 'fairfashion', 'vintagefurniture', 'littleones', 'kinderbeschäftigung', 'startupend', 'pawpatrol', 'aussortieren', 'feierdich', 'neuemöbel', 'sand', 'womanpreneur', 'mikroplastikfrei', 'periodtalk', 'momfail', 'samenfestessaatgut', 'vegandeutschland', 'mamapapa', 'secondhand', 'sonntag', 'spaß', 'frühjarhsputz', 'haushaltstipp', 'kindergarten', 'parentsoftiktok', 'nachhaltigermitkind', 'einkaufen', 'kitakind', 'deutschebahn', 'faktencheck', 'erfolg', 'fastfurniture', 'carearbeit', 'fashrionrevolution', 'wurst', 'fuckups', 'StartUp', 'waschmaschine', 'millenials', 'frühjarsputz']"
veronicamulenga_,[]
oceanspod,"['tigershark', 'whaleshark', 'whale', 'dolphins', 'ocean', 'shark', 'baskingshark', 'seals', 'pocketshark']"
jacobsimonsays,"['april16', 'april9', 'motivational', 'mayday', 'weekreview', 'april25', 'april22', 'april11', 'april24', 'april30', 'april18', 'april8', 'gethopeful', 'april5', 'goodvibes', 'butterflies', 'april29', 'goodstories', 'solareclipse', 'hopecore', 'positivevibes', 'april15', 'goodmood', 'april23', 'earthday', 'goodnews', 'april17', 'april19', 'april26', 'april12', 'may1']"
lizlivingblue,"['kingsday', 'earthday', 'marinebio', 'marinebiology', 'amsterdam']"
thetrashwalker,"['eco', 'haul', 'nature', 'zerowaste', 'freegan', 'plastic', 'thrifting', 'thrift', 'nyc', 'waste', 'sustainability', 'recycle', 'free', 'sustainable', 'climatechange', 'instagood', 'donate', 'climatecrisis', 'dumpsterdiving', 'donatedontdump', 'ecofriendly']"
wildernesssociety,"['earthday', 'climatechange', 'sangabrielmountainsforever', 'environment', 'publiclands', 'mother', 'monumentsforall', 'molokluyuk']"
motherjonesmag,"['stormydaniels', 'foundingfathers', 'civicslesson', 'thirdparty', 'newyorkcity', 'truecrimestories', 'tphjournal', 'trumptrial', 'qa', 'collegeprotests', 'ralphnader', 'tomcotton', 'votingrights', 'history', 'columbiauniversity', 'documentaryfilm', 'scotusupdate', 'greenparty', 'minorityrule', 'deinfluencing', 'democrat', 'democracy', 'karilake', 'bravenglenn', 'davidcorn', 'trump', 'transhealthcare', 'uva', 'studentactivism', 'crowreservation', 'nativetiktok', 'booktok', 'donaldtrump', 'americanrevolution', 'motherjones', 'electoralcollege', 'republicans', 'ushistory', 'americanhistory', 'propaganda', 'idaho']"
ouryouth4theclimate,"['xybca', 'sustainableliving', 'environment', 'foryou', 'foryoupage', 'youthactivism', 'climate', 'climateactivism', 'climateeducation', 'oy4c', 'ouryouth4theclimate', 'earth', 'fyp', 'school', 'sustainability', 'xyzabc', 'viral', 'climatechange', 'climateaction', 'ouryouthfortheclimate', 'tips', 'class']"
jessicakleczka,"['earthday2024', 'wildchild', 'desert', 'dayinthelife', 'sustainableliving', 'environment', 'spain', 'diyproject', 'plantbased', 'forestcore', 'nature', 'slowlife', 'ecotok', 'vanconversion', 'hiking', 'fulltimetravel', 'vanlifestyle', 'vanlifeconversion', 'cottagecore', 'sustainabletravel', 'travel', 'foraging', 'girlswhohike', 'naturelover', 'offgridliving', 'vegantiktok', 'palmademallorca', 'fyp', 'outdoorlife', 'traveltiktok', 'vanlifediaries', 'waterfall', 'vanlifetravel', 'slowliving', 'veganfood', 'travellife', 'earthday', 'earthmonth', 'dayinmylife', 'vanlife', 'plantbasedtiktok', 'vanlifers', 'traveltok', 'vegan', 'roadtrip', 'naturevibes', 'fairycoreaesthetic', 'naturelovers']"
greenpeacenl,"['defundnaturedestruction', 'diepzeemijnbouw', 'natuur', 'samenvoorschonelucht', 'deepseamining', 'gezondheid', 'klimaatcrisis', 'zuidasmars', 'klimaatmars', 'klimaatmarsmei2024', 'mensenbovenwinst', 'diepzee', 'tatasteel', 'naturenow', 'oceanen']"
makepolluterspay,"['climatechange', 'nonewoilandgas', 'climatejusticenow', 'makepolluterspay', 'climatedamagestax']"
kristinchenoweth,"['workout', 'livemusic', 'training', 'broadway', 'eclipse', 'nationalexerciseday', 'baking', 'queenofversailles', 'rv', 'ifalltopieces', 'tonybennett', 'jazz', 'hairtok', 'wicked', 'totaleclipse', 'patsycline', 'fitness', 'beauty', 'totaleclipseoftheheart', 'concerts', 'performance', 'hotyoga', 'glam', 'movieclips', 'cookies', 'makeup', 'makeuplook', 'onesizexwicked', 'cinnamontoastcrunch', 'countrymusic']"
greenpeacearg,"['infancias', 'alimentacion', 'bosques', 'puntatombo', 'educaciónambiental', 'tortugas', 'carpincho', 'hongosfuncionales', 'crisisclimatica', 'mariposas', 'greenpeace', 'condorandino', 'díamundialdelatierra', 'kids', 'mundoanimal', 'consecuencias', 'intoxicación', 'contaminación', 'testimonios', 'witness', 'atanor', 'lágrima', 'pinguinosdetiktok', 'buenosaires', 'deforestación', 'cambioclimático', 'llanto', 'niñez', 'pinguinos', 'otroplaneta', 'celestegiardinelli', 'hongos', 'pingüinos', 'delitosambientales', 'fuego', 'animal', 'juntos', 'animales', 'federicoamador', 'twitch', 'micelio', 'ciencia', 'argentina', 'parati', 'capibara', 'pinguino', 'medioambiente', 'politicas', 'ambientales', 'quevibrasdoy', 'yaguarete', 'ley', 'petrolera', 'peninsulavaldes', 'delitoambiental', 'agrotóxicos', 'mariposasflama', 'explosión']"
ramalauw,"['free99', 'swiftie', 'torturedpoetsdepartment', 'taylorswift']"
followthepartybilbao,"['followtheparty', 'valencia', 'djjavs', 'bilbao', 'todoelrato', 'showcase', 'afrobeats', 'afroparty', 'vitoria']"
greenpeaceafrica,"['stopdrillingstartpaying', 'reuse', 'makepolluterspay', 'freedomday', 'breakfreefromplastic', 'globalplasticstreaty', 'endoil', 'zerowaste', 'cocacola', 'refill', 'inc4', 'plasticpollution', 'stopfossilgas', 'greenpeace_socialbakers', 'southafrica', 'protectourforests', 'fossilfuels', 'plasticfree', 'plasticstreaty', 'ViralBeauty', 'climatecrisis', 'endfossilcrimes', 'realsolutions']"
karishmaclimategirl,[]
save.tthe.earth,[]
itsquinndy,"['spain', 'txapeldunak', 'canarias', 'afrocolectiva', 'copadelrey', 'politica', 'españa', 'rdcongo', 'blackjesus', 'danzaafricana', 'africandance', 'africa', 'sweden', 'afro', 'bailesafricanos', 'freecongo', 'sanmames', 'fyp', 'congolibre', 'jesus', 'athleticclub', 'colonia', 'jesucristo', 'vaticano', 'futbol', 'estadoespañol', 'quinndy', 'parati', 'capcut', 'bilbao', 'etiopia', 'athletic', 'islascanarias', 'afrobeats', 'baile', 'cristianismo', 'euskadi', 'panafricanismo']"
greenpeaceap,"['koala', 'nature', 'climateactionnow', 'work', 'climatechange', 'memecut', 'capcut', 'protecttheoceans', 'humanrights', 'stopwoodside', 'greenpeace', 'climateaction', 'savescottreef', 'climatejustice']"
afrocolectiva,"['veloislamico', 'afrofeminismo', 'mujeresnegras', 'trendy', 'islam', 'interseccionalidad', 'afrocolectiva', 'españa', 'decolonialidad', 'colonialidaddegenero', 'romeoyjulieta', 'regularizacionya', 'blackjesus', 'reels', 'francescaameudahrivers', 'ripoll', 'sisas', 'teligion', 'afro', 'hiyab', 'antirracismo', 'fyp', 'jesus', 'impactodigital', 'jesucristo', 'descriminacion', 'racismo', 'identidad', 'explore', 'afrodescendientes', 'viral', 'argentina', 'dalemasafro', 'romeoandjuliet', 'catalunia', 'tomholland', 'capcut', 'frontera', 'islamofobia', 'mujermusulmana', 'putin', 'migrantes', 'ilpregularizacion']"
pandawaragroup,"['angetsari', 'eidmubarak', 'baygon50tahunmelindungi', 'cleantok', '8etterlife', 'omodae5', 'pandawara', 'onedayonetrashbag', 'baygonpandawara', 'olymplast', 'baygon50tahun', 'hangatnyajaheemprit', 'driveefuture']"
greenpeaceat,"['memes', 'wildbiene', 'österreich', 'umwelt', 'plastik', 'wildbienenwien', 'wien', 'thetorturedpoetsdepartment', 'greenwashing', 'wissen', 'aktivismus', 'swifttok', 'memetok', 'klimaschutz', 'zerowaste', 'jedeblütezählt', 'rettetdiebienen', 'pinguine', 'tierschutz', 'savethebees', 'wildbienenschutz', 'garten', 'wildbienen', 'inc4', 'klima', 'vienna', 'unverpackt', 'biene', 'einkaufen', 'umweltschutz', 'penguin', 'dadjoke', 'klimawandel', 'reclaimtiktokat', 'plastikabkommen', 'machsnachhaltig', 'nachrichten', 'bienen', 'taylorswift', 'wildbienenambassador', 'korallen', 'reclaimtiktok', 'korallenriff', 'lövetheförest', 'nachhaltig', 'tiere', 'earthday', 'wandern', 'climatechange', 'balkon', 'rumänien', 'naturecrime', 'wälder', 'overshoot', 'ttpd', 'natur', 'bienenfreundlich', 'wald', 'nachhaltigkeit', 'lebensmittel', 'bees', 'tomaten', 'news', 'klimastreik']"
charityekezie,"['sarcasm', 'ethiopia', 'charityekezie', 'kenyantiktok🇰🇪', 'southafrica', 'africantiktok', 'africancountries', 'livinginafrica', 'africankids', 'africa']"
maciespams.xx,[]
greenpeacemy,"['ramadhanhijau', 'plasticstreaty', 'ngamdenganalam', 'ramadhan2024', 'ummahforearthmy']"
greenpeacekorea,[]
greenpeacejapan,[]
aliwoodsgigs,"['flight', 'headphones', 'usa', 'eastlondon', 'weddingspeech', 'british', 'tube', 'streaming', 'train', 'tea', 'uk', 'millennial', 'flying', 'wedding', 'boomer', 'americans', 'travel', 'weddingtiktok', 'gossip', 'cringe', 'privateschool', 'england', 'workfromhome', 'posh', 'travelling', 'coffeeshop', 'london', 'parents', 'vacation', 'english', 'america', 'xyzcba', 'annoying', 'holiday', 'wfh', 'relatable', 'netflix', 'maincharacter', 'tv', 'film', 'city']"
greenpeaceturkiye,[]
greenpeacear,"['mena', 'أزمة_المناخ', 'environment', 'plastics', 'greenpeace', 'makepolluterspay', 'تلوّث_الهواء', 'foryou', 'غرينبيس', 'breakfreefromplastic', 'البلاستيك', 'plastictreaty', 'foryoupage', 'العدالة_المناخية', 'تلوث_الهواء', 'plasticpollution', 'البيئة', 'صوت_للشباب', 'greenpeacemena', 'تلوث_البلاستيك', 'صوت_للتغيير', 'breathablenorthafrica', 'fyp', 'sawt', 'viralvideo', 'viral', 'climatechange', 'عُمان', 'plasticstreaty', 'الحياة_البرية', 'climatecrisis', 'airpollution', 'روبيمار_نكبة_اليمن', 'صوت', 'forests']"
greenpeace_lux,[]
greenpeacemexico,"['plasticos', 'océanossinplásticos', 'tratadoglobaldeplásticos', 'greenpeace', 'díadelatierra']"
greenpeacehu,[]
greenpeacebrasil,"['futuroéancestral', 'bancandoaextinção', 'amazônialivredegarimpo', 'direitosindígenas', 'atl2024', 'marcotemporalnão', 'petroleonaamazônianão', 'demarcaçãojá', 'tbt', 'petróleonaamazônianão']"
moritzjahnofficial,"['muisc', 'guitar', 'berlin', 'immersograu', 'look', 'moritzjahn', 'fyyyyyyyyyyyyyyyy', 'soliloquy', 'disko76', 'fyp', 'napoli', 'play', 'disco', 'papu', 'live', 'fy', 'gegendieangst', '70s', 'indiemusic', 'series']"
greenpeaceid,"['ofcourse', 'mayday', 'hamperslebaran', 'shimmershimmer', 'panas', 'plastik', 'greenpeace', 'pajak', 'hariburuh', 'ekonomihijau', 'kalimantantimur', 'greenpeaceid', 'pajakkarbon', 'ofc', 'indonesia', 'hampers', 'breakfreefromplastic', 'lebaran', 'negara', 'plastictreaty', 'sungai', 'timbulsloko', 'foryoupage', 'greeneconomy', 'multilayers', 'hampersramahlingkungan', 'bajulebaran', 'inc4', 'mudik', 'mudik2024', 'timbulslokobangkit', 'masyarakatadat', 'florafauna', 'alam', 'ngobrollingkungan', 'laborday', 'cuaca', 'bursakarbon', 'stitch', 'fyp', 'pandawara', 'polusi', 'kendaraan', 'penggusuran', 'fastfashion', 'fypシ', 'krisisiklim', 'xyzbca', 'hutan', 'ikn', 'climatechange', 'sampah', 'ofcoursetrend', 'banjirrob', 'udara', 'kebakaran', 'singleuseplastic', 'climatecrisis', 'greenjob', 'lebaran24', 'kalimantan', 'relokasi', 'pupr']"
greenpeaceph,"['plasticfreefuture', 'earthday', 'laborday', 'sachetaway', 'reuseyoustay', 'plasticstreaty', 'biniverse_thefirstsoloconcert', 'bini', 'inc4', 'quitsachets', 'plasticpollution', 'fightdance', 'punchingtrend', 'breakfreefromplastic', 'biniverse']"
greenpeace_archive,[]
greenpeacecl,"['santamarta', 'generación98', 'garzacuca', 'crisisclimatica', '31minutos', 'juancarlosbodoque🐰', 'glaciares', 'greenpeace', 'bajemoslosbronces', '2023', 'aire', 'díamundialdelatierra', 'eclipse', 'estreno', 'crisisclimática', 'vivo', 'cordilleradelosandes', 'mapocho', 'faunanativa', 'chile', 'pingüinosdemagallanes', 'diadelpinguino', 'astros', 'humedal', 'ministeriodemedioambiente', 'otroplaneta', 'penguin', 'poraquíno', 'protegeelagua', 'planetas', 'pintué', 'roberttson', 'chiloe', 'terepaneque', 'aculeo', 'gatoandino', 'pudu', 'aculeohumedalurbano', 'pingüino', 'lagunadeaculeo', 'humedalurbano', 'animales', 'twitch', 'losbronces', 'nasa', 'crisishídrica', 'osopolar', 'datoscuriosos', 'agua', 'protegeaculeo', 'astronomy', 'tuliotriviño31minutos']"
greenpeacenz,"['canterbury', 'fishing', 'aotearoa', 'greenpeace', 'drinkingwater', 'dairy', 'nzpol', 'climate', 'newzealand', 'plasticpollution', 'toomanycows', 'pollution', 'dolphins', 'ocean', 'fyp', 'safedrinkingwater', 'nz', 'farming', 'oceanlife', 'nitrate', 'whale', 'bycatch', 'plasticstreaty', 'albratross', 'water', 'albatros']"
greenpeace_esp,"['naturaleza', 'viaje', 'medioambiente']"
greenpeacecolombia,"['selva', 'sharks', 'crisisclimatica', '31minutos', 'mar', 'p', 'greenpeace', 'protegeelpacificocolombiano', 'asmr', 'jungla', 'nature', 'deforstacion', 'arbol', 'sofiagomezuribe', 'tiburones', 'naturaleza', 'ocean', 'colombia', 'sea', 'protegeelpacíficocolombianob', 'sonidosdelanaturaleza', 'oceano', 'breakfreefromplasticnomásplásticos', 'elpacificocolombiano', 'protegeelpacíficocolombiano', 'deforestation', 'pacificocolombiano', 'tiburonesmartillo']"
greenpeaceusa,"['california', 'boat', 'chevron', 'bitcoin', 'peaceful', 'api', 'environment', 'stopdrillingstartpaying', 'plastics', 'finance', 'cleanupbitcoin?', 'breakfreefromplastic', 'dc', 'louisiana', 'nature', 'ecotok', 'zerowaste', 'dyk', 'richmond', 'walkingdead', 'hiking', 'tea', 'natureisamazing', 'climate', 'endfossilfuels', 'moon', 'politics', 'inc4', 'plasticpollution', 'naturephotography', 'stopcp2', 'microplastics', 'getoutside', 'pollution', 'detox', 'environmentalist', 'texas', 'earth', 'cleanupbitcoin', 'stitch', 'ocean', 'stoplng', 'wandering', 'cryptonews', 'financebro', 'earthday', 'coral', 'earthmonth', 'climatechange', 'thoughtprovoking', 'academia', 'mindblown', 'plasticstreaty', 'rant', 'climatecrisis', 'bayarea', 'space', 'cryptocurrency', 'crypto', 'climateaction', 'storytime', 'inspiration']"
rojovisuals,[]
katieorlinsky,[]
ciril.jazbec,[]
sofiarjaramillo,"['bronco', 'ford', 'ad', 'teambronco_ambassador', 'winter', 'idahome', 'idaho']"
dzalcman,[]
jen.guyton,[]
johnstanmeyer,[]
dinalitovsky,[]
natgeowild,"['animalsoftiktok', 'sharks', 'paradiseislands', 'tiger', 'dogs', 'earthhowlifeworks', 'bats', 'vetsoftiktok', 'belugas', 'nature', 'incredibleanimaljourneys', 'critterfixers', 'elephants', 'exoticanimaler', 'wildyellowstone', 'americasnationalparks', 'predatorvprey', 'natgeoqueens', 'taurusseason', 'secretsofthewhales', 'hens', 'secretsoftheoctopus', 'betterhumanbetterdog', 'python', 'hiddenwondersofeurope', 'beavers', 'wildchile', 'savetheelephantday', 'orcas', 'tortoise', 'proboscismonkey', 'ourhome', 'squirrel', 'raccoon', 'secretsoftheelephants', 'goldfish', 'growingupanimal']"
estherhorvath,[]
abcworldnews,"['octopus', 'dot', 'chicago', 'pacific', 'military', 'abcworldnewstonight', 'terrier', 'concert', 'solarpower', 'abcnews', 'pilots', 'supremecourt', 'selinawang', 'charlotte', 'weather', 'escape', 'ojsimpson', 'nfl', 'moon', 'newyork', 'elephant', 'stephanieramos', 'oregon', 'hushmoney', 'heavyrain', 'texas', 'mlb', 'lakemead', 'sun', 'plazahotel', 'boyscout', 'ecoli', 'worldnewstonighr', 'america', 'cerebralpalsy', 'animal', 'torontoraptors', 'crash', 'shoheiohtani', 'strikes', 'donaldtrump', 'biden', 'solarenergy', 'swissair', 'wnt', 'melissaadan', 'bipartisan', 'balletdancer', 'truce', 'brave', 'flames', 'nationwide', 'basketball', 'recycling', 'mother', 'island', 'michigan', 'emergencylanding', 'solar', 'criminaltrial', 'reaganinternationalairport', 'sandiego', 'scammers', 'navajonation', 'cuba', 'naples', 'connecticut', 'madisonsquaregarden', 'drones', 'reunion', 'eclipseacrossamerica', 'florida', 'dance', 'faa', 'montana', 'syria', 'reenaroy', 'ozzyosbourne', 'chihuahua', 'homicide', 'kansas', 'emergency', 'oceanlife', 'arkansas', 'americastrong', 'earthday', 'easthartford', 'nasa', 'hezbollah', 'morganwallen', 'authorities', 'linseydavis', 'running', 'nashville', 'groundbeef', 'bags', 'fishermen', 'hostage', 'delta', 'goodsamaritan', 'losangelesdodgers', 'california', 'south', 'cher', 'southwestairlines', 'american', 'boeing', 'congressionalgoldmedal', 'music', 'crashed', 'worldrecord', 'grandchildren', 'newyorkcity', 'minnesota', 'bostonmarathon', 'eclipse', 'epa', 'local', 'ballerinas', 'christiebrinkley', '80s', 'navajo', 'columbiauniversity', 'camera', 'rescuedog', 'mississippi', 'ojsimpsoncase', 'suzannemorphew', 'whitehouse', 'travel', 'assault', 'philadelphia', 'penguin', 'vandals', 'russia', 'secretsoftheoctopus', 'ship', 'rocknroll', 'towtruck', 'coastguard', 'trump', 'jetblue', 'lottery', 'ohio', 'circus', 'billyjoel', 'uptowngirl', 'trial', 'barbers', 'ballet', 'atlanticocean', 'truck', 'boston', 'atribecalledquest', 'space', 'country', 'nba', 'whitjohnson', 'morgannorwood', 'officer', 'ukraine', 'taiwan', 'zohreenshah', 'openfire', 'davidmuir', 'abortion', 'iran', 'cruise', 'tennessee', 'car', 'trumptrial', 'victoroquendo', 'rescue', 'louisiana', 'antarctica', 'hershgoldberg', 'cancer', 'traffic', 'hamas', 'ikeejiochi', 'storm', 'dream', 'scammeralert', 'shreveport', 'plastic', 'arizona', 'sanfrancisco', 'tomsoufiburridge', 'nyc', 'littlerock', 'maryjblige', 'tornado', 'earth', 'robmarciano', 'ocean', 'israel', 'draft', 'denver', 'jfkairport', 'flood', 'grandparents', 'northcarolina', 'critical', 'plane', 'propalestineprotest', 'worldnewstonight', 'suspect', 'rock', 'colorado', 'storms', 'explosion', 'dancing', 'wildlife', 'news', 'detroit', 'brenham']"
natgeotv,"['epcot', 'earthmonth', 'lifebelowzero', 'disneyplanetpossible', 'jane', 'disneyconservation', 'neversaynever', 'incredibleanimaljourneys', 'secretsoftheoctopus', 'critterfixers', 'ourhome', 'americasnationalparks', 'natgeophotographer', 'billyandmolly', 'vetsoftiktok']"
luisadorr,[]
michaelgeorgephoto,"['manatee', 'babyanimals', 'animalrescue', 'cuteanimal']"
ladylockoff,[]
macstonephoto,[]
natgeopristineseas,[]
joelsartoreofficial,"['video', 'owl', 'photoark', 'birds', 'animals', 'footage', 'wildlife', 'animal', 'cuckooday', 'bird', 'reel']"
aaronhuey,[]
disney,[]
reuben_wu,[]
rosavespinoza,[]
ronandonovan,[]
bertiegregory,[]
gunajensen,[]
dineaesthetics,"['indigenoustransjoy', 'acolonizinguniversity', 'dinéaesthetics', 'stitch', 'phd', 'tdov', 'highereducation', 'transjoy', 'grandmasaidno', 'nativetiktok', 'trans', 'transdayofvisibility']"
acacia.johnson,[]
burkgnar,[]
miahuatl,[]
josue_foto,[]
kararoselles,['stitch']
danwintersphoto,[]
jordansalama,[]
sarahgibbens,[]
raewynngrant,[]
