Hashtag,Frequency
climatechange,16
fyp,16
earthday,15
environment,10
climate,9
climateaction,8
climatecrisis,8
taylorswift,8
greenpeace,8
sustainability,7
sustainableliving,7
nature,7
breakfreefromplastic,6
plasticpollution,6
stitch,6
ecofriendly,6
greenscreen,6
ttpd,6
plasticstreaty,6
news,5
eclipse,5
zerowaste,5
inc4,5
earthday2024,4
sustainable,4
pollution,4
columbiauniversity,4
genz,4
viral,4
ocean,4
capcut,4
california,3
dolphins,3
australia,3
plastics,3
stopdrillingstartpaying,3
climatejustice,3
science,3
humanrights,3
money,3
parents,3
reuse,3
globalwarming,3
mentalhealth,3
plantbased,3
solareclipse,3
sciencetok,3
astronomy,3
jojosiwa,3
duet,3
recycle,3
fastfashion,3
earthmonth,3
china,3
whitehousecorrespondentsdinner,3
nyc,3
tiktokban,3
columbia,3
onthisday,3
ai,3
whale,3
africa,3
politics,3
finance,3
history,3
foryoupage,3
travel,3
makepolluterspay,3
crisisclimatica,3
girls,2
tigershark,2
shark,2
sharks,2
bycatch,2
learnontiktok,2
plastic,2
kids,2
capitalism,2
tips,2
billionaires,2
coral,2
privatejet,2
vietnam,2
grwm,2
storytime,2
cleantok,2
fishtok,2
vegetarian,2
moon,2
microplastics,2
womeninstem,2
dairyfree,2
physics,2
mars,2
nasa,2
space,2
vegan,2
upcycle,2
greenscreenvideo,2
secondhand,2
fashion,2
memecut,2
thrifting,2
foodwaste,2
meme,2
deinfluencing,2
vacation,2
shein,2
europe,2
spring,2
coachella,2
zara,2
fastfashionsucks,2
iran,2
trump,2
biden,2
dog,2
series,2
diyproject,2
recycling,2
refill,2
getoutside,2
thrift,2
waste,2
plasticfree,2
donate,2
france,2
socialmedia,2
viralvideo,2
fail,2
usa,2
republicans,2
historytok,2
hiring,2
fossilfuels,2
savetheplanet,2
greenwashing,2
torturedpoetsdepartment,2
uk,2
german,2
factcheck,2
texas,2
rain,2
train,2
encampment,2
gaza,2
london,2
newyorkcity,2
indonesia,2
psychology,2
yale,2
dc,2
extremeweather,2
protest,2
flood,2
college,2
greennewdeal,2
spirituality,2
work,2
explained,2
comedy,2
swiftie,2
funnyvideos,2
einkaufen,2
mayday,2
marinebiology,2
booktok,2
foryou,2
earth,2
spain,2
ecotok,2
hiking,2
díamundialdelatierra,2
otroplaneta,2
animales,2
twitch,2
argentina,2
parati,2
medioambiente,2
bilbao,2
afrobeats,2
southafrica,2
afrocolectiva,2
españa,2
blackjesus,2
afro,2
jesus,2
jesucristo,2
pandawara,2
plastik,2
penguin,2
tea,2
relatable,2
plastictreaty,2
laborday,2
31minutos,2
farming,2
naturaleza,2
education,2
funny,2
transgender,2
trans,2
ashkalra,1
californiacheck,1
action,1
gender,1
inequality,1
ab2924,1
sometypeofskin,1
behindthesong,1
multiaverso,1
efeitops2,1
trackstar,1
newmusic,1
planeteer,1
coraecoikotcenter,1
corollacrosshybrid,1
ecolkotcenter,1
fornature,1
philkofa,1
coracleanups,1
circulareconomy,1
planetcora,1
planetpossible,1
beatpollution,1
planeteers,1
myoseanmission,1
citizenscience,1
coracircularcenter,1
beatwastepollution,1
crosspowerwithstyle,1
corollacross,1
wearecora,1
cleanseaspilipinas,1
usaid,1
toyota,1
forpeopleforplanet,1
cleanseas,1
coraecolkotcenter,1
osean,1
newcorollacross,1
koica,1
circularcenter,1
planetvsplastics,1
sustainablemobility,1
beatplasticpollution,1
actnow,1
coraplaneteers,1
cleancitiesblueocean,1
ecoikotcenter,1
ecoikotsustainablecities,1
margaretriverpro,1
jordysmith,1
caioibelli,1
hirotoohhara,1
stephgilmore,1
mickfanning,1
surftok,1
kellyslater,1
markocchilupo,1
johnjohnflorence,1
gabrielabryan,1
boostmobile,1
joelparkinson,1
bonsoygoldcoastpro,1
jacobwillcox,1
bonsoy,1
mysharkteachers,1
exploretheunknown,1
sharkbook,1
coexist,1
savesharks,1
rfkjr,1
sharknets,1
sharkbehavior,1
maldives,1
freedivewithsharks,1
sharetheoceanwithsharks,1
sharkconservation,1
sharkeducation,1
drumlines,1
coexistence,1
sharkencounters,1
gladiator,1
netsoutnow,1
sharkfishing,1
divewiththelocals,1
adapt,1
divewithsharks,1
redlisted,1
oceanpredators,1
haleiwa,1
helpsavesharks,1
oahu,1
helpus,1
A,1
sharkteachers,1
turnfearintofacts,1
sharkdive,1
weneedsharks,1
learnaboutsharks,1
apexpredatornotmonster,1
sharkid_alyssa,1
swimwithsharks,1
oneoceandiving,1
fuvahmulah,1
evolve,1
dive,1
sharkisland,1
sharksafety,1
sharkdiving,1
sharkdivingadventure,1
adrenaline,1
adrenalinerush,1
deepseaadventure,1
marinelifeencounters,1
hawaiishark,1
greatwhite,1
kennedyshanahan24,1
oneocean,1
fearlessexploration,1
respectfulinteraction,1
raisedbysharks,1
hawaii,1
kennedy24,1
sharkdiver,1
underwaterthrills,1
climatechane,1
inflation,1
profits,1
greatbarrierreef,1
anxiety,1
rent,1
trend,1
solar,1
ecoliving,1
hot,1
bangkok,1
coke,1
weather,1
summer,1
climateyouth,1
heatwaves,1
heat,1
typhoon,1
manila,1
succession,1
future,1
oceanpollution,1
cleanenergy,1
billionaire,1
ottawa,1
cars,1
economy,1
bigoil,1
privatejets,1
clinatechange,1
sustainbility,1
income,1
gas,1
oil,1
qanda,1
stemeducation,1
eclipse2024,1
bostonmarathon,1
trekkie,1
scienceexperiments,1
astronaut,1
solarsystem,1
mathematics,1
cooking,1
microscope,1
foodietiktok,1
research,1
fertility,1
marathon,1
scienceexperiment,1
planet,1
saturn,1
vulcan,1
earthlight,1
diy,1
foodie,1
biology,1
spock,1
meteorshower,1
astrophotography,1
earthquake,1
runningtok,1
ilovefood,1
highprotein,1
comfortfood,1
cookingvideo,1
experiment,1
surrogacy,1
homecooking,1
learningisfun,1
cleaning,1
sandwich,1
electric,1
dinnerideas,1
solareclipse2024,1
edutok,1
study,1
running,1
newengland,1
womenoftiktok,1
startrek,1
spacetok,1
plants,1
garden,1
lanadelrey,1
groceryshopping,1
planets,1
slowfashion,1
nondairy,1
growingfood,1
amazonfinds2024,1
tylerthecreator,1
festival,1
sheinhaul,1
dojacat,1
compost,1
overconsumption,1
starbucks,1
gardening,1
thriftfinds,1
oatmilk,1
bedrotting,1
fruits,1
justinbieber,1
pillowpet,1
bananas,1
disney,1
billieeilish,1
lawsuit,1
flamethrower,1
scotus,1
supremecourt,1
presidentialimmunity,1
transplant,1
shogun,1
connecticut,1
hushmoney,1
nebraska,1
tornado,1
cnn,1
whcd,1
medical,1
snl,1
surgery,1
kenya,1
saturdaynightlive,1
kidney,1
kagan,1
gomeroi,1
pacificislands,1
documentary,1
strongertogether,1
schoolstrike4climate,1
movebeyondcoal,1
nomorecoal,1
riseup,1
nomoregas,1
lemonpeels,1
plantforpollinators,1
landfill,1
lemon,1
nativeplants,1
planthacks,1
nationalparkweek,1
donations,1
loudouncounty,1
pesticidefree,1
winchesterva,1
wastemanagement,1
trash,1
artsandcrafts,1
bigbendnationalpark,1
shoplocal,1
nativemeadow,1
nativelandscaping,1
nativenursery,1
sustainableshopping,1
sustainabilitymatters,1
textiles,1
conservation,1
reducereuserecycle,1
cliftonva,1
solidwaste,1
wine,1
rva,1
goodclimatenews,1
refillmarket,1
virginiamercantile,1
shenandoahvalley,1
nationalparks,1
bigbend,1
rewildingwinchester,1
kantamanto,1
harrisonburgva,1
ocotillo,1
makingtrashbloom,1
nativeplant,1
mrf,1
vote16,1
gz4climatejustice,1
abolishthepolice,1
stopcopcity,1
genzforchange,1
reproductiverights,1
vote,1
gz4freepalestine,1
acab,1
dumbcomments,1
nuclear,1
truecrime,1
americanlife,1
mountainvalleypipeline,1
babs,1
disposablesociety,1
influencersbelike,1
environmentalprotection,1
chineselanguage,1
uspolitics,1
environmentallyfriendly,1
myviralvideo,1
authorlife,1
repairdontthrowaway,1
fastfashionban,1
funfact,1
greekhistory,1
greenliving,1
ausvsusa,1
boomers,1
beyonce,1
jobsearch,1
tiktoktips,1
greenoutfit,1
australianpolitics,1
plasticwaste,1
americanhorrorstory,1
factoryworker,1
nichetea,1
publicrelations,1
altruism,1
expat,1
australianstatistics,1
occupywallstreet,1
recruitment,1
corruptgovernment,1
facelessprofilesbelike,1
theunicorn,1
firstamendment,1
fashiontiktok,1
expatlife,1
politicaltiktok,1
co2,1
carboncredits,1
etymology,1
bidenadministration,1
taxtime,1
lifeinchina,1
society,1
notsofunfacts,1
sustainablefashion,1
ranaplaza,1
stupidcomments,1
lifeinamerica,1
carbonemissions,1
uselections,1
freedomofspeech,1
wompwomp,1
shibainu,1
americansbelike,1
awareness,1
emilysavesamerica,1
aussiesabroad,1
cocktails,1
auspol,1
protests,1
democraticparty,1
expertise,1
workersrights,1
stayinschool,1
tipsandtricks,1
usvstheworld,1
honestyisthebestpolicy,1
casholloway,1
truecrimetiktok,1
biden2024,1
funfacts,1
melissamccarthy,1
mitchmcconnell,1
knowledgeispower,1
nypd,1
socialconsciousness,1
virality,1
asia,1
imaginedragons,1
willowproject,1
sbti,1
americavsaustralia,1
americabelike,1
dontlie,1
tellthetruth,1
uselection,1
ustaxes,1
americansabroad,1
lifeinkorea,1
justtransition,1
wtf,1
laborparty,1
studentprotest,1
influencertips,1
mandarin,1
madonna,1
wallstreet,1
election2024,1
policebrutality,1
trustingovernment,1
americanpolitics,1
americanproblems,1
goingviral,1
swifties,1
esg,1
barbrastreisand,1
usexpats,1
fastfashionfacts,1
musicindustry,1
viralversary,1
savetheworld,1
americaisthebadplace,1
stitich,1
trust,1
activism,1
handm,1
mustache,1
nabshow,1
springflowers,1
coolkids,1
dogs,1
cool,1
enviormentalist,1
titanic,1
movies,1
recesstherapy,1
party,1
wisewords,1
dior,1
dontforgetme,1
hermes,1
animals,1
popular,1
love,1
paulmccartney,1
pigeons,1
drone,1
stopandsmelltheroses,1
maggierogers,1
fashionstatement,1
jokes,1
chanel,1
hotoneschallenge,1
iceicebaby,1
swagger,1
ice,1
lemonade,1
celebrities,1
seanevans,1
cats,1
flowerchild,1
firstwefeast,1
vibes,1
hotones,1
mayarudolph,1
flowers,1
elections,1
academic,1
pakistani_tik_tok,1
nigeriantiktok,1
madinah,1
piareus,1
whalesoftiktok,1
bytedance,1
students,1
ukrainian,1
tehran,1
hindrajab,1
quran,1
rafah,1
germany🇩🇪,1
newyork,1
unitedkingdom,1
philippine,1
breakingnews,1
iranian,1
volcano,1
ny,1
bali,1
canada,1
turkish,1
navy,1
dubai,1
sorbonneuniversity,1
washington,1
arabspring,1
washingtondc,1
joebiden,1
waterfalls,1
ajestarthere,1
economies,1
goldengate,1
tourism,1
projectnimbus,1
ajstarthere,1
orange,1
tunisia,1
western,1
bassemyoussef,1
refugee,1
oscars,1
denmark🇩🇰,1
closeup,1
un,1
iranians,1
dohaqatar,1
academics,1
southchinasea,1
voters,1
slovakian,1
chennai,1
muslimtiktok,1
denmark,1
chibok,1
modi,1
canadatiktok,1
naval,1
india,1
malaysian,1
nyu,1
muslim,1
watercannons,1
techtok,1
aid,1
omanflood,1
helicopter,1
chuckschumer,1
daniellevy,1
syria,1
crowdfunding,1
sulawesi,1
sudanese_tiktok,1
marinelife,1
greece,1
arabtiktok,1
economic,1
pakistan,1
election,1
netanyahu,1
oman🇴🇲,1
hawaii?,1
nigeria,1
journalist,1
jew,1
saudiarabia,1
middleeast,1
paris,1
rains,1
copenhagen,1
unitedstates,1
turkeytiktok,1
sudan,1
montreal,1
bjp,1
american,1
boeing,1
flashfloods,1
passover,1
eastjerusalem,1
omantiktok,1
unsc,1
austin,1
britain,1
digitaldilemma,1
lahore,1
uaeflood,1
google,1
floods,1
fire,1
sauditiktok,1
mcgilluniversity,1
unitedarabemirates,1
divest,1
university,1
aoc,1
reporters,1
chinese,1
eu,1
senator,1
whales,1
ajstream,1
weathertok,1
whitehouse,1
indiatiktok,1
infrastructure,1
tiktok,1
princeton,1
palestine,1
indonesiavolcano,1
medina,1
texasuniversity,1
crane,1
turkey,1
qatar,1
unrwa,1
georgewashingtonuniversity,1
colleges,1
jewish,1
isfahan,1
germany,1
freespeech,1
scottish,1
zelenskyy,1
holyquran,1
mountruang,1
taiwan,1
ukraine,1
ontario,1
chinaflood,1
cameron,1
iraniantiktok,1
oman,1
medicalworkers,1
maryland,1
passover2024,1
unmute,1
westbank,1
mep,1
sanfrancisco,1
saudi,1
athens,1
guterres,1
uae,1
melbourne,1
philippines,1
israel,1
bill,1
unitednations,1
bisan,1
ucla,1
jordanian,1
french,1
peace,1
ajupfront,1
scotland,1
universities,1
famine,1
senate,1
doha,1
dunsborough,1
omarsuleiman,1
congress,1
spire,1
dubaiflood,1
us,1
grammys,1
khanyounis,1
narendramodi,1
malaysiantiktok,1
rutgers,1
malaysia,1
ankara,1
virginia,1
wildlife,1
mediator,1
slovakia,1
chinatiktok,1
flooding,1
quotable,1
canadiantiktok,1
ajcentrestage,1
european,1
freepalestine,1
cuteanimals,1
scoopability,1
artist,1
art,1
spacetravel,1
mensmentalhealth,1
friendship,1
feedback,1
lifeafterloss,1
aginggracefully,1
careeradvice,1
adamgrant,1
anthropology,1
retirement,1
wwyd,1
kellyrichmondpope,1
scientistsoftiktok,1
lonelinessepidemic,1
chrisvoss,1
retirementplanning,1
aging,1
lisafeldmanbarrett,1
secretkeeping,1
morganlevine,1
ethics,1
scienceofsecrets,1
spiritualitytok,1
triunebrain,1
michaelslepian,1
empathy,1
forensicaccounting,1
michellethaller,1
selfhelp,1
companytime,1
wharton,1
fbi,1
happiness,1
loneliness,1
griefjourney,1
lisamiller,1
lyndagratton,1
lauriesantos,1
neuroscience,1
briancox,1
aristotle,1
queer,1
womeninfinance,1
intuitpartner,1
boo,1
women,1
millennials,1
butterflyeffect,1
arizona,1
feminism,1
satire,1
genx,1
latestagecapitalism,1
teen,1
entrepreneur,1
popculture,1
investing,1
usc,1
climatepowerpartner,1
altkleider,1
nachhaltigeperiode,1
urbanjungle,1
essenkochen,1
mikroplastik,1
selbstständigkeit,1
windelfrei,1
filter,1
produktvergleich,1
wassertrinken,1
uniköln,1
müllsparen,1
workingmom,1
frühlingsputz,1
stoffwindeln,1
wasdalos,1
gedankenkarussell,1
funnymom,1
wasserverbrauch,1
badmom,1
fensterputzen,1
toddlermom,1
menstruationsfreiheit,1
slipeinlage,1
mompreneur,1
sandkasten,1
regional,1
komischalleschemisch,1
minimalism,1
minimalismus,1
spass,1
karpaten,1
leitungswasser,1
frühstück,1
gemüseanbau,1
zugfahren,1
trinkwasser,1
eigenewohnung,1
interior,1
toddlersoftiktok,1
saatgut,1
sportlich,1
riechen,1
duscheputzen,1
hochverarbeitetelebensmittel,1
kinderkleiung,1
fairfinance,1
momsoftiktok,1
plastikfrei,1
closingshop,1
mombelike,1
momlife,1
ehrlichkeit,1
elternleben,1
startupclosure,1
fscsiegel,1
möbelkaufen,1
kaffeeliebe,1
hatersgonnahate,1
autofrei,1
putztipps,1
gemeinsam,1
freebleeding,1
superfood,1
nachhaltiginvestieren,1
kurvendiskussion,1
vegangeutschland,1
zimmerpflanzen,1
putzen,1
urwald,1
keineahnung,1
smartphone,1
kommentarebeantworten,1
inhaltsstoffe,1
vegankosmetik,1
schulkind,1
stuntmom,1
nachhaltigerleben,1
schlafmangel,1
resilienz,1
workingdad,1
gründerin,1
avocado,1
mamaleben,1
selbstständigefrauen,1
fairfashion,1
vintagefurniture,1
littleones,1
kinderbeschäftigung,1
startupend,1
pawpatrol,1
aussortieren,1
feierdich,1
neuemöbel,1
sand,1
womanpreneur,1
mikroplastikfrei,1
periodtalk,1
momfail,1
samenfestessaatgut,1
vegandeutschland,1
mamapapa,1
sonntag,1
spaß,1
frühjarhsputz,1
haushaltstipp,1
kindergarten,1
parentsoftiktok,1
nachhaltigermitkind,1
kitakind,1
deutschebahn,1
faktencheck,1
erfolg,1
fastfurniture,1
carearbeit,1
fashrionrevolution,1
wurst,1
fuckups,1
StartUp,1
waschmaschine,1
millenials,1
frühjarsputz,1
whaleshark,1
baskingshark,1
seals,1
pocketshark,1
april16,1
april9,1
motivational,1
weekreview,1
april25,1
april22,1
april11,1
april24,1
april30,1
april18,1
april8,1
gethopeful,1
april5,1
goodvibes,1
butterflies,1
april29,1
goodstories,1
hopecore,1
positivevibes,1
april15,1
goodmood,1
april23,1
goodnews,1
april17,1
april19,1
april26,1
april12,1
may1,1
kingsday,1
marinebio,1
amsterdam,1
eco,1
haul,1
freegan,1
free,1
instagood,1
dumpsterdiving,1
donatedontdump,1
sangabrielmountainsforever,1
publiclands,1
mother,1
monumentsforall,1
molokluyuk,1
stormydaniels,1
foundingfathers,1
civicslesson,1
thirdparty,1
truecrimestories,1
tphjournal,1
trumptrial,1
qa,1
collegeprotests,1
ralphnader,1
tomcotton,1
votingrights,1
documentaryfilm,1
scotusupdate,1
greenparty,1
minorityrule,1
democrat,1
democracy,1
karilake,1
bravenglenn,1
davidcorn,1
transhealthcare,1
uva,1
studentactivism,1
crowreservation,1
nativetiktok,1
donaldtrump,1
americanrevolution,1
motherjones,1
electoralcollege,1
ushistory,1
americanhistory,1
propaganda,1
idaho,1
xybca,1
youthactivism,1
climateactivism,1
climateeducation,1
oy4c,1
ouryouth4theclimate,1
school,1
xyzabc,1
ouryouthfortheclimate,1
class,1
wildchild,1
desert,1
dayinthelife,1
forestcore,1
slowlife,1
vanconversion,1
fulltimetravel,1
vanlifestyle,1
vanlifeconversion,1
cottagecore,1
sustainabletravel,1
foraging,1
girlswhohike,1
naturelover,1
offgridliving,1
vegantiktok,1
palmademallorca,1
outdoorlife,1
traveltiktok,1
vanlifediaries,1
waterfall,1
vanlifetravel,1
slowliving,1
veganfood,1
travellife,1
dayinmylife,1
vanlife,1
plantbasedtiktok,1
vanlifers,1
traveltok,1
roadtrip,1
naturevibes,1
fairycoreaesthetic,1
naturelovers,1
defundnaturedestruction,1
diepzeemijnbouw,1
natuur,1
samenvoorschonelucht,1
deepseamining,1
gezondheid,1
klimaatcrisis,1
zuidasmars,1
klimaatmars,1
klimaatmarsmei2024,1
mensenbovenwinst,1
diepzee,1
tatasteel,1
naturenow,1
oceanen,1
nonewoilandgas,1
climatejusticenow,1
climatedamagestax,1
workout,1
livemusic,1
training,1
broadway,1
nationalexerciseday,1
baking,1
queenofversailles,1
rv,1
ifalltopieces,1
tonybennett,1
jazz,1
hairtok,1
wicked,1
totaleclipse,1
patsycline,1
fitness,1
beauty,1
totaleclipseoftheheart,1
concerts,1
performance,1
hotyoga,1
glam,1
movieclips,1
cookies,1
makeup,1
makeuplook,1
onesizexwicked,1
cinnamontoastcrunch,1
countrymusic,1
infancias,1
alimentacion,1
bosques,1
puntatombo,1
educaciónambiental,1
tortugas,1
carpincho,1
hongosfuncionales,1
mariposas,1
condorandino,1
mundoanimal,1
consecuencias,1
intoxicación,1
contaminación,1
testimonios,1
witness,1
atanor,1
lágrima,1
pinguinosdetiktok,1
buenosaires,1
deforestación,1
cambioclimático,1
llanto,1
niñez,1
pinguinos,1
celestegiardinelli,1
hongos,1
pingüinos,1
delitosambientales,1
fuego,1
animal,1
juntos,1
federicoamador,1
micelio,1
ciencia,1
capibara,1
pinguino,1
politicas,1
ambientales,1
quevibrasdoy,1
yaguarete,1
ley,1
petrolera,1
peninsulavaldes,1
delitoambiental,1
agrotóxicos,1
mariposasflama,1
explosión,1
free99,1
followtheparty,1
valencia,1
djjavs,1
todoelrato,1
showcase,1
afroparty,1
vitoria,1
freedomday,1
globalplasticstreaty,1
endoil,1
cocacola,1
stopfossilgas,1
greenpeace_socialbakers,1
protectourforests,1
ViralBeauty,1
endfossilcrimes,1
realsolutions,1
txapeldunak,1
canarias,1
copadelrey,1
politica,1
rdcongo,1
danzaafricana,1
africandance,1
sweden,1
bailesafricanos,1
freecongo,1
sanmames,1
congolibre,1
athleticclub,1
colonia,1
vaticano,1
futbol,1
estadoespañol,1
quinndy,1
etiopia,1
athletic,1
islascanarias,1
baile,1
cristianismo,1
euskadi,1
panafricanismo,1
koala,1
climateactionnow,1
protecttheoceans,1
stopwoodside,1
savescottreef,1
veloislamico,1
afrofeminismo,1
mujeresnegras,1
trendy,1
islam,1
interseccionalidad,1
decolonialidad,1
colonialidaddegenero,1
romeoyjulieta,1
regularizacionya,1
reels,1
francescaameudahrivers,1
ripoll,1
sisas,1
teligion,1
hiyab,1
antirracismo,1
impactodigital,1
descriminacion,1
racismo,1
identidad,1
explore,1
afrodescendientes,1
dalemasafro,1
romeoandjuliet,1
catalunia,1
tomholland,1
frontera,1
islamofobia,1
mujermusulmana,1
putin,1
migrantes,1
ilpregularizacion,1
angetsari,1
eidmubarak,1
baygon50tahunmelindungi,1
8etterlife,1
omodae5,1
onedayonetrashbag,1
baygonpandawara,1
olymplast,1
baygon50tahun,1
hangatnyajaheemprit,1
driveefuture,1
memes,1
wildbiene,1
österreich,1
umwelt,1
wildbienenwien,1
wien,1
thetorturedpoetsdepartment,1
wissen,1
aktivismus,1
swifttok,1
memetok,1
klimaschutz,1
jedeblütezählt,1
rettetdiebienen,1
pinguine,1
tierschutz,1
savethebees,1
wildbienenschutz,1
garten,1
wildbienen,1
klima,1
vienna,1
unverpackt,1
biene,1
umweltschutz,1
dadjoke,1
klimawandel,1
reclaimtiktokat,1
plastikabkommen,1
machsnachhaltig,1
nachrichten,1
bienen,1
wildbienenambassador,1
korallen,1
reclaimtiktok,1
korallenriff,1
lövetheförest,1
nachhaltig,1
tiere,1
wandern,1
balkon,1
rumänien,1
naturecrime,1
wälder,1
overshoot,1
natur,1
bienenfreundlich,1
wald,1
nachhaltigkeit,1
lebensmittel,1
bees,1
tomaten,1
klimastreik,1
sarcasm,1
ethiopia,1
charityekezie,1
kenyantiktok🇰🇪,1
africantiktok,1
africancountries,1
livinginafrica,1
africankids,1
ramadhanhijau,1
ngamdenganalam,1
ramadhan2024,1
ummahforearthmy,1
flight,1
headphones,1
eastlondon,1
weddingspeech,1
british,1
tube,1
streaming,1
millennial,1
flying,1
wedding,1
boomer,1
americans,1
weddingtiktok,1
gossip,1
cringe,1
privateschool,1
england,1
workfromhome,1
posh,1
travelling,1
coffeeshop,1
english,1
america,1
xyzcba,1
annoying,1
holiday,1
wfh,1
netflix,1
maincharacter,1
tv,1
film,1
city,1
mena,1
أزمة_المناخ,1
تلوّث_الهواء,1
غرينبيس,1
البلاستيك,1
العدالة_المناخية,1
تلوث_الهواء,1
البيئة,1
صوت_للشباب,1
greenpeacemena,1
تلوث_البلاستيك,1
صوت_للتغيير,1
breathablenorthafrica,1
sawt,1
عُمان,1
الحياة_البرية,1
airpollution,1
روبيمار_نكبة_اليمن,1
صوت,1
forests,1
plasticos,1
océanossinplásticos,1
tratadoglobaldeplásticos,1
díadelatierra,1
futuroéancestral,1
bancandoaextinção,1
amazônialivredegarimpo,1
direitosindígenas,1
atl2024,1
marcotemporalnão,1
petroleonaamazônianão,1
demarcaçãojá,1
tbt,1
petróleonaamazônianão,1
muisc,1
guitar,1
berlin,1
immersograu,1
look,1
moritzjahn,1
fyyyyyyyyyyyyyyyy,1
soliloquy,1
disko76,1
napoli,1
play,1
disco,1
papu,1
live,1
fy,1
gegendieangst,1
70s,1
indiemusic,1
ofcourse,1
hamperslebaran,1
shimmershimmer,1
panas,1
pajak,1
hariburuh,1
ekonomihijau,1
kalimantantimur,1
greenpeaceid,1
pajakkarbon,1
ofc,1
hampers,1
lebaran,1
negara,1
sungai,1
timbulsloko,1
greeneconomy,1
multilayers,1
hampersramahlingkungan,1
bajulebaran,1
mudik,1
mudik2024,1
timbulslokobangkit,1
masyarakatadat,1
florafauna,1
alam,1
ngobrollingkungan,1
cuaca,1
bursakarbon,1
polusi,1
kendaraan,1
penggusuran,1
fypシ,1
krisisiklim,1
xyzbca,1
hutan,1
ikn,1
sampah,1
ofcoursetrend,1
banjirrob,1
udara,1
kebakaran,1
singleuseplastic,1
greenjob,1
lebaran24,1
kalimantan,1
relokasi,1
pupr,1
plasticfreefuture,1
sachetaway,1
reuseyoustay,1
biniverse_thefirstsoloconcert,1
bini,1
quitsachets,1
fightdance,1
punchingtrend,1
biniverse,1
santamarta,1
generación98,1
garzacuca,1
juancarlosbodoque🐰,1
glaciares,1
bajemoslosbronces,1
2023,1
aire,1
estreno,1
crisisclimática,1
vivo,1
cordilleradelosandes,1
mapocho,1
faunanativa,1
chile,1
pingüinosdemagallanes,1
diadelpinguino,1
astros,1
humedal,1
ministeriodemedioambiente,1
poraquíno,1
protegeelagua,1
planetas,1
pintué,1
roberttson,1
chiloe,1
terepaneque,1
aculeo,1
gatoandino,1
pudu,1
aculeohumedalurbano,1
pingüino,1
lagunadeaculeo,1
humedalurbano,1
losbronces,1
crisishídrica,1
osopolar,1
datoscuriosos,1
agua,1
protegeaculeo,1
tuliotriviño31minutos,1
canterbury,1
fishing,1
aotearoa,1
drinkingwater,1
dairy,1
nzpol,1
newzealand,1
toomanycows,1
safedrinkingwater,1
nz,1
oceanlife,1
nitrate,1
albratross,1
water,1
albatros,1
viaje,1
selva,1
mar,1
p,1
protegeelpacificocolombiano,1
asmr,1
jungla,1
deforstacion,1
arbol,1
sofiagomezuribe,1
tiburones,1
colombia,1
sea,1
protegeelpacíficocolombianob,1
sonidosdelanaturaleza,1
oceano,1
breakfreefromplasticnomásplásticos,1
elpacificocolombiano,1
protegeelpacíficocolombiano,1
deforestation,1
pacificocolombiano,1
tiburonesmartillo,1
boat,1
chevron,1
bitcoin,1
peaceful,1
api,1
cleanupbitcoin?,1
louisiana,1
dyk,1
richmond,1
walkingdead,1
natureisamazing,1
endfossilfuels,1
naturephotography,1
stopcp2,1
detox,1
environmentalist,1
cleanupbitcoin,1
stoplng,1
wandering,1
cryptonews,1
financebro,1
thoughtprovoking,1
academia,1
mindblown,1
rant,1
bayarea,1
cryptocurrency,1
crypto,1
inspiration,1
cat,1
seniorcat,1
strangerthings,1
ad,1
ceravepartner,1
japan,1
gracevandien,1
coachellaonyoutube,1
makememories,1
getyourguidepartner,1
neutrogenapartner,1
youthtopia,1
circleofyouth,1
youth,1
dyi,1
sustainablelifestyle,1
acc,1
jobsearchtips,1
jobmarket,1
breakup,1
anxiousattachment,1
tinder,1
dating,1
crush,1
cheating,1
selflove,1
jealous,1
datingadvice,1
couplesquestions,1
datingapps,1
parenting,1
camping,1
selfcare,1
relationshiptips,1
carljung,1
family,1
podcast,1
insecure,1
breakupadvice,1
scapegoat,1
therapy,1
families,1
vietnamese,1
standupcomedy,1
italians,1
standup,1
vietnamwar,1
asianaccent,1
asian,1
italianaccent,1
italian,1
heckler,1
lgbtqtiktok,1
jkrowling,1
lesbiansoftiktok,1
lesbianvisibilityweek,1
taylornation,1
queertiktok,1
tswift,1
girlswholikegirls,1
ikea,1
libsoftiktok,1
lgbt,1
tarot,1
karma,1
harrypotter,1
friends,1
taylorswifttok,1
blahaj,1
occult,1
ikeahack,1
conservative,1
music,1
taylorsversion,1
facts,1
timetravel,1
lgbtq,1
opinion,1
manifest,1
garybarlow,1
greenhouseeffect,1
drought,1
debunk,1
climateemergency,1
debate,1
gretathunberg,1
benshapiro,1
coffee,1
stupid,1
geology,1
leeanderson,1
dumb,1
nicedayout,1
dangerous,1
coal,1
paleoclimate,1
carbondioxide,1
climatescience,1
storm,1
denier,1
climatedenial,1
debunked,1
