Hashtag,Frequency
fyp,23
viral,12
funny,11
foryou,9
comedy,9
trending,7
food,7
marriedlife,6
asmr,6
couple,6
capcut,5
fun,5
funnyvideos,5
momlife,5
taylorswift,4
siblings,4
usa,4
birthday,4
foryoupage,4
momsoftiktok,4
relatable,4
relationship,4
marriage,4
standupcomedy,4
family,4
couplegoals,4
targetfinds,4
foodie,4
eidmubarak,3
challenge,3
reaction,3
pregnant,3
viralvideo,3
fy,3
games,3
quiz,3
anime,3
game,3
football,3
kidsoftiktok,3
marriagehumor,3
parenting,3
jokes,3
love,3
unboxing,3
dubai,3
foodchallenge,3
makeup,3
ad,3
grwm,3
trend,3
satisfying,3
organizedhome,3
cleantok,3
duet,2
arianagrande,2
rihanna,2
greysanatomy,2
disney,2
filter,2
karaoke,2
katyperry,2
anneboleyn,2
homedecorideas,2
jojosiwa,2
bible,2
mystery,2
grammar,2
ingles,2
learnenglish,2
pronunciation,2
englishteacher,2
englishgrammar,2
twins,2
motivation,2
amazonfinds,2
storytime,2
chocolate,2
summer,2
job,2
bts,2
teacher,2
teachersoftiktok,2
british,2
fypシ゚viral,2
music,2
fortnite,2
doctorsoftiktok,2
logo,2
trivia,2
geography,2
pixar,2
usa_tiktok,2
states,2
generalknowledge,2
soccer,2
celebrity,2
parents,2
english,2
managersbelike,2
boyfriend,2
jobsearch,2
grandma,2
husbandwife,2
genz,2
couplestiktok,2
home,2
dating,2
kids,2
couples,2
dadsoftiktok,2
spring,2
london,2
women,2
hair,2
knitting,2
surprise,2
throwback,2
toystory,2
vacation,2
prank,2
newcomedy,2
standup,2
wedding,2
married,2
relationships,2
baby,2
giftideas,2
bigbrother,2
momof4,2
toddlers,2
momlifebelike,2
dadlife,2
humor,2
healthyrecipes,2
mealprep,2
vanity,2
phone,2
pov,2
tiktokcookbook,2
outfitideas,2
ootd,2
sephora,2
sephorasale,2
sephorahaul,2
behindthescenes,2
restock,2
asmrsounds,2
skincare,2
abaya,2
eid,2
haircare,2
relationshipgoals,2
couplecomedy,2
eclipse,2
packwithme,2
nature,2
art,2
chineselearning,1
chinesename,1
chinese,1
learnchinese,1
tiktok,1
learningchinese,1
chinesecharacters,1
chinesemandarin,1
singing,1
ketipakketipungraya,1
albumcover,1
meredithgrey,1
mockingbirdeminem,1
tomodell,1
diewildenhühner,1
inverted,1
lgbtq,1
onlylovecanhurtlikethis,1
mileycyrus,1
สปีดสโลว์,1
thechainsmorkers,1
allaboutthatbass,1
meghantrainor,1
howdoisaygoodbye,1
pickmechoosemeloveme,1
늙음필터,1
aifilter,1
embeihold,1
sims4,1
duett,1
sixthemusical,1
hozier,1
mammamia,1
singingcover,1
closeupauge,1
capadealbum,1
stephensanchez,1
jackblack,1
blondehair,1
darkhorse,1
sheusedtobemine,1
สโลว์สมูท,1
lilyallen,1
shondarhimes,1
waswürdestdutun,1
dandelions,1
peaches,1
sounds,1
nomakeup,1
cominghome,1
alecbenjamin,1
madonna,1
heatlesscurls,1
untilifoundyou,1
redhair,1
wlw,1
kinderserien,1
kindheit,1
cover,1
marvelcomics,1
bibiundtina,1
aura,1
ourlastsummer,1
sarabareilles,1
snowman,1
bratzdoll,1
strawberryblonde,1
beachbunny,1
filte,1
bowser,1
cristinayang,1
karma,1
deanlewis,1
anotherlove,1
letmedownslowly,1
linalarissastrahl,1
toosweet,1
onet,1
mimikmeme,1
jessiej,1
marvel,1
likeaprayer,1
disneyprincess,1
roommakeover,1
rapunzel,1
bodypositivity,1
madworld,1
ansonseabra,1
goldengirls,1
bibiblocksberg,1
keane,1
erstesdate,1
popcornduet,1
coldplay,1
supermariobrosmovie,1
abba,1
promqueen,1
agedfilter,1
wildehühner,1
welcometowonderland,1
wildchicks,1
hairtutorial,1
diamonds,1
pumuckl,1
selflove,1
palomafaith,1
ranking,1
eminem,1
ruthb,1
indila,1
brunette,1
wreckingball,1
beckyg,1
lovestory,1
cancersign,1
espresso,1
cherryredhair,1
lyricsvideo,1
wecantbefriends,1
gingerhair,1
sims,1
themagickey,1
sia,1
bluehair,1
somewhereonlyweknow,1
haircolor,1
sabrinacarpenter,1
barbarasrhabarberbar,1
garyjules,1
somethingjustlikethis,1
shower,1
carrotcake,1
pricetag,1
watersigns,1
aged,1
nickiminaj,1
nostalgie,1
anicarusso,1
mysterybox,1
longervideos,1
giveaway,1
homeless,1
iphone,1
torturedpoetsdepartment,1
englishlesson,1
inglesfacil,1
spelling,1
aprenderingles,1
英語,1
englishpronunciation,1
wodphilippines,1
wodindo24,1
wodph24,1
wodsummit24,1
wodatl23,1
wodla15,1
thatsthekids,1
wodgr24,1
worldofdancegreece,1
worldofdanceindonesia,1
worlddanceday,1
woddortmund24,1
worldofdancegermany,1
wodth2024,1
wodbali,1
redbulldance,1
wodnl24,1
wodina24,1
redbull,1
wodjp,1
wodindonesia24,1
worldofdanceeindhoven,1
worldofdancejapan,1
danceday,1
wodnl,1
worldofdance,1
wodchamps18,1
wodnewzealand24,1
internationaldanceday,1
wodthailand,1
wodny24,1
wodtok24,1
wodla24,1
worldofdancethailand,1
worldofdancehasselt,1
givesyouwiiings,1
wod,1
wodny19,1
wodbe24,1
islamic_video,1
taqwa,1
islamicreminder,1
belalassad,1
islamreminders,1
humility,1
dawah,1
ramadan,1
dua,1
humbleservantofallah,1
salatduha,1
islamicvideo,1
ustadhmohamadbaajour,1
salah,1
selfesteem,1
islam,1
quran,1
vira,1
fasting,1
eGO,1
salat,1
tawakal,1
muslimtiktok,1
bully,1
muslim,1
shawwal,1
omarsuleiman,1
airbnbhost,1
doit,1
moneytok,1
automation,1
birthdaytrip,1
dayinthelife,1
remotework,1
airbnbbusiness,1
monkeyland,1
passiveincome,1
dr,1
interiordesign,1
entrepreneur,1
mystory,1
grief,1
remote,1
brother,1
frontier,1
monkeys,1
onlinebusiness,1
decor,1
traveltok,1
furniture,1
airbnb,1
howto,1
amauryguichon,1
olympicshospitality,1
caviar,1
paris2024,1
smores,1
foreigner,1
china,1
life,1
screen,1
salary,1
business,1
seafood,1
factory,1
supermarket,1
workabroad,1
smartfilm,1
madeinchina,1
hightech,1
technology,1
transparentscreen,1
pakistani,1
foodculture,1
freshingredients,1
wages,1
freshfood,1
ledscreen,1
travel,1
tvk,1
produktplatzierung,1
chiaracastelli,1
tvk24,1
codeswitching,1
lifeofapreschooler,1
franglais,1
daddydaughtertime,1
careergoals,1
beingbilingual,1
france,1
shlindshares,1
chill,1
raisingbilingual,1
chachasgotthis,1
frenchlife,1
marriedtoafrenchman,1
mylife,1
photographer,1
learningfrench,1
notmyjob,1
secondlanguage,1
golf,1
mumlife,1
opol,1
contentcreator,1
softguyera,1
drizzledrizzle,1
growthhack,1
ugc,1
capcutedits,1
tiktokgrowth,1
contentcreatortips,1
contentstrategy,1
ugccreator,1
socialmediastrategy,1
videoeditingtutorial,1
videoediting,1
videohooks,1
socialmediaaudit,1
marketingtips,1
ugctips,1
growthhacks,1
creatortips,1
aihacks,1
editingtutorial,1
aiediting,1
ugccommunity,1
hookidea,1
capcutedit,1
capcuttutorial,1
aitools,1
ugccreatortips,1
videoeditingapps,1
tiktokaudit,1
editingtips,1
editing101,1
increasewatchtime,1
visualhooks,1
ugccreators,1
epiceditsseries,1
riddle,1
videogame,1
test,1
funfacts,1
dish,1
toufickreidieh,1
rememberwheredreamsbegin,1
keyssoulcare,1
worldnotobaccoday,1
worldnotobaccoday2024,1
secondhandsmoking,1
passivessmoking,1
passivesmokingawareness,1
secondhandsmokingawareness,1
onthisday,1
dejavu,1
berylama,1
godblessyou,1
nba,1
christian,1
biblequiz,1
nurseoftiktok,1
animeedit,1
gametrivia,1
culture,1
jesus,1
breakingbad,1
colorblind,1
david,1
gamemusic,1
gamecharacter,1
bb,1
walterwhite,1
heisenberg,1
animetiktok,1
musicquiz,1
openinganime,1
god,1
videogames,1
nbaedits,1
americanhistory,1
anatomy,1
ww,1
logoquiz,1
us,1
usahistory,1
christanity,1
brand,1
quiztime,1
geographyquiz,1
nba2k,1
usstates,1
colorchallenge,1
religion,1
gaming,1
disneyland,1
iqtest,1
medicaltiktok,1
christianity,1
cars,1
beer,1
mcqueen,1
englishforbeginners,1
voicefilter,1
people,1
countries,1
guessthecharacter,1
guesswho,1
harrypotter,1
2000s,1
logos,1
2000sthrowback,1
blowthisup,1
potter,1
englishspeaking,1
legends,1
mrbeast,1
cartoon,1
madisonbeer,1
presents,1
celebrities,1
footballquiz,1
famous,1
harry,1
doityourself,1
lightningmcqueen,1
alcohol,1
flags,1
liberalparents,1
mums,1
2danimation,1
residence,1
worklife,1
moms,1
grandmasoftiktok,1
interview,1
teenage,1
managers,1
dads,1
rent,1
uktiktok,1
blockblast,1
wife,1
uk,1
animation,1
momsbelike,1
schoollife,1
teamwork,1
crazygirlfriend,1
teamleader,1
animationmeme,1
workplace,1
jobseeker,1
girlfriend,1
work,1
usa🇺🇸,1
officehumor,1
momsover30,1
employee,1
dinner,1
foryourpage,1
house,1
wifeandhusband,1
office,1
corporate,1
comingout,1
parentsoftiktok,1
dadsbelike,1
bimboademoye,1
theak24wedding,1
invasion,1
aliens,1
faan,1
neverdespisethedaysoflittlebeginnings🤲❤️,1
amazonprimevideo,1
funkeakindelenetwork,1
eljthemovie,1
funkeakindele,1
primevideo,1
funkeskindelenetwork,1
everybodylovesjenifa,1
atribecalledjudah,1
jenifa,1
stayfocused,1
jenifans,1
decembergosweet,1
grammarlesson,1
britishaccent,1
britishteacher,1
advancedenglish,1
grammartips,1
vocabulary,1
slang,1
accent,1
britishenglish,1
britishslang,1
advancedvocabulary,1
meme,1
britishpronunciation,1
britishaccents,1
thomaswolsey,1
williamiii,1
untoldlives,1
tudor,1
kensingtonpalace,1
toilet,1
toolkit,1
edwardi,1
tapestries,1
horriblehistories,1
theorangery,1
tapestry,1
doors,1
hamptoncourtpalace,1
tulips,1
royalmenagerie,1
toweroflondon,1
queencharlotte,1
conservation,1
queencaroline,1
wolsey,1
learnontiktok,1
riverthames,1
officiallyamazing,1
beard,1
horse,1
acrobatics,1
eggs,1
longhair,1
hulahoop,1
bbq,1
acrobat,1
horses,1
skiing,1
knittok,1
guinnessworldrecords,1
oldestman,1
jasonsudeikis,1
gwynethpaltrow,1
lastdance,1
modernfamily,1
5secondrule,1
chickencoop,1
movietheater,1
knoworgo,1
burningquestions,1
snoopdogg,1
theellenshow,1
name,1
kimkardashian,1
jlo,1
spillthetea,1
djpaulyd,1
derekhough,1
mikethesituation,1
tiktokshop,1
neverhaveiever,1
beyonce,1
backyardchickens,1
kobebryant,1
jumpscare,1
flashbackfriday,1
funnymoms,1
marthastewart,1
momtok,1
ciara,1
dory,1
usher,1
tomhanks,1
guessthecelebrity,1
snooki,1
boyband,1
adamlevine,1
meghanmarkle,1
edoneill,1
scare,1
fan,1
findingnemo,1
krisjenner,1
fansurprise,1
competition,1
idinamenzel,1
newsong,1
kellyclarkson,1
kellyoke,1
jimcarrey,1
nsync,1
thowback,1
memorymonday,1
woody,1
kyliejenner,1
jerseyshore,1
warnerbrothers,1
motherhood,1
blakeshelton,1
aliwong,1
jenniferlawrence,1
fillintheblank,1
thekellyclarksonshow,1
brielle,1
amyschumer,1
chickentok,1
justinbieber,1
sandrabullock,1
jwoww,1
johncena,1
instadaily,1
trendingnow,1
alisiddiq,1
lifelesson,1
funnystory,1
ontournow,1
funnyshit,1
standupcomedian,1
comedytour,1
comedyspecial,1
truestory,1
mistakes,1
specsavers,1
egypt,1
gofundme,1
eyes,1
evacuation,1
free,1
glasses,1
gaza,1
eyetest,1
pride,1
susanrice,1
middleeasternparents,1
derrickstroup,1
sureniweerasekera,1
drewdunn,1
alimac,1
rap,1
jobopportunities,1
marketinghack,1
branding,1
weddinginspo,1
horrormovies,1
alimacofsky,1
tinder,1
got,1
onlinedating,1
tax,1
bisexual,1
taxseason,1
documentary,1
sahibsingh,1
sailormoon,1
mattyryan,1
ipa,1
jarule,1
donttellcomedy,1
pokemon,1
mattbraunger,1
jamiewolf,1
bumble,1
marketing,1
taxes,1
craftbeer,1
election,1
breakups,1
vanessagonzalez,1
easterneurope,1
vote,1
emilyvandyke,1
religioustrauma,1
gameofthrones,1
biancacristovao,1
doctorsoffice,1
greencard,1
naturedocumentary,1
weddingplanning,1
fahimanwar,1
queercomedy,1
tomthakkar,1
czech,1
canadian,1
queer,1
lgbt,1
uber,1
biden,1
immigrant,1
party,1
brownfamily,1
canada,1
strictparents,1
sureni,1
sydneycastillo,1
amosgill,1
middleeastern,1
election2024,1
90s,1
kcshornima,1
horror,1
theexorcist,1
opeyolagbaju,1
doctors,1
brewery,1
doctor,1
comedyreel,1
datingapp,1
langstonkerman,1
comedian,1
hookup,1
linkedin,1
davemerheje,1
englishvocab,1
bookstagram,1
worldbookday,1
books,1
girlup,1
genderjustice,1
reading,1
watchasay???,1
climate,1
earthday,1
slime,1
heybike,1
casetify,1
reels,1
casetok,1
explore,1
casetifypartner,1
unboxingvideo,1
partyfavors,1
supportsmallbusiness,1
customstickers,1
beadedjewelry,1
shopsmallbusiness,1
packanorderwithme,1
packagingsupplies,1
smallbizlove,1
smallbizlife,1
smallbizsupplies,1
smallbusinessmusthaves,1
workfromhome,1
wfhlife,1
packanoderwithme,1
graduationday,1
personalizedgifts,1
smallbusinessowner,1
namesticker,1
customlabels,1
giftsforher,1
deskterior,1
packagingorders,1
desksetup,1
labels,1
deskdecor,1
goodiebags,1
graduationoutfit,1
birthdaystickers,1
giftguide,1
smallbiztipsandtricks,1
classof2024,1
smallbusinesscheck,1
smallbusinessstickers,1
stationeryaddict,1
packingasmr,1
wfhvlog,1
beadedbracelets,1
deskaesthetic,1
personalizedstickers,1
packingstation,1
deskgoals,1
packageanorderwithme,1
stickershop,1
shopsmall,1
graduationdecor,1
stationeryshop,1
smallbizsquad,1
wfhcheck,1
cozyaesthetic,1
cozysetup,1
packagingasmr,1
graddecor,1
twosetsoftwins,1
2setsoftwins,1
bahamas,1
summervacation,1
telepathy,1
familytravel,1
travelvlog,1
exuma,1
identicalvsfraternal,1
matchingoutfits,1
twinmom,1
brothersister,1
identicaltwins,1
momhumor,1
summerbreak,1
funnykids,1
yummyfood,1
parentinghumor,1
foodtiktok,1
dadvsmom,1
cookingtiktok,1
lifewithkids,1
yummy,1
younesfamily,1
suscatering,1
wifeycooking,1
wifecooking,1
lol,1
bestwife,1
birthdaysetup,1
laughs,1
outdoorlife,1
babytok,1
babyhumor,1
isitspringyet,1
marriagelife,1
momstruggles,1
wifeybelike,1
lebanesefood,1
lovemywife,1
relatablecomedy,1
mommylife,1
fortnitetheme,1
funnyvideo,1
mommyhumor,1
fatherandson,1
target,1
parentingproblems,1
kidshumor,1
dadhumor,1
dadstruggles,1
wifelife,1
funnytoks,1
justforfun,1
dadandson,1
dadproblems,1
bdayboy,1
mommylifestyle,1
deliciousfood,1
foodtok,1
crawlingbaby,1
wifeylife,1
tiktokfamily,1
mommyof4,1
sonproblems,1
babycrawling,1
thedad,1
直播探險,1
晚安小雞,1
廢墟探險,1
dance,1
nofear,1
amapiano,1
tshwalabami,1
2020,1
dejloaf,1
funk99,1
المنخفض_الجوي,1
العيد,1
uaenation,1
الإمارات_ترحب_بسلطان_عمان,1
عقارات_دبي,1
منخفض_الهدير,1
uae,1
عقارات,1
دبي,1
السيوح,1
رمضان,1
عمان_منا_ونحن_منهم,1
عقارات_للبيع,1
جميرا,1
عيدكم_مبارك,1
الإمارات,1
الهند,1
أبوظبي,1
سندكم,1
عيد_سعيد,1
عمان,1
التأمين,1
الأمطار,1
العمل,1
عيد,1
كلباء,1
songkranday,1
safezone,1
friendofunicef,1
everychildcanread,1
happysongkran,1
familyday,1
education,1
reel,1
eatright,1
travellifestyle,1
eatforgood,1
skinglow,1
celebrations,1
lovelanguage,1
mindset,1
selfcare,1
viraltiktok,1
eatinghealthy,1
healthylifestyle,1
weekday,1
travelblog,1
weightgoals,1
wiead,1
healthymeals,1
weightlossjourney,1
gift,1
lifestyle,1
greekyogurtrecipes,1
michandkay,1
mealplan,1
gymtimeworkout,1
happygirl,1
wieiad,1
weightloss,1
recipes,1
mondayvibe,1
zeeliciousfoods😋,1
weightlosstransformation,1
acting,1
alllove,1
leahhalton,1
tobtwins,1
establish,1
glassskin,1
organization,1
sponsored,1
koreansunscreen,1
somebymi,1
ads,1
hellokitty,1
sanrio,1
makeupcollection,1
yesstyle,1
koreanskincare,1
organize,1
v10hyalairfitsunscreen,1
sunscreen,1
kbeauty,1
skimcareroutine,1
kbeautymakeup,1
thewoobles,1
touch,1
jaysjourney,1
KungFuPanda4,1
experiencesoneva,1
adobeexpresspartner,1
sonevajani,1
discoversoneva,1
sonevafushi,1
asos,1
wheresthelie,1
razr,1
flipthescript,1
doordash_partner,1
disastertodreamhome,1
nails,1
parenthack,1
thecarlins,1
1900parkfare,1
homedecortips,1
badword,1
aveenopartner,1
story,1
shoppingspree,1
wholesome,1
disneyeats,1
mom,1
toddlersoftiktok,1
son,1
bigsister,1
bloompartner,1
cutetoddler,1
dad,1
4u,1
HomeMakeOver,1
slinkydog,1
blessed,1
cutebaby,1
hack,1
athomewithcastlery,1
parentlife,1
rollercoaster,1
girldad,1
timessquare,1
klikphotography,1
slayyourcareer,1
nigeria🇳🇬,1
jobtip,1
slalevelupprogram,1
femalegraduates,1
sheleadsafrica,1
sla,1
slayyourbusiness,1
motherlandmogul,1
motherlandmoguls,1
femaleemployment,1
tinyhome,1
aestheticvideos,1
myfood,1
sahur,1
littlelife,1
ramadanvlog,1
cookwithlove,1
cottagecore,1
ramadanvibes,1
slowliving,1
aestheticcooking,1
inmykitchen,1
simplebreakfast,1
cottagecoreaesthetic,1
homevlog,1
slowlife,1
avurudurecipes,1
wildcookbook,1
sunquick,1
iftardrinks,1
ootdinspo,1
londonoutfits,1
ootn,1
springoutfit,1
outfitinspo,1
شاركها_الرعاية,1
dubai🇦🇪,1
ShareTheCare,1
backtoschool,1
urbandecay,1
makeuptutorials,1
makeuprecomendation,1
skincareproducts,1
asmrskincare,1
makeuptips,1
dovepartner,1
hospitalbagformom,1
skincaretips,1
dovelove,1
newbornessentials,1
asmrmakeup,1
targetstyle,1
makeuptutorial,1
makeupproducts,1
affordablemakeup,1
makeuphacks,1
hospitalbagessentials,1
makeuphack,1
settingspray,1
bodycareroutine,1
hospitalbagforbaby,1
urbandecaypartner,1
cocokindpartner,1
viralmakeup,1
grwmskincare,1
skincareroutine,1
satisfyingsounds,1
hospitalbag,1
newborn,1
pregnancy,1
drugstoremakeup,1
babyhospitalbag,1
makeuptok,1
udallnighter,1
grwmmakeup,1
paramountpartner,1
littlestpetshop,1
sportsmode,1
bassinet,1
lindtcontest,1
crocs,1
bobbletothebeat,1
lpspartner,1
lindtbeyondwords,1
lindtpartner,1
moyadavid1,1
oddlysatisfying,1
snackbreak,1
snackhacks,1
pokebowl,1
springvibes,1
snackbox,1
sahmmomlife,1
veggies,1
CookWithMe,1
mentalhealth,1
fakepeople,1
productive,1
disliked,1
conversation,1
healthyhabits,1
uncomfortabletruths,1
mentalhealthawareness,1
tiktoktaughtme,1
wisdom,1
alonetime,1
happiness,1
joshosays,1
tired,1
habits,1
mentallydrained,1
burntout,1
introverts,1
confidence,1
selfconfidence,1
productivityhack,1
confident,1
bodylanguage,1
cdphpartner,1
selfconfidencetips,1
makingfriends,1
supportnotstigma,1
conversations,1
lifelessons,1
socialskills,1
introvertsbelike,1
productivity,1
introvert,1
meanpeople,1
recharge,1
fakenice,1
darkskinmakeup,1
creatorsearchinsights,1
naturalhairstyles,1
blackgirlmakeup,1
wifey,1
stayathome,1
housereset,1
size12,1
homebody,1
stayathomewife,1
size10,1
midsize,1
sahw,1
dateoutfit,1
temuhaul,1
temucodes,1
modestfashion,1
modalhijab,1
modestfashioninspo,1
veiled,1
hijab,1
agbada,1
allofustheseries,1
moreofthespotlight,1
nosleep,1
beans,1
cameroomtiktok🇨🇲,1
andyandmichelle,1
asian,1
labigo,1
poses,1
galleryshoot,1
photoshoot,1
bestfriend,1
makeupartist,1
struggleisreal,1
trusttheprocess,1
myapahmstory,1
bluemonday,1
friends,1
breakfast,1
sister,1
sisters,1
swifttok,1
chubbycattle,1
birthdayparty,1
imjustagirl,1
hidechallenge,1
photography,1
weho,1
babyshu,1
queenvioletweho,1
skit,1
sibling,1
pescatarian,1
asianbarbie,1
freezechallenge,1
ofcourse,1
forafortnightchallenge,1
fortnight,1
fiveblinddates,1
heymommymommy,1
part5,1
LivingProof,1
ttpd,1
wereasian,1
nearlyfinished,1
siblingday,1
plantlife,1
nasa,1
vitamins,1
memories,1
couplescomedy,1
tbt,1
following,1
faces,1
reality,1
mybestfriend,1
thedoncesar,1
guysbelike,1
embarrassing,1
eatingchallenge,1
oldschool,1
tips,1
kitchenhacks,1
mymotivation,1
multivitamin,1
disappointed,1
loveofmylife,1
photooftheday,1
goodmorning,1
pool,1
houseplant,1
sunglasses,1
shopping,1
familyfirst,1
handsome,1
actinglikemywife,1
myfamily,1
clean,1
menshealth,1
girlsbelike,1
floridalife,1
cleaning,1
expectationvsreality,1
content,1
plantsoftiktok,1
couplestherapy,1
vs,1
sleeping,1
ugly,1
zzplant,1
flirting,1
plants,1
coupleschallenge,1
update,1
husbands,1
plantlover,1
clueless,1
plant,1
plantmom,1
babysitting,1
throwbackthursday,1
couplepranks,1
ikea,1
watchmyhusband,1
iloveyou,1
diy,1
staycation,1
plantsmakepeoplehappy,1
reallife,1
motivationalquotes,1
flashback,1
cute,1
influencer,1
rockpaperscissors,1
relatble,1
houseplants,1
totaleclipse2024,1
solareclipse,1
desserttiktok,1
packingcubes,1
packwithmeforvacation,1
sephoramusthaves,1
recipesoftiktok,1
easydessertrecipe,1
targethaul,1
unpackwithme,1
asmrorganizing,1
vacationmode,1
recipevideo,1
prevacayprep,1
guestbathroom,1
unpackingasmr,1
hotelunpacking,1
organizewithme,1
targetmusthaves,1
prevacationprep,1
sephorashopping,1
packinghacks,1
easysnack,1
ultahaul,1
restockasmr,1
guestbathrestock,1
restockguestbathroom,1
organizingtiktok,1
hawaii,1
mangostickyrice,1
makeupfavorites,1
asmrrestock,1
mango,1
bathroomorganization,1
makeupmusthaves,1
asmrorganization,1
vacationprep,1
recipe,1
asmrpacking,1
haircareproducts,1
vacationshopping,1
ultashopping,1
amazontravel,1
sephorasavingsevent,1
targetshopping,1
vacayprep,1
mangodessert,1
hairproducts,1
packwithmeforatrip,1
easysnackideas,1
organizebathroom,1
dessertrecipe,1
targetbeauty,1
packingtips,1
amazontravelessentials,1
boggbag,1
sleeplessnight,1
boysroom,1
daughtersroominspo,1
amazonfind,1
yeti,1
bathroomcleaning,1
homeoffice,1
nerf,1
closetorganization,1
cadillacescalade,1
cleaningmotivaton,1
bakingasmr,1
bedroomrefresh,1
organziedhome,1
vanitysetup,1
carcleaning,1
ocedarpartner,1
sportsmom,1
chocolatechipbananabread,1
avengers,1
organzied,1
newvanity,1
ocedarcleansquad,1
ovendeepclean,1
doitwithhart,1
hartpartner,1
livingroomreset,1
gamingsetup,1
springrefresh,1
makeupvanity,1
laundrytok,1
laundryroom,1
deepclean,1
officerefresh,1
thatgirl,1
daughtersroommakeover,1
vanityorganization,1
afterdark,1
powderbathroom,1
cleanwithme,1
livingroomdecor,1
laundrymotivation,1
springcleaning,1
saturdayvibes,1
carrestock,1
godisnotdone,1
doubles,1
jamaica,1
trinidad,1
godisnotdoneprisontour,1
lingandlamb,1
homegoods,1
prison,1
youtube,1
ct,1
prisonvisit,1
furby,1
slingshot,1
giveback,1
trinidadandtobago🇹🇹,1
foodingandlamb,1
more,1
follow,1
الشعب_الصيني_ماله_حل😂😂,1
motherinlaw,1
sisterinlaw,1
fypシ,1
beforeandafter,1
jetski,1
gifts,1
morroco,1
المغرب,1
afghandress,1
abirzkitchen,1
afghantiktok,1
traveltiktok,1
mantu,1
eidpreps,1
palestine,1
ramadan2024,1
afghanistan,1
walmartpartner,1
stitch,1
youngroyals,1
austok,1
netty,1
deadboydetectives,1
buyinglondon,1
netflix,1
thegentlemen,1
booktok,1
netflixisajokefest,1
BRIDGERTON,1
bridgertoninbowral,1
jurassicworld,1
motherofthebride,1
unfrosted,1
fearstreet,1
showa,1
tiktokfood,1
lifehack,1
trees,1
italy,1
nike,1
reebok,1
tree,1
science,1
sweets,1
istanbul,1
crabsticks,1
louisvuitton,1
foodporn,1
cheese,1
illusion,1
bluecheese,1
iraq,1
dessert,1
camels,1
reebokornike,1
ragag,1
tbone,1
omurice,1
streetart,1
krasota,1
meat,1
cooking,1
queen,1
erbil,1
rice,1
vibrations,1
sport,1
restaurant,1
corona,1
animals,1
falafel,1
turkey,1
painting,1
craft,1
coach,1
isitart,1
hairstyle,1
rythmofthenight,1
immersive,1
mrsuperwow,1
steak,1
shoes,1
vintage,1
bohemianrhapsody,1
tiramisu,1
camel,1
michelinstar,1
airforce1,1
onelette,1
crab,1
friedrice,1
gymnastics,1
australia,1
bellydance,1
fish,1
kicks,1
bread,1
interviewtips,1
interviewskills,1
manager,1
career,1
careervidz,1
careertiktok,1
jobinterview,1
careertok,1
jobinterviewtips,1
tellmeaboutyourself,1
richardmcmunn,1
introducemyself,1
interviewquestions,1
management,1
chelseafc,1
premierleague,1
cfc,1
gallagher,1
cheeve,1
colwill,1
thiagosilva,1
highlights,1
mclaren,1
colepalmer,1
plinnashville,1
chemun,1
jackson,1
cheavl,1
palmer,1
wembleystadium,1
landonorris,1
chukwuemeka,1
disasi,1
emiratesfacup,1
hairstraighteningcomb,1
tiktokfashion,1
markerpen,1
mensfashion,1
wirelesscarcharger,1
summerdress,1
dehumidifier,1
earbuds,1
itel,1
dualtipbrushpen,1
waterbottle,1
artmarkers,1
baseusearbuds,1
womenclothing,1
portable,1
summerclothes,1
wireless,1
androidtablet,1
portableaircompressor,1
carholder,1
digitalcamera,1
magneticcarphoneholder,1
springsale,1
modestwear,1
pritomtablet,1
tiktokshopfashion,1
p55plus,1
funtime,1
aircompressor,1
swan,1
tablet,1
sale,1
smartkettle,1
baseus,1
familytime,1
swansmartkettle,1
floraldress,1
fungamestoplay,1
sports,1
tiktokmademebuyit,1
ssuction,1
budgettablet,1
wirelesshairstraightener,1
flashsalefriday,1
teamzahir,1
for,1
sallah,1
beauty,1
taaooma,1
