Hashtag,Frequency
ad,3
plasticpollution,2
oceanconservation,2
fyp,2
google,2
beyonce,2
spring,2
beachclean,1
cornwalltiktok,1
southdevon,1
cornwall,1
beachcleanup,1
devon,1
adventure,1
garybarlow,1
delivery,1
skateboarding,1
recycling,1
smallbusiness,1
skate,1
springcleaningtips,1
refillshop,1
ecofriendlycleaning,1
earthday2024,1
clean,1
carbonreduction,1
matteroftrust,1
zerowasteliving,1
sealrescue,1
saveaseal,1
oceanconservationnamibia,1
oceanpollution,1
sealrescuer,1
namibia,1
sealrescues,1
animalrescuer,1
animalrescue,1
skipthefish,1
seal,1
ocn,1
ceasefirenow,1
greennewdeal,1
americanclimatecorps,1
lobsterroll,1
lunchideas,1
cheftiktok,1
competitionbbq,1
knife,1
deliciouslypredictable,1
tinnedfish,1
nycrestaurants,1
nycfood,1
picnicaesthetic,1
gramercytavern,1
cannedfish,1
tinnedfishtok,1
brisket,1
sardines,1
crabrolls,1
barbecue,1
nycrestaurant,1
michelinstar,1
nycfoodie,1
bbq,1
chef,1
knifesharpening,1
danielnoboa,1
britishparliament,1
guatemala,1
mexico,1
medioambiente,1
ricardomartinelli,1
elecciones,1
danielortrga,1
internacionales,1
incendios,1
elsalvador,1
buekele,1
deforestacion,1
bukele,1
batalladerivas,1
videohorizontal,1
gaza,1
iglesia,1
alertasanitaria,1
corteinternacional,1
embajada,1
vaticano,1
incendiosforestales,1
reeleccion,1
economia,1
regimendeexepcion,1
religion,1
diadelatierra,1
danielortega,1
bosque,1
juansantamaria,1
gutemala,1
ops,1
minsa,1
noticias,1
rebeliondeabril,1
dengue,1
noticiasen1minuto,1
prlamentobritanico,1
colonos,1
saludmental,1
papa,1
justiciayverdad,1
reportaje,1
costarica,1
earthday,1
centroamerica,1
cifras,1
manifestaciones,1
ortega,1
marena,1
milei,1
alemania,1
urnasabiertas,1
nicaragua,1
2018,1
abril,1
panama,1
honduras,1
cij,1
universidades,1
mop,1
represion,1
documental,1
salud,1
unp,1
memoriahistorica,1
israel,1
investigación,1
ecuador,1
divergentes,1
ues,1
GameTok,1
kiaev9,1
smartwatch,1
macbookair,1
combopool,1
watergun,1
transformers,1
spotify,1
ai,1
eclipse2024,1
tesla,1
spyra,1
futuretech,1
cozygames,1
igba,1
earbuds,1
internet,1
ev9,1
gokart,1
tech,1
mictest,1
tiktok,1
socialmedia,1
humane,1
film,1
macbook,1
technews,1
podcast,1
robot,1
megatron,1
ram,1
djiavata2,1
flamethrower,1
toysoftiktok,1
googlesearch,1
floppydisk,1
camera,1
cleantok,1
techtok,1
ettiquette,1
retrogames,1
ev,1
cybertruck,1
toys,1
games,1
blackmirror,1
kia,1
emulation,1
visionpro,1
rabbitr1,1
solareclipse,1
biden,1
bostondynamics,1
insta360x4,1
emulator,1
cartok,1
gadgets,1
nintendo,1
policy,1
dji,1
news,1
longervideos,1
insta360,1
elonmusk,1
award,1
emulatorgaming,1
vr,1
vergecast,1
humaneaipin,1
drone,1
humanepin,1
rooms,1
djiavata,1
gameboyadvance,1
2048,1
etiquette,1
ipad,1
dronevideo,1
tiktokban,1
webby,1
website,1
earbudswireless,1
apple,1
gameboy,1
pyro,1
8k,1
eclipse,1
fairbuds,1
evs,1
deltaemulator,1
aiart,1
gadget,1
wearables,1
strongwomen,1
savethebees,1
exlipsevibes,1
boatsandhoez,1
livelaughlove,1
turksandcaicos,1
naturalastaxanthin,1
bluefin,1
innovation,1
tunasteak,1
supplement,1
1,1
farmraised,1
antioxidant,1
pigment,1
microalgae,1
algae,1
pacificbluefin,1
cyanotech,1
hawaii,1
offshore,1
wildcaught,1
ranchedtuna,1
health,1
ocean,1
aquaculture,1
fishtok,1
captainmardens,1
fishfarm,1
farming,1
bluefiná,1
seafood,1
tuna,1
nutrition,1
sustainability,1
fish,1
astaxanthin,1
offshoreaquaculture,1
mariculture,1
dallas,1
dallastx,1
sihek,1
tub,1
lemur,1
redpanda,1
mud,1
endangeredspecies,1
splash,1
sweet13,1
crunch,1
crunchy,1
trees,1
beaver,1
mondaymotivation,1
giraffe,1
baby,1
aging,1
jolene,1
flower,1
rhino,1
oysters,1
bear,1
birthday,1
vegetables,1
cubs,1
otter,1
birds,1
animalsreact,1
asmr,1
animals,1
climbing,1
branch,1
truthordodo,1
dododreamdate,1
minuteofhappy,1
earthmonth,1
workout,1
wellnessretreat,1
basketball,1
vegan,1
banned,1
ozempic,1
megantheestallion,1
chromenails,1
womensbasketball,1
nailart,1
shaghaircut,1
secret,1
floatingyoga,1
barbiemovie,1
dadtok,1
aapiheritagemonth,1
shakira,1
bellahadid,1
chronicillness,1
facialtreatment,1
fromscratch,1
citypickle,1
art,1
majorleaguepickleball,1
narasmith,1
oatzempic,1
nails,1
fullbodyfacial,1
paddleboardyoga,1
veganfoodie,1
haircare,1
mentalhealthawarenessmonth,1
cecred,1
marchmadness,1
cinnamontoastcrunch,1
bv,1
vegantiktok,1
wellnesstips,1
learnontiktok,1
asianparents,1
pickleball,1
weightlossjourney,1
zendaya,1
tennis,1
celebrityworkout,1
sports,1
skincare,1
tiktokbeauty,1
community,1
challengers,1
fitness,1
ncaa,1
tiktoktaughtme,1
imjustken,1
naturalhair,1
5dadsgowild,1
cereal,1
hair,1
bacterialvaginosis,1
fitnessinstructor,1
finalfour,1
jennaortega,1
makeup,1
hack,1
foodtiktok,1
homemade,1
