Hashtag,Frequency
fyp,11
guitar,8
stitch,7
foryou,7
greenscreen,7
earthday,6
climatechange,4
music,4
photography,4
livemusic,4
learnontiktok,3
climate,3
science,3
earth,3
funny,3
capcut,3
history,3
london,3
socialmedia,3
sustainability,3
booktok,3
rock,3
metal,3
drums,3
singersongwriter,3
bassist,3
fypシ,3
bass,3
environment,3
climateaction,2
rain,2
weather,2
climatecrisis,2
storm,2
uae,2
cloudseeding,2
space,2
podcast,2
comedy,2
standup,2
insects,2
travel,2
shakespeare,2
bikebus,2
onthisday,2
education,2
portland,2
mentalhealth,2
joy,2
tech,2
attention,2
genz,2
art,2
recycle,2
election2024,2
ocean,2
texas,2
ontour,2
news,2
bts,2
foryoupage,2
gardening,2
illustration,2
drummer,2
recording,2
acousticguitar,2
producer,2
youtube,2
warhammercommunity,2
paintingwarhammer,2
warhammer40k,2
killteam,2
luxury,2
nashville,2
diy,2
healthcareforall,2
electricguitar,2
guitartone,2
howto,2
luthier,2
handmade,2
bassplayer,2
guitartips,2
asmr,2
basstok,2
bassguitar,2
guitartech,2
guitarplayer,2
guitarist,2
asmrsounds,2
rockandroll,2
sustainablefashion,2
guitarpedal,2
guitartok,2
meinlcymbals,2
vlog,2
documentary,2
piano,2
musictheory,2
therapy,2
ttpd,2
taylorswift,2
musician,2
jazz,2
improvisation,2
nature,2
singer,2
tutorial,2
country,2
acoustic,2
cover,2
eclipse,2
solareclipse,2
wildlife,2
blues,2
fender,2
kidicalmass,1
ecosystem,1
doomism,1
globalwarming,1
learnontikok,1
catsweets,1
hadleycell,1
ecmwf,1
dubaiairport,1
criticalmass,1
rainfall,1
cloudseeding⛈⛈by✈️,1
climateemergency,1
dubai,1
ferellcell,1
pedestriandignity,1
thanks,1
precipitation,1
rainforest,1
exeter,1
thankyou,1
era5,1
extremeweather,1
temperaturechange,1
kiddicalmass,1
cycling,1
climatescientist,1
desert,1
bikes,1
geoengineering,1
polarcell,1
anomaly,1
climatescience,1
scientist,1
co2,1
podcastclips,1
aldi,1
afkjourney,1
baddrivers,1
vaction,1
ladyboys,1
standupcomedy,1
jimmyfallon,1
interview,1
fallon,1
anidiotabroadclips,1
reddwarf,1
china,1
cantparkthere,1
inbetweenersclips,1
therickygervaisshow,1
israel,1
petercrouch,1
classiccomedy,1
hypnotic,1
littlebritain,1
parking,1
rpg,1
religion,1
god,1
monkeys,1
karlpilkingtonclips,1
ukcomedy,1
leeevanscomedy,1
davidwalliams,1
oscars,1
xfm,1
sofiavergara,1
waynerooney,1
brokebackmountain,1
karlpilkington,1
menshealth,1
freetoplay,1
slugs,1
goldenglobes,1
piersmorgan,1
dancing,1
britishcomedy,1
derek,1
inbetweeners,1
rickygervaisshow,1
johncleese,1
badparking,1
britishmovie,1
standupcomedian,1
rickygervais,1
warwickdavis,1
davidearl,1
theinbetweeners,1
grahamnorton,1
monkey,1
comedyclips,1
brazil🇧🇷,1
actors,1
mattlucas,1
leeevans,1
specsavers,1
jayinbetweeners,1
brucespringsteen,1
sundaybrunch,1
waterslide,1
athiest,1
stephenmerchant,1
thequeen,1
faultytowers,1
town,1
grahamnortonshow,1
familysize,1
ukaccent,1
usa,1
physicalactivity,1
saferoutestoschool,1
activetransportation,1
social,1
findingnemo,1
bicibus,1
community,1
career,1
hobby,1
design,1
essay,1
architecture,1
lifestyle,1
damilee,1
architect,1
berlin,1
kingdom,1
tax,1
geopolitics,1
advert,1
benefits,1
conservatives,1
edutok,1
politics,1
apple,1
uknews,1
ukpolitics,1
commercial,1
flag,1
rwanda,1
trans,1
socialism,1
philosophy,1
work,1
protest,1
sarcasm,1
liztruss,1
detox,1
billionaire,1
economics,1
woke,1
haiti,1
branding,1
capitalism,1
wealth,1
nepobaby,1
britain,1
cities,1
rant,1
housing,1
utft,1
culture,1
geography,1
innovation,1
blm,1
rishisunak,1
toriesout,1
gentrification,1
uk,1
climatechangeisreal,1
CookWithMe,1
vote,1
themoreyouknow,1
noodles,1
sushi,1
handrolls,1
stirfry,1
backstage,1
health,1
funfact,1
garbagepatch,1
reusable,1
davidson,1
stanleycup,1
cooking,1
caramel,1
theoceancleanup,1
votetiktok,1
tmmtour,1
cup,1
dessert,1
baking,1
ecotok,1
hotpot,1
part1,1
bakingrecipe,1
ajr,1
soup,1
souptok,1
noodlesrecipe,1
totaleclipse,1
johnmordred,1
authorsoftiktok,1
lthesquaremilemurder,1
writersoftiktok,1
britishnovel,1
bbc,1
londonnovel,1
espionagethriller,1
daphnecaruanagalizia,1
libyastory,1
deathinahalfforeigncountry,1
theultimatelondoner,1
russianinterference,1
theneweuropeans,1
authortok,1
jamesward,1
londontiktok,1
talesofmi7,1
littlewarinlondon,1
malta,1
farm,1
sketch,1
montana,1
regenerativeagriculture,1
drawing,1
agriculture,1
production,1
thebeatles,1
sonyecm50,1
musicproduction,1
recordproducer,1
rumours,1
rickross,1
cream,1
nickiminaj,1
mixing,1
marcdanielnelson,1
akg451,1
chrisbrown,1
soundgarden,1
akon,1
chriscornell,1
mickfleetwood,1
blackholesun,1
fleetwoodmac,1
stevienicks,1
drumming,1
kencaillat,1
songwriting,1
dreams,1
beowulf,1
excavation,1
archeology,1
vikings,1
norsepagan,1
archaeology,1
medievalart,1
keto,1
paleo,1
primaldiet,1
medievaltiktok,1
hozier,1
linguistics,1
arthistory,1
offa,1
anglosaxon,1
duet,1
viralfoodtrend,1
wtf,1
wh30k,1
hereticastartes,1
gamesworkshop40k,1
bloodangels,1
ageofsigmar,1
warhammer,1
nurgle,1
stormcasteternals,1
ultramarines,1
adwip,1
paintingtutorial,1
aeldari,1
gamesworshop,1
orks40k,1
spacemarines,1
necrons,1
gamesworkshop,1
paintingminiatures,1
wh40k,1
miniatures,1
paintingminis,1
warhammerofficial,1
miniaturepainting,1
warhammer40000,1
adeptusmechanicus,1
celestebarber,1
luxurywatch,1
porsche,1
watchmaking,1
car,1
ferrari,1
patekphilippe,1
rolex,1
hummer,1
watchtok,1
denzelwashington,1
switzerland,1
tourism,1
watches,1
omega,1
tudor,1
watchesandwonders2024,1
cars,1
panerai,1
luxurywatches,1
ebay,1
tissot,1
bremont,1
drukhari,1
darkeldar,1
newsong,1
girls,1
fran,1
indie,1
folk,1
indiefolk,1
love,1
crush,1
newmusic,1
sadgirl,1
shygirl,1
eitherway,1
forthegirlies,1
dance,1
originalsong,1
odieleigh,1
americana,1
littledance,1
cropcircles,1
lls,1
actionday,1
fromtherivertothesea,1
cancelbloodcancer,1
theleukemiaandlymphomasociety,1
organizing,1
ucla,1
alleyesonrafah,1
iranian,1
solidarity,1
iran,1
columbiauniversity,1
yaleuniversity,1
gazasolidarity,1
freepalestine,1
nyu,1
multiaverso,1
guitarbuilder,1
pixelated,1
custommade,1
sturnerguitars,1
dreamguitar,1
comingsoon,1
frets,1
customguitar,1
guitarbuilding,1
electric,1
unboxing,1
guitarinstagram,1
guitarreels,1
gratefuldead,1
luthiersoftiktok,1
shoplife,1
guitarmod,1
guitarsolo,1
resinprinting,1
guitarmaker,1
madeinusa,1
guitarra,1
shopsounds,1
cadcam,1
customguitars,1
madeinamerica,1
smallbusiness,1
philly,1
boutique,1
luthiersofinstagram,1
boutiqueguitars,1
cncwoodworking,1
luthierinstagram,1
cad,1
guitars,1
wenge,1
3dprinting,1
gold,1
phillymade,1
guitarsetup,1
efeitops2,1
fretboard,1
custombass,1
fypage,1
jerrygarcia,1
wood,1
luthiery,1
philadelphia,1
workshop,1
handcrafted,1
inlay,1
pickguard,1
knobs,1
luthiertiktok,1
cnc,1
fretwork,1
satisfying,1
woodworking,1
guitaristsofinstagram,1
motherofpearl,1
howitsmade,1
iceland,1
carnivorousplant,1
plantsoftiktok,1
IcelandAdventure,1
blacksandbeach,1
americandreaming,1
hankwilliams,1
noletter,1
seanymph🧜‍♀️,1
winterwondergrass,1
kansascity,1
tourdairy,1
fairyfolk,1
mexico,1
johncreilly,1
catclyde,1
w,1
trailofflowers,1
avettsatthebeach,1
classiccountry,1
mountainstage,1
americanamusic,1
chicago,1
tulummexico,1
womenofamericana,1
countrymusic,1
nickshoulders,1
folkmusic,1
mountaingnome,1
meredithaxelrod,1
ohboyrecords,1
farawayacrossthesea,1
womenofamwricana,1
sierraferrell,1
avettbrothers,1
fanmail,1
illdoitagain,1
thegarden,1
thetruman,1
rootsmusic,1
cottagecoreaesthetic,1
thesea,1
amazonmusic,1
tourlife,1
fairyasfolk,1
jakekohn,1
bonfireplaylist,1
mermaidhair,1
cottagecore,1
tulum,1
lighthouse,1
shootforthemoontour,1
icanthelpit,1
forest,1
asmrtiktoks,1
knifemaker,1
tasmania,1
spooncarving,1
sustainableliving,1
tasmaniandevil,1
upcycled,1
cabininthewoods,1
vanlife,1
asmrvideo,1
upcyle,1
tinyliving,1
metalartist,1
metalart,1
femaleartist,1
asmrsound,1
bushcraft,1
blacksmith,1
tasmaniantiger,1
bladesmith,1
bladesmithing,1
woodwork,1
upcycling,1
handforged,1
tasmanian,1
naturelover,1
blacksmithing,1
artist,1
tinyhouse,1
forgedinfire,1
bushcrafting,1
damp,1
stripping,1
oldhouse,1
housescience,1
phaseshifter,1
stompbox,1
modulationpedal,1
lovedbythegreats,1
vb2,1
bassguitarist,1
guitarpedals,1
heavytones,1
ds2,1
vibratopedal,1
pedalboard,1
martyfriedman,1
vibrato,1
vb2w,1
choruseffect,1
bossmetalzone,1
bossch1,1
heavytone,1
soundscape,1
superchorus,1
bossvibrato,1
bassplayersoftiktok,1
bosspedals,1
stereoeffect,1
bossvb2w,1
bossds2turbodistortion,1
wazacraft,1
bassistsoftiktok,1
distortionpedal,1
basspedals,1
stompboxes,1
bosswazacraft,1
guitarpedaldemo,1
bossphaser,1
analogpedal,1
boss,1
bossmt2w,1
joshklinghoffer,1
bossph3,1
bossmt2,1
metalzoneboss,1
analoggear,1
bossphaseshifter,1
bassamp,1
bosseffects,1
heavyguitar,1
bosssuperchorus,1
bossvb2,1
metalguitar,1
katanabass,1
bossdistortion,1
ev30,1
modulationeffect,1
bosspedal,1
phaser,1
pedalboards,1
choruspedal,1
ch1,1
bosskatana,1
john5,1
bossfx,1
bossfxpedals,1
guitareffects,1
guitartones,1
knowyourtone,1
bossds2,1
bassists,1
bosseffectspedals,1
me90b,1
redhotchilipeppers,1
bassguitaramp,1
distortion,1
wazapedal,1
turbodistortion,1
analogeffects,1
pedalsettings,1
pedalboardsoftiktok,1
guitarchords,1
lavamusic,1
synthbass,1
lavame4,1
bandlab,1
bedroomstudio,1
radiohead,1
b1,1
glassanimals,1
dst152,1
donnerartist,1
stringshare,1
yamahaartist,1
בלי,1
worship,1
drumtracking,1
seelectronics,1
earthworksaudio,1
easter,1
elevation,1
fbf,1
vladeguigni,1
calvarycc,1
evansdrumheads,1
drumvideos,1
2024drumming,1
gospelmusic,1
christianmusic,1
praise,1
soundoverchops,1
drumuniversity,1
drumninja,1
orugadrumeffects,1
drumstudio,1
sessiondrummer,1
christiandrummer,1
yamahadrums,1
slapklatz,1
iplayyamaha,1
sugarpercussion,1
audimute,1
meinlstickandbrush,1
drumspassion,1
passionfordrums,1
grooveclix,1
we_love_drums,1
falloutnewvegas,1
thelastofus,1
magneto,1
videogame,1
fnaf,1
marvelcomics,1
ps4,1
wandavision,1
xmen,1
knuckles,1
gambit,1
deadpoolandwolverine,1
arcaneseason2,1
deadpoolwolverine,1
multiverseofmadness,1
joshhutcherson,1
disneyplus,1
hughjackman,1
avengerssecretwars,1
tasm2,1
mcu,1
rogue,1
loki,1
samraimi,1
sisterlocation,1
avengers,1
dccomics,1
ryanreynolds,1
fallout4,1
fallouttvshow,1
ladygaga,1
fivenightsatfreddysmovie,1
spiderwoman,1
spectacularspiderman,1
juliagarner,1
joaquinphoenix,1
fallout,1
fallout76,1
spiderman,1
xbox,1
joker,1
animatedseries,1
spiderverse,1
deadpool,1
fallout3,1
xmen97,1
jokerfolieadeux,1
idriselba,1
fantasticfour,1
arcane,1
harleyquinn,1
wolverine,1
marvelstudios,1
fivenightsatfreddys,1
theamazingspiderman,1
deadpool3,1
silversurfer,1
angelinajolieedit,1
investigativereporter,1
investigations,1
algorithms,1
dayinmylife,1
trolls,1
ukelection,1
podcasts,1
uselection2024,1
bbcnews,1
reporting,1
haveigotnewsforyou,1
offgridliving,1
selfsufficient,1
gorillaz,1
bros,1
asian,1
beatles,1
femaleguitarist,1
thetorturedpoetsdepartment,1
trauma,1
disney,1
pianotok,1
musicanalysis,1
lilacwine,1
sweetchildofmine,1
aapi,1
asianparentsbelike,1
agegap,1
comedyvideo,1
vogue,1
onewomanshow,1
momsoftiktok,1
popmusic,1
battle,1
guitarcenter,1
immigrant,1
80s,1
agegaprelationship,1
ninasimone,1
jeffbuckley,1
hercules,1
cougar,1
fesleyfep1000,1
femalemusician,1
musicalcomedy,1
jackantonoff,1
manchester,1
nike,1
birkenhead,1
vinylrecords,1
musicrecommendations,1
albumsoftheweek,1
pearldrums,1
jazzband,1
musicnerd,1
korgsv2,1
jazzpiano,1
pianocover,1
beatmaking,1
jazzmusic,1
synth,1
salsamusic,1
albumrecommendations,1
jazztok,1
behringerpolyd,1
titopuente,1
felakuti,1
jazzjam,1
jacopastorius,1
latinmusic,1
sandbergbass,1
korgkeyboard,1
losalamitoslatinfunklovesong,1
funkmusic,1
albums,1
geneharris,1
moogerpooper,1
vinylcollection,1
albumrecs,1
musicnerds,1
bugzintheattic,1
keysplayer,1
stem,1
roomba,1
creatorsearchinsights,1
scifibooks,1
totalsolareclipse,1
biology,1
yascifi,1
moon,1
sun,1
scifi,1
original,1
legend,1
giveaway,1
rocknroll,1
giveawayalert,1
songs,1
live,1
journey,1
guitartoker,1
tips,1
rizz,1
sweepstakes,1
song,1
wykyk,1
gift,1
practice,1
learning,1
auckland,1
southauckland,1
food,1
hiking,1
ebctrek,1
doha,1
businessclass,1
uktravel,1
qatarairways,1
qatar,1
shetland,1
scalloway,1
unst,1
aviation,1
bressay,1
flywithme,1
castles,1
everesttrek,1
travelhacking,1
traveluk,1
lerwick,1
uphellyaa,1
everestbasecamp,1
nepal,1
outtake,1
averynicedayout,1
oootd,1
bluebell,1
plastic,1
dorset,1
forestgump,1
rewear,1
forecast,1
secondhandfashion,1
spring,1
gardenlife,1
slowfashion,1
gardendesign,1
yorkshirecottage,1
springstyle,1
secondhand,1
stormkathleen,1
staycation,1
transition,1
england,1
spottheseconds,1
holiday,1
greenfingers,1
sustainable,1
earthday2024,1
environmentallyconscious,1
shopsecondhand,1
reduce,1
getoutside,1
climateconversations,1
tvstudio,1
vintageshop,1
tvpresenter,1
cometoworkwithme,1
cottagegarden,1
livetv,1
consciousliving,1
shopsustainable,1
countrygarden,1
secondhandstyle,1
gardeningjobs,1
garybarlow,1
gardener,1
luxuryshopping,1
bloopers,1
weathertok,1
reuse,1
behindthescenes,1
lovelydayout,1
weatherpresenter,1
vintageshopping,1
weatherreport,1
weymouth,1
warm,1
springgarden,1
ootd,1
garden,1
weathertiktok,1
allthatworkandwhatdiditgetme,1
capcup,1
cottage,1
blooper,1
vintage,1
cotswolds,1
fashionrevolution,1
sustainablefashiontiktok,1
fashionrevolutionweek,1
díacero,1
conversemexico,1
ecoesperanza,1
converseallstars,1
ayudaparaacapulco,1
residuos,1
diacero,1
tetrapakrecicla,1
composta,1
cuidemosnuestroplaneta,1
bañoseco,1
reforestacion,1
ecolana,1
converseallstarsmx,1
presamadin,1
diacerocdmx,1
voluntariado,1
climatehope,1
lombricomposta,1
reciclajeconpropósito,1
mulch,1
haysequiayhaysaqueo,1
diauno,1
ecolanaenacapulco,1
reciclandoporacapulco,1
converse,1
díauno,1
allstarsmexico,1
comedygeniuses,1
onlyfoolsandhorses,1
ofah,1
astronomy,1
jpl,1
mars,1
spaceexploration,1
rover,1
perserverance,1
bigbang,1
nasa,1
ingenuity,1
totality,1
climatepowerpartner,1
curiosity,1
savethebees,1
animalfacts,1
fish,1
cutespider,1
savetheearth🌎,1
plantnativeplants,1
snails,1
milkweed,1
spider,1
fishing,1
entomology,1
sagebrush,1
animals,1
caddisfly,1
caddisflylarvea,1
bugfacts,1
aracnids,1
mariposalily,1
bugs,1
misinformation,1
ad,1
thealchemy,1
emissions,1
carboncapture,1
fossilfuels,1
ccs,1
traviskelce,1
gab,1
torturedpoetsdepartment,1
emissionreduction,1
davematthewsband,1
collaboration,1
flecktones,1
sierrahull,1
texasholdem,1
beyonce,1
harmony,1
celtics,1
celticfc,1
singing,1
acapella,1
photomagic,1
sportsphotography,1
photographer,1
photojournalism,1
eclipse2024,1
photographyeveryday,1
sports,1
hollywood,1
greenscreenvideo,1
storytime,1
copyright,1
fypツ,1
streetphotography,1
farrahfawcett,1
ballet,1
zachdobsonphoto,1
zine,1
photojournalist,1
timelapse,1
aperfectcircle,1
polyrhythm,1
procrastination,1
musiciansunite,1
ttrpg,1
kirkhammett,1
lumberjack,1
fantasyaesthetic,1
themesong,1
bandhumor,1
guitarmemes,1
guitarfacts,1
originalmusic,1
ibanez,1
guitartipsandtricks,1
dndmusic,1
taxseason,1
liveband,1
funk,1
earthquake,1
band,1
guitartutorials,1
guitarlesson,1
guitarteacher,1
musictok,1
musicindustrytips,1
newjerseyearthquake,1
movietrailer,1
nycearthquake,1
cosplay,1
snowstorm,1
composer,1
composersoftiktok,1
rockband,1
guitarmeme,1
moviesoundtrack,1
musicindustrynews,1
fantasymusic,1
musicmeme,1
bandmeme,1
classicrock,1
sicknewworld,1
musicians,1
jamband,1
dnd,1
guitartutorial,1
straplocks,1
guitarteachersoftiktok,1
aperfectcircleband,1
touringband,1
teaching,1
musicindustry,1
primus,1
woodworker,1
injuredathlete,1
aclrehab,1
gameday,1
womensrugby,1
asc,1
rugbytok,1
rugby,1
acl,1
tonex,1
fenderguitars,1
bluestone,1
oldgibson,1
slowbluesguitar,1
lespaul,1
vintagegibson,1
dimitrisloizos,1
fenderstrat,1
bluesuk,1
slowblues,1
bluesfoundation,1
gibson,1
duosonic,1
dimitris,1
blueslondon,1
stratocaster,1
boostache,1
tone,1
fenderduosonic,1
strat,1
bluesguitar,1
fiestared,1
fixit,1
reparaciondeguitarra,1
neon,1
telecaster,1
guitarrepair,1
vintageguitar,1
bcn,1
repairguitar,1
guitarstrings,1
ukwildlife,1
davidattenborough,1
tidepool,1
marinebiology,1
crab,1
beachday,1
starfish,1
alab,1
priorities,1
animalneighbors,1
playheals,1
audhd,1
bootsriley,1
philosophytiktok,1
11,1
brainpower,1
driverprivilege,1
antinatalism,1
imavirgo,1
vegan,1
casualviolence,1
1,1
connection,1
densewalkableneighborhoodssavedmylife,1
scootergirl,1
carnistwisdom,1
noparking,1
imhere,1
legaladvice,1
3,1
2,1
sadface,1
philosophytube,1
microconnections,1
cfbc,1
downtownportland,1
scootscoot,1
spaceforwildlife,1
compersion,1
iloveme,1
prisonlabor,1
depave,1
businessadvice,1
boycottanimalagriculture,1
halp,1
carsruincities,1
trafficviolence,1
character,1
rubberstamps,1
britishwildlifephotography,1
spacevip,1
oceanconservation,1
competition,1
amazon,1
generationhope,1
earthday?,1
ethicalchoices,1
activism,1
aiinfluencers,1
ethics,1
pregnancy,1
ai,1
floods,1
environmen,1
spacetravel,1
humanrights,1
dining,1
ageing,1
justwalkout,1
nhs,1
deepfake,1
government,1
hiddenworkforce,1
world,1
socialchangenews,1
awards,1
riverthames,1
biodiversity,1
planetvsplastics,1
internet,1
barkair,1
mounteverest,1
activists,1
coral,1
bleaching,1
industry,1
beautycontest,1
conservation,1
sadiqkha,1
deadinternettheory,1
britishwildlife,1
ecoinnovation,1
thames,1
swiss,1
u,1
airline,1
technology,1
socialchange,1
waste,1
gapyear,1
conspiracy,1
savethewildlife,1
wildlifephotography,1
law,1
greenpeace,1
everest,1
diningexperience,1
dogs,1
protectourplanet,1
eu,1
indigenious,1
jennaortega,1
cannes,1
gregwilliamsphotography,1
leica,1
gregwilliams,1
mattdamon,1
geordieaccent,1
joannehaypaintinganddecorating,1
geordiedecorator,1
sayyestotheworld,1
lufthansa,1
bangkok,1
downloadnow,1
tools,1
psychologicallyfinished,1
inflation,1
frontallobe,1
interest,1
financialadvice,1
money,1
game,1
creator,1
advice,1
mobilegaming,1
manipulation,1
bestfriends,1
joannagoing,1
womensafety,1
1970s,1
sisters,1
girlythings,1
rachelweisz,1
siblings,1
realitycheck,1
bodyimage,1
lesliemann,1
bearorman,1
brendanfraser,1
keepitreal,1
sistergoals,1
