Hashtag,Frequency
solareclipse,3
politics,3
congress,2
georgesantos,2
senate,2
news,2
solareclipse2024,1
greenscreen,1
southkoreanews,1
feminisminkorea,1
greenscreenvideo,1
tiktokkorea,1
tiktoknews,1
arizona,1
republicans,1
foreducation⚠️,1
abortion,1
democrats,1
election,1
karilake,1
elections,1
ronjohnson,1
impeachment,1
jonossoff,1
randpaul,1
chrispappas,1
tiktokban,1
tomcarper,1
mikelawler,1
inpeachment,1
bobmenendez,1
tiktok,1
joshhawley,1
laphonzabutler,1
glennivey,1
staceyplaskett,1
rickscott,1
mayorkas,1
queenbee,1
beekeeper,1
honeybee,1
troll,1
austin,1
urbanbeekeeping,1
mikepence,1
vivekramaswamy,1
cnn,1
whcd,1
washingtondc,1
whitehousecorrespondentsdinner,1
gavinnewsom,1
flight,1
physicaltherapy,1
physicaltherapist,1
scars,1
rangeofmotion,1
wfh,1
airport,1
athlete,1
mykneeandme,1
travel,1
aclwarrior,1
cpm,1
stairs,1
aclrehab,1
acl,1
crutches,1
gettingstronger,1
progressnotperfection,1
stationarybike,1
continuouspassivemotion,1
confidence,1
kneesurgery,1
dogs,1
wheelchair,1
postop,1
recovery,1
meniscus,1
aclclub,1
surgery,1
pt,1
parenting,1
socialmedia,1
screentime,1
adoption,1
postreports,1
irs,1
rent,1
moneytok,1
colorofmoney,1
studentdebt,1
homeownership,1
podcast,1
taxes,1
homeowner,1
college,1
cardstacking,1
taxseason,1
realestate,1
bracket,1
envelopechallenge,1
marchmadness,1
creditcardrewards,1
creditcards,1
debt,1
ncaa,1
studentloans,1
budget,1
education,1
housing,1
g7,1
capri,1
italy,1
influencer,1
dietitian,1
antidiet,1
investigation,1
trumptrialupdate,1
trump2024,1
trumptrial,1
election2024,1
experiment,1
crowdwork,1
scienceexperiments,1
einstein,1
totalsolareclipse,1
science,1
sciencetok,1
shadowbands,1
scientist,1
totality,1
scienceismagic,1
mystery,1
eclipse,1
