Hashtag,Frequency
earthday,4
ai,2
savejuliana,2
earthmonth,2
earthday2024,2
solar,2
fyp,2
climateaction,2
socialmediamanager,2
slime,1
quizzes,1
factcheck,1
webbys,1
teachersontiktok,1
markwahlberg,1
webbyawards,1
melgibson,1
concerts,1
jayz,1
journalism,1
checkology,1
newsgoggles,1
popculture,1
medialiteracy,1
woke,1
satire,1
newsletter,1
celebnews,1
teachertok,1
trump,1
pdiddy,1
pinkslime,1
newsliteracy,1
thesift,1
celebrumors,1
reporter,1
beyonce,1
jobs,1
nature,1
fypage,1
foryou,1
sustainability,1
acespace,1
wisconsinite,1
fypシ,1
sabrinacarpenter,1
health,1
wind,1
energy,1
funny,1
itmustbenice,1
tedlasso,1
peaceispossible,1
howtobehappy,1
dialoguenotargument,1
greenerylove,1
outdoorlife,1
youarestrong,1
nonprofitimpact,1
mentalhealthawareness,1
griefsupport,1
globalunity,1
natureheals,1
volunteering,1
religion,1
youareloved,1
searchforcommonground,1
inspiringvoices,1
peacetalks,1
resilience,1
meaningfulmoments,1
journeytopeace,1
sanfranciscoparks,1
dailyreflection,1
charityforchange,1
innerpeace,1
30daysofpeace,1
disasterrelief,1
areyouhappy,1
helpingkidsthrive,1
perspectivegains,1
FindingJoy,1
lifeadvice,1
favoritecolorgreen,1
hopeforpeace,1
joyinsimplicity,1
soulfuldonations,1
inspirationalstories,1
worldpeace,1
newbeginnings,1
happinessjourney,1
healingjourney,1
peacefulplaces,1
giveshoesgivehope,1
embracechange,1
personalstories,1
divestment,1
makemydegreefossilfree,1
reclaimearthday,1
greenactionwashu,1
interesting,1
washu,1
dontlookup,1
protest,1
climateemergency,1
divestfromfossilfuels,1
illustration,1
oklahoma,1
taxday,1
taxes,1
law,1
tax,1
comics,1
bluecollar,1
drywall,1
popcornceiling,1
diy,1
electrical,1
electriciansoftiktok,1
sparky,1
electrician,1
construction,1
oregoncoast,1
rockawaybeach,1
teacher,1
teachersoftiktok,1
oceanography,1
marinebiology,1
phd,1
ocean,1
nasa,1
academicweapon,1
gradschool,1
cfc,1
carbon,1
scitok,1
noaa,1
greenscreen,1
oceantok,1
phdtok,1
climate,1
academia,1
historytok,1
earthscience,1
oilspill,1
hot,1
atomicbombs,1
gradtok,1
ucsb,1
climatescience,1
climatechange,1
enviornment,1
humanrights,1
youthvgovva,1
americasclimatecase,1
climatesolution,1
climaterights,1
julianavus,1
epa,1
childrensrights,1
climaterally,1
climatelitigation,1
virginiaclimateaction,1
climatejustice,1
climatscience,1
screenprinting,1
youthvgov,1
youthvgovhi,1
genesisvepa,1
climatetrial,1
artbuild,1
earthmonth2024,1
workinsocial,1
asylumwheretheyraisedme,1
youtube,1
socialmediaweek,1
smw,1
corporatelife,1
pto,1
adweek,1
schedulecontent,1
ttpd,1
youtuberewind,1
worktravel,1
megantheestallion,1
taylorswift,1
influencernarketing,1
imnotokay,1
mcr,1
karaoke,1
tequiladaisy,1
solarenergy,1
solarpanel,1
igtips,1
igstoryideas,1
creatortips,1
instagramgrowthtips,1
contentcreatorttips,1
monetizeyourcontent,1
adammosseri,1
instagramstrategytips,1
metaai,1
instagram,1
instagramtips,1
igupdates,1
creatoradvice,1
videocontent,1
nab,1
blackmagic,1
filmtools,1
rosco,1
paint,1
nanlux,1
blazarlens,1
c,1
zendaya,1
mikefaist,1
challengersmovie,1
mikefaistjoshoconnor,1
joshoconnor,1
zendayam,1
theideaofyou,1
annehathaway,1
challengersc,1
challengers,1
challengersmoviez,1
nicholasgalitzine,1
vanlife,1
vanlifers,1
vanlifedogs,1
sheexplores,1
vanlifedog,1
sheroams,1
contenttips,1
socialmediatutorial,1
canvatips,1
contentcreatortipsforbeginners,1
entertainment,1
contentcreatortips,1
contentcreater,1
contenttools,1
editingtutorial,1
socialmediamarketing,1
contentbatching,1
canvatutorial,1
contentcreators,1
lemon8us,1
carnival,1
turkishquandaledingle,1
getup,1
fanart,1
watermelonstream,1
debate,1
ianhawkememe,1
kizzy,1
carnivalboys,1
meme,1
sarahjoy,1
boiitsjustalkhahawl,1
bluetie,1
candidgirlfriend,1
cringe,1
flightsmokebreakmeme,1
marriage,1
viralvideo,1
streamer,1
therock,1
larva,1
regirock,1
oioioi,1
memeofthemonth,1
greenfn,1
redlarva,1
march,1
memes,1
amish,1
shrimpjesus,1
jinxzi,1
quandaledingle,1
meekmillgetupppp,1
whatsupbrother,1
sketchjinxzi,1
facebook,1
smilingfriends,1
canonvsfanon,1
willywonkaexperience,1
husbandjak,1
memesexplained,1
alkahal,1
internetnews,1
flightbreak,1
viral,1
flightreacts,1
wrestlemania,1
flightmeme,1
internetculture,1
cvntyregirockwithahandbag,1
lobotomy,1
flight,1
alvinandthechipmunks,1
pokemonmeme,1
quirkchungus,1
tiktoksounds,1
meekmill,1
ianhawkememeexplained,1
explained,1
sketch,1
couples,1
brainrot,1
wifejak,1
gwimbly,1
memesounds,1
candidgirl,1
streamers,1
tiktokrizzparty,1
nochickfilasauce,1
larvameme,1
tiktokcult,1
watermelonmeme,1
thatoneguysfyp,1
watermelonriver,1
rizzparty,1
thatoneguy,1
oioioibakugo,1
lobotomycore,1
whatsyournextbite,1
sandwich,1
aigenerated,1
barber,1
rizz,1
wojak,1
ianhawke,1
trending,1
nextbite,1
davidcross,1
tiktokmemes,1
tnleg,1
endgunviolencenow,1
marchforourlives,1
texas,1
counselorsnotcops,1
nashville,1
endgunviolence,1
tennessee,1
columbine,1
tn,1
iowa,1
houston,1
letsjoinhands,1
educationforall,1
haveaniceday,1
3dprintedfuture,1
nyclife,1
photoshoot,1
carriebradshaw,1
amc,1
nyc,1
mrbig,1
amctheaters,1
satc,1
kermitandthecity,1
alist,1
filmmaking,1
amcalist,1
