Hashtag,Frequency
science,22
eclipse,13
fyp,12
stitch,9
stem,9
learnontiktok,8
funny,8
astronomy,7
solareclipse,7
ad,7
space,6
ttpd,6
sciencetok,6
climatechange,6
greenscreen,5
animals,5
nature,5
capcut,5
booktok,5
animal,4
foryou,4
physics,4
facts,4
duet,4
ai,4
birds,4
earthday,4
alaska,4
funfacts,4
technology,4
food,3
astrophysics,3
art,3
study,3
learn,3
podcast,3
insects,3
viral,3
trending,3
vote,3
torturedpoetsdepartment,3
tiktokban,3
birdsoftiktok,3
onthisday,3
phdstudent,3
phd,3
naturevibes,3
cute,3
evolution,3
aliens,3
disneyland,3
gradschool,3
college,3
chemistry,3
biology,3
education,3
eggs,3
scicomm,3
scientist,3
womeninstem,3
sloth,3
taylorswift,3
london,3
marvel,3
academia,3
fantasy,3
travel,3
grwm,2
deepsea,2
arthistory,2
feminism,2
history,2
robot,2
cicada,2
fy,2
library,2
books,2
explained,2
supernatural,2
sun,2
goat,2
animalsoftiktok,2
farmlife,2
goatsoftiktok,2
funnyanimals,2
unicorn,2
music,2
conservation,2
scottpilgrim,2
scotus,2
uspolitics,2
sketch,2
emtala,2
reproductiverights,2
taylorsversion,2
news,2
arizona,2
congress,2
abortionrights,2
bugs,2
naturelover,2
wildlife,2
usa,2
todayilearned,2
scienceismagic,2
totaleclipse,2
nerd,2
yorforgercosplay,2
spyxfamilycosplay,2
spyxfamily,2
golf,2
worklife,2
steveharvey,2
triviachallenge,2
trivia,2
nostalgia,2
rupaul,2
vacation,2
cartoons,2
stemeducation,2
lions,2
animation,2
babyanimals,2
monkeys,2
totaleclipseoftheheart,2
genetics,2
archaeology,2
love,2
spacetok,2
ootd,2
hostedbydisney,2
pixarfest2024,2
anatomy,2
scrubs,2
medstudent,2
doctor,2
healthcare,2
ultrasound,2
nurse,2
muscles,2
notes,2
medschool,2
organization,2
highschool,2
pennsylvania,2
bacteria,2
chatgpt,2
smartphone,2
teaching,2
3d,2
neuroscience,2
empathy,2
research,2
diy,2
foryoupage,2
coding,2
fypシ,2
immunesystem,2
disney,2
pixar,2
bonjovi,2
tiktok,2
lunch,2
health,2
work,2
medicalstudent,2
math,2
slugs,2
wolvesoftiktok,2
truth,2
sciencecommunication,2
scienceteacher,2
tech,2
didyouknow,2
texas,2
blackmaternalhealthweek,2
spacefacts,2
dogs,2
dog,2
dogsoftiktok,2
scienceexperiment,2
magic,2
cuteanimals,2
penguin,2
satisfying,2
ocean,2
gradstudent,2
museumtok,2
comedy,2
blackhole,2
superhero,2
cleantok,2
storytime,2
thetorturedpoetsdepartment,2
edutok,2
youtube,2
standupcomedy,2
asmr,2
ecosystem,1
fishtok,1
creadoconadidas,1
2,1
aprendeentiktok,1
eclipsesolar,1
cienciaentiktok,1
yaestuyo,1
3,1
publicidad,1
1,1
ciencia,1
antarcticseaspider,1
bear,1
amazonanimals,1
antarticcircumpolarcurrent,1
hugeanimals,1
eel,1
kangaroocare,1
cosmology🌌🔭,1
electriceel,1
preemiecare,1
largestinvertebrate,1
giantstarfish,1
baby,1
prematurebaby,1
antarcticbluewhale,1
treescience,1
tree,1
animalfact,1
puns,1
southernocean,1
sciencefact,1
psychology,1
helium,1
preemie,1
colossalsquid,1
solareclipse2024,1
artassignment,1
renaissance,1
crashcourse,1
universe,1
sculpture,1
collage,1
renaissanceart,1
johngreenbooks,1
aztec,1
guerrillagirls,1
creatorsearchinsights,1
theartassignment,1
katiemack,1
brainscoop,1
cicada2024,1
carpentry,1
70s,1
microwave,1
coverart,1
enron,1
collection,1
insidertrading,1
microwaverecipes,1
woodworking,1
bookcover,1
vibration,1
sound,1
noisecancelling,1
noise,1
engineering,1
rikidosato,1
oldtvshows,1
thatshimofficer,1
filtergame,1
africanamerican,1
nyearthquake,1
fatphobia,1
theradiancehollowknight,1
thisaintitchief,1
gamingontiktok,1
idhavetwonickels,1
sistersofbattle,1
dreams,1
aa,1
pokemon,1
jamaicantiktok,1
paradox,1
aangslander,1
hollowknight,1
jamaicansbelike🇯🇲,1
earlyedition,1
coyote,1
atla,1
pinnochio,1
logic,1
fatphobiaisnotcute,1
bnhasato,1
bokunohiroacademia,1
manorbear,1
hollowknightsteelsoul,1
africanamericanculture,1
dlmen,1
creasehisjordans,1
aang,1
biphobia,1
socialexperiment,1
riceandpeas,1
agegap,1
earthquake,1
dreaminterpretation,1
bnha,1
blackdiscourse,1
avatarthelastairbender,1
neptune,1
pun,1
planet9,1
solarflare,1
firebending,1
cme,1
triton,1
horsegirlprobs,1
ottbsoftiktok,1
foal,1
familygoals,1
equestrianproblems,1
funn,1
farm,1
racehorse,1
horsegirlcheck,1
warmblood,1
equestriansoftiktok,1
buckskin,1
horsesoftiktok,1
horses,1
thoroughbredsoftiktok,1
thoroughbred,1
equestrian,1
foalsoftiktok,1
appaloosa,1
bestfriend,1
thoroughbreds,1
horsetok,1
hunterjumper,1
donkey,1
horsegirlvibes,1
sisters,1
equestrianprobs,1
loml,1
horse,1
pikachu,1
ottb,1
squirtle,1
horsegirlproblems,1
palamino,1
viralvideo,1
equine,1
onlyinnewyork,1
thingstodo,1
electronicmusic,1
nyc,1
bbc,1
breakingnews,1
cookingclass,1
uws,1
bestof,1
bagel,1
bageltok,1
suno,1
newyork,1
tour,1
biden,1
titleix,1
trumptrial,1
demands,1
postsecret,1
intentions,1
billionaire,1
part2,1
losangeles,1
disrespect,1
jerusalem,1
dentist,1
presidentbiden,1
braces,1
downballot,1
protest,1
taylirswift,1
columbia,1
creative,1
legaltok,1
austin,1
1a,1
corruption,1
creator,1
mikejohnson,1
antiwar,1
usc,1
kentucky,1
boomer,1
miltok,1
mos,1
whathappens,1
takedowntobacco,1
jobs,1
rochesterny,1
bananas,1
happythings,1
littleshopofhorrors,1
kentstate,1
smile,1
exoticplants,1
oops,1
monroecounty,1
askaboomer,1
sunday,1
ttpdtaylorswift,1
pepsi,1
update,1
axios,1
nikkihaley,1
savethebees,1
commongroundfilm,1
planner,1
ojsimpson,1
dreamguestonmypodcast,1
wnba,1
columbiauniversity,1
yale,1
howitworks,1
everyonewatcheswomenssports,1
noncompete,1
usnews,1
keeptiktok,1
michigan,1
discrimination,1
lifeadvice,1
americanfeverdream,1
parenting,1
rochester,1
scotusnews,1
trendingsong,1
goodnews,1
cnc,1
starlings,1
citynaturechallenge,1
wildlifephotography,1
inaturalist,1
birding,1
skylark,1
springtime,1
birdsong,1
owls,1
dawnchorus,1
invertebrates,1
chiffchaff,1
springwatch,1
starling,1
citizenscience,1
birdwatching,1
owl,1
protip,1
greatamericaneclipse2024,1
currentevents,1
astronomer,1
tipsandtricks,1
cosplay,1
dcbombshellscosplay,1
pokedance,1
cosplayer,1
epicopenarms,1
sneaklegion,1
scottpilgrimcosplay,1
ladydeadpoolcosplay,1
scotrpilgrimvstheworld,1
epicthemusical,1
sneakenergytiktok,1
sophiehatter,1
dcbombshell,1
howlsmovingcastlecosplay,1
howlsmovimgcastle,1
envyadamscosplay,1
sylviecosplay,1
spidergwencosplay,1
spidergwen,1
openarms,1
howljenkins,1
sneakenergy,1
sophiehattercosplay,1
cosplayphotoshoot,1
underworldsaga,1
intothespiderverse,1
howlsmovingcastle,1
ramonaflowerscosplay,1
epicunderworld,1
howljenkinscosplay,1
acrossthespiderverse,1
dccomics,1
howlcosplay,1
ramonaflowers,1
sneakvision,1
envyadams,1
scottpilgrimtakesoff,1
dcbombshells,1
whales,1
seaplane,1
ksp2,1
gamer,1
kerbalspaceprogram,1
plane,1
ksp,1
postphdlife,1
phdone,1
therapy,1
lifeafteracademia,1
interview,1
jeffhephner,1
sasheerzamata,1
michaelstrahan,1
elizabethbanks,1
wordgames,1
leahremini,1
chainreaction,1
cardsharks,1
bachelorinparadise,1
25wordsorless,1
wheeloffortune,1
jennafischer,1
wordgame,1
whammy,1
splitsecond,1
masterminds,1
fullepisodes,1
thebachelor,1
goldenbachelorette,1
peoplepuzzler,1
lisakudrow,1
melissapeterman,1
janelynch,1
switch,1
joelmchale,1
chelseahandler,1
classicgameshows,1
johnmichaelhiggins,1
100kpyramid,1
nationalbeerday,1
catch21,1
americasays,1
triviagames,1
apoloohno,1
pressyourluck,1
joeyfatone,1
racheldratch,1
matchgame,1
familyfeud,1
generayburn,1
gameshownetwork,1
goldenbachelor,1
mariolopez,1
vannawhite,1
coachellaweekend1,1
gameshows,1
personplaceorthing,1
patsajak,1
blankslate,1
safestreaming,1
kingtut,1
lioness,1
gamingclips,1
tankee,1
puzzlegames,1
kidsmotivation,1
futureinnovators,1
animefan,1
astroneer,1
valdez,1
wild,1
gamingjourney,1
kidshows,1
showsforkids,1
adventure,1
elephantlover,1
catchthewave,1
powerup,1
thnxcya,1
dreambig,1
lionpride,1
motivationalspeaker,1
nintendo,1
hikes,1
bakuganbrawlers,1
actionpacked,1
tutenstein,1
lovenature,1
gaming,1
parentinghack,1
saltwatertherapy,1
gamingsetup,1
gameplay,1
gamingvideos,1
naturelovers,1
robloxgames,1
dyk,1
explorealaska,1
videogames,1
gameplayclips,1
rubikcube,1
maxsteel,1
surfinglife,1
surfing,1
kirbyandtheforgottenland,1
naturephotography,1
turbopower,1
animated,1
motivateandinspire,1
empowerthefuture,1
solvethis,1
ancientegyptians,1
rubiks,1
familytrips,1
inspirationforkids,1
explore,1
elephants,1
leahashe,1
alaskaadventures,1
naturevibes🌿,1
crackthecode,1
familytravels,1
słodziak,1
zwierzęta,1
sowy,1
zoologia,1
funfact,1
biologia,1
natura,1
maluch,1
szczury,1
ciekawostka,1
nauka,1
ptaki,1
ciekawostki,1
atomicbomb,1
behindthescenes,1
illustrationart,1
reptiles,1
kurzgesagt_inanutshell,1
spacecolonization,1
doomsdaytok,1
astronomytok,1
romance,1
spaceart,1
chemicalromance,1
futureofhumanity,1
tattoos,1
endofhumanity,1
venus,1
survival,1
lovestory,1
relationshipgoals,1
bees,1
innovation,1
hyperdonut,1
survivor,1
outerspace,1
biologytok,1
reptiletok,1
natureismetal,1
beekeeper,1
learnwithtiktok,1
physicstok,1
sciencebehindlove,1
tattooartists,1
factchecking,1
pov,1
infiniteuniverse,1
tattooartist,1
humansurvival,1
spacetheories,1
doomsday,1
greenflag,1
inanutshell,1
posters,1
biologyclass,1
iceage,1
collonizingvenus,1
earthhistory,1
nuclearwar,1
universescience,1
tattooscience,1
extraterrestrial,1
astronerds,1
beehive,1
beekeeping,1
universetok,1
kurzgesagt,1
nuclearawareness,1
relationshipadvice,1
relationshiptok,1
alientok,1
resilience,1
doomsdaypreppers,1
learnbiology,1
spiders,1
humanity,1
romancetok,1
romantic,1
terraformingvenus,1
spacenerds,1
alien👽,1
motivation,1
bluey,1
friendshipbracelets,1
innerchild,1
familyiseverything,1
tsa,1
familytravel,1
swifties,1
disneyfamily,1
teamsun,1
dayone,1
outfitrepeater,1
airport,1
theerastour,1
babynames,1
familytime,1
erastour,1
erastouroutfits,1
badgalbang,1
style,1
benefitpartner,1
ipad,1
beachwedding,1
grad,1
wedding,1
pedspt,1
anatomyclass,1
goodnotes5,1
digitalnotes,1
firstlook,1
nursingstudent,1
lulus,1
ptschool,1
weddingplanner,1
ptstudent,1
cadaverlab,1
rotations,1
simlab,1
graduation,1
itsgivingjuryduty,1
unboxingvideo,1
bridalshower,1
bride,1
clinicals,1
finals,1
weddingplanning,1
skillchecks,1
weddingtiktok,1
physicaltherapystudent,1
nursetok,1
physicaltherapy,1
energydrink,1
weddingdance,1
tiktokshop,1
digitalnotetaking,1
destinationwedding,1
2024bride,1
npte,1
weddingtok,1
dptschool,1
yerbae,1
graduate,1
ipadtips,1
ipadnotes,1
doctorofphysicaltherapy,1
prpackage,1
dissection,1
studytok,1
bachelorette,1
weddinginspo,1
2024wedding,1
goodnotes,1
bridetok,1
weddingday,1
boards,1
medtok,1
bridetobe,1
declutter,1
influenza,1
dollartree,1
decluttering,1
cows,1
h5,1
h5n1,1
bathroom,1
h7,1
hpai,1
homologousstructures,1
digfieldschool,1
hardyweinberg,1
protein,1
mitochondria,1
eukarya,1
highscholl,1
thegreatcladerace,1
analogousstructures,1
quizizz,1
apbiology,1
apbio,1
bottleneckeffect,1
taxonomy,1
archaea,1
classificstion,1
virus,1
scienceeducation,1
theevolutionofgod,1
eatnpark,1
naturalselection,1
lessonplan,1
dinosaur,1
admin,1
paleontology,1
dichotomouschart,1
millennial,1
coffeemugsunday,1
hardyweinbergequation,1
fossil,1
repressor,1
charlesdarwin,1
sciencr,1
cladogram,1
vr,1
mdma,1
syglass,1
fruitfly,1
debunk,1
iq,1
drosophila,1
psychedelics,1
ripped,1
brain,1
factcheck,1
nukacola,1
loidforger,1
purahcosplay,1
purah,1
spyxfamilyyor,1
spyxfamilyloidforger,1
totkpurahcosplay,1
totkpurah,1
loidforgercosplay,1
shadowheart,1
cosplaycraft,1
shadowheartbg3,1
zapthatthirst,1
lozpurah,1
designtok,1
tiktokviews,1
voiceovers,1
viraltiktok,1
fiverrservice,1
200views,1
nysync,1
businesstok,1
ugcfiverr,1
ugccontentcreator,1
bookauthor,1
webdesigner,1
ihiredfiverr,1
entrepreneur,1
memes,1
30under30,1
itsgonnabemay,1
contentcreator,1
fiverrproduct,1
ugc2024,1
forbes,1
ugccreator,1
memestiktok,1
humor,1
webdeveloper,1
voiceoverartist,1
yourhonor,1
voiceoverchallenge,1
topratedseller,1
fiverr,1
justintimberlake,1
fiverrtips,1
proposalvideo,1
200viewjail,1
ugccontent,1
ugc,1
freelancelife,1
videoediting,1
throwback,1
businessowner,1
teleprompterchallenge,1
myspace,1
relatablecontent,1
fiverrseller,1
relatable,1
ugccommunity,1
briefing,1
webdesign,1
entrepreneurtok,1
learntoedit,1
designer,1
fiverrugc,1
humortiktok,1
editing,1
voiceover,1
ugccreators,1
businesstiktok,1
newsanchorchallenge,1
bookclub,1
ugcforbeginners,1
myspacedays,1
ugctips,1
engagement,1
website,1
videoeditor,1
freelancer,1
forbes30under30,1
booktoker,1
freelancehumor,1
design,1
labhack,1
sciencehack,1
smallbusinessowner,1
freelance,1
allergies,1
dna,1
blimptok,1
donkeys,1
whattoplay,1
finditinfortnite,1
epicpartner,1
radiotelescope,1
remotework,1
ncsu,1
fitnessmotivation,1
neurodivergent,1
youngestsibling,1
bestie,1
catsoftiktok,1
siblings,1
gym,1
adhd,1
memorize,1
bgt,1
accidentshappen,1
divorce,1
liveaction,1
hamsterandgretel,1
margaritaville,1
shoebill,1
inflightentertainment,1
gretelgrantgomez,1
ididnotcreatetheminions,1
brandicarlisle,1
bigcitygreens,1
georgelucasshreds,1
phineasandferb,1
sweetchildofmine,1
webby,1
innout,1
disneychannel,1
workplaceantics,1
americanairlines,1
dallasaquarium,1
theminions,1
dadlife,1
genx,1
perrytheplatypus,1
glowsticks,1
doofenshmirtz,1
backwards,1
birthday,1
parody,1
emmynominated,1
prodigy,1
starwars,1
totaleclipse2024,1
doofen,1
familyguy,1
riseoftheshmirtz,1
ambidextrous,1
firstfans,1
annie,1
disneyplus,1
lesserbirdsofparadise,1
doofenshmirtzevilincorporated,1
heartbreak,1
songwriting,1
tomorrow,1
daughters,1
icandoitwithabrokenheart,1
milomurphyslaw,1
bigmacsong,1
flounder,1
dallas,1
davegrohl,1
80stvladies,1
drummer,1
foxtvanimation,1
drummergirl,1
paulmccartney,1
mrpotatohead,1
sydniechristmas,1
jimmybuffet,1
fossils,1
oregon,1
pbseons,1
pterosaur,1
eons,1
brazil,1
premedlife,1
meal,1
liver,1
hungry,1
anki,1
diet,1
liveloveliver,1
goutta,1
morningroutine,1
yes,1
jokes,1
comment,1
medicaldchool,1
60seconds,1
200,1
heart,1
breakup,1
imaging,1
foryiuoage,1
morning,1
friends,1
radiology,1
series,1
taylor,1
learnign,1
chicken,1
cd4,1
espresso,1
nursing,1
nurses,1
strabwerry,1
learning,1
figs,1
howtoloseaguyin10days,1
salad,1
trauma,1
routines,1
resident,1
drinking,1
prep,1
nails,1
medicalschool,1
healthy,1
vein,1
greysanatomy,1
fun,1
coffee,1
vibes,1
swifttok,1
thankyou,1
swiftie,1
ir,1
premed,1
drink,1
hey,1
hello,1
dextrosedaddy,1
mcat,1
surgery,1
school,1
vain,1
stemgirl,1
dayinlife,1
hi,1
hiv,1
or,1
er,1
foryiupage,1
matcha,1
miller,1
umiami,1
medicine,1
eating,1
happy,1
foryouoage,1
uworld,1
salads,1
life,1
dinner,1
slay,1
breakfast,1
aids,1
neuro,1
eat,1
workout,1
shiitake,1
ucsc,1
bananaslugs,1
slimemoldsunday,1
exploratoriumsf,1
slimemold,1
growyourownmushrooms,1
northspore,1
ariolimaxcalifornicus,1
exploratorium,1
inkcap,1
asmrtapping,1
geopyxiscarbonaria,1
wildmushrooms,1
mycology,1
morels,1
bananaslug,1
amanita,1
mollusca,1
pimplepopping,1
mushroomhunter,1
mushroomcultivation,1
sluglove,1
wolfsmilkslimemold,1
pennybun,1
sluglife,1
lorchell,1
sarcosphaeracoronaria,1
amanitamuscaria,1
slugtok,1
morel,1
mushroomhuntingtips,1
morelseason,1
mendocino,1
foragetok,1
clathrusruber,1
blacktrumpets,1
pimplepop,1
carboncups,1
cuteslug,1
oddlysatisfying,1
amanitagemmata,1
mushrooms,1
fungusfriday,1
california,1
fomitopsismounceae,1
porcini,1
ucsantacruz,1
morelrecipe,1
coprinellus,1
wildlifevideos,1
mushroomforaging,1
goslugs,1
cepes,1
naturespimple,1
kingbolete,1
gyromitraesculenta,1
opinel,1
morelhunter,1
poppingasmr,1
ariolimax,1
purplecrowncup,1
myxomycetes,1
carmenopera,1
ascomycota,1
spreadthespore,1
slimemolds,1
mushroomidentification,1
plugspawn,1
lentinulaedodes,1
lycogalaepidendrum,1
mushroomasmr,1
morelmushrooms,1
coltricia,1
morchella,1
porcino,1
tappingasmr,1
foraging,1
cottagecore,1
mushroomedu,1
pimplepopper,1
pimplepoppingvideos,1
logcultivation,1
drpimplepopper,1
foragingtiktok,1
fascinatedbyfungi,1
alanrockefeller,1
redbeltedconk,1
boletusedulis,1
predatorprey,1
bearormaninthewoods,1
polarbears,1
sundayvibe,1
beartok,1
cruelty,1
prey,1
climatedenial,1
nightsky,1
sundayvibes,1
peguin,1
scienceclass,1
bearsoftiktok,1
animalbehavior,1
seacreature,1
ursus,1
misinformation,1
saturdayvibes,1
penguinsoftiktok,1
predator,1
theinternet,1
bearorman,1
bigdipper,1
antiscience,1
orcas,1
lionsoftiktok,1
gross,1
snails,1
dontfeedthetrolls,1
saturdaymood,1
birdtok,1
yuck,1
coyotetok,1
nudibranch,1
predators,1
seaslug,1
evolutionarybiology,1
polarbear,1
conspiracytiktok,1
chickenortheegg,1
orcatok,1
chuckdarwin,1
seahare,1
orca,1
naturetok,1
conspiracytheorytiktok,1
trolls,1
til,1
projection,1
projecting,1
thechickenortheegg,1
sundaymorningvibes,1
bearattack,1
babybirds,1
meme,1
memecut,1
lablife,1
gayscientist,1
sterilize,1
diseaseecologist,1
myofficespace,1
diseaseecologisttiktok,1
wildlifebiologisttiktok,1
chemicals,1
labmanager,1
scientisttiktok,1
standingdesks,1
tiktokshopspringsale,1
sweetfurniture,1
homeoffice,1
lgbtqinstem,1
chappelroan,1
arsenic,1
bonsai,1
app,1
github,1
python,1
weekendproject,1
appdeveloper,1
macbook,1
mlx,1
apple,1
hottake,1
techtok,1
jarvis,1
machinelearning,1
phi3,1
ironman,1
companion,1
opensource,1
ml,1
macmini,1
artificialintelligence,1
artificelintelligence,1
tonystark,1
appstore,1
programming,1
artficialintelligence,1
mac,1
america,1
wesaveus,1
houston,1
charitytiktok,1
boisestate,1
doctok,1
femininecare,1
uidaho,1
doctor?,1
awomanwhoate,1
explainer,1
periodsbelike,1
obgyn,1
birthcontrolpills,1
morningafterpills,1
idahocheck,1
inverted,1
pregnantintexas,1
idaho,1
florida,1
periodtips,1
floridacheck,1
morningafter,1
thisainttexas,1
iud,1
houstontiktok,1
tampon,1
informedconsent,1
birthcontrol,1
beprepared,1
doctorsoftiktok,1
2024,1
letstalkabout,1
texaslife,1
dogood,1
summerseve,1
healthclass,1
baylor,1
houstontx,1
influencer,1
threeforfreedom,1
houstoncommunitycollege,1
blackmaternalhealth,1
part1,1
polls,1
eclipse2024,1
hindex,1
jargon,1
sasquatchsunset,1
extinctanimals,1
creepy,1
whatisthat,1
themoreyouknow,1
javantiger,1
movie,1
jurassicpark,1
bigfoot,1
bleekerstfilmspartner,1
prehistoric,1
naturalhabitat,1
naturalhabitok,1
naturalhabitatshorts,1
trypophobia,1
trypophobiawarning,1
fruit,1
drkarlkruszelnicki,1
drkarl,1
vegetables,1
trypophobiameme,1
trypophobiachallenge,1
stinkyteenagers,1
sciencealert,1
chickens,1
chickensoftiktok,1
chooksofinstagram,1
dogfood,1
dogsofinstagram,1
dogtrainingtricks,1
puppy,1
bsfl,1
bestdecisionever,1
homesteaderhaven,1
dogphotography,1
moomunchesdogtreats,1
freerangechickens,1
freerange,1
chickenfood,1
homesteader,1
supportsmallbusiness,1
freezedriedsalmon,1
dogtraining,1
dogoftheday,1
happydog,1
dogloversoftiktok,1
grubterrareview,1
chickentreats,1
newjersey,1
dogsvideo,1
farmlifeisthebestlife,1
hens,1
crazychickenlady,1
furmom,1
usamade,1
doglovers,1
sustainability,1
doggos,1
ilovemydog,1
urbanchickens,1
backyardflock,1
lookatthis,1
dogmom,1
petlovers,1
chickenkeeping,1
dogtreats,1
grubterrablacksoldierflylarvae,1
sustainable,1
pawsome,1
globalwarmingisreal,1
doggo,1
mealworms,1
chickensofinstagram,1
raisingchickens,1
doglover,1
smallshopsdreambig,1
grubterradogtreats,1
salmonsnackdogtreats,1
hen,1
fightfoodwaste,1
reducereuserecycle,1
backyardchickensofinstagram,1
backyardchickens,1
bullybites,1
petsofinstagram,1
freezedriedbeef,1
homesteadeverafter,1
petchickens,1
bestdeals,1
freerangechickensoftiktok,1
dogstagram,1
dailyfarmlife,1
fatherdaugher,1
chickenfeed,1
simplehappyfarmlife,1
grubterra,1
furmomma,1
pets,1
americanmade,1
petsoftiktok,1
chickencoop,1
chooks,1
farmlifeisbest,1
backyardchickensoftiktok,1
bullybitesdogtreats,1
cutedogs,1
backyardpoultrymag,1
homestead,1
petlover,1
instadog,1
chickenfarm,1
doglife,1
inspo,1
chem,1
photo,1
cicadashell,1
hikingbag,1
insect,1
floral,1
flowers,1
sciencetoys,1
alchemy,1
crystallized,1
photography,1
photoideas,1
bugtok,1
bugplush,1
toys,1
plushie,1
i,1
kidstoys,1
cicadabackpack,1
backpack,1
chemist,1
cicadaplushie,1
crystallove,1
glow,1
crystals,1
standwithblackwomen,1
joelbervell,1
canceralley,1
sponsored,1
getclinicalwhite,1
bansoffmybody,1
standwitharizonawomen,1
worldimmunizationweek,1
gilletteskinguard,1
protectourearth,1
medicalmythbuster,1
nowincewhitening,1
medfluencer,1
endpolio,1
rotaryinternational,1
kellyclarksonshow,1
gillettepartner,1
neutrogenapartner,1
reproductivejustice,1
sensodyneclinicalwhite,1
fableticsambassador,1
neubff,1
ted2024,1
racialbiasinmedicine,1
kellyclarkson,1
familyfun,1
kidsfun,1
manedwolf,1
tortoise,1
jaguar,1
funforkids,1
wolves,1
lazyriver,1
asmreating,1
kidsactivities,1
birthdayparty,1
familyfuntime,1
activitiesforkids,1
audubonzoo,1
cuteanimalsoftiktok,1
tenrec,1
gophertortoise,1
snacktime,1
neworleans,1
jaguars,1
audubonaquarium,1
playtimefun,1
snackbreak,1
penguins,1
cuteanimal,1
hog,1
tortoisesoftiktok,1
redriverhog,1
pigsoftiktok,1
sloths,1
redfootedtortoise,1
nowyouknow,1
babychicks,1
americasfavoriteteacher,1
stemtok,1
air,1
candling,1
northcarolina,1
hatching,1
charlotte,1
embryology,1
exercise,1
skit,1
otter,1
crocodile,1
reptile,1
dolphin,1
learnontikok,1
whale,1
moreyouknow,1
stingray,1
wtf,1
laugh,1
bee,1
marinebiology,1
pufferfish,1
opossum,1
parks,1
phdnd,1
dnd,1
neoboards,1
neopets,1
dungeonsanddragons,1
friendsofthelibrary,1
naturewalks,1
volunteer,1
snailjoke,1
snailtok,1
naturalhistorymuseum,1
molluskmonday,1
jammiedodger,1
cocacola,1
southern,1
britishsnacks,1
appalachia,1
ballinbucknaked,1
thesouth,1
drpepper,1
masters,1
nope,1
webbyaward,1
spf,1
webbys,1
austintexas,1
stemloft,1
stembesties,1
mirandacosgrove,1
totality,1
puremaths,1
woodchuck,1
missionunstoppabletv,1
groundhog,1
whistlepig,1
artist,1
metalart,1
tools,1
deadpool,1
carving,1
painting,1
deadpoolandwolverine,1
forging,1
miniature,1
metalcarving,1
tool,1
miniatureart,1
thanos,1
knife,1
steelcarving,1
bowieknife,1
avengers,1
metalsmith,1
woodcarving,1
thor,1
bowie,1
sandiegozoo,1
tiger,1
positivequotes,1
junglejordan,1
eggplant,1
zookeeper,1
michaeljordan,1
scratch,1
millennialsoftiktok,1
momsoftiktok,1
dayinmylife,1
jewelryorganization,1
organizationtok,1
traveltiktok,1
officehumor,1
carsoftiktok,1
organizingtiktok,1
summer,1
bathroomorganization,1
organizationhacks,1
medicinecabinetmakeover,1
shoeorganization,1
dayinthelife,1
getorganized,1
showerorganization,1
shoeorganizer,1
momtok,1
momsontiktok,1
kidsorganization,1
purseorganization,1
officeorganization,1
tips,1
coffeestation,1
nytimesbestseller,1
ditl,1
thehomeedit,1
corporatelife,1
springcleaning,1
getorganizedwiththehomeedit,1
swimsuitorganization,1
jewelrytok,1
closetorganization,1
homehacks,1
spring,1
sanofichcpartner,1
officetok,1
cordorganization,1
kidsoftiktok,1
travelmusthaves,1
beforeandafter,1
coffeetok,1
momlife,1
savechandra,1
electromagnet,1
letusknow,1
goldplaybutton,1
dodgeball,1
trick,1
comments,1
acetic,1
catapult,1
drop,1
youtubeawards,1
spangler,1
1million,1
acid,1
mystery,1
youtubechannel,1
turtlesallthewaydown,1
egypt,1
roadblock,1
omanrise,1
adventureseries,1
modernmirage,1
continental,1
unchartedroutes,1
yemencrisis,1
mapmagic,1
irishhistory,1
bankrupt,1
middleclasseconomics,1
historymeetsfuture,1
connection,1
newcapitalegypt,1
unsolvedmysteries,1
famine,1
economic,1
geopolitics,1
roaduntraveled,1
portugalplans,1
panamericanhighway,1
stayinformed,1
ireland,1
argentina,1
growthspurt,1
population,1
britishhistory,1
dariengapmystery,1
newcapital,1
irelandtiktok,1
historyunveiled,1
mirage,1
globalawareness,1
adventureawaits,1
neverforget,1
potatopower,1
northernterritory,1
bedtimeprocrastination,1
tired,1
taichi,1
rest,1
sleep,1
takeabreak,1
shamimabegum,1
catchmeifyoucan,1
england,1
thabobester,1
colorado,1
kimjongnam,1
denalibrehmer,1
truecrime,1
kansas,1
syria,1
staceycastor,1
southafrica,1
memphis,1
menendezbrothers,1
balloonboy,1
northkorea,1
beverlyhills,1
karenmatthews,1
blackmail,1
malaysia,1
frankabagnale,1
indonesia,1
airbnb,1
shannonmatthews,1
melbourne,1
blackwidow,1
ftcollins,1
taylorparker,1
menendezcase,1
nasim,1
burundi,1
noelarokundo,1
future,1
environment,1
regenerativeagriculture,1
picturetoburn,1
ofcourse,1
dream,1
childhood,1
bff,1
soldejaniero,1
why,1
thetourturedpoetsdepartment,1
irealizedyouloveyourself,1
ok,1
ididntgetmyperfectfantesy,1
mybaby,1
sure,1
skincareroutine,1
skincare,1
anything,1
sprays,1
statetheobvious,1
ts,1
macandmilo,1
girl,1
casetok,1
casetifypartner,1
lunchideas,1
hostbydisney,1
transition,1
coachellaoutfit,1
bentobox,1
letsmakesomelunchformykids,1
pixarinspired,1
ourapartner,1
ouraring,1
cocomeloncanhelp,1
trend,1
cookbook,1
rosedumplings,1
outfit,1
bento,1
relateable,1
lunchtime,1
mom,1
cocomelon,1
letsmakelunchformykids,1
dumplings,1
carsland,1
momdaughter,1
whatdoyouwanttoeat,1
fitcheck,1
sulheejessica,1
letsmakesomelunch,1
musicfestival,1
hair,1
oura,1
disneyparks,1
coachella,1
kungfupandalunch,1
KungFuPanda4,1
coachella2024,1
ratedpg,1
smartwatch,1
event,1
dogcompetition,1
optic,1
applewatch,1
stevemould,1
magnets,1
ringsofpower,1
experiment,1
rope,1
lotr,1
fire,1
dogshow,1
funscience,1
golfball,1
mirror,1
garmin,1
interestingthings,1
smoke,1
theory,1
interesting,1
londonevent,1
swing,1
tiktokmademebuyit,1
clean,1
baseus,1
lopwertloves,1
lopwert,1
meoky,1
plouise,1
gifted,1
beauty,1
spotlight,1
infinitygardenproject,1
containergarden,1
infinitygarden,1
urbangarden,1
growyourownfood,1
xmen,1
bonnietyler,1
lunar,1
russia,1
90sthrowback,1
earth,1
geography,1
epic,1
diving,1
wow,1
panama,1
galapagosislands,1
90s,1
drakepassage,1
uk,1
climate,1
weird,1
island,1
deep,1
1yearago,1
world,1
panamacanal,1
bird,1
submarine,1
info,1
galapagos,1
90skids,1
solar,1
fact,1
map,1
view,1
rock,1
antarctica,1
fly,1
volcanic,1
sea,1
flying,1
00s,1
geology,1
silly,1
expedition,1
mapfacts,1
volcano,1
worldpenguinday,1
iykyk,1
maps,1
active,1
solarsystem,1
dive,1
reef,1
dailyfacts,1
real,1
moon,1
childrensbook,1
womeninengineering,1
kidsbooks,1
helpme,1
author,1
sciencefacts,1
debunked,1
interstellar,1
nasa,1
flatearth,1
astrotok,1
timetravel,1
baking,1
seasonalproduce,1
greekish,1
cakedecorating,1
goodeggs,1
londonhiddengems,1
cake,1
hiddenlondon,1
recipe,1
cityguide,1
cookbooks,1
illbringdessert,1
asparagus,1
benjaminaebuehi,1
greekfood,1
otkrecommends,1
asteroid,1
twitchstreamer,1
rocktok,1
animaux,1
renard,1
voyage,1
weather,1
nocap,1
mothers,1
fypage,1
fypシ゚viral,1
standup,1
oppressionolympics,1
women,1
muslimtiktok,1
muslimah,1
muslim,1
president,1
politics,1
2000snostalgia,1
applyingtocollege,1
early2000s,1
visitmuseums,1
fivenightsatfreddys,1
watcherentertainment,1
weatherreport,1
piano,1
collegetok,1
colliesoftiktok,1
webbcitycardinals,1
movietrivia,1
fnaf,1
joplinmo,1
gradstudentlife,1
universities,1
voiceactorquiz,1
kansascity,1
kansascitymo,1
artmuseumtiktok,1
teachingassistants,1
triviaduet,1
campustour,1
tvcommercials,1
sicitaliancategories,1
phdlife,1
cartoonsquiz,1
sadiethecollie,1
youtubeislife,1
funnyyoutubevideo,1
triviatiktok,1
quizchallenge,1
animatedcharacter,1
academicbowl,1
localnews,1
waltenfiles,1
gradschoollife,1
groomsman,1
freedomofspeech,1
artstuff,1
ustrivia,1
ihatethiscommercial,1
educatorsoftiktok,1
academiatiktok,1
gradschoolproblems,1
fypツ,1
watchingsports,1
votethemout,1
tiktokviral,1
videogamemusic,1
zeekyboogydoog,1
graduateschoollife,1
commercial,1
triviatok,1
meteorologytiktok,1
quiztok,1
dementedcartoonmovie,1
generalknowledgequiz,1
arttrivia,1
academictiktok,1
joplin,1
ghostfiles,1
educationpolicy,1
duetwithme,1
annoyingtv,1
weathertok,1
uspresidents,1
musictrivia,1
2000sthrowback,1
phdstudentlife,1
musicquiz,1
politicaltiktok,1
creepytok,1
professor,1
duetthis,1
webbcitymo,1
mikemaddenwx,1
educationtiktok,1
atmosphericscience,1
potus,1
tiredofit,1
university,1
animationtiktok,1
applecommercial,1
historytriviaquiz,1
turnitoff,1
phdproblems,1
triviatime,1
neilpatrickharris,1
2000sinternet,1
celebritynews,1
goingtocollege,1
knowledgequiz,1
sarcoxiemo,1
callcongress,1
kode,1
collie,1
fourstateshomepage,1
chuckecheeses,1
annoying,1
climatescience,1
politicstiktok,1
quiztiktok,1
collegestruggles,1
usatrivia,1
albinoblacksheep,1
gradstudentunions,1
southwestmissouri,1
ihatethis,1
cartoontiktok,1
cardinals,1
campustours,1
atmosphericchemistry,1
artists,1
adjunctprofessor,1
gradstudentproblems,1
quizzes,1
southwestmo,1
joplinmissouri,1
politicstok,1
fourstatessports,1
artistquiz,1
politician,1
sportsfan,1
ushistory,1
museums,1
celebrities,1
presidentsoftheunitedstates,1
ushistorytrivia,1
meteorologist,1
generalknowledge,1
museumtiktok,1
cartoontrivia,1
prospectivestudent,1
historytrivia,1
cloudseeding,1
gradschooltiktok,1
cardinal,1
artchallenge,1
weathermodification,1
dontletmego,1
flashanimation,1
scipol,1
watcher,1
webbcitysoccer,1
wxtiktok,1
historytok,1
politicsquiz,1
koam,1
fivenightsatfreddy,1
videogamepiano,1
nelsonatkins,1
cartoonquiz,1
quiztime,1
artquestions,1
artquiz,1
analoghorror,1
fourstatesweather,1
musictok,1
politiciansoftiktok,1
musichistory,1
artmuseum,1
teachingassistantlife,1
presidents,1
quizgame,1
fourstates,1
academicsoftiktok,1
tvquiz,1
northeastoklahoma,1
commercials,1
ancientinternetreference,1
adjunctlife,1
drmikemadden,1
musicians,1
drmadden,1
2000s,1
quiz,1
amywinehouse,1
scholarbowl,1
politicaljunkie,1
knowledgebowl,1
northwestarkansas,1
climatescientist,1
chuckecheese,1
museum,1
musiciansoftiktok,1
voiceactors,1
graduateschool,1
professorsoftiktok,1
americanpolitics,1
gradstudentunion,1
collies,1
collegestudents,1
tvcommercial,1
kansascitymissouri,1
colliedog,1
highereducationtiktok,1
ksnf,1
sportstok,1
animationtrivia,1
universitylife,1
triviaquestions,1
tvtrivia,1
wxreport,1
highereducation,1
metroid,1
triviagame,1
metroidnes,1
scienceiscool,1
whereisjackwalten,1
musiciansquiz,1
phdtok,1
webbcity,1
animatedcharacters,1
gradstudentsoftiktok,1
voiceactor,1
scientistsoftiktok,1
savetiktok,1
colleges,1
quizbowl,1
nelsonatkinsmuseumofart,1
museumofart,1
politicians,1
highered,1
relax,1
arttok,1
meteorologistsoftiktok,1
fourstatesmo,1
southeastkansas,1
sciencenews,1
musictrivianight,1
happysaturday,1
waltenfilestiktok,1
arthistorytiktok,1
webbcitymissouri,1
atmosphericscientist,1
sciencepolicy,1
sportstiktok,1
missouriweather,1
mowx,1
gothykendoll,1
lagrandedame,1
mayhemmiller,1
ukvstheworld,1
tiakofi,1
chorizamay,1
arantxacastillalamancha,1
marinasummers,1
dragraceuk,1
philippines,1
spain,1
valencia,1
dragrace,1
scarletenvy,1
hannaconda,1
dentistswouldbepissed,1
sternzeichen,1
deutschamarbeitsplatz,1
büro,1
businessgerman,1
germancourse,1
horoscope,1
holiday,1
prüfungsvorbereitung,1
prüfungsangst,1
deutschonline,1
germanschool,1
typischdeutsch,1
urlaub,1
germanlanguage,1
zodiacsign,1
germanonline,1
hotel,1
deutschlernen,1
vacationmode,1
prüfung,1
büroalltag,1
arbeit,1
horoskop,1
goetheinstitut,1
deutschkurs,1
zertifikat,1
learngerman,1
germanteacher,1
reise,1
german,1
