Hashtag,Frequency
fyp,14
greenscreen,7
earthday,6
stitch,5
foryou,5
motivation,5
ecofriendly,4
fypシ,4
onthisday,4
solotravel,3
recycle,3
vegan,3
vegetarian,3
sustainable,3
sustainability,3
ad,3
viral,3
newmusic,3
trending,3
smallbusiness,3
explore,3
traveltiktok,3
veganrecipes,3
travel,3
traveltips,3
bigoil,2
internationaltravel,2
tesla,2
gradschool,2
environmentalist,2
thrifting,2
plantbased,2
reuse,2
earthmonth,2
sustainablefashion,2
sustainablelifestyle,2
nature,2
gardening,2
climateaction,2
refill,2
climatechange,2
comedy,2
indigenous,2
nfl,2
inspo,2
fyppppppppppppppppppppppp,2
trendingsong,2
bts,2
money,2
mindsetshift,2
undergroundartist,2
inspirational,2
dc,2
storytime,2
solareclipse,2
natural,2
greenscreenvideo,2
scubadiving,2
scuba,2
freepalestine,2
rnb,2
blacktiktok,2
funny,2
drake,2
kendricklamar,2
travelvlog,2
easyrecipes,2
duet,2
travelhacks,2
travellife,2
hairtok,2
plasticfree,2
beforeandafter,2
cleanhaircare,2
cooking,2
shampoo,2
earthday2024,2
anthropology,1
passportmakeup,1
gradschoollife,1
hiking,1
phdprogram,1
plasticstreaty,1
sushi,1
cybertruck,1
travelmakeup,1
bigplastic,1
plasticpollutes,1
gloup,1
phdstudent,1
coffee,1
breakfreefromplastic,1
unplasticstreaty,1
plasticpollution,1
earthdaycelebration,1
passportphotomakeup,1
passportphoto,1
jojosiwa,1
toxicplastics,1
motherearth,1
america,1
climatedoomism,1
climateandgender,1
housing,1
costofliving,1
groceries,1
chevron,1
radicaljoy,1
slowfashion,1
ravefashion,1
treequity,1
doomism,1
secondnatureearth,1
ecoanxiety,1
brandyhellville,1
individualaction,1
secondnature,1
shell,1
vox,1
upcycle,1
sustainablefuture,1
microtrends,1
costofgrocieries,1
fossilfuels,1
climateoptimism,1
intersectionalenvironmentalist,1
intersectionality,1
fastfashion,1
corporategreed,1
erastour,1
highspeedrail,1
renaissancetour,1
secondnaturepodcast,1
bp,1
climateanxiety,1
ecomemes,1
ultrafastfashion,1
festivalfashion,1
climatecrisis,1
walkablecities,1
greenwashing,1
climatesolutions,1
foodwaste,1
makepolluterspay,1
consumerism,1
corporateaccountability,1
shopsecondhand,1
accountability,1
antigolf,1
collectiveaction,1
reduce,1
overconsumption,1
commons,1
exxonmobil,1
buynothing,1
shein,1
garmentworkers,1
hottake,1
fossilfuel,1
feminism,1
bigcorporations,1
composting,1
brandymelville,1
climateactivism,1
techemissions,1
comic,1
ethicallabor,1
brandymelvilledocumentary,1
publictransit,1
newpodcast,1
repair,1
compost,1
stanleycups,1
renewableenergy,1
ecomeme,1
coachella,1
secondhand,1
walkability,1
gendergap,1
commonsearth,1
sustainabilitypodcast,1
trendcycle,1
intersectionalfeminism,1
reducefoodwaste,1
mend,1
sustainableliving,1
carbonfootprint,1
data,1
climatepractice,1
planetoverprofit,1
ai,1
meatsubstitutes,1
climatecommunity,1
chasebank,1
peopleoverprofit,1
cardepedency,1
waste,1
cardependency,1
foodwastepreventionweek,1
datacenters,1
hbo,1
nativeamerican,1
chiefs,1
writersoftiktok,1
spiritrangers,1
jokes,1
education,1
writer,1
rugrats,1
writing,1
comedian,1
teacher,1
indigenoustiktok,1
nativetiktok,1
theorganicskinco,1
calendulacleansingoil,1
glassskin,1
affordableskincare,1
iunikcleansingoil,1
iunikskincare,1
iunik,1
beginnerskincare,1
pumaeasyrider,1
studio,1
fypp,1
themanifestway,1
upcomjngartist,1
dreamer,1
for,1
club,1
quoteoftheday,1
minimart,1
morningmotivation,1
self,1
hype,1
goodmorning,1
pov,1
la,1
bigstunts,1
future,1
relatable,1
turnt,1
lryics,1
upcomingartists,1
dream,1
fanbase,1
morningroutine,1
bars,1
undergroundmusic,1
rap,1
discovery,1
upcomingartist,1
upcomingrapper,1
rooftop,1
nocap,1
xybca,1
unreleased,1
mynameis,1
songs,1
acapella,1
supporters,1
artist,1
car,1
wokeupsexy,1
music,1
landscape,1
whatsnext,1
lyrics,1
snippet,1
fypシ゚viral,1
meaning,1
carmusic,1
community,1
challenge,1
transition,1
manifest,1
losangeles,1
freestyle,1
reminder,1
thought,1
day1,1
painmusic,1
sajaad,1
hunxho,1
lightscameraplastic,1
thespiderwickchronicles,1
treehugger,1
protectourlandscapes,1
shaving,1
singlebladerazor,1
capcut,1
safetyrazor,1
shavingtips,1
womensrazor,1
1bladerazor,1
luxurylifestyle,1
oneblade,1
fypツ,1
youneedthis,1
symphony,1
christiansoftiktok,1
hope,1
trendingnow,1
hopecore,1
babyblue,1
jobs,1
bibleverse,1
christianitytiktok,1
work,1
career,1
christiantok,1
faith,1
jesus,1
christiantiktok,1
drinkingvinegar,1
foragingtiktok,1
linderafarms,1
knotweed,1
foragedrecipes,1
invasiveforaging,1
foraging,1
shenandoahcola,1
mushroomauntie,1
emailmarketing,1
yotpo,1
smsmarketing,1
dairyfreesnacks,1
chicago,1
marketing,1
doms,1
ecommerce,1
yotpopartner,1
foxtrotmarket,1
glutenfreesnacks,1
phd,1
diving,1
pressroom,1
bugtok,1
savannah,1
tour,1
firstaid,1
burns,1
careeradvice,1
protien,1
bestdayever,1
savealife,1
franzia,1
entomology,1
cport,1
heartattack,1
art,1
fvsu,1
whitehousetour,1
anatomy,1
roaches,1
proverbs,1
blackgirl,1
fypage,1
xyzabc,1
naturalhair,1
pennstate,1
advice,1
912,1
mermaid,1
mexico,1
drbugbae,1
president,1
famu,1
bugs,1
blackwomenphds,1
jobtips,1
whitehouse,1
jobtok,1
college,1
action,1
vision,1
blackgirlmagic,1
blackhair,1
satin,1
scientist,1
protiensnack,1
phdlife,1
nationalgalleryofart,1
business,1
blackgirltiktok,1
freestudyguides,1
pitchcompetition,1
hairtips,1
greedy,1
brownskingirl,1
hbculife,1
women,1
entomologist,1
funding,1
pitch,1
trendingsound,1
study,1
hauntedtiktok,1
collegetok,1
givingup,1
shipwreck,1
owner,1
jobhunting,1
momsoftiktok,1
emergency,1
diver,1
eeob,1
anatomyandphysiology,1
hbcu,1
onthego,1
scubatiktok,1
blackdiver,1
blackscubadivers,1
dadsoftiktok,1
stroke,1
studyguides,1
twenties,1
free,1
stem,1
healthy,1
abcxyz,1
trailmix,1
degree,1
grants,1
rollerset,1
vietnamwar,1
socialisttiktok,1
blackhistory,1
northafricantiktok,1
hiddenhistory,1
blackcommunitytiktok,1
culturalappropriation,1
genzhistorian,1
peabodyawards,1
arabtiktok,1
blackpantherparty,1
dabke,1
spanishhistory,1
whitewashing,1
freepalestine🇵🇸❤️,1
kahlilgibran,1
arabamericanheritagemonth,1
blackwashing,1
monkeymanmovie,1
albumreview,1
frontierairlines,1
fashion,1
streaming,1
kendricklamardiss,1
mensfashion,1
outfitinspo,1
torturedpoetsdepartment,1
thehalfadayshow🕛,1
monkeyman,1
blerd,1
dukedennisthehalfadayshow🕛,1
howtostyle,1
personalstyle,1
moviereviews,1
brunch,1
vlog,1
springoutfits,1
mensstreetwear,1
homestudio,1
cowboycarter,1
clothinghaul,1
culturalcommentary,1
uniqlo,1
forlaughs,1
clothingreview,1
podcast,1
babyfaceray,1
interview,1
beyonce,1
streetwear,1
disney,1
goals,1
blackpodcast,1
taylorswift,1
brentfaiyaz,1
hiphop,1
industryplant,1
fashiontiktok,1
mensstreetstyle,1
travisscott,1
kaicenat,1
anime,1
contentcreators,1
mensfashiontips,1
kanyewest,1
milliondollarbaby,1
tommyrichman,1
talkshow,1
grwm,1
streamer,1
moviereview,1
bookish,1
librarytiktok,1
rosiegreer,1
momsover30,1
bookrec,1
parentinghacks,1
baltimoreaccent,1
fairytale,1
fantasybooktok,1
booktok,1
worldbookday,1
childhood,1
ryanreynolds,1
growingup,1
nighttimeroutine,1
nostalgia,1
cinematic,1
books,1
read,1
crochet,1
childrensbooks,1
parents,1
bedtime,1
inspirationalvideo,1
motivationalquote,1
mentalhealth,1
dessert,1
inspire,1
montereybay,1
emotionalregulation,1
pointlobos,1
emotions,1
perkinspark,1
parentingtips,1
california,1
chocolate,1
growthmindset,1
peoplepleasing,1
healing,1
mentalillness,1
monterey,1
healingjourney,1
adayinmylife,1
mentalhealthmatters,1
selflove,1
selfreflection,1
growth,1
dietculture,1
santacruzcalifornia,1
mentalhealthaction,1
tiktokfood,1
motivationalvideo,1
santacruz,1
peoplepleaser,1
anger,1
inspirationalquotes,1
traveltok,1
boundaries,1
mindsetmotivation,1
dailymotivation,1
mindset,1
mentalhealthawareness,1
selflovejourney,1
eclipse2024,1
eclipse,1
soundcloud,1
rexevans,1
musiclife,1
newmusicfriday,1
r3d,1
undiscoveredartist,1
indyartist,1
musiclovers,1
musiclover,1
musicloversonly,1
spotify,1
applemusic,1
unreleasedmusic,1
cats,1
pettreats,1
obesity,1
catlady,1
giraffes,1
funnyanimals,1
frenchbulldog,1
freshfood,1
doglover,1
animalvideos,1
cattok,1
dogs,1
catsontiktok,1
kibblefeddogs,1
cheetahs,1
dogmom,1
petparents,1
pettok,1
cattips,1
catlover,1
caturinaryhealth,1
kibble,1
doghealth,1
dogfoodhacks,1
pettips,1
csection,1
dogfood,1
dryfood,1
veterinary,1
dogtok,1
catfoodtips,1
vetmed,1
catfood,1
wetfood,1
closecall,1
petsoftiktok,1
vet,1
vettok,1
dognutrition,1
catsoftiktok,1
cheetah,1
veterinarymedicine,1
nutritiontips,1
vetnurse,1
frenchiesoftiktok,1
pethealth,1
kibbletoppers,1
puppies,1
cathealth,1
veterinarian,1
kibbleboosters,1
dogdad,1
petnutrition,1
frenchie,1
catnutrition,1
nutrition,1
petfood,1
flutd,1
dogsoftiktok,1
bigcat,1
softlifestyle,1
manifesting,1
locationindependent,1
mykonosgreece,1
entrepreneurship,1
bordeaux,1
digitalnomadgirls,1
bordeauxfood,1
drivingabroad,1
blacktravelblogger,1
portugal,1
travelabroad,1
rosettastonepartner,1
blackabroad,1
travelportugal,1
familytravel,1
digitalnomadlife,1
rosettastone,1
grouptrip,1
leavingtheusa,1
travelmom,1
expatlife,1
americanabroad,1
traveltipsandhacks,1
aaa,1
egambassador,1
blacktravel,1
blackdigitalnomad,1
digitalnomadlifestyle,1
francetiktok,1
livinginfrance,1
livingineurope,1
france,1
greecetravel,1
worldschooling,1
internationaldriverslicense,1
fulltimetravelfamily,1
websitebuilder,1
europetrip,1
traveltoeurope,1
travelfamily,1
fulltimetravel,1
blaxit,1
travelgreece,1
digitalnomadgirl,1
movingabroad,1
digitalnomad,1
mykonos,1
livingabroad,1
digitalnomads,1
europelife,1
digitalnomadfamily,1
worldschoolfamily,1
movetoportugal,1
nomadicliving,1
europevsusa,1
parisfrance,1
greece,1
familytavel,1
nowwerevoyaging,1
vrbo,1
vacationrental,1
europetravel,1
websitedesign,1
blacktravelfeed,1
francetravel,1
livingabroadlife,1
youllbefine,1
blackexodus,1
blackexpat,1
soliddishsoap,1
refillshop,1
packagefreeshop,1
plasticfreeswap,1
reducewaste,1
sustainablehome,1
ecofriendlyproducts🌿,1
reducewaste♻️,1
minimalwaste,1
sustainableswaps,1
ecofriendlyproduct,1
reducewastenow,1
plasticfreeshopping,1
ecofriendlyhome,1
bulkshopping,1
minimalwasteliving,1
dishsoap,1
sustainablealternatives,1
plasticfreeliving,1
zerowasteshop,1
plasticfreeshop,1
bulkstore,1
refillshopping,1
ecofriendlyliving,1
roadwaymoving,1
atlanta,1
thrift,1
reseller,1
linebacker,1
bamadebayo,1
domantassabonis,1
cordarrellepatterson,1
dangelorussell,1
jamalmurray,1
anthonydavis,1
alexhighsmith,1
nbaplayoffs,1
lakers,1
kevindurant,1
austinreaves,1
bradleybeal,1
courtlandsutton,1
paytonwilson,1
karlanthonytowns,1
aarongordon,1
rudygobert,1
antoniobrown,1
steelersnation,1
widereciever,1
pghjay,1
dallasmavericks,1
omarkhan,1
steelers,1
cjstroud,1
nfldraft2024,1
pittsburghsteelers,1
nflfootball,1
phoenixsuns,1
devinbooker,1
michiganfootball,1
nba,1
miketomlin,1
micahparsons,1
losangekeslakers,1
stephcurry,1
nfldraft,1
nfceast,1
klaythompson,1
victorwembanyama,1
draymondgreen,1
lebron,1
michaelporterjr,1
kyrieirving,1
romanwilson,1
goldenstatewarriors,1
losangeleslakers,1
steelersfootball,1
sacramentokings,1
deaaronfox,1
nbabasketball,1
keeganmurray,1
dallascowboys,1
anthonyedwards,1
denvernuggets,1
deebosamuel,1
troyfautanu,1
zachfrazier,1
ruihachimura,1
brandonaiyuk,1
nikolajokic,1
basketball,1
minnesotatimberwolves,1
native,1
funonweekdays,1
graduationseason,1
wilmingtonnc,1
graduationpictures,1
postgrad,1
dayinmylife,1
utk,1
northcarolina,1
graduate,1
fridaynight,1
diml,1
beachtown,1
5to9afterthe9to5,1
sunrise,1
gradpics,1
beachlife,1
run,1
wrightsvillebeach,1
5to9before9to5,1
zai,1
ontour,1
googoodolls,1
arizonazervas,1
live,1
iris,1
austinawake,1
zai1k,1
pathtoselfexpression,1
zebrapenpartner,1
zebrapensweepstakes,1
singersongwriter,1
presave,1
notmyself,1
movie,1
oldme,1
timelessfashion,1
londonguide,1
thrifthaul,1
slowfashionrevolution,1
secondhandfirst,1
hairstyle,1
sustainablestyle,1
thriftlove,1
hairshave,1
hairtutorial,1
whomademyclothes,1
themainemayfair,1
mindfulconsumption,1
hairstyletutorial,1
buzzcutgirl,1
themaine,1
buzzcut,1
sustainablewear,1
modernvintage,1
themainedxb,1
mlb,1
baseball,1
skimspartner,1
vegas,1
tsa,1
hotelroom,1
airport,1
solotraveltips,1
boston,1
toronto,1
doordash,1
allbirds,1
matchingset,1
airportsecurity,1
allbirdspartner,1
meanwhileinvegas,1
airportoutfit,1
photographersoftiktok,1
blackphotographers,1
atlantaphotographer,1
earthnews,1
sustainablecompany,1
earthdaysale,1
womenownedsmallbusiness,1
refillable,1
photoshoot,1
sustainableswap,1
reusable,1
cherryscent,1
plasticfreepackaging,1
vanilla,1
shampooandconditioner,1
sustainablebusiness,1
refillableshampoo,1
carbonneutral,1
haircare,1
skincareroutine,1
lavender,1
stylinggel,1
newproduct,1
haircareroutine,1
refillablehaircare,1
skincare,1
productlaunch,1
recipe,1
womenownedbusiness,1
sustainablepackaging,1
sustainableproducts,1
circulareconomy,1
hairproducts,1
skinproducts,1
savetheplanet,1
vegetarianrecipe,1
euphoria,1
kendrickdiss,1
drakediss,1
instafood,1
tasteexplosion,1
flavoradventure,1
foodinsta,1
bynaturefood,1
vegansandwiche,1
foodaesthetic,1
veganfood,1
flavorjourney,1
yummy,1
healthyfood,1
goodvibes,1
plantbasedfood,1
nycvegan,1
healthyrecipes,1
caribbeanfood,1
foodblogger,1
foodporn,1
food,1
vegancarribean,1
easyveganrecipes,1
londonvegan,1
foodies,1
plantbasedrecipes,1
bynaturefoods,1
fruittrees,1
mentoring,1
slowpitchjigging,1
potato,1
malanga,1
marigolds,1
exoticfruit,1
organicpestcontrol,1
seedlings,1
salsa,1
starapple,1
fishing,1
organicgardening,1
tomato,1
peppers,1
drytortugas,1
snapper,1
tomatoplants,1
tomatoes,1
plantpropagation,1
seeds,1
bananas,1
grafting,1
pineapple,1
birdwatching,1
pineappleplant,1
naturalgardening,1
tomatosauce,1
bananatree,1
naturalpestcontrol,1
gardeningtip,1
carrot,1
bananaharvest,1
communitygarden,1
growingpineapple,1
shimanofishing,1
airlayeringpropogation,1
mangotree,1
snapperfishing,1
weightloss,1
banana,1
airlayer,1
orlando,1
permaculturelife,1
gardeninghacks,1
organicfertilizer,1
growyourownfood,1
companionplanting,1
peaches,1
graftingtechniques,1
groundprovision,1
fishfertilizer,1
foodforest,1
deepseafishing,1
pomato,1
lakeeola,1
gardeningtips,1
soca,1
andrethefarmer,1
blueheron,1
okra,1
floridakeys,1
frontyardplants,1
rarefruit,1
gardeningtiktok,1
seaspirit,1
offshorefishing,1
gardentok,1
mango,1
bananaplant,1
jumptheory,1
ispiration,1
cardio,1
jumprope,1
skippingrope,1
spacex,1
sun,1
delusional,1
moon,1
reset,1
congolaise🇨🇩,1
humanthings,1
patricelumumba,1
unitednationofislam,1
iphone,1
donate,1
elonmusk,1
revolution,1
racism,1
raleigh,1
humansbeinghuman,1
linkinmybio,1
gerrymandering,1
environmentaljustice,1
mixedmediaart,1
silentgenocide,1
savecongo🇨🇩,1
history,1
freecongo🇨🇩,1
vote,1
freecuba,1
manifest?,1
tech,1
love,1
cobalt,1
climatejustice,1
zillennial,1
congo,1
racismawareness,1
localelectionsmatter,1
nc,1
peoplepowered,1
panafricanism,1
voting,1
blm,1
liberation,1
portland,1
bigtech,1
rest,1
peoplecore,1
htx,1
congofriends,1
displacement,1
🇨🇩,1
humanrights,1
richmondva,1
mining,1
atx,1
environmentaldegradation,1
drc,1
antiblackracism,1
apple,1
kinshasa🇨🇩,1
or,1
peace,1
conflictminerals,1
nyc,1
un,1
fyyp,1
thingstodo,1
solotravels,1
trip,1
traveler,1
vacay,1
travelscenery,1
vacationmode,1
makingmemories,1
roadtrip,1
travelinspiration,1
adventure,1
hotel,1
hotels,1
takemeback,1
vacation,1
adventureawaits,1
paradise,1
oralcare,1
tubekey,1
elevateyoureveryday,1
nanohydroxyapatite,1
oralhealth,1
hydroxyapatite,1
crueltyfree,1
davidspremiumtoothpaste,1
whitening,1
relationship,1
relationshipblogger,1
relationshipcoachesoftiktok,1
relationshipmistakesr,1
relationshipsbelike,1
relationshipcoach101,1
relationshipcoach101r,1
relationshipmistakes,1
relationshipissuesr,1
relationshipexpert,1
relationshiptherapy,1
relationshiptherapyr,1
relationshipcoachingforcouples,1
relationshipcoachforwomenr,1
relationship_goalsr,1
relationshipcoachesoftiktokr,1
relationshipcounselling,1
relationshiphelp,1
r,1
relationshipbloggerr,1
relationshipissues,1
relationshiptalkr,1
relationships101,1
relationshipmentor,1
relationshiptalk,1
relationshipcoach,1
lowlowprime,1
relationship_goals,1
relationshipcoachr,1
relationshipcoachesr,1
relationshipexpertlowlowprime,1
relationshipcoachlifer,1
relationshipexpertandspiritualist,1
relationshipcoachingforcouplesr,1
relationshipcoaches,1
relationships101r,1
relationshipcoachlife,1
relationshipcoachingr,1
relationshiphelpr,1
relationshipmentorr,1
relationshipcoaching,1
relationshipcoachforwomen,1
relationshipsbeliker,1
relationshipcounsellingr,1
rezlife,1
lakota,1
miccosukee,1
taino,1
seminole,1
belegendary,1
nawa,1
prayerwalk,1
americanindianmovement,1
miccosukeeindianvillage,1
pantherclan,1
protectwhatyoulove,1
internationalbigmammaday,1
maximalistinteriors,1
blackart,1
blackgirlswhopaint,1
neworleanslife,1
acrylicpainting,1
504,1
sketchwithme,1
balckgirlartclub,1
impostersyndrome,1
sketchbooktour,1
artforsale,1
blackartist,1
fineart,1
blackgirlartclub,1
creativeburnout,1
fulltimeartist,1
nolaartist,1
neworleansartist,1
volumizingproducts,1
storagehack,1
travelsize,1
shampoobars,1
barstorage,1
travelhaircare,1
hairgoals,1
shampooforvolume,1
storagetip,1
thinningshampoo,1
shampoowithme,1
sustainablebeauty,1
thinninghairtips,1
healthyhairtips,1
travelhack,1
sephora,1
travelset,1
scalptips,1
travelshampoo,1
showerstorage,1
sephorahaul,1
bestshampoo,1
hairtransformation,1
shampoobartips,1
sustainablebrand,1
cleanatsephora,1
shampoobar,1
superzero,1
healthyscalp,1
padi,1
marinebiology,1
underwater,1
sealife,1
manta,1
padipro,1
underwaterphotography,1
mantaray,1
oceanlover,1
hawaii,1
sea,1
fish,1
hawaiiphotography,1
ray,1
bigisland,1
shark,1
dolphinlove,1
kailuakona,1
