Hashtag,Frequency
fyp,2
stitch,2
ai,2
safethereefs,1
gradjetzt,1
korallenriffe,1
munichre,1
fürdichseite,1
extinctionrebellion,1
climatechange,1
klimaschutz,1
umwelt,1
tiktokdeutschland,1
fürdich,1
protest,1
erdgas,1
münchen,1
089,1
berlin,1
diskussion,1
fürdichpage,1
klimakrise,1
klima,1
gaslobby,1
reclaim,1
climateaction,1
munich,1
xr,1
spidermurphygang,1
fossilfuels,1
munchen,1
swm,1
reclaimtiktok,1
skandal,1
gerber,1
iron,1
science,1
supplements,1
dryice,1
babytiktok,1
scienceexperiments,1
water,1
hydrogenwater,1
bubbles,1
cool,1
bakingsoda,1
babyfood,1
funny,1
fun,1
toddler,1
scientist,1
chemistry,1
hydrogenwaterbottle,1
kidsactivities,1
learnontiktok,1
history,1
cooking,1
tech,1
lesbianmovie,1
iontophoresismachine,1
dndtiktok,1
sweatyhands,1
hyperhydrosis,1
driveawaydolls,1
mainecooncat,1
iontophoresis,1
margaretqualley,1
ttrpg,1
hyperhidrosis,1
geraldineviswanathan,1
hyperhidrosischeck,1
driveawaydollsmovie,1
dnd,1
lesbianmovies,1
wotc,1
bigcats,1
robinhood,1
newyork,1
helicopter,1
plantsplantsplants,1
songwriter,1
plants,1
playtron,1
independentartist,1
pug,1
plantmusic,1
dogsoftiktok,1
music,1
touchme,1
musician,1
houseplants,1
playtronica,1
doggo,1
colourfuloutfit,1
erastouroutfits,1
mumsoftiktok,1
colorfuloutfit,1
taylorswift,1
toddlermum,1
ootd,1
outfitoftheday,1
erastour,1
scifi,1
lawyersoftiktok,1
legalanalysis,1
law,1
fail,1
disability,1
lawyer,1
help,1
legaleagle,1
workerscomp,1
eagleteam,1
booktok,1
foodreview,1
jordan,1
meangirls,1
cookiecroissant,1
chronicstress,1
morningroutine,1
adhdlife,1
smalltalk,1
graphicnovels,1
morningvlogs,1
bostonmassachusetts,1
datingadvice,1
queerromance,1
coversong,1
chronicpain,1
womenshealth,1
makingfriends,1
