Hashtag,Frequency
finanzen,1
nomeat,1
klima,1
klimaschutz,1
energiewende,1
plastik,1
vote,1
wirsinddiebrandmauer,1
nachhaltigessen,1
engagement,1
mitmachen,1
klimatok,1
earthday,1
amazingnature,1
ecofriendly,1
artenschutz,1
wissing,1
umweltschutz,1
fahrverbot,1
sadhamster,1
sustainableliving,1
vegetarianfood,1
politik,1
zukunftsfitmitklimafit,1
gehmalwählen,1
naturschutz,1
welthamstertag,1
europawahl,1
natürlichwählen,1
umweltverschmutzung,1
votefutureeu,1
hamstermeme,1
kanzler,1
insektenliebe,1
wwf,1
gestaltenstattkürzen,1
nachhaltigkeit,1
kreislaufwirtschaft,1
bundeskanzler,1
meatexhaustionday,1
europa,1
eu,1
atomausstieg,1
plastikflut,1
cleanup,1
circulareconomy♻️,1
politok,1
buckewahl,1
stopplasticpollution,1
bundestag,1
demokratieverteidigen,1
naturpur,1
ostsee,1
euwahl2024,1
govegan,1
worldhamsterday,1
tempolimit,1
rechtsextremismusstoppen,1
bienenfreundlich,1
olafscholz,1
climatebreakdown,1
climatechange,1
world,1
highwaytohell,1
climatehell,1
earth,1
climatejustice,1
fridaysforfuture,1
environment,1
climatestrike,1
planet,1
tellthetruth,1
climate,1
tippingpoints,1
actnow,1
globalboiling,1
thereisnoplanetb,1
listentoscience,1
gretathunberg,1
nature,1
sustainable,1
blahblahblah,1
globalwarming,1
climatecrisis,1
climateaction,1
activism,1
endfosslfuels,1
climateemergency,1
greta,1
peoplenotprofit,1
boxxe,1
walks,1
asda,1
maklelan1996,1
maklelan2006,1
maklelan1998,1
maklelan1954,1
maklelan1984,1
maklelan1953,1
maklelan2002,1
maklelan1986,1
maklelan1995,1
maklelan1962,1
maklean1961,1
maklelan2000,1
maklelan1992,1
maklelan1990,1
maklelan1959,1
maklelan1964,1
maklelan1967,1
maklelan1960,1
maklelan2007,1
maklelan1982,1
maklelan1975,1
maklelan1999,1
maklelan1987,1
maklelan1969,1
maklelan1965,1
maklelan1952,1
maklelan1980,1
maklelan1997,1
maklelan1977,1
maklelan1979,1
maklelan1973,1
maklelan2003,1
maklelan1956,1
maklelan1978,1
maklelan2004,1
maklelan1988,1
maklelan1971,1
maklelan1976,1
maklelan1994,1
maklelan1955,1
maklelan1989,1
maklelan1974,1
maklelan1981,1
maklelan1970,1
maklelan2005,1
dataoverdogma,1
maklelan1972,1
maklelan2001,1
maklelan1963,1
maklelan1951,1
maklelan1957,1
maklelan1958,1
maklelan1991,1
maklelan1985,1
maklelan1968,1
maklelan1983,1
maklelan1966,1
