Hashtag,Frequency
socialmediamarketing,9
fyp,9
ai,7
viral,6
marketing,6
contentcreator,6
videoediting,5
digitalmarketing,5
learnenglish,5
humour,5
contentmarketing,4
foryou,4
creative,4
photography,4
premierepro,4
tips,4
duet,4
socialmedia,3
fashiontiktok,3
branding,3
howto,3
selfcare,3
socialmediatips,3
videography,3
iphone,3
coachella,3
aitools,3
contentcreation,3
photoshop,3
marketingtips,3
tutorial,3
camera,3
cinematic,3
video,3
tech,3
dubai,3
fypシ,3
paris,3
work,3
science,3
business,3
canva,3
canvadesign,3
canvatips,3
adobefirefly,3
entrepreneur,3
pourtoi,3
socialmediamanager,3
instagramtips,3
motivation,3
love,3
stitch,3
comedy,3
sketch,3
eidmubarak,2
brandbuilding,2
fashion,2
healthyliving,2
worklife,2
religion,2
personalbranding,2
smallbusiness,2
brandingtips,2
iphonetips,2
ledlights,2
filmmaker,2
portraitphotography,2
iphonephotography,2
photoediting,2
iphonehacks,2
film,2
coachella2024,2
aiediting,2
aivideo,2
growthhacks,2
gamma,2
jobinterview,2
englishpronunciation,2
art,2
behindthescenes,2
videographer,2
videos,2
bts,2
advertising,2
adobe,2
learnitontiktok,2
leadership,2
tiktok,2
management,2
joparis2024,2
france,2
collegues,2
storytime,2
argent,2
francais,2
entretien,2
apprendresurtiktok,2
astuce,2
makeup,2
taylorswift,2
rihanna,2
pr,2
phototips,2
couple,2
canvahacks,2
fonts,2
seo,2
businessenglish,2
interview,2
pronunciation,2
englishlesson,2
actu,2
gabrielattal,2
videoeditor,2
aftereffects,2
presentation,2
ppt,2
powerpointtutorial,2
powerpoint,2
presentationtips,2
excel,2
microsoft,2
templates,2
entrepreneuriat,2
recrutement,2
canvatip,2
canvahack,2
magicswitch,2
canvapro,2
mothersday,2
teachertok,2
filmmaking,2
creatortips,2
cnews,2
tpmp,2
exercise,2
zonedebzzz,2
publicspeaking,2
communication,2
confidence,2
jetlag,2
socialmediamanagement,2
instagramgrowth,2
contentstrategy,2
instagramstrategy,2
enfance,2
amourdesoi,2
ayanakamura,2
grammar,2
onthisday,2
english,2
jo,2
voyage,2
voiture,2
astuces,2
style,2
francoiscivil,2
outfit,2
amour,2
instagram,2
shoes,2
reussite,2
capcut,2
beauty,2
music,2
acting,2
voiceeffects,2
universe,2
eclipse,2
workouts,2
neckpain,2
smallbusinesstips,2
over30,2
exercisetips,2
yoga,2
shouldermobility,2
psychology,2
hormones,2
lifehacks,2
tiktokmarketing,2
haul,2
life,2
lifeisgood,2
marketingstrategy,2
contentcreators,2
greenscreen,2
funnyvideos,2
socialmediamanagers,2
food,2
relatable,2
transitiontutorial,2
maman,2
nigeriatiktok,1
reston,1
footballtok,1
restinpeace,1
elephants,1
portugal🇵🇹,1
germany,1
germany🇩🇪_tik_tok,1
capeverde,1
africancupofnations,1
officetiktok,1
southafrican,1
tiktokeastafrica🇺🇬🇷🇼🇧🇮🇰🇪🇹🇿,1
prisonbreak,1
afrobeat,1
genocideawareness,1
worldrecord,1
childrights,1
botswana,1
eidtransition,1
wizkidfc🦅,1
africanculture,1
digitallearning,1
workersday,1
tiktoktanzania🇹🇿,1
babyfactory,1
tiktokfootball,1
davidofans,1
certifications,1
health,1
neverforget,1
officetok,1
healthcareworkers,1
afcon2023,1
zimbabweantiktok,1
history,1
chinesesupermarket,1
rwandatiktok🇷🇼,1
africantiktok,1
bobrisky222,1
nigeriamovie,1
empowerment,1
africacupofnations,1
afrofusion,1
eid,1
kenyantiktok🇰🇪,1
tribalism,1
stigma,1
botswana🇧🇼tiktok,1
arrest,1
nigerianculture,1
dabarbie,1
humanity,1
naijatiktok,1
tiktokkenya,1
cubanachiefpriest,1
botswanatiktok,1
officehumour,1
southafricatiktok🇿🇦,1
tundeonakoya,1
nigeriantiktok🇳🇬,1
kenyaschools,1
namibiantiktok🇳🇦,1
abuja,1
secret,1
slavery,1
fireboydml,1
humanrights,1
trendingvideo,1
zambiantiktok🇿🇲,1
jollofrice,1
chess,1
onlineschool,1
nestlebaby,1
foodie,1
cubanachiefpriest🔑,1
nigeriantiktok,1
ripjuniorpope,1
artificialintelligence,1
teenhealth,1
tiktoknigeria🇳🇬,1
streetfood,1
officehumor,1
zimbabwe,1
tiktoknigeria,1
afcon2024,1
tourist,1
tiktokfoodie,1
abujatiktok,1
africans,1
efcc,1
slaverydays,1
rwanda,1
trending,1
businesstiktok,1
skills,1
davido,1
fashionbusiness,1
bobrisky,1
prisontiktok,1
germanytiktok🇩🇪🇩🇪🇩🇪,1
recipes,1
juniorpope,1
burna,1
senegalaise_tik_tok,1
businessowners,1
teamscall,1
burnaboy,1
germanyberlin,1
jollof,1
🇳🇦,1
rapnews,1
surrogacy,1
tourism,1
teams,1
debate,1
davidoofficial,1
africanfood,1
rema,1
chesstok,1
nigeriatiktok🇳🇬🇳🇬🇳🇬,1
wizkidayo,1
slaveryhistory,1
zambiantiktok,1
certification,1
namibiantiktok,1
senegambian🇸🇳🇬🇲,1
slaveryfacts,1
dayinthelife,1
onlineschooling,1
germanytiktok,1
working,1
nestle,1
clickiteasy,1
tiktoksouthafrica,1
southafrica,1
rwandagenocide,1
mayorkun_official,1
office,1
onlinelearning,1
powerupsa,1
bobriskychallenge,1
namibia🇳🇦,1
drugabuse,1
officelife,1
namibiatiktok,1
tiktokkenya🇰🇪,1
gambian_tiktok🇬🇲🇬🇲,1
nestlecrunch,1
nickiedarbarbie,1
kenyantiktok,1
portugal,1
wizkidfc,1
lawsuit,1
kenyafloods,1
mayorkun,1
africahistory,1
zambia,1
burnaboyofficial,1
namibian,1
brand,1
blackaxe🇹🇹,1
portugaltiktok,1
botswanatiktok🇧🇼🇧🇼,1
afrobeats,1
botswana🇧🇼,1
germany🇩🇪,1
zambiafootball,1
zambiantiktok🇿🇲🇿🇲,1
bouboudesign,1
nigerianlaw,1
africacup,1
botswanaelephants,1
socialmediabranding,1
tourists,1
rip,1
namibia,1
onlinelearningplatform,1
afrobeatsmusic,1
nma,1
elephantsoftiktok,1
wizkid,1
streetdebate,1
kenya,1
abujatiktokers,1
fela,1
namibiantiktok🇳🇦🇳🇦🇳🇦🇳🇦,1
worldrecords,1
africa,1
kenyatiktok,1
nigeria,1
africafootball,1
upgrade,1
zambiantiktok🇿🇲🇿🇲🇿🇲❤️,1
chesstiktok,1
nigeriacelebrities,1
workerslife,1
nomoreblackouts,1
gambia,1
southafricatiktok,1
african,1
bringbackourgirls,1
nigerian,1
entertainment,1
workers,1
chibok,1
afcon,1
saweetie,1
levelup,1
floormats,1
iphoneography,1
celsius,1
zeniko,1
djimavic,1
hansshow,1
androidauto,1
model3,1
frontofface,1
weddingphotos,1
backgroundiskey,1
softbox,1
fiommaker,1
oem,1
brightandversatile,1
mobileapps,1
elonmusk,1
magneticattachment,1
installationtutorial,1
modely,1
teslaaccessories,1
portablelighting,1
teslaowners,1
creatiai,1
ev,1
tesla,1
upgradeyourcar,1
cinematography,1
lantern,1
accessories,1
poosh,1
nikonz8,1
phonephotography,1
9inchdisplay,1
inflatabledesign,1
hansshowdisplay,1
camppoosh,1
usbpowered,1
armani,1
professionalportrait,1
refrigerator,1
teslamodel3,1
portraits,1
lightingsolution,1
car,1
obsplug,1
linkedinphoto,1
airvent,1
armaniwhite,1
big,1
portraitmode,1
iphonography,1
accessory,1
fusionmotorsport,1
videolight,1
onebuttonediting,1
shadedareas,1
teslaaccesories,1
onthego,1
sidepanel,1
monitor,1
iphonetipsandtricks,1
ifootage,1
interestingbackgrounds,1
installation,1
plasticwedgetrimtool,1
amazingphotos,1
teslamodely,1
diyinstallation,1
carplay,1
businessphoto,1
lightweightled,1
truck,1
applecarplay,1
djiavata,1
marketingautomation,1
aitech,1
nocode,1
midjourney,1
aiformarketers,1
entrepreneurtools,1
aiimagegenerator,1
tldv,1
wonderdynamics,1
digitaltransformation,1
photoshopmagic,1
blazeai,1
mindblowingeffects,1
smartworking,1
voiceacting,1
creativevideo,1
techtools,1
productivitytools,1
aiassistant,1
digitalstorytelling,1
oneclickmarketing,1
techtips,1
efficiencyhack,1
boostyourbusiness,1
personalizedproposals,1
mymarkyai,1
aiimage,1
digitaldesign,1
vegaspro,1
socialmediacontent,1
aleditingtools,1
pixverseai,1
aimarketing,1
videoai,1
futureofwork,1
cloneyourself,1
claidai,1
transformativecreativity,1
photographymagic,1
socialmediahacks,1
aihacks,1
viralcontent,1
airecruitment,1
meetingautomation,1
aivoiceover,1
innovativetools,1
texttospeech,1
freelancerlife,1
techinnovation,1
invideo,1
aiforfreelancers,1
creativephotography,1
aijobs,1
audioediting,1
sidehustle,1
gammaapp,1
clientproposaltips,1
freetools,1
airevolution,1
aipresentation,1
aivideoediting,1
creativetechnology,1
creativecontent,1
ecommercetips,1
productphotography,1
cgi,1
micro1,1
freeaudiotools,1
voiceclone,1
britishenglish,1
britishaccent,1
britishaccentcoach,1
rp,1
tonguetwister,1
languagelearning,1
accenttraining,1
victorianwriters,1
rpaccent,1
studio,1
vfx,1
coffeebeans,1
equipment,1
photographer,1
photo,1
creativity,1
magic,1
scifi,1
miniature,1
viralvideo,1
videomaker,1
color,1
commercialvideo,1
fantasty,1
shooting,1
slowmotion,1
chicphoto,1
colorgrading,1
lighting,1
coffee,1
portrait,1
vfxartist,1
drink,1
movieset,1
cocktail,1
commercial,1
scifiart,1
product,1
visualart,1
tabletop,1
fantasy,1
nanlite,1
virtual,1
al,1
davinciresolve,1
autoeditor,1
offcameraflash,1
basicphotography,1
photography101,1
everydayphotography,1
sonyalpha,1
flashphotography,1
beachutv,1
learnontiktok,1
fypシ゚viral,1
trifidmedia,1
hackoftheday,1
dubaiweather,1
tipsandtricks,1
facts,1
hacks,1
formationenligne,1
difficultésentrepreneuriales,1
ceolemlist,1
défislivraison,1
ouverturedesprit,1
ceofrançais,1
rachatentreprise,1
litigefamilial,1
contenussponsorisés,1
échecentrepreneurial,1
mindsetentrepreneurs,1
lempireceo,1
rdvenligne,1
lemlistceo,1
contenupayant,1
respectdesopinions,1
stratégieentreprise,1
réalisersesrêves,1
planifiersesposts,1
mindsetmotivation,1
realiteentrepreneuriale,1
partenariatsponsorisé,1
croissanceentreprise,1
visionceo,1
déterminationabsolue,1
lempod,1
paulle,1
réseausociauxvsréalité,1
calendly,1
visionentrepreneuriale,1
podslinkedin,1
lescryptosdecaro,1
rémunérationenligne,1
sacrificesentrepreneur,1
labellevie,1
communitymanagement,1
lemlist,1
convictionsdemarché,1
domaineexpertise,1
rêvergrand,1
businessenligne,1
successtartup,1
carolinejurado,1
objectifsentrepreneuriaux,1
échecetréussite,1
formationcrypto,1
stratégiedecontenu,1
diversificationportefeuille,1
foodtech,1
guillaumemoubeche,1
lemcal,1
inspirationentrepreneur,1
monterunbusiness,1
gestionactifs,1
réalitéentrepreneuriale,1
mindsetentrepreneur,1
marchéb2c,1
retail,1
cryptotips,1
personalbrand,1
entrepreneur2024,1
solutionemailing,1
internationaliser,1
dialogueconstructif,1
freinàlacroissance,1
parcoursentrepreneurial,1
ledger,1
contenurémunéré,1
stratégiefinancière,1
levéedefonds,1
contenusponsorisé,1
philosophieentrepreneuriale,1
andreabensaid,1
avancersansregrets,1
astucecrypto,1
dépassementdesoi,1
échecsfoodtech,1
partenariatdigital,1
salairecrypto,1
entrepreneuriatinnovant,1
licornesfrançaises,1
marquepersonnelle,1
croissancestratégique,1
réalitévsapparence,1
défientrepreneurial,1
entrepriseunique,1
parati,1
passifagressif,1
manager,1
paie,1
wori,1
jeuxolympiques,1
entretiendembauche,1
conges,1
corporatelife,1
corportelife,1
travail,1
4dayworkweek,1
tristanlopin,1
micro,1
fired,1
reseauxsociaux,1
careertok,1
rh,1
salaire,1
semainede4j,1
reunion,1
semainede4jours,1
congespayes,1
negociationsalariale,1
microtrottoir,1
licenciement,1
4dayweek,1
boss,1
embauche,1
augmentation,1
teletravail,1
eboueur,1
taf,1
corporatehumor,1
millennial,1
genz,1
worktok,1
vacances,1
boomers,1
fichedepaie,1
corporate,1
fiber,1
ringtone,1
garageringtones,1
fiberoptics,1
internet,1
android,1
speed,1
whatsapptips,1
free,1
sonnerie,1
clearwave,1
whatsapp,1
apple,1
ringtones,1
waterproof,1
whatsapphacks,1
astuceiphone,1
fentybeauty,1
savagefenty,1
nike,1
gigihadid,1
victoriassecret,1
ladygaga,1
arianagrande,1
skims,1
fenty,1
hauslabs,1
arianator,1
rarebeauty,1
selenagomez,1
kyliejenner,1
sneakersaddict,1
rembeauty,1
kardashians,1
selena,1
luxe,1
airjordan,1
retournementdesituation,1
sneakers,1
japan,1
videotips,1
sakura,1
shotoniphone,1
kyoto,1
lightinghack,1
photohacks,1
videohacks,1
mobilephotography,1
videoideas,1
transitionideas,1
teamlabplanets,1
thehotelseiryukyotokiyomizu,1
tokyo,1
sonysingapore,1
transition,1
coupleshoot,1
iphoneonly,1
ootd,1
mtfuji,1
gift,1
spring,1
canvacoach,1
canvateacher,1
texteffects,1
canvaswag,1
canvatutorial,1
colorpalette,1
animation,1
logo,1
canvassador,1
aaap,1
climatechange,1
climate,1
withengie,1
partenariatremuneré,1
lifehacksviamarketing,1
app,1
businessgrowth,1
illustrations,1
aidetection,1
openlibrary,1
competitormarketing,1
contentgrowth,1
ailogo,1
ad,1
imageediting,1
rankcaddy,1
marketingtools,1
productivity,1
growthtools,1
freebooks,1
englishera,1
email,1
quillbotpartner,1
disparition,1
educationnationale,1
handicap,1
maladierare,1
soutien,1
histoirevraie,1
baccalauréat,1
malformation,1
petitemile,1
insolite,1
charliehebdo,1
vieillesse,1
info,1
grandmere,1
reportages,1
appelatemoin,1
generativeai,1
premiererush,1
arcadian,1
becomethepremierepro,1
videooftheday,1
videoproduction,1
videoedits,1
videoedit,1
3d,1
sharescribe,1
inspirational,1
design,1
hack,1
trick,1
scribehow,1
ppttemplate,1
powerpointtutorials,1
powerpointparty,1
powerpont,1
microsoftpowerpoint,1
powerpointtemplate,1
googleslides,1
powerpointanimation,1
funnypowerpoint,1
template,1
downloadpowerpoint,1
schoolpresentation,1
microsoftppt,1
powerpointtips,1
powerpointpresentation,1
school,1
investissement,1
digital,1
immobilier,1
construction,1
entrepreneurship,1
entreprenariat,1
success,1
createurdecontenu,1
recruter,1
couvreurs,1
bouyges,1
véhiculepro,1
microentreprise,1
gestionentreprise,1
camion,1
chefdentreprise,1
batiment,1
xavierniel,1
entreprise,1
entrepreneurs,1
statutjuridique,1
successful,1
réussite,1
autoentreprise,1
formationgestion,1
savoiretre,1
vidéos,1
clients,1
chantier,1
pro,1
btp,1
entreprendre,1
client,1
formation,1
pt,1
entrepreneurlife,1
artisans,1
patron,1
fy,1
premiersalarié,1
conseils,1
conseil,1
autoentrepreneur,1
propreté,1
trouverdesclient,1
whatsnew,1
resize,1
createananimation,1
canvafonts,1
canvatok,1
elementcollections,1
canvalove,1
canvapresentation,1
bespokegift,1
edutok,1
studentpresentation,1
finalsweek,1
canvadocs,1
canvaprint,1
canvacreate,1
madewithcanva,1
studynotes,1
cameratips,1
ukphotographer,1
beginnerphotographer,1
djifpv,1
fpvdrone,1
soundeffects,1
videographerlife,1
sounddesign,1
videographers,1
djirs4pro,1
freemusic,1
dronepilot,1
learnphotography,1
djiglobal,1
dji,1
avata2,1
reelstips,1
editingtips,1
adobepartner,1
djiavata2,1
dronelife,1
ainews,1
djirs4,1
gimbal,1
photographytips,1
aitool,1
interviewinenglish,1
conversationpractice,1
justforlaughs,1
ภาษาอังกฤษวันละคํา,1
inglesfluente,1
英語フレーズ,1
anglaisfacile,1
tiengan,1
fluentjoy,1
ingleseperitaliani,1
adjectivesinenglish,1
tienganh,1
aprenderingles,1
inglesfacil,1
olibrius,1
doublepascal,1
latin,1
kapla,1
boomerz,1
renflement,1
doute,1
onenagros,1
gpa,1
bouleau,1
emission,1
klimaseniorinnen,1
swissgovernment,1
climatelitigation,1
hanche,1
information,1
sante,1
cervicales,1
anatomie,1
muscle,1
douleur,1
prevention,1
fleurs,1
c8,1
biodiversite,1
taxezlesriches,1
bombesagraines,1
plantes,1
commissiondenquete,1
virychatillon,1
classeaffaires,1
cyrilhanouna,1
agirpourlenvironnement,1
taxerlesriches,1
jeunes,1
assembleenationale,1
gouvernement,1
bollore,1
bombeagraine,1
abeilles,1
attal,1
tnt,1
vegatation,1
jeunesse,1
hanouna,1
macron,1
elysee,1
quentinbataillon,1
autorite,1
college,1
vincentbollore,1
airfrance,1
emmanuelmacron,1
violence,1
bresil,1
publicspeakingtips,1
publicspeakingcoach,1
improv,1
persuasion,1
feedback,1
stress,1
meridithspeaks,1
criticism,1
workshop,1
data,1
keynotespeaker,1
presentationskills,1
empathy,1
calltoaction,1
cta,1
sethgodin,1
totebag,1
mockup,1
texthack,1
graphicdesign,1
designtips,1
designhacks,1
designhack,1
canvaforcollege,1
canvaforcampus,1
canvaph,1
businessowner,1
philsmeexpo,1
mockups,1
photoeditor,1
logos,1
negosyante,1
negoys,1
freecanva,1
brandkit,1
gradients,1
teachertips,1
smm,1
instagramcoach,1
socialmediastrategy,1
instagramforbusiness,1
instagramcoaching,1
servicebasedbusiness,1
collaborationcommerciale,1
carbonechallenge,1
jo2024,1
labanquepostale,1
paris2024,1
empreintecarbone,1
dépression,1
univers,1
relationstoxique,1
laurentbaffie,1
loidattraction,1
relationstoxiques,1
troubleanxieux,1
succès,1
psychologie,1
trauma,1
carrière,1
santementale,1
santémentale,1
anxiete,1
maladiementale,1
angoisse,1
charisme,1
repartie,1
createur,1
trendsetter,1
smallbusinesstok,1
creatorlife,1
smallbusinesstol,1
jtbarnett,1
4444,1
educationtok,1
creatoreconomy,1
businesstok,1
trendingnow,1
influencers,1
cats,1
freecomedy,1
longbeachgrandprix,1
earthday,1
themannii,1
trynottosmile,1
dessinanime,1
2000sthrowback,1
cartoon,1
essaiedenepasrire,1
rire,1
2000,1
trynottolaugh,1
f🇫🇷,1
ex,1
ramadan,1
marietemme,1
🇧🇫🇲🇱,1
🇲🇱,1
🇧🇫,1
seul,1
relationamoureuse💔💔🥺,1
accadeoggi,1
englishteacher,1
speakenglish,1
impro,1
videodrole,1
champagne,1
videodudimanche,1
infirmiere,1
costume,1
football,1
piecesjaunes,1
standup,1
pompier,1
mode,1
changementspositifs,1
veganlife,1
costco,1
talents,1
mnms,1
consommation,1
lakers,1
lesjeunes,1
gagnerplusdargent,1
diner,1
california,1
étatsunis,1
aventure,1
traveleat,1
merci,1
opportunite,1
gagnerplus,1
themepark,1
délice,1
changementdevie,1
etatsunis,1
americain,1
veganpride,1
épatant,1
vegan,1
veggie,1
labelleauboisdormant,1
universalstudios,1
resilience,1
foodies,1
losangeles,1
vegetarian,1
travailalamaison,1
methodegagnante,1
hollywood,1
lasers,1
sleepingbeauty,1
justlanded,1
generationy,1
beurredecacahuète,1
armeafeu,1
français,1
starbucks,1
successstory,1
consommateur,1
studiosuniversal,1
ghormehsabzi,1
cendrillon,1
shopping,1
usa🇺🇸,1
cinderella,1
classique,1
iloveit,1
ritzcarlton,1
blancheneige,1
effortconstant,1
lax,1
développementpersonnel,1
tiktokfrance,1
dreambig,1
détermination,1
frenchtiktok,1
downtowndisney,1
liberté,1
changerdevie,1
enorme,1
depenses,1
habitudes,1
economie,1
consommationdesménages,1
futureleaders,1
losangeleslakers,1
gratitude,1
hollywoodstudios,1
cryptoarena,1
pistolets,1
avion,1
libertéfinancière,1
robesderêve,1
kobebryant,1
disneyprincesses,1
revenupassif,1
vraidevrai,1
usa,1
retro,1
18ans,1
incroyable,1
womenempowerment,1
millenial,1
lagunabeach,1
labelleetlabete,1
californie,1
thesimpsons,1
krustyburger,1
caramel,1
pepite,1
jeunesentrepreneurs,1
économie,1
2024,1
magasinmagique,1
jurasicworld,1
objectifs,1
explorez,1
tropbon,1
indépendancefinancière,1
marinelepen,1
kendjigirac,1
sarahatcho,1
kendji,1
recette,1
sabrinacarpenter,1
sprinter,1
montreuxjazzfestival,1
telerealite,1
serie,1
praisejahinthemoonlight,1
quiz,1
patagonie,1
challengers,1
victoriabeckham,1
manontanti,1
espresso,1
pleinelune,1
iceberg,1
333,1
trend,1
deficuisine,1
antarctique,1
swissmilk,1
vanessahudgens,1
tempete,1
top3outfitchallenge,1
influenceurs,1
lausanne,1
summerhit,1
news,1
secretstory2024,1
watsonactu,1
europapark,1
jeuxolympiques2024,1
sagradafamilia,1
barcelone,1
ouchy,1
netflix,1
cuisine,1
punteria,1
brigittemacron,1
fiasco,1
people,1
patinsaroulettes,1
pollen,1
leahhalton,1
pierreniney,1
hpv,1
zendaya,1
lucienlaviscount,1
pleinelunerose,1
musique,1
tenniscore,1
watson,1
spicegirls,1
croissant,1
monpetitrenne,1
tf1,1
uae,1
virus,1
shakira,1
lavoix,1
papillomavirus,1
extremedroite,1
montagnesrusses,1
profilpic,1
skidefond,1
odermatt,1
manchot,1
deepfake,1
astronomie,1
suisse,1
alexisjandard,1
athletisme,1
printemps,1
voltronnevera,1
argentine,1
milieufermer,1
lanadelrey,1
fashionista,1
videoaleatorio,1
comedienne,1
lyon,1
vivementlete,1
phobie,1
sergelama,1
societe,1
stop,1
manque,1
dance,1
princesdisney,1
sortir,1
devine,1
stopmotiontrend,1
ausecours,1
girl,1
friends,1
talent,1
hater,1
maison,1
secretstory,1
doublage,1
type,1
voix,1
mannequinat,1
filmdhorreur,1
cover,1
cejour,1
classement,1
crush,1
passion,1
cinema,1
pieds,1
reponse,1
stopmechancetegratuite,1
feet,1
grandetaille,1
larafabian,1
homme,1
chant,1
edithpiaf,1
mamie,1
curvy,1
retourmatchofficiel,1
movie,1
jesuismalade,1
filtre,1
stophater,1
collage,1
tokenization,1
nftrevolution,1
globalphenomenon,1
bitcoinhalving,1
bitcoinrevolution,1
futureoffinance,1
cryptocurrencymarket,1
digitalcurrency,1
financialrevolution,1
liquidityandvalue,1
cryptoinvestment,1
blockchaininnovation,1
scarcecurrency,1
bitcoinoriginality,1
bitcoinvalue,1
blockchaintechnology,1
bitcoinmining,1
bitcoinmarket,1
scarcity,1
decentralizedfinance,1
cryptomining,1
innovationandexpansion,1
digitalgold,1
bitcoinevolution,1
memeculture,1
cryptocurrency,1
cryptocurrencyadvances,1
economicshift,1
adaptingtochange,1
bitcointechnology,1
supplyanddemand,1
investmentopportunity,1
balls,1
deals,1
spacex,1
remotework,1
solarsystem,1
teethcare,1
tiktokshop,1
traveltiktok,1
homedecor,1
babytok,1
momsoftiktok,1
pregnanttiktok,1
giftideas,1
pokemon,1
trimmer,1
pregnantlife,1
newbornbaby,1
aliens,1
cleanteeth,1
teeth,1
men,1
waterflosser,1
space,1
relationshipgoals,1
datingadvice,1
mothersdaygift,1
astro,1
wfh,1
playstation,1
pregnant,1
birthdaygift,1
expectingmom,1
girlfriend,1
stars,1
relationshiptips,1
mouthwash,1
manscaped,1
vibes,1
gadgets,1
vlogs,1
gameboy,1
diyproject,1
traveltok,1
pokemongo,1
pokemontiktok,1
moms,1
mensessentials,1
nomad,1
sportstape,1
exercisereview,1
worldsbestkinesiologytape,1
physio,1
neckpaintreatment,1
rangeofmotionwithaurorawillows,1
poorposture,1
kinesiologytape,1
healimedical,1
posturalexercises,1
thoracicmobility,1
techneck,1
cervicalspine,1
physicaltherapy,1
healitape,1
walgreens,1
exerciseknowledge,1
injuryrecovery,1
optimizedtraining,1
exercisescience,1
summerbody,1
movementmedicine,1
injuryprevention,1
neckcrack,1
physiotherapy,1
uppertrapstretch,1
walmart,1
effectivetraining,1
entreprenuer,1
copywriting,1
b2b,1
adobesummit,1
adobecreativecloud,1
creativecloud,1
adobeillustrator,1
madewithcc,1
adobeacrobat,1
adobefireflys,1
adobeexpress,1
tighthips,1
longevity,1
hipstretch,1
pigeonstretch,1
exerciseformoms,1
musclebuilding,1
fitnessover30,1
quickworkouts,1
stretchingroutine,1
strengthtrainingformoms,1
fitnessformillenials,1
achillesexercise,1
hipstrength,1
kneemobility,1
friedrice,1
kneexercise,1
mobilityroutine,1
powerbowl,1
kneerehab,1
tendons,1
staibility,1
kneestability,1
mobility,1
fitness,1
legday,1
peterattia,1
highprotein,1
over30fitness,1
healthyaging,1
flexibility,1
sarcopenia,1
pushups,1
stretching,1
kneepain,1
outlive,1
strengthtraining,1
easyrecipes,1
pain,1
resistancetraining,1
hipflexor,1
millenials,1
antiaging,1
fitnessover50,1
fitnessfordads,1
sarcopeniaprevention,1
anklemobility,1
knees,1
squats,1
kneepainrelief,1
dumbbells,1
aginggracefully,1
prehab,1
fullbodystretching,1
personaltraining,1
healthyrecipe,1
aging,1
achillestendon,1
fatloss,1
fitnessformoms,1
deadlifts,1
fitnessover40,1
rehab,1
strength,1
fullbodymobiltiy,1
sittingallday,1
summervacation,1
flexibilityroutine,1
fitnessforall,1
longevitytraining,1
calftightness,1
backmobility,1
fitnessgoals,1
strongatanyage,1
knee,1
hipmobility,1
kneestrength,1
healthyrecipes,1
koreanfood,1
kneeexercises,1
exerciseismedicine,1
mobilitytraining,1
kneeprehab,1
workout,1
isometrics,1
achillespain,1
kneesovertoes,1
achilles,1
mobilityexercises,1
functionaltraining,1
easyexercise,1
functionalfitness,1
symmetricalpattern,1
sciencefacts,1
personalitytypes,1
dopaminestacking,1
helpeachother,1
mentalhealth,1
anxietyrelief,1
feelbeautiful,1
quoteoftheday,1
loveismagic,1
experiment,1
controlyouremotions,1
gentlereminder,1
holdmyhand,1
dopaminedetox,1
selfgrowth,1
symmetry,1
communicationskills,1
selfleadership,1
psychologicalexperiment,1
smilemore,1
createchange,1
presentationcoach,1
mindhack,1
lifequotes,1
compassion,1
bekindtoyourself,1
dopamine,1
psychologicaltest,1
motivationdaily,1
highonlife,1
oxytocin,1
stressrelief,1
makethechange,1
wisdom,1
takecare,1
feelbetter,1
happinessbegins,1
simplelifehacks,1
stressreduction,1
lovefacts,1
brainchemistry,1
readthisbook,1
psychologicalhealth,1
podcastclips,1
bookstagram,1
mindgame,1
hackyourdepression,1
anxietyreducer,1
foodforthought,1
changeperspective,1
lifehack,1
challengeyourself,1
mindfulness,1
woundhealing,1
endorphins,1
mindset,1
lifeisworthliving,1
holdinghands,1
websitetips,1
wynbeauty,1
conversionrate,1
websiteoptimization,1
returns,1
serenawilliams,1
businesswebsite,1
websiteaudit,1
customerservice,1
smallbusinesswebsite,1
2024socialmediatips,1
growapodcast,1
startapodcast,1
tiktoknotes,1
podcasting,1
notesapp,1
podcastgrowth,1
podcastmarketing,1
videomarketing,1
soodingrepairtoningserum,1
sin,1
mixsoon,1
koreanskincare,1
ate,1
eoeopartners,1
rihoas,1
bestserum,1
sephora,1
dermafirm,1
skincareroutine,1
sephorahaul,1
foundation,1
beverlyhills,1
crazyhowtheveryfirstsinwasawomanwhoate,1
mixsoonbeanessence,1
sensitiveskin,1
skintok,1
grwm,1
anastasia,1
lifelessons,1
foryoupage,1
longervideos,1
pepsi,1
creatorinsights,1
garyvee,1
marketingplan,1
longervideo,1
content,1
metrics,1
humor,1
viralvideos,1
funny,1
family,1
wtfmemes,1
bird,1
worry,1
publicspeaker,1
watchtime,1
lifeisbeautiful,1
instagramhacks,1
tiktokban,1
birding,1
tiktokseo,1
comments,1
realtor,1
reels,1
marketing101,1
familyfun,1
challenge,1
titanic,1
socialmediamarter,1
businesstools,1
weekendcleaning,1
marketingstrategist,1
strategy,1
askkohi,1
digitalmarketingcareer,1
agencyfounder,1
businesstips,1
socialmediaanalytics,1
marketer,1
marketingcareer,1
weekendreset,1
socialmediatools,1
peachmakeup,1
dinnerwithme,1
cooking,1
japchae,1
asmr,1
tiktokfod,1
savoirfaire,1
tiktokfood,1
pov,1
bff,1
parisien,1
gossip,1
nathalie,1
coworkers,1
hingepartner,1
datenightideas,1
parisienne,1
lunchbreak,1
fundraiser,1
hingedating,1
nailart,1
produitoffert,1
thursday,1
adhd,1
m83,1
sérénité,1
acceptationdesoi,1
sentiments,1
trentenaire,1
femmes,1
ruptureamoureuse,1
nouveaudepart,1
lovecoach,1
celibataires,1
saimersoimeme,1
femmeforte,1
coachlover,1
chemindevie,1
coachlove,1
coachdeviepositive,1
etreheureuse,1
devpersonnel,1
dependanceaffective,1
heureuse,1
citationmotivante,1
coachinglove,1
citationinspirante,1
drague,1
coachfrance,1
acceptation,1
toutestpossible,1
pleineconscience,1
devperso,1
citationcouple,1
etatdesprit,1
coachlovers,1
loidelattraction,1
citation,1
citationpositive,1
relationamoureuse,1
vivremieux,1
estimedesoi,1
persévérance,1
etreheureux,1
heesay,1
palmroyale,1
romcom,1
murdermystery2,1
surannejones,1
spy,1
judelaw,1
nicolekidman,1
hollywoodlife,1
irishwish,1
parody,1
drfoster,1
lindsaylohan,1
melissamccarthy,1
footpain,1
postursematters,1
seniors,1
healthandwellness,1
chestopener,1
shoulderopener,1
goodposture,1
posture,1
functional,1
upperback,1
walking,1
foothealth,1
herniadedisco,1
selfcaretips,1
footalignment,1
posturefirst,1
lowback,1
preventativehealth,1
kyphosis,1
herniateddisc,1
posturecorrection,1
stretchingtips,1
lowbackpainrelief,1
running,1
backpainrelief,1
plantarfascia,1
postureawareness,1
backbrace,1
painfreeliving,1
sciatica,1
balance,1
healthyfeet,1
improveposture,1
spinehealth,1
forwardheadposture,1
neck,1
wellness,1
roundedshoulders,1
plantarfasciitis,1
footpainrelief,1
posturefix,1
posturebrace,1
roundedupperback,1
postureexercises,1
badposture,1
betterposture,1
posturetips,1
lowbackpain,1
backpain,1
movement,1
spinemobility,1
posturematters,1
ram,1
brief,1
fearful,1
wise,1
microbiome,1
seeker,1
muslimworld,1
isahfoundation,1
bharat,1
shoonya,1
anxiety,1
milk,1
motherinlaw,1
psychological,1
drama,1
nofather,1
awareness,1
emotions,1
mother,1
ishafoundation,1
muslim,1
natural,1
allergy,1
spiritualprocess,1
workhard,1
nomother,1
middleeast,1
suicide,1
perception,1
brain,1
value,1
cows,1
wisdome,1
fear,1
offering,1
time,1
giveaway,1
sashguru,1
emotional,1
nothing,1
existential,1
disaster,1
childrens,1
choice,1
samyama,1
wounded,1
body,1
soil,1
trapped,1
shiva,1
adiyogi,1
devotee,1
pleasure,1
savesoil,1
sadhguru,1
sadhana,1
boundaries,1
hanuman,1
heaven,1
mind,1
gut,1
vision,1
genius,1
mahavir,1
christian,1
hindu,1
individuality,1
weddingprep,1
tiktokteacher,1
youngerself,1
ohmy,1
beginnertiktokcourse,1
jumpdance,1
funnycomment,1
puertorico,1
over70,1
stylingideas,1
motherdaughterduo,1
tiktoktrend,1
getpackingwithme,1
travel,1
themuthership,1
jennifergarner,1
tiktoktransitions,1
stopmotioneffect,1
nycpark,1
stopmotiontutorial,1
tiktoktips,1
vacationtime,1
duettutorial,1
poof,1
nycstylist,1
lifelesson,1
stopmotion,1
stitchtutorial,1
earthquakeinnyc,1
disappearingtrend,1
over60,1
fatherdaughterlove,1
nycfashion,1
girltime,1
earthquake,1
tiktoktrends,1
newbies,1
trendtalk,1
stylingtips,1
tiktokhelp,1
reportfakeaccounts,1
weirdtalent,1
fashionstyling,1
over50,1
swipetransition,1
phonejumptrend,1
happyvibes,1
vacation,1
over80,1
travelvlog,1
liveyourbestlife,1
tiktoktutorials,1
phonejumptutorial,1
podcasttips,1
weddingstyle,1
geazy,1
capcuttemplate,1
bluemonday,1
trendtok,1
duetthis,1
bestfriends,1
tiktokcollab,1
over40,1
motherdaughterlove,1
viralairdance,1
creatorcollab,1
wtf,1
nyc,1
reportimposteraccounts,1
dancetrend,1
secrettalent,1
doyouboo,1
fatherdaughterdance,1
nyclife,1
ihop,1
trampolinetrend,1
commentreply,1
tiktokcourse,1
totaleclipse,1
hiwtotiktok,1
packing,1
motherdaughter,1
comeoneileen,1
jumptrend,1
contentcreationtips,1
dancewithstrangers,1
beginnertiktok,1
karma,1
beginnertutorial,1
airdance,1
jojosiwa,1
fashionblogger,1
stopmotionanimation,1
vacationtrend,1
familytime,1
learnfromkhaby,1
booktok,1
ginosko,1
cadeau,1
funnyanimals,1
bookscience,1
prof,1
IcelandAdventure,1
iceland,1
fallout,1
coupdegueule,1
ia,1
loops,1
teacher,1
handstand,1
islande,1
tutosurexcel,1
exceltips,1
cannes,1
soldejaniero,1
kitten,1
nicaragua,1
travelsize,1
siberiancat,1
bigsister,1
skincare,1
girlstrip,1
cat,1
brother,1
catoftiktok,1
astucesamsung,1
apprendreavectiktok,1
tiktokacademie,1
samsung,1
abril24,1
thetorturedpoetsdepartment,1
genesis,1
vivemomentosiconicos,1
marzo24,1
mitos,1
noticiasespaña2024,1
xiaomifanfestival2024,1
ac2novedad,1
doctomatic,1
danielsancho,1
recicla,1
reciclaje,1
stopbullying,1
kerastase,1
quevivanlospueblos,1
josecuervofresapicosa,1
finanzasdescomplicadas,1
edwinarrieta,1
memecut,1
meme,1
koeln,1
köln,1
livingingermany,1
imjustagirl,1
dayinmylife,1
yourhonor,1
deutschebahn,1
bahn,1
seattlecreator,1
canong7x,1
seattlewa,1
instatrick,1
creatorculture,1
instatips,1
instagramtricks,1
instahacks,1
refylipgloss,1
roozengaarde,1
photoideas,1
igtips,1
instagramtipsandtricks,1
instatip,1
mountvernon,1
instagramcourse,1
washington,1
milkblush,1
influencerlifestyle,1
creators,1
instastorys,1
influencermarketing,1
skagitvalley,1
transitions,1
rozengaarde,1
milkmakeup,1
influencertips,1
seattleinfluencer,1
skagitvalleytulipfestival,1
washingtonstate,1
morphe,1
yeezy20dollars,1
tulipfestival,1
tulipseason,1
posingtipsandtricks,1
influencerlife,1
skagit,1
posingtips,1
makeuptest,1
refybeauty,1
kanyewest,1
yeezy,1
roozengaardetulipfarm,1
instagrammanagement,1
smmlife,1
socialmediamanagementtips,1
socialmediamanagementbusiness,1
instagramgrowthstrategy,1
5,1
southeastasiatravel,1
withcoramarie,1
byob,1
2,1
digitalnomadlife,1
beyourownboss,1
instagrammanager,1
3,1
southeastasia,1
poledance,1
4,1
1,1
smmbusiness,1
bangkok,1
contentthatconverts,1
instagramreels,1
socialmediamanagerlife,1
thailand,1
balitravel,1
femaleceo,1
bali,1
socialmediamanagementservice,1
6,1
nephew,1
kfc,1
fakeaway,1
organisation,1
bedroom,1
cleantok,1
birthdaysurprise,1
wwe,1
tidying,1
eatwitheden,1
grief,1
kingdomoftheplanetoftheapes,1
corememory,1
eatwithme,1
teachable,1
aitips,1
astrologytiktok,1
aquarius,1
businessideas,1
abundancemindset,1
lifepurpose,1
northnode,1
pisces,1
onlinecourses,1
businessadvice,1
astrology,1
millionairemindset,1
photographytricks,1
couplesphotos,1
goldenhour,1
couplesposes,1
sydneyphotographer,1
sydneyweddingphotographer,1
weddingphotography,1
couplephotos,1
weddingphotographer,1
fypage,1
photographersoftiktok,1
tatoueur,1
insta360x4,1
nikonz9,1
insta360,1
appel,1
facetime,1
asterix,1
soutiens,1
détresse,1
parodie,1
celibataire,1
rencontre,1
education,1
rendezvous,1
enfant,1
questions,1
otis,1
edouardbaer,1
copine,1
asterixeobelix,1
cuite,1
tipetope,1
conflit,1
parent,1
voituresanspermis,1
copines,1
coachellaoutfit,1
coachellaoutfits,1
primevideocreator,1
musica,1
