Hashtag,Frequency
fyp,14
viral,6
foryou,6
ootd,6
greenscreen,6
trending,5
grwm,5
vlog,5
fypシ゚viral,4
relatable,4
skincare,4
foryoupage,4
losangeles,3
fy,3
earthday,3
upcycling,3
beautyhacks,3
selfcare,3
fypシ,3
unboxing,3
makeup,3
sustainablefashion,3
stitch,3
weddingtok,3
momlife,3
eclipse,3
solareclipse,3
outfitinspo,3
explorepage,2
oil,2
california,2
homedecor,2
capcut,2
sephorasale,2
wellness,2
oilyskin,2
acne,2
dryskin,2
inverted,2
girlhood,2
acnescars,2
selflove,2
makeuptutorial,2
skincareroutine,2
acneproneskin,2
lipcombo,2
michaeljackson,2
mj,2
nonewclothes,2
amazonfinds,2
postpartumbody,2
tiktokshop,2
capsulewardrobe,2
postpartumoutfits,2
fashionhacks,2
manifestation,2
relationships,2
girls,2
mindsetmotivation,2
coachella,2
jewelry,2
vintagefashion,2
weddingdress,2
weddingtiktok,2
ad,2
cooking,2
wedding,2
fashiontiktok,2
atl,2
shopping,2
fashiondesigner,2
friendship,2
yoga,2
tiktok,2
transition,2
totality,2
gymtok,2
ohio,2
greenscreenvideo,2
earthquake,2
nyc,2
newyork,2
amazonjewelry,2
lahairstylist,1
lahair,1
floptok,1
school,1
klmilly0,1
verbs,1
francais,1
coursdefrançais,1
bus,1
frenchtest,1
bonjour,1
french,1
entendre,1
devoir,1
partie5,1
regarder,1
frenchlesson,1
exercice,1
france,1
que,1
euqueroaprenderfrancês,1
verbes,1
coursdefrancais,1
partie3,1
malgré,1
parfait,1
frances,1
combien,1
restaurant,1
voiture,1
we,1
verb,1
verbe,1
goodmorning,1
camus,1
partie2,1
partie,1
restaurante,1
learnontiktok,1
exercise,1
abonnez,1
saturday,1
lesson,1
texte,1
frenchverbs,1
partie1,1
exercices,1
françaispourdébutants,1
imparfait,1
conjugaison,1
frenchexercise,1
ilfaut,1
frenchconjugation,1
learnfrench,1
règle,1
lyon,1
frenchtext,1
voir,1
recevoir,1
ecouter,1
frenchforbeginners,1
education,1
live,1
français,1
quoi,1
frenchgrammar,1
car,1
learn,1
frenchexercises,1
livre,1
sunday,1
euqueroaprenderfrances,1
falloir,1
dialogue,1
dimanche,1
apprendrelefrançais,1
francês,1
letranger,1
questceque,1
envoyer,1
book,1
vocabulary,1
samedi,1
livetiktok,1
bedsheets,1
bedroominspo,1
calmspaces,1
cozyhome,1
cozyathome,1
curologypartner,1
homeinspo,1
brooklinen,1
losangelesrestaurants,1
losangelesfood,1
losangelesthingstodo,1
losfeliz,1
silverlake,1
losangeleslife,1
environment,1
publiclands,1
congress,1
pollutions,1
makepolluterspay,1
climatejustice,1
hike,1
democrat,1
monumentsforall,1
sb1497,1
sustainibility,1
gasvehicles,1
cleanenergy,1
farmbill,1
singleusepackaging,1
stateoftheearth,1
caprimaries,1
elections,1
emissions,1
corporations,1
oilmoney,1
pollution,1
climate,1
yap,1
explore,1
nutrition,1
ebt,1
electricvehicles,1
bigoil,1
publictransportation,1
snap,1
earthmonth,1
sewingforyoupage,1
sewingproject,1
denimjacket,1
vintagehaul,1
beginnersewing,1
dopaminedecor,1
portlandoregon,1
beginnersewingtips,1
sewing,1
workinprogress,1
contentstudio,1
sewingtiktok,1
patchwork,1
photostudio,1
photographystudio,1
contentcreator,1
sewingtips,1
softsculpture,1
empties,1
madewell,1
inflammaging,1
ceramics,1
ceramicmug,1
haircare,1
linenpants,1
heatedroundbrush,1
ouai,1
sephorasale2024,1
nuuly,1
maryjanes,1
nuulypartner,1
layershaircut,1
cowboyboots,1
secondhandfashion,1
crueltyfreebeauty,1
vintagecoachbag,1
jumpsuit,1
no1,1
linenmoves,1
toner,1
glassskinroutine,1
rarebeauty,1
lifestyle,1
softpink,1
makeupremoval,1
healthyskin,1
skintips,1
glassskin,1
blush,1
aesthetic,1
nightroutineskincare,1
tower28beauty,1
skin,1
beauty,1
girl,1
kbeauty,1
life,1
beautytips,1
pr,1
skincaretips,1
acnetips,1
acneskin,1
acnefighter,1
hydration,1
blushpink,1
lips,1
rarebeautymakeup,1
tower28,1
sephora,1
rarebeautyblush,1
clearskin,1
lipoil,1
glossy,1
acneprone,1
breakout,1
combinationskin,1
glowy,1
nightroutine,1
skintok,1
acnetreatment,1
blockblast,1
toilet,1
blockblastpartner,1
pricetag,1
jessiej,1
reworkedclothes,1
zerowastefashion,1
sustainableoutfits,1
doublestandards,1
clothingsustainability,1
fromfuture,1
rugbypoloshirt,1
ladyjacket,1
classicwardrobe,1
jcrewtryon,1
polyestersucks,1
redmaryjanes,1
oribe,1
plussizetiktok,1
cottonsweaters,1
picnic,1
girlmom,1
momfashion,1
tryonwithme,1
jcrew,1
postpartumfashion,1
crewcuts,1
thriftfinds,1
shoppinghacks,1
greenfashion,1
staplepieces,1
fashionsustainability,1
fabrictok,1
popilush,1
tiktokshopsweater,1
elodie,1
postpartumstyle,1
ipsy,1
trashierewards,1
fastfashion,1
quince,1
marketingtactics,1
burberrytrench,1
polyester,1
shopvintage,1
shoppinginthekidssection,1
clothingdonation,1
centralpark,1
poloralphlauren,1
kidssectionfinds,1
tryon,1
universalstandard,1
olaplex4cshampoo,1
ericbompard,1
sweaters,1
goodamerican,1
plussizebrands,1
sezane,1
hm,1
1monthpostpartum,1
sweatercare,1
fabrics,1
buyvintage,1
retoldrecycling,1
clothingcare,1
fabrictokyo,1
olaplex,1
cashmere,1
buildyourwardrobe,1
cashmeresweater,1
5weekspostpartum,1
dramaticclassickibbe,1
jcrewkids,1
30wearschallenge,1
plaidblazer,1
wardrobeessentials,1
rebeccaminkoff,1
poshmark,1
plussizefashion,1
hairstylisttips,1
fewmoda,1
nychairstylist,1
springwardrobe,1
viscose,1
fashioneducation,1
salvationarmy,1
fastfashionsucks,1
greenquiltedjacket,1
aninebing,1
plussizeedition,1
momoutfit,1
bikerjacket,1
thrifting,1
handwash,1
vintagelevis,1
manhattan,1
boxycharm,1
secondhand,1
sambas,1
stoplying,1
creatorsearchinsights,1
tuckernuck,1
naturalfibers,1
influencers,1
trashie,1
milanomarket,1
gapfactory,1
fashiongirlies,1
linen,1
qualitymatters,1
fashionindustry,1
wool,1
rco,1
salvationarmyfinds,1
pinkblazer,1
brooklynmom,1
realreal,1
celinesunnies,1
fabriceducation,1
shein,1
nonprofitthriftshop,1
maternityleave,1
chanelbag,1
cheapcashmere,1
fashionadvice,1
naturalfiberclothes,1
diaandco,1
fitcheck,1
deceptivemarketing,1
sheraseven,1
sherahseven,1
sherasevenofficial,1
successful,1
powerfulmotivation,1
sevenoneera,1
womenoftiktok,1
sherasevenvideo,1
jadasmith,1
providermen,1
divinefeminineenergy,1
ifecoaching,1
sheraseventhegoat,1
therapy,1
queens,1
highvaluewoman,1
unitedkingdom,1
trend,1
westernwomen,1
5050relationships,1
worldwide,1
selfimprovement,1
girlpower,1
sheera,1
usa🇺🇸,1
seventheerastout,1
4b,1
mindset,1
datingadvice,1
pedestalwife,1
sherasevenscandal,1
sevenelevener,1
divine,1
sherasevenhusbandjames,1
eraseventry,1
sevengoodera,1
thatgirl,1
sherasevenhusband,1
sherasevenemotio,1
usa_tiktok,1
motivational,1
eraseven99,1
selfworth,1
sherasevenwedding,1
hypergamylove,1
levelup,1
sherasevena,1
datinglife,1
sherasevenlevelup,1
rmpoweringwomen,1
mindsetshift,1
sherasevenfanpage,1
parati,1
sherasevenstudent,1
dating,1
hirecoachilled,1
motivation,1
innerwork,1
sherasevenrealaccount,1
sherase,1
68040,1
sherasevenyoutube,1
5050,1
datingadviceformen,1
girlssupportgirls,1
funny,1
seven99era,1
usa🇺🇸tiktok,1
eraclassseven,1
adviceforwomen,1
datingadviceforwomen,1
sheraknowsbest,1
sherasevenclips,1
sherasevenmasterclass,1
advice,1
sprinklesprinkle,1
usa,1
women,1
5050relationship,1
hypergamyiove,1
mentality,1
viralvideo,1
sheraseventoxic,1
datingtipsforwomen,1
sobresevenerar,1
businessowners,1
sprinklesprinkl,1
lifeskills,1
sprin,1
sheilaonsevenconcert,1
adviceforgirls,1
woman,1
uk,1
sheeraseven,1
itgirl,1
polarity,1
womenempowerment,1
hypergamydating,1
polygamy,1
husbandwife,1
sheisseven,1
positivity,1
men,1
sherloo,1
veesheis,1
thirdwifeenergy,1
patriarchy,1
woketok,1
sheilaonseven,1
sherasevenedits,1
sherasevendatingadvices,1
femine,1
y,1
shera,1
sherasevenhuband,1
sevenera,1
sherasevenemotions,1
baddie,1
adviceforwomanintheir20s,1
sherasevenoriginal,1
sheseven,1
jadapinkettsmith,1
sevencheating,1
erasevencee,1
sheralesbianmoments,1
relationshipcoach,1
marriageadvice,1
confidenceboost,1
sheraseven?,1
femiadvice,1
insoirationalwomen,1
sheradancing,1
sheraseveniswrong,1
hypergamy,1
sheraseven1,1
enigmaticfemininity,1
rosee,1
sheerasevenadvice,1
sherasevencouplesadvice,1
masculineenergy,1
sherasevendatingtips,1
girlboss,1
succes,1
sherasevencheating,1
womenemporwerment,1
s,1
5050dating,1
feminineenergy,1
shereseven,1
marriage,1
100kviews,1
trendingvideo,1
datingtipsforwoman,1
sevenelevenera,1
sprinklesprinklelady,1
adviceforyounggirls,1
sherasevensprinkle,1
whaterahashtagseven?,1
agdpless,1
sherasevendatingadvice,1
hypergamyadvice,1
sherasevenshorts,1
viraltiktok,1
womanpower,1
sheraseveniswro,1
girlstalk,1
sherasevenoriginai,1
confidence,1
datingtips,1
sherasevenknowsbest,1
easternwomen,1
feminine,1
marri,1
erasevenine,1
iconic,1
vintagewatch,1
summerfashion,1
summer,1
vintage,1
childfreebychoice,1
girlwiththelist,1
childfreelist,1
childfreetiktok,1
weddingguestdress,1
vintagelove,1
vintageweddinggown,1
vintagedresses,1
losangelesbridal,1
vintageootd,1
oscardelarentabridal,1
carolinaherrera,1
weddingdresstryon,1
vintageweddingdresses,1
bridaltok,1
vintagedress,1
springwedding,1
happyislesdress,1
happyislessalon,1
90svintage,1
weddingshopping,1
vintagebride,1
weddingseason,1
christiandior,1
summerwedding,1
carolinaherera,1
happyislesnyc,1
vintagevalentino,1
designervintage,1
90sbride,1
vintagedesigner,1
vintagebridal,1
verawang,1
dressesitriedonbutdidntpick,1
vintageweddingdress,1
springbridal,1
bridalshopping,1
pinkweddingdress,1
oscardelarenta,1
vintagedior,1
vintagebridalgown,1
weddingdressshopping,1
vintageshopping,1
dior,1
archivalfashion,1
bridalsalon,1
happyisles,1
springbride,1
dropwaistweddingdress,1
bridaltiktok,1
bobmackie,1
bridal,1
vintagerunway,1
californiadonuts,1
mastcellactivationsyndrome,1
hypermobileeds,1
neurodiversity,1
meme,1
autisticcreator,1
memecut,1
adhdinwomenlooksdifferent,1
hypermobilitycheck,1
actuallyautistic,1
autismawareness,1
adhdinwomen,1
pmdd,1
adhshe,1
autisticwomen,1
endometriosis,1
hypermobility,1
audhd,1
pcos,1
hypermobile,1
audhder,1
wayfair,1
garden,1
recipe,1
recipes,1
harvestbasket,1
sourdough,1
hosting,1
diml,1
linkinbio,1
gardentok,1
pasta,1
outdoorliving,1
breakfast,1
dayinmylife,1
giftideas,1
gardengrillin,1
gardentotable,1
spring,1
wayfairfinds,1
mentalhealthawareness,1
brandymelville,1
sustainabilitytiktok,1
brandyhellville,1
brandydocumentary,1
fleamarket,1
upcycledfashion,1
starsigns,1
brandymellville,1
brandymelvillehaul,1
fashionactivist,1
slowfashion,1
zodiactiktok,1
wighair,1
romanticvibes,1
blacktiktok,1
beautytok,1
afloia,1
atlanta,1
apple,1
nails,1
johnnycarson,1
applehead,1
foryourpagе,1
8,1
thriller,1
theloveyousave,1
thegoat,1
janet,1
happyearthday,1
dirtydiana,1
spikelee,1
jackson5,1
dianaross,1
macaulayculkin,1
naomicampbell,1
90s,1
1,1
zyxcba,1
80s,1
invincible,1
dangerous,1
70s,1
getittogether,1
thejacksons,1
worlddanceday,1
icon,1
flipwilsonshow,1
queenofpop,1
itstoolatetochangethetime,1
thejackson5,1
earthsong,1
mjj,1
michaeljoejackson,1
foryourepage,1
michael,1
badera,1
j5,1
beatit,1
wearetheworld,1
bad,1
legend,1
kingofpop,1
appleheadmj,1
foryourpagetiktok,1
someoneputyourhandout,1
xyzabc,1
70smusic,1
happyworlddanceday,1
ABC,1
janetjackson,1
michaeljosephjackson,1
foryourpage,1
inthecloset,1
theydontcareaboutus,1
bloodonthedancefloor,1
historymichaeljackson,1
90smusic,1
80smusic,1
offthewall,1
thetonightshowwithjohnnycarson,1
mjfam,1
xscape,1
denim,1
fashioninparis,1
designertok,1
expatlife,1
nailtech,1
election,1
america,1
ai,1
bright,1
send,1
electionyear,1
steez,1
lashtech,1
oqq,1
journaling,1
lashes,1
iwin,1
girlswillbegirls,1
diy,1
entrepreneur,1
tech,1
forex,1
black,1
waydamin,1
higherself,1
comment,1
venmo,1
beetlejuice,1
comfortable,1
boost,1
southcarolina,1
mariahthescientist,1
light,1
happyfriday,1
practice,1
the,1
fake,1
pink,1
hoodie,1
forthegirls,1
brand,1
hatetrain,1
review,1
jail,1
journal,1
simpson,1
bf,1
event,1
caitlinclark,1
scammer,1
to,1
relationship,1
going,1
jaydawayda,1
awareness,1
championship,1
graduated,1
why,1
fraud,1
mercuryretrograde,1
veneers,1
rapture,1
twitter,1
skit,1
oj,1
progressionvideo,1
model,1
comfy,1
selfielight,1
grateful,1
cheater,1
reddit,1
hairstylist,1
shoplivex,1
iloveit,1
dress,1
iphones,1
yogapants,1
american,1
chatgpt,1
journey,1
youre,1
grad,1
engagement,1
nybfw,1
phantomoftheopera,1
weddingdressinspo,1
diamond,1
booktok,1
bridalfashiondesigner,1
bride,1
largefry,1
fypage,1
film,1
totalsolareclipse,1
xybca,1
genz,1
office,1
corporate,1
corecore,1
mcdonalds,1
gym,1
squat,1
happybirthdaydrmiami,1
ergonomicchair,1
abexercise,1
fullbodyworkout,1
posture,1
mombod,1
imsorry,1
hippainrelief,1
momfitness,1
stressmanagement,1
neckpainrelief,1
stretchroutine,1
coreengagement,1
weightlossjourney,1
saturdayrun,1
wfhtips,1
mompooch,1
fitnesstips,1
properposture,1
deskjob,1
posturetips,1
proteinshake,1
backpainrelief,1
smoothierecipe,1
heartposture,1
corporatetips,1
corestrengthening,1
ergonomicsolutions,1
bully,1
plantarfasciitis,1
anxietyrelief,1
goodposture,1
strongcore,1
core,1
growth,1
stressrelief,1
macros,1
breathing,1
deskjobtips,1
bodyalignment,1
stretch,1
strengthtraining,1
nutritiontips,1
360breathing,1
hillrun,1
proteinsmoothie,1
coreworkout,1
hiit,1
coremuscles,1
healthyrecipes,1
moveyourbody,1
properbreathing,1
feethealth,1
postpartum,1
deskjobhacks,1
weightlossmeals,1
fitmom,1
footpain,1
posturecorrection,1
acheyfeet,1
fascia,1
fitnessmotivation,1
shoulderpainrelief,1
coreexercise,1
ergonomic,1
posturestretches,1
sixpack,1
ergonomictips,1
gymworkout,1
abs,1
beginnercoreexercise,1
hipexercise,1
ergonomicoffice,1
ergonomicdesign,1
beckpainrelief,1
abworkout,1
corework,1
beginnercoreworkout,1
balancedtraining,1
badposture,1
tighthips,1
bullyingawareness,1
posturecorection,1
9to5life,1
stretching,1
postureroutine,1
bodymovement,1
officetips,1
movement,1
howtostretch,1
sleeptips,1
posturestretch,1
diastasisrecti,1
planks,1
roundedshoulders,1
fightorflight,1
neckstretch,1
hipopener,1
highintensityworkouts,1
movemore,1
smoothie,1
healyourself,1
ergonomist,1
ergonomics,1
anxietytips,1
bodyinmotion,1
functionaltraining,1
techneck,1
painrelief,1
anxiety,1
homeworkout,1
feetpain,1
standingdesk,1
diaphragmaticbreathing,1
seatcushion,1
cortisol,1
breathingexercise,1
pilates,1
breakingnews,1
harlan,1
torturedpoetsdepartment,1
florida,1
tornado,1
la,1
southdakota,1
2026,1
lax,1
louisianatiktok,1
wx,1
journalist,1
nevada,1
michigan,1
hate,1
oklahomatiktok,1
amazon,1
news,1
texas,1
lightning,1
tiktokban,1
att,1
cat,1
911dispatcher,1
newx,1
wxtok,1
2027,1
country,1
nj,1
outbreak,1
outage,1
comments,1
nebraska,1
kansas,1
weathertok,1
amazonreturn,1
tornadowatch,1
lawenforcement,1
baltimore,1
simpsons,1
tornadoalley,1
launch,1
police,1
911,1
iawx,1
thunder,1
morganwallen,1
newjersey,1
iowa,1
hail,1
space,1
weatheraware,1
newscamera,1
oklahoma,1
weather,1
hollister,1
eng,1
broadcast,1
baggyjeans,1
happiness,1
economy,1
popupbagels,1
growingup,1
affordablegifts,1
popup,1
themoreyouknow,1
louisvuitton,1
shailenewoodley,1
future,1
need,1
relationshipadvice,1
archdigest,1
frat,1
futuretech,1
tourists,1
barenecessities,1
absolutelynecessary,1
walk,1
moms,1
pureleafpartner,1
sanlouisobisbo,1
wizardofoz,1
needtravel,1
pasadena,1
bro,1
bushwick,1
history,1
apartment,1
industrialcomplex,1
dancing,1
ilovefallout,1
believeit,1
giftguide,1
miumiu,1
deadboydetectivesnetflix,1
donuts,1
appletvpluspartner,1
falloutfits,1
stayhumble,1
makegoodart,1
name,1
equinox,1
nycclubs,1
momappreciation,1
hudsonyards,1
nycnightlife,1
relationshipgoals,1
superfun,1
thefallout,1
scarecrow,1
fallout,1
lastname,1
scifi,1
honestyisthebestpolicy,1
felicity,1
heaven,1
jeans,1
interview,1
mothersday,1
nycearthquake,1
realname,1
penneallavodka,1
joke,1
couplegoals,1
murrayhill,1
deadboydetectives,1
whatdoyoudoforaliving,1
help,1
gala,1
humble,1
westvillage,1
malinandgoetz,1
dystopia,1
malinandgoetzpartner,1
comedy,1
nychistory,1
latestage,1
sisterinlaw,1
safety,1
italy🇮🇹,1
pureleafzerosugar,1
europeans,1
nycapartmenttour,1
unbothered,1
astrologytiktok,1
thankgawd,1
servicewithasmile,1
billionairelifestyle,1
ambani,1
streetwear,1
nycapartment,1
loot,1
heropartner,1
90dayfiance,1
astrology,1
mother,1
friends,1
love,1
friendshipgoals,1
smallfashionbusiness,1
apresstudio,1
winter,1
sydenyfashion,1
bubbledress,1
oversizedshirt,1
londonfashion,1
smallbrand,1
delivery,1
style,1
outfit,1
cosy,1
smallbusiness,1
gingham,1
australianbrand,1
fashionphotoshoot,1
womensupportingwomen,1
fitinspo,1
apresgirl,1
sustainablefashiontiktok,1
woolcoat,1
cobaltblue,1
winterfashion,1
fashion,1
coat,1
autumnfashion,1
earthday2024,1
photoshoot,1
streetstyle,1
weddingplanner,1
makeuproutine,1
glossier,1
coldplunge,1
vinoperfect,1
protectivehairstyles,1
makeupmusthaves,1
engagementring,1
brandtrip,1
hyperpigmentation,1
athomebrowlamination,1
2024bride,1
farmacybeauty,1
summeroutfits,1
letsgetdressed,1
kiehls,1
englishcreamdachshund,1
festivaloutfits,1
darkspots,1
visitfinland,1
mineralsunscreen,1
springoutfitideas,1
sunscreentips,1
milanicosmetics,1
summerfridays,1
engagementtips,1
2025bride,1
hfspartner,1
dachshundpuppy,1
caudalie,1
traveltips,1
spf,1
howtolayerskincare,1
skincarerecommendations,1
targetpartner,1
retinoltips,1
katesomervilleskincare,1
festivalseason,1
redlighttherapy,1
laminatedbrows,1
spftest,1
delaneymessybun,1
lipstick,1
minidachshund,1
icekarting,1
glossierpartner,1
sunscreentest,1
caudaliepartner,1
fluffybrows,1
heatlesshairstyles,1
grwmmakeup,1
outfitideas,1
fashiontape,1
travel,1
retinolserum,1
lipbalm,1
hydrakate,1
drylipsremedy,1
targetmakeup,1
kosaspartner,1
fashiontok,1
weddingplanning,1
traveltiktok,1
sephorasalerecommendations,1
liketkit,1
travelskincare,1
finlandnature,1
browlamination,1
festivalfashion,1
sunscreenreview,1
cowboycarter,1
morningskincare,1
beginnerskincare,1
revlon,1
winteroutfits,1
nudelip,1
summerskincare,1
scuncipartner,1
travelvlog,1
darkspottreatment,1
snowoutfit,1
northernlights,1
gentleskincare,1
target,1
engaged,1
neutrogenapartner,1
weddinghairstyle,1
lablogger,1
sephorahaul,1
ootn,1
retinolskincare,1
acnepatches,1
getdressedwithme,1
brows,1
bridalhair,1
travelwithme,1
bronzingdrops,1
finland,1
heatlesscurls,1
redlightmask,1
birthday,1
sunscreen,1
finlandtiktok,1
hollywoodfashionsecrets,1
bridetok,1
patricktablush,1
summerhairstyles,1
sunscreenforblackpeople,1
hair,1
lipproducts,1
farmacylipsmoothie,1
travelessentials,1
dachshundsoftiktok,1
morningskincareroutine,1
sunscreenforpoc,1
aries,1
messybuntutorial,1
gdwm,1
revlonpartner,1
retinol,1
blackskincareroutine,1
coldtherapy,1
blackgirlmakeup,1
kiehlspartner,1
hairinspo,1
beyonce,1
farmacypartner,1
haul,1
drylips,1
esthetician,1
sephoraspringsavings,1
blushhacks,1
datenight,1
skincaretok,1
grwmilani,1
ovaldiamond,1
affordablemakeup,1
nowhitecastsunscreen,1
mineralspf,1
lipoils,1
darkspotserum,1
onlineshopping,1
katesomerville,1
whatihavecominginthemail,1
weddingplanningtips,1
sensitiveskin,1
datenightmakeup,1
birthdayoutfit,1
hairtutorial,1
bestsunscreens,1
snowoutfits,1
hairtok,1
toddlersnacks,1
momootdinspo,1
5minutemakeup,1
toddlersnackideas,1
amazonjewelryfinds,1
soloouting,1
homegoods,1
babyboynames,1
momroutine,1
toddlersnackinspo,1
sahmlife,1
toddlermom,1
skims,1
slowliving,1
breastfeeding,1
momadvice,1
2yearsleepregression,1
momoutfits,1
realisticmomlife,1
stayathomemomlife,1
toddlermomsoftiktok,1
birkenstock,1
babynameideas,1
moving,1
homedecorinspo,1
firsttimemom,1
babygirlnames,1
babynamesilovebutwontuse,1
momof1,1
momtips,1
toddlersleep,1
stayathomemom,1
simplemakeup,1
breastfeedingtips,1
naturefamily,1
aerie,1
toddlerbalancebike,1
greysweats,1
sahm,1
mommakeup,1
everydayjewelry,1
sahmtips,1
momchats,1
dayinthelife,1
cozyoutfit,1
sahmvlog,1
toddlergiftideas,1
newbornvstoddler,1
newhome,1
twoyearold,1
realisticmotherhood,1
dayinthelifeasamom,1
makingmotherhoodmagical,1
chunkygoldhoops,1
motherhood,1
comfyoutfits,1
momvlog,1
tiktokshopfinds,1
decorvlog,1
goldhoops,1
chitchatgrwm,1
sleepregression,1
cozyoutfits,1
momtok,1
amazongoldhoops,1
realatablemotherhood,1
shopwithme,1
wudolabalancebike,1
chattygrwm,1
twoyearsleepregession,1
glowymakeuplook,1
babynames,1
breastfeedingadvice,1
momootd,1
healthytoddlersnacks,1
outfitoftheday,1
comfyoutfitinspo,1
relatablemotherhood,1
momfits,1
babynamesilove,1
solovlog,1
secondbirthdaygiftguide,1
nikestyleby,1
teamnike,1
yittypartner,1
duet,1
