Hashtag,Frequency
onthisday,4
capcut,3
viral,2
fyp,2
duet,2
foryou,2
crocerossaitaliana,2
كوميديا,2
عيد_سعيد,2
مصر,2
شغل,2
mom,2
family,2
curso,1
eclipsesolar,1
semanasanta,1
cursosonline,1
cruzroja,1
gratis,1
primerosauxilios,1
cursosgratis,1
ypi,1
eclipse,1
emergency,1
incendiosforestales,1
aprendeentiktok,1
bosque,1
stitch,1
باب_الحارة,1
chefmarwan,1
lebanesefood,1
lebanesecuisine,1
غيث_الهايم,1
منه_بهجت,1
التقيل_تقيل,1
محمد_اسامه,1
أحدث_اغاني_عيد_الفطر_2024,1
اللعب_احلو,1
on_stream,1
شكر_خاص,1
trust_mayar_emad,1
روما,1
vmmusic,1
لميس_كان_يا_شغلاهم,1
احمد_شعبان_خلاويص,1
terabox,1
يا_شغلاهم,1
eltwins_markting,1
راغب_علامة,1
راغب_علامة_التقيل_تقيل,1
صاحبه_قلم_الروج_الاحمر,1
اغاني_عيد_الفطر_2024,1
لميس_كان,1
ناي_لحظة_نزفزة,1
cri,1
criacireale,1
per,1
unitaliacheaiuta,1
perte,1
neipertee,1
comedia,1
الامارات,1
amar_rim,1
كوميدي,1
uae,1
sketch,1
دبي,1
arabfunny,1
lebanon,1
عمو_سامي,1
elenomar,1
تلشعب_الصيني_ماله_حل😂,1
ههههه,1
indiantrend,1
sheglam,1
ضحك,1
نصيحة,1
ايلانا_الصباغ,1
sheglamliquidfam,1
arabcomedy,1
sheglamblush,1
elenaelsabbagh,1
arabtiktok,1
هههه,1
سكتش,1
ramadan2024,1
coachellaonyoutube,1
ad,1
beautytok,1
سمير_ابو_النيل,1
أفلام,1
بنك_الحظ,1
روتانا,1
محمد_رجب,1
محمد_سعد,1
سيد_العاطفي,1
حمادة_هلال,1
ظرف_طارق,1
البدلة,1
الباشا_تلميذ,1
رامز_جلال,1
اكرم_حسني,1
تامر_حسني,1
أحلام_الفتى_الطايش,1
السعودية,1
كريم_عبدالعزيز,1
صبايا,1
สโลว์สมูท,1
dance,1
رضاالبحراوي,1
สปีดสโลว์,1
عيد_العمال,1
رضوى_الشربيني,1
اجازة,1
egypt,1
مصر🇪🇬,1
fresh,1
يوميات_ست_بتسوق,1
ارتباط,1
العيد,1
realestate,1
عبدالفتاح_السيسى,1
فلسطين,1
فريش,1
strong,1
الشعب_الصيني_ماله_حل😂😂,1
يومياتي_مع_زوبه,1
ايران,1
انا_مديرة_فرفوشة,1
السيسي,1
عقارات,1
هري_ديانا,1
_دكتورعمادسلامه,1
🥰,1
رمضان,1
رامي_جمال,1
🤣🤣🤣,1
شريهان,1
diet,1
oh,1
momsoftiktok,1
love,1
remember,1
momanddaughter,1
loveyou,1
رقص,1
فرحه,1
foryoupage,1
السعوديه,1
عائلتي,1
football,1
guerlain,1
كارن_وازن,1
grwm,1
abeilleroyale,1
beautifulthings,1
beautifulpeople,1
karenwazen,1
bykarenwazen,1
whattowear,1
guerlainskincare,1
crocerossa,1
trend,1
crilomazzo,1
ironia,1
redcross,1
pov,1
soccorritore,1
rescue,1
volontariato,1
ambulance,1
insects,1
elephant,1
skin,1
nature,1
special,1
joke,1
friends,1
animals,1
play,1
reelsinstagram,1
reels,1
beautiful,1
cuteanimals,1
gators,1
with,1
fish,1
job,1
mantis,1
dream,1
poisonous,1
big,1
animal,1
food,1
living,1
angry,1
learn,1
river,1
sleep,1
epic,1
raining,1
new,1
animallovers,1
toy,1
teeth,1
monster,1
feisty,1
feeding,1
monitor,1
tiktokanimals,1
educational,1
funnyvideos,1
anacondas,1
life,1
friend,1
lifestyle,1
water,1
travel,1
wild,1
rattlesnake,1
bunny,1
tik,1
shed,1
moments,1
king,1
funny,1
lizard,1
fun,1
eggs,1
wow,1
lion,1
dragon,1
white,1
small,1
cuties,1
python,1
borns,1
snakes,1
noodles,1
videos,1
awesome,1
brand,1
prank,1
prayingmantis,1
black,1
orphan,1
education,1
friendly,1
crocodile,1
babyanimals,1
dangerous,1
cute,1
hunter,1
time,1
swallow,1
florida,1
gator,1
motivation,1
nice,1
shedding,1
day,1
havefun,1
tiktok,1
strike,1
croc,1
bite,1
zoo,1
cat,1
video,1
beast,1
snake,1
wildlife,1
herping,1
handsome,1
huge,1
baby,1
dinner,1
eye,1
reptile,1
see,1
egg,1
live,1
fall,1
albino,1
easter,1
giant,1
salmon,1
style,1
babies,1
little,1
beauty,1
massive,1
haha,1
dubai,1
cool,1
rare,1
bugs,1
zoolife,1
momma,1
feed,1
clutch,1
eat,1
tok,1
amazing,1
hair,1
girl,1
edit,1
