Hashtag,Frequency
earthday,25
fyp,16
climatechange,15
earthmonth,13
sustainability,12
climateaction,12
nature,10
earth,8
conservation,7
sustainable,6
ecofriendly,6
sustainableliving,6
climate,6
goodnews,5
plastic,5
ocean,5
plasticpollution,5
earthday2024,5
foryou,4
kids,4
travel,4
funny,4
school,4
solareclipse,4
eclipse,4
marinebiology,4
cleanair,4
environment,4
earthdayeveryday,4
cute,3
capcut,3
eclipse2024,3
coralreef,3
mentalhealth,3
recycling,3
climatesolutions,3
coral,3
circulareconomy,3
onthisday,3
recipe,3
earthquake,3
comedy,3
nyc,3
science,3
summer,3
vegan,3
eco,3
stitch,3
greenwashing,3
cleanenergy,3
globalwarming,3
wildlife,3
paris,2
learnontiktok,2
iran,2
dubai,2
viral,2
gaza,2
palestine,2
creativity,2
uae,2
foodwaste,2
space,2
fish,2
name,2
ai,2
journalism,2
diy,2
energy,2
explained,2
psychology,2
history,2
memecut,2
jobsearch,2
StartUp,2
marinelife,2
food,2
cooking,2
ad,2
taxes,2
music,2
urbanplanning,2
urbanism,2
dairyfree,2
compost,2
urban,2
photography,2
farming,2
wa,2
fashion,2
fishing,2
documentary,2
booktok,2
news,2
takeaction,2
politics,2
environmentaljustice,2
moon,2
positivevibes,2
🌎🌍🌏,2
thrifthaul,2
passoverearthdaychallenge,2
homemadekitchenrestock,2
community,2
overconsumption,2
homemade,2
sustainablelifestyle,2
sustainablepackaging,2
ecotok,2
treeplanting,2
greenscreen,2
reforestation,2
college,2
thrifting,2
gardening,2
environmentalist,2
endangeredspecies,2
whales,2
equality,2
swiss,2
healthcare,2
plantbased,2
woman,2
trend,2
sustainablefashion,2
arborday,2
worldpenguinday,2
reuse,2
australia,2
climatejustice,2
edutok,2
activism,2
humanrights,2
globalplasticstreaty,2
animals,2
planet,2
inc4,2
oceans,2
microplastics,2
toxic,2
trending,2
pollution,2
climatecrisis,2
jobs,1
joblife,1
parisolympics2024,1
team,1
worldcreativityday,1
freefree,1
اليوم_العالمي_للإبداع,1
israel,1
wedding,1
thegoodproject,1
الامارات,1
lapd,1
ivyleague,1
thegoodnewms,1
مصر,1
internationallabourday,1
فلسطين🇵🇸,1
egyptianuniversities,1
nyu,1
افراح,1
creative,1
nypd,1
sports,1
us,1
انكور_جين,1
americanuniversities,1
uni,1
امطار,1
إعلام,1
دبي,1
rafah,1
boycott,1
كفر_الشيخ,1
mcdonalds,1
سيول,1
thegoodnewsms,1
success,1
projects,1
seimpactrunners,1
thisisegypt,1
tourism,1
عيد_العمال,1
contentcreation,1
مليردير,1
جامعات,1
cairo,1
ankurjain,1
ikr,1
runforanimpact,1
visitegypt,1
جامعات_مصر,1
egyptian_tik_tok,1
newyorkuniversity,1
parisolympics,1
فرح,1
whenimbackinchicago,1
yale,1
masscomm,1
رفح,1
egypt,1
encampment,1
fyo,1
hidengem,1
affirmations,1
thisisegypt🇪🇬,1
ramadan2024,1
ankurjainwedding,1
explore,1
فلسطين,1
universities,1
رمضان,1
dubaifloods,1
ramadan2030,1
غزة,1
successtogether,1
alshifaa,1
رمضان٢٠٢٤,1
lifeison,1
fypシ゚viral,1
bds,1
creativeblocks,1
colombiauniversity,1
fypシ,1
protests,1
nujoud,1
ايران,1
auc,1
foodsecurity,1
fossil,1
bloat,1
prehistoric,1
shark,1
bloater,1
phd,1
names,1
fishes,1
sharkteeth,1
bombayduck,1
gradschoo,1
sharks,1
bloated,1
scifiwriter,1
blogger,1
ces2024,1
chatgpt,1
lifeextention,1
spacetravel,1
spacenews,1
free,1
battery,1
cultivatedmeat,1
mathtok,1
brainimplant,1
mediacompany,1
podcastclip,1
engineeringlife,1
freewater,1
dogsontiktok,1
internethistory,1
amsterdam,1
techgadgets,1
techexplained,1
engineering,1
consumertech,1
magneticfield,1
neuroscience,1
biohacking,1
techtok,1
podcastsoftiktok,1
socialexperiment,1
brainwaves,1
longevity,1
braincomputerinterface,1
unconciousmind,1
labgrown,1
oceanlife,1
diytech,1
reverseaging,1
artificialreef,1
satellite,1
agingbackwards,1
dietchallenge,1
videogames,1
goodclimatenews,1
sciencebooks,1
startups,1
automation,1
30daychallenge,1
astranis,1
traumatherapy,1
processor,1
spacex,1
arthurcclarke,1
physicstok,1
geostationaryorbit,1
computerscience,1
carbonemissions,1
sciencenews,1
internet,1
tastetesting,1
medicalresearch,1
internetconnection,1
analog,1
scarcitymindset,1
aspinity,1
cityplanning,1
authorsoftiktok,1
scienceexperiments,1
loyalbiotech,1
marscolonization,1
fails,1
eeg,1
aigenerated,1
programmer,1
computerprogramming,1
deepfake,1
visitamsterdam,1
batterylife,1
spacecolonization,1
hypnosis,1
analogcomputer,1
wellnessroutine,1
veterinariansoftiktok,1
explainer,1
parrotai,1
bci,1
substack,1
mars,1
protectoceanlife,1
mediaecosystem,1
geo,1
ces,1
cheesesteak,1
popdaddypopcorn,1
ham,1
duet,1
sausage,1
chicken,1
throwback,1
chickenwings,1
commentary,1
joshsmom,1
smashburger,1
burgers,1
eggs,1
review,1
itaintgonslidedowneasyifitaintcheesy,1
pasta,1
dica,1
tiktokshop,1
chunknibbles,1
philly,1
husbandmeals,1
alfredo,1
orangechicken,1
singing,1
everybodyssocreative,1
sustainablehaircare,1
getoutside,1
babobotanicals,1
cinematic,1
mothernature,1
consumerism,1
cartonshampoo,1
selfreflection,1
projectdandelion,1
gbv,1
ster,1
icymi,1
concerttour,1
concertmerch,1
concert,1
merch,1
hospitality,1
freelance,1
smallbusiness,1
livemusic,1
restaurant,1
nycevents,1
savings,1
taxsavings,1
businessowner,1
bartending,1
play,1
carfreeamerica,1
walkablecities,1
inforgraphic,1
carfree,1
mycology,1
feedyouroptimism,1
fungifact,1
yogurt,1
mushroom,1
recipeinspo,1
naturesfynd,1
fungi,1
askyourfriends,1
fungifactfriday,1
wholefoods,1
composting,1
spokane,1
netplus,1
boulder,1
clothing,1
hemp,1
pct,1
bike,1
shopping,1
memoir,1
mtb,1
fabric,1
film,1
stuff,1
trailrunning,1
quality,1
policy,1
washington,1
journal,1
winter,1
patagoniabooks,1
climbing,1
shoulderseason,1
slc,1
river,1
airquality,1
adventure,1
patagoniafilms,1
alifelivedwild,1
family,1
snakeriver,1
camping,1
yvonchouinard,1
print,1
everest,1
books,1
movies,1
musicaltheatre,1
parenting,1
foodie,1
standupcomedy,1
veganicecream,1
ecoliving,1
banplastic,1
hpevomore,1
healthydessert,1
dreamvacation,1
yogaretreat,1
treehouselife,1
earthmont,1
hppartner,1
surfergirl,1
greatpacificgarbagepatch,1
parentsoftiktok,1
transportation,1
racism,1
health,1
cleancars,1
safety,1
methane,1
chemicals,1
momsoftiktok,1
foryoupage,1
protectfamily,1
epa,1
breakingnews,1
cleanride4kids,1
parents,1
electric,1
momsontiktok,1
cleanschoolbus,1
astronomy,1
beer,1
scienceismagic,1
coralreefs,1
insect,1
flower,1
dubaiflood,1
weather,1
robot,1
cloudseeding,1
flowers,1
nasa,1
maldives,1
bug,1
insects,1
bugs,1
homemadebroth,1
scrappy,1
thredup,1
scrappycooking,1
buynothing,1
buffaloexhange,1
toiletcleaner,1
thriftstore,1
🌳🌳,1
howtomakebroth,1
springthrifting,1
veganbroth,1
secondhandfashion,1
cleaningtherapy,1
bambootoiletpaper,1
clothesseller,1
spring2024trends,1
paper,1
greenscreenvideo,1
airbnb,1
circularity,1
chocolatemousse,1
cleantok,1
jam,1
dairyfreedessert,1
extremelyfashionable,1
mustwatch,1
communityorganizing,1
thrifted,1
trashie,1
sharingeconomy,1
plantingtrees,1
leopardshoes,1
regeneratinglife,1
cleanwithme,1
sustainablekitchen,1
takeoutfood,1
🌳🌳🌳,1
homemadejam,1
ellenmacarthurfoundation,1
takebackbag,1
springcleaning,1
passoverrecipes,1
springfashion,1
leopardprint,1
compostable,1
chocolatelover,1
cleantoilet,1
diycleaner,1
adidasbeyonce,1
jfk,1
🍃,1
thredupambassador,1
moussecake,1
wheretothrift,1
broth,1
ecoeducation,1
sustainablecleaning,1
spring2024,1
veggiescraps,1
buildcommunity,1
🍃tiktok,1
yellowcardigan,1
passoverfood,1
ecomonth,1
earthtorebecca,1
desserttiktok,1
pomelogirls,1
decluttersustainably,1
🍓🍓🍓,1
springshoes,1
dontthrowthatout,1
regenerativeagriculture,1
makeyourowncleaningproducts,1
heybamboo,1
beaconscloset,1
passover,1
onlinethrift,1
instyle,1
rentmy,1
makeityourself,1
sustainablebrand,1
terminal4,1
easydessert,1
pomeloskin,1
sellingclothes,1
adidas,1
🍫🍫,1
igotfood,1
endfoodwaste,1
sundayreset,1
forestplanet,1
🧻,1
aquafaba,1
whylivesustainably,1
toiletbombs,1
minimalist,1
🥦,1
circulareconomy♻️,1
chiajam,1
ecolifestyle,1
plagues,1
biodegradable,1
lesswaste,1
jamrecipe,1
findyourwhy,1
airportfood,1
thriftedshoes,1
passover2024,1
declutter,1
bestbroth,1
repairtheworld,1
swifttok,1
aoc,1
acc,1
april29,1
trump,1
biden,1
taylorswift,1
senioryear,1
collegeadvice,1
collegetips,1
traditional,1
pov,1
mybrondell,1
homemadekitchen,1
savemoney,1
showerhead,1
tradwife,1
milkmeansmore,1
bunny,1
milkmeansmore_partner,1
homemadeyogurt,1
yogurtrecipe,1
subpod,1
livingplanetfriendly,1
pantrymix,1
cakestand,1
shower,1
litter,1
cookbook,1
sourdough,1
onionsoup,1
ecoswap,1
homesteading,1
ecowedding,1
minimalistish,1
pressurecanning,1
preventfoodwaste,1
homemaderestock,1
celebrateearthday,1
sustainbility,1
vegogarden,1
tacoseasoning,1
canningwater,1
ecofriendlyliving,1
kitchenrestock,1
minimalism,1
dairy,1
nobuyyear,1
lowbuyyear,1
baking,1
howtostoreproduce,1
canning,1
homemadetacoseasoning,1
bread,1
homestead,1
lowwaste,1
sustainableswaps,1
upcycle,1
raisedgardenbed,1
bunnyseeds,1
zerowaste,1
fromscratch,1
packing,1
nationalparks,1
storingproduce,1
thrift,1
ecoswaps,1
cheerchoiceawards,1
easyrecipes,1
onionsoupmix,1
12hobbiesin2024,1
denalicanning,1
greekyogurt,1
recipes,1
littlefreelibraries,1
eco101,1
stoplittering,1
pantryrestock,1
sourdough101,1
waterbathcanning,1
communities,1
siliconebakingmats,1
littlefreelibrary,1
garden,1
restocks,1
packingsustainably,1
backtothebasics,1
fromscratchrestocksandrecipes,1
sustainableswap,1
sourdoughstarter,1
easy,1
reducingfoodwaste,1
foodpreservation,1
sourdoughbread,1
uaeflooding,1
murmuration,1
sky,1
cloudinversion,1
chickens,1
recordrain,1
stormpierrick,1
sealife,1
orca,1
drought,1
icemelt,1
mexicowildfires,1
atmosphere,1
endangered,1
criticallyendangered,1
birds,1
totalsolareclipse,1
extremeweather,1
dyk,1
flooding,1
hydrogen,1
albatross,1
wildlifeconservation,1
greatblueheron,1
animallovers,1
wildfire,1
dubaiflooding,1
antarctica,1
attwatersprairiechicken,1
bears,1
franceflooding,1
ecology,1
environmental,1
southafrica,1
stormkathleen,1
southafricaflooding,1
clouds,1
wetlands,1
waves,1
blackbears,1
killerwhale,1
water,1
denver,1
timelapse,1
sandiegocalifornia,1
parrot,1
parrotsoftiktok,1
sandiego,1
parrotslover,1
eugreenwashing,1
oceanoptimism,1
microsoftsurface,1
junkkouture,1
studentvoices,1
bethechange,1
reducereuserecycle,1
transport,1
climatecouncil,1
transportpollution,1
saveourreef,1
greatbarrierreef,1
fixtheact,1
seizethedecade,1
farewellfossilfuels,1
nuclear,1
slashclimatepollution,1
forourkids,1
airpollution,1
climatepollution,1
epbc,1
reef,1
nationalenvironmentlaw,1
nonuclear,1
endmalaria,1
goal13,1
goal14,1
goal10,1
globalgoals,1
malaria,1
senegal,1
idaworks,1
positivenews,1
tiktokforgood,1
taiwan,1
londonmarathon,1
africa,1
canada,1
goal7,1
goal3,1
renewableenergy,1
waterpollution,1
raingarden,1
beelawn,1
nativeplants,1
schmooka,1
hiking,1
stormwater,1
rain,1
minnesota,1
cloverlawn,1
lakes,1
rainyday,1
wilderness,1
spring,1
environmentaleducation,1
adoptadrain,1
wildflowers,1
mnlakes,1
tall,1
lawns,1
forests,1
cleanwater,1
shade,1
volunteering,1
lawnalternatives,1
city,1
sustainablearchitecture,1
gogreen,1
design,1
vegantravel,1
sustainabledesign,1
architecture,1
goinggreen,1
ecodesign,1
landback,1
ceasefirenow,1
immediateceasefire,1
resistance,1
endtheoccupation,1
alshifa,1
freepesrine,1
bodypositivity,1
living,1
dance,1
girls,1
bikinis,1
bikini,1
fitness,1
girl,1
gym,1
packaging,1
cleanborderwaternow,1
theoceanneedsmorefriends,1
tijuanariver,1
friendoftheocean,1
mostendangeredrivers,1
oneoceantouchesallshores,1
yoshi,1
periodproblems,1
periods,1
mario,1
animeriverside,1
veggiegirl,1
earthmonth?,1
recycleeverything,1
worldheritageday,1
naturewords,1
nationaldolphinday,1
dayofthemushroom,1
goldmanprize,1
worldtapirday,1
internationaldayformomumentsandsites,1
natureisbeautiful,1
peace,1
oneearth,1
savetheamazon,1
earthdayresolution,1
natureconservation,1
iconicspecies,1
indigenouswisdom,1
nationalfarmanimalsday,1
beauty,1
dandelions,1
internationalbeaverday,1
floridapanther,1
savethewhales,1
batappreciationday,1
nationaldandelionday,1
goldmanenvironmentalprize2024,1
fascinatingfungi,1
climateactionnow,1
peopleandplanet,1
climatehope,1
citizensciencemonth,1
citizenscience,1
cicadas,1
exbf,1
therapydupe,1
workaway,1
braidstyles,1
braids,1
backpacking,1
solofemaletraveler,1
recycle,1
forgottonworldhighway,1
🇦🇺,1
pickuptrash,1
views,1
🌎,1
traveling,1
dontlitter,1
newzealand,1
hairtok,1
doyourpart,1
solotravel,1
geothermal,1
rotorua,1
bondi,1
traveldiaries,1
🇳🇿,1
♻️,1
beachcleanup,1
bondibeach,1
sydney,1
vibes,1
motherearth,1
cheaptravel,1
travellife,1
cantshutupaboutthis,1
westernaustralia,1
iykyk,1
tuesdaysfortrash,1
auckland,1
traveltiktok,1
budgettravel,1
bondirescue,1
piha,1
boxbraids,1
saveourplanet,1
nz,1
wooldryerballs,1
gardenjoypartner,1
dayinthelife,1
snoozetoslay,1
mindbodyplanet,1
sustainableorgreenwashing,1
2,1
bridesmaidproposal,1
nationalarborday,1
ecoonabudget,1
wildplanetpartner,1
asiampartner,1
mustela,1
solidshampoo,1
wildplanet,1
powdershampoo,1
1,1
ecotools,1
sustainablewedding,1
plantamilliontrees,1
bridesmaidproposalboxes,1
homemadecleaners,1
asiam,1
weddingdiaries,1
mustelapartner,1
3,1
plasticfreebathroom,1
smallwonderpartner,1
climatechangeisreal,1
gender,1
reproductiverights,1
singer,1
women,1
brittanyhiggins,1
womensrights,1
freedom,1
toomajsalehi,1
mybodymychoice,1
old,1
prochoice,1
ایران,1
pregnancy,1
metoo,1
endviolenceagainstwomen,1
defamation,1
donaldtusk,1
polish,1
switzerland,1
mahsaamini,1
مهسا_امینی,1
iranian,1
emissions,1
abortion,1
rapper,1
aussie,1
netzero,1
elderly,1
tiktoknews,1
prolife,1
brucelehrmann,1
poland,1
توماج_صالحی,1
windeurope,1
penguinday,1
dolphin,1
babyanimal,1
foruou,1
ourocean,1
wildlifephotography,1
savedbythebell,1
remora,1
penguin,1
whaleshark,1
dominicanrepublic,1
whale,1
win,1
art,1
solar,1
draw,1
cartoon,1
drawing,1
painting,1
paint,1
sustainablebanking,1
fossilfuels,1
funding,1
howto,1
bunnies,1
realmeซูมให้ได้ซีน,1
fight,1
arizona,1
neighbors,1
transit,1
greece,1
walking,1
europe,1
cicadaseason,1
cicadas2024,1
reducewaste,1
naturehikes,1
solareclipse?,1
2024eclipse,1
natureviews,1
nationalpetday,1
money,1
taxrefund,1
economy,1
myth,1
interview,1
salary,1
advice,1
nycearthquake,1
corporate,1
personalfinance,1
budget,1
career,1
hrtiktok,1
resuemgap,1
salarynegotiation,1
financialfreedom,1
careertok,1
401k,1
payday,1
investing,1
millennial,1
impostersyndrome,1
remotejobs,1
paychecktopaycheck,1
gaslighting,1
oneplus12r,1
careertiktok,1
manipulation,1
stayathomedad,1
jobinterview,1
resume,1
scam,1
communication,1
tax,1
boss,1
happiness,1
bonus,1
onlinebusiness,1
intern,1
genz,1
job,1
hire,1
returntooffice,1
wahm,1
sahp,1
strawman,1
employee,1
hysa,1
onepluspartner,1
finance,1
remotework,1
coworker,1
raise,1
workfromhome,1
rto,1
strawmanfallacy,1
invest,1
work,1
careeradvice,1
moneytok,1
paycheck,1
sahm,1
sixfigures,1
socialmedia,1
inflation,1
wfh,1
strawmanargument,1
stayathomemom,1
meme,1
beyondpetrochemicals,1
stophate,1
saveoursusquehana,1
peopleoverpollution,1
texas,1
turnoffthetap,1
mississippi,1
louisiana,1
californiacreatorfornature,1
naturalhistorymuseumla,1
earthtodezz,1
inaturalist,1
bayarea,1
californiaacademyofscience,1
birdwatching,1
arctic,1
alaska,1
kirkland,1
zara,1
foreverchemicals,1
pfas,1
patagonia,1
toiletpaper,1
costco,1
sustainabilitytiktok,1
northcarolina,1
naturesounds,1
savetheearth,1
savetheocean,1
sunscreen,1
florida,1
skincare,1
savethebirds,1
beach,1
foodtiktok,1
protectourplanet,1
exxonmobil,1
planetvsplastics,1
forestservice,1
hiketok,1
ecosystem,1
longleafpine,1
nationalforests,1
holes,1
nff,1
turtle,1
gophertortoise,1
nationalforestfoundation,1
ecuador,1
philippines,1
mining,1
sustsinable,1
language,1
culture,1
cacao,1
podcast,1
indigenousrights,1
ashes,1
unboxing,1
roughdiamond,1
diamond,1
eterneva,1
thriftedfitcheck,1
animalrescue,1
secondhandissexy,1
crowinabox,1
humanesociety,1
basil,1
basiloil,1
reducefoodwaste,1
imperfectsustainability,1
springrecipe,1
earthgang,1
missionblue,1
oceanconservation,1
pilinakanaloa,1
oceangang,1
oceansolutions,1
wavesofchange,1
sylviaearle,1
ouroceangreece,1
tiktok,1
berkeley,1
woods,1
ethics,1
life,1
people,1
society,1
tigers,1
squirtle,1
smart,1
thoughts,1
debate,1
bear,1
scientist,1
pets,1
stem,1
cats,1
info,1
pokemon,1
gradschool,1
zoos,1
men,1
farmersalmanac,1
meteorshower,1
lyrids,1
forest,1
trees,1
planetearth,1
redwoods,1
outdoors,1
urbanforestry,1
nonprofitsoftiktok,1
naturetiktok,1
naturelovers,1
planting,1
whenyourealize,1
newyorkcity,1
naturelover,1
