Hashtag,Frequency
fyp,15
capcut,8
nature,7
wildlife,6
travel,6
sustainability,5
greenscreen,5
london,5
taylorswift,4
makeup,4
stitch,4
velocity,3
trend,3
beauty,3
vlog,3
beach,3
coffee,3
wildanimals,3
wildlifephotography,3
tiktokban,3
trending,3
ai,3
recipes,3
mushrooms,3
health,3
onthisday,3
socialmediamarketing,3
foryou,3
uk,3
conservation,2
earthday,2
plasticpollution,2
regeneration,2
kenya,2
contentcreator,2
capcuttemplate,2
aprildump,2
cinematic,2
pureimagination,2
beforeandafter,2
slowmo,2
car,2
dump,2
roadtrip,2
routine,2
recovery,2
nightroutine,2
addiction,2
workingout,2
morningroutine,2
skincareroutine,2
new,2
dance,2
love,2
latvia,2
ocean,2
river,2
gratitude,2
google,2
lisbon,2
portugal,2
fy,2
espresso,2
bird,2
antiaging,2
selfcare,2
jojosiwa,2
lifestyle,2
viral,2
friends,2
funny,2
lyrics,2
meme,2
fypシ,2
festivalseason,2
dairyfree,2
quinoa,2
vegan,2
springsalad,2
healing,2
saladrecipes,2
mealprep,2
choppedsalad,2
salad,2
fitness,2
camping,2
foraging,2
spring,2
earthday2024,2
skincare,2
grwm,2
ttpd,2
innovation,2
womeninstem,2
choppedsandwich,2
advice,2
caffeine,2
interview,2
lionsmane,2
animation,2
marketinghacks,2
marketingdigital,2
hairstyle,2
handmade,2
tiktoknotes,2
amsterdam,2
socialmediatips,2
torturedpoetsdepartment,2
duet,2
solareclipse,2
adhd,2
cycling,2
mentalhealth,2
netherlands,2
londonlife,2
mothersday,2
ecofriendly,2
beyonce,2
plasticfree,2
rich,2
learnontiktok,2
ad,2
podcast,2
coachella,2
animalsoftiktok,1
lamu,1
permaculture,1
legalize,1
plantmedicines,1
kenyatravel,1
travelinfluencer,1
islandlife,1
animalrescue,1
ecotok,1
shelalamu,1
rhinoconservation,1
rastafari,1
rhino,1
420,1
earthlove,1
babymonkey,1
rasta,1
influencer,1
völliglosgelöst,1
slideshow,1
stopmotion,1
gibberish,1
aboutlastweekend,1
deny,1
comeandgetyourlove,1
caredit,1
3danimation,1
summertime,1
dynamicflexing,1
fortnight,1
lockedaway,1
postmalone,1
summer,1
comewithme,1
surfing,1
looksodivine,1
cptlevi,1
herethereandeverywhere,1
gojousatoru,1
doiwannaknow,1
nba,1
fürdich,1
cooldown,1
playstation,1
riverbed,1
gojo,1
excuseme,1
playstation5,1
thebeatles,1
herewithme,1
bestdayofmylife,1
graduation,1
kolohekai,1
majortom,1
cleaningvlog,1
poppincookinkit,1
haircarereview,1
chilis,1
addictioncomedy,1
mcobeauty,1
richaddict,1
thephixskincare,1
jailnachos,1
jailtiktok,1
soberliving,1
nightvlog,1
tattoo,1
recoveryskit,1
jailmail,1
recoverycomedy,1
hairtutorial,1
addicriokskit,1
addictionskit,1
prisontok,1
cleantok,1
addicrionskit,1
mcobeautybronzingdrops,1
jailtattoo,1
boujie,1
kroger,1
jailskit,1
vacationvlog,1
contraband,1
breakfast,1
olivegarden,1
thephix,1
jailcomedy,1
jailhygiene,1
curlyhairhack,1
candykit,1
cleaning,1
dailyvlog,1
sick,1
pancakes,1
getunready,1
sobercomedy,1
coolaunt,1
richinjail,1
skicare,1
coolauntvibes,1
shopping,1
prison,1
tennessee,1
thephixproducts,1
jailtok,1
recoveringaddict,1
cordlessscrubbrush,1
gym,1
vacation,1
gymvlog,1
travelvlog,1
dinner,1
jailbeautyhacks,1
jailhair,1
poppincookin,1
jailescape,1
girlplugs🔌,1
jaildessert,1
jailbeauty,1
panerabread,1
jailvsprison,1
soberlivingskit,1
skating,1
jaillife,1
dailyvlig,1
jail,1
curlyhairtutorial,1
candy,1
jailsecurity,1
indomienoodles,1
bronzingdrops,1
tinasrecoverytok,1
groceryshopping,1
tjmaxx,1
jailrecipe,1
kitsch,1
cooking,1
traveling,1
scrubber,1
commissary,1
tiktokshop,1
jailstory,1
packing,1
hairstylesinjail,1
haircare,1
review,1
jailrelationships,1
familystorytime,1
dayinthelife,1
cleaningtok,1
jailrecipes,1
dinnervlog,1
jailfood,1
jailhacks,1
jaillove,1
saveme,1
patriot,1
rasselperson,1
mctetris,1
mirami_music,1
sing,1
god,1
artro,1
song,1
rassel,1
mirami,1
maskachka,1
sarahbetshabaz,1
war,1
soon,1
masterskaja,1
estonia,1
oneлав,1
musiqq,1
track,1
life,1
pop,1
перемены,1
joy,1
rap,1
baltic,1
маскачкаlife,1
person,1
chorus,1
gospel,1
unreleased,1
yul,1
патриоты,1
miravi,1
save,1
barz,1
live,1
betweenus,1
peremeni,1
music,1
dvizh,1
salaspīls,1
riga,1
andergam,1
narva,1
hit,1
jesus,1
palaguta,1
аввакум,1
rivers,1
animals,1
earth,1
caracas,1
🇻🇪,1
orinoco,1
photography,1
waterfall,1
indigenous,1
canaima,1
venezolanosenelmundo,1
water,1
venezolanos,1
people,1
sunset,1
losroques,1
margarita,1
djimavicpro,1
lifechanges,1
mountain,1
peace,1
paradise,1
venezuela,1
seahorses,1
environment,1
wetwipes,1
happyfacechallenge,1
thebuttface,1
vencerapoluiçãoporplásticos,1
smallactsmatter,1
sunnydays,1
worldrecord,1
awareness,1
greatglobalpellethunt,1
soldacaparica,1
microplastic,1
fujitsu,1
beachclean,1
algés,1
caparica,1
oceanplastic,1
microplastics,1
rethink,1
tejo,1
beachdays,1
almada,1
tedx,1
beatpelletpollution,1
porto,1
madeira,1
tedtalk,1
ted,1
healthissues,1
trafaria,1
reuserevolution,1
ukulele,1
savetheseahorses,1
marinelitter,1
circulareconomy,1
cigarettebutts,1
protectouroceans,1
broom,1
protecttheocean,1
lisboa,1
buttfacechallenge,1
buttface,1
vacationoutfits,1
swarovski,1
livestreaming,1
swarovskiidyllia,1
coachella2024,1
revolvefestival,1
couplecomedy,1
swarovskihyperbola,1
vinivia,1
viniviacreatorcommunity,1
styletip,1
swarovskimillenia,1
doitlive,1
couple,1
relaxingvideos,1
winter,1
naturlover,1
relaxation,1
relax,1
photoshoot,1
hide,1
sonygenuine,1
wildanimal,1
faceyoga,1
eyebrow,1
facemassage,1
nobotox,1
hoodedeyes,1
eyebrows,1
massagetutorial,1
jawline,1
facecare,1
glowup,1
slimnose,1
glowuptips,1
viraltiktok,1
facefitness,1
fullface,1
howtotiktok,1
warhammer40k,1
civilwarmovie2024,1
pokemon,1
bringcloaksback,1
economy,1
politics,1
taxes,1
aragorn,1
civilwar,1
dnd,1
tabletopgames,1
warhammer,1
knightwearco,1
cloakbrand,1
90skids,1
capitalism,1
cloaks,1
gamesworkshop,1
lordoftherings,1
pokemonfacts,1
3dprinting,1
90s,1
aragorntok,1
savewater,1
toilet,1
japan,1
cold,1
lightswitch,1
khalid,1
eyes,1
lanadelray,1
aesthetic,1
symphony,1
redpill,1
solo,1
gossipgirl,1
brothers,1
zoom,1
camilacabello,1
feelings,1
beautiful,1
highschool,1
stopmotiontrend,1
template,1
memecut,1
allnight,1
bluepill,1
filter,1
airplane,1
missme,1
geazy,1
rules,1
waves,1
fireball,1
chicago,1
besties,1
arianagrande,1
silence,1
kissme,1
deathbed,1
gangnamstyle,1
intentionally,1
edit,1
iyaz,1
jamesarthur,1
selflove,1
imaginedragons,1
mood,1
fireworks,1
vibes,1
thousandyears,1
ladykillers,1
safeplace,1
serena,1
akon,1
story,1
sad,1
blairwaldorf,1
creatorsearchinsight,1
creatorsearchinsights,1
phonk,1
smoothslowmo,1
smoothvelocity,1
livephotocapcut,1
aiautofill,1
capcut_edit,1
cinematography,1
lanadelrey,1
kidsmusic,1
technoremix,1
loosingweight,1
highproteinrecipes,1
technovibes,1
remixmusic,1
highproteinrecipe,1
partytime,1
techtok,1
techhousemusic,1
gymrats,1
ravers,1
proteinpizza,1
losingweigthjourney,1
rave,1
listeningtomusic,1
musicplaylist,1
lowcalorierecipe,1
musicfestival,1
technomusicrevolution,1
technolovers,1
desire,1
gymrecipe,1
youandme,1
bangers,1
technogirl,1
partyplaylist,1
acid,1
lowcaloriepizza,1
technoplaylist,1
techtokbrazil,1
andx,1
fitnessgoal,1
newdj,1
highprotein,1
ravetokedmtiktok,1
hardtechnolovers,1
newmusic,1
technotracks,1
lowcalorierecipes,1
technomusic,1
flashbacks,1
hardtechnodj,1
technobangers,1
wheelsonthebus,1
crunchysalad,1
tofu,1
plantbased,1
dessert,1
easymeals,1
brusselssprouts,1
potato,1
beans,1
redpeppers,1
sweetpotatorecipe,1
chickpeas,1
kidfriendly,1
healthysalads,1
sweetpotato,1
quinoabowl,1
muffins,1
kalequinoasalad,1
brownieideas,1
peppers,1
healthydesserts,1
veganrecipe,1
plantbasedonbudget,1
healthydinner,1
recipeoftheday,1
saladbowl,1
stuffedpeppers,1
tacos,1
bananas,1
healthysoup,1
eggfree,1
muffinrecipe,1
easysalads,1
teriyaki,1
veganpasta,1
veggies,1
coldsalad,1
soup,1
dressing,1
meatballs,1
eatyourveggies,1
slaw,1
dinnertime,1
healthydessert,1
turmeric,1
easydinner,1
vegandinner,1
cheapmeals,1
plantbasedrecipes,1
spicypasta,1
bellpeppers,1
bananacake,1
easyrecipes,1
lentilsoup,1
saladrecipe,1
tofurecipes,1
plantbasedonabudget,1
sidesalad,1
marinade,1
zucchini,1
healthysalad,1
veganbaking,1
mealprepideas,1
beansalad,1
vegandessert,1
stirfryrecipe,1
pasta,1
veganprotein,1
tofusticks,1
stirfry,1
apples,1
easydessert,1
springrecipes,1
cincodemayo,1
broccoli,1
soupson,1
saladdressing,1
mangosalad,1
tacosalad,1
recipeshare,1
sweettooth,1
blackbeanmeatballs,1
roastedredpeppers,1
vegansoup,1
blackbean,1
crispy,1
brownies,1
vegancake,1
kale,1
bigsalad,1
budgetfriendly,1
comfortfood,1
healthyrecipes,1
cakesofinstagram,1
dinnerideas,1
peanutdressing,1
quinoasalad,1
blueberries,1
dessertsofinstagram,1
weightloss,1
nutritiontips,1
nutrition,1
fatloss,1
veganism,1
campfirecooking,1
bushcrafting,1
bushcraftuk,1
wildcamping,1
bodyweighttraining,1
outdoors,1
bushcraftshelter,1
bushcraftsurvival,1
nukes,1
forager,1
bushcraft,1
foraginguk,1
paleo,1
ukforaging,1
medicinalplants,1
calisthenics,1
campinghacks,1
ukbushcraft,1
wildfood,1
foragingtips,1
celebration,1
home,1
solotraveler,1
solotravel,1
history,1
createthelifeyouwant,1
obidos,1
weighttraining,1
beachvibes,1
potugal,1
makeuptutorial,1
barber,1
beautyproducts,1
exfoliate,1
lipoil,1
makeuproutine,1
concealer,1
summermakeup,1
erborian,1
drama,1
rodialbeauty,1
rhode,1
asmr,1
menshair,1
pinkmakeup,1
retinol,1
haircut,1
empties,1
blush,1
makeuptips,1
orangeblush,1
rodial,1
gay,1
milkmakeup,1
concealerhack,1
skincareproducts,1
makeupcommunity,1
confidence,1
unboxing,1
skincarecommunity,1
grwmroutine,1
serum,1
elemis,1
sunsetblush,1
beautyfavorites,1
prunboxing,1
springtrends,1
stagecoachoutfits,1
weddingguesstoutfit,1
celebwedding,1
pashionfootwear,1
butdaddyilovehim,1
comfyboots,1
9to5problems,1
shoecloset,1
workhacks,1
fashionhack,1
corporatelife,1
weddinginspo,1
thatsthatmeespresso,1
heelstoflats,1
nontraditionalwedding,1
haleypavone,1
innovativeproducts,1
alexcooperwedding,1
cowboycarter,1
fashionhacks,1
swifttok,1
sabrinacarpenter,1
workwear,1
2024wedding,1
beyonceconcert,1
organizewithme,1
pettyqueen,1
convertibleheels,1
shoestorage,1
coworkersbelike,1
springstyle,1
thisainttexas,1
bridalstyle,1
customizableshoes,1
hotlikeyou,1
summertrends,1
comfyshoes,1
lifehack,1
storagehacks,1
concertoutfit,1
highheelsshoes,1
lol,1
weddingshoes,1
weddingtok,1
fashiontips,1
fashiontech,1
crocodileprint,1
imworkinglate,1
womensshoes,1
lifehacks,1
neutralaesthetic,1
bobbyapproved,1
costcohaul,1
aldi,1
alditiktok,1
costco,1
costcobuys,1
laundry,1
wholefoods,1
ketosandwich,1
avocadooil,1
laundrydetergent,1
pbandj,1
costcodeals,1
eatthisnotthat,1
bagel,1
selfcaretips,1
oliveoil,1
aldifinds,1
chapstick,1
lipbalmaddict,1
wholefoodsmarket,1
healthyfood,1
loxbagel,1
avocadotoast,1
healthylifestyle,1
bagels,1
avocadobread,1
healthyliving,1
costcosavings,1
costcofinds,1
pbj,1
extravirginoliveoil,1
costcomusthaves,1
laundrytok,1
skincaretips,1
evoo,1
keto,1
aldihaul,1
toothpaste,1
lipbalm,1
wholefoodshaul,1
tiktokrecipe,1
allulose,1
longevity,1
healthandwellness,1
magnesium,1
omega3s,1
marriage,1
womenshealth,1
sponsored,1
robertwblove,1
wedding,1
anxiety,1
robertloveneuroscientist,1
stress,1
blueprint,1
alzheimers,1
brain,1
sleep,1
supplement,1
collagen,1
aginggracefully,1
inflammation,1
mctoil,1
organic,1
aging,1
brainsupplements,1
fishoil,1
memory,1
wrinkles,1
bryanjohnson,1
robertlove,1
antaging,1
weddinggifts,1
neurogenesis,1
supplements,1
dementia,1
sleepsupplements,1
quality,1
polyphenols,1
bryanjohson,1
dairy,1
depression,1
antiaing,1
pain,1
emotion,1
advertising,1
paidsocial,1
advertisingtiktok,1
instagramads,1
tiktokads,1
smallbusinesstiktok,1
facebookads,1
dubai,1
dubaidesert,1
lion,1
puffin,1
filmmaker,1
photographer,1
filmmaking,1
uaewildlife,1
desert,1
snail,1
golf,1
augusta,1
marellaandmart,1
endthecull,1
tiger,1
themasters,1
greenjacket,1
wildlifeartivism,1
sobriety,1
druguse,1
addictionrecovery,1
rehab,1
art,1
herbalism,1
sustainablebuilding,1
interrelations,1
sustainableliving,1
braidingsweetgrass,1
reforestportugal,1
wwoofer,1
carpentry,1
ecobuilding,1
plantworld,1
woodwork,1
workawayadventure,1
refbeverlyhills,1
cover,1
sexandthecity,1
singing,1
charlotteyork,1
beads,1
lookaround,1
jewellery,1
hair,1
contentcreaortips,1
lowviews,1
swifties,1
picsart,1
picsartambassador,1
subliminal,1
diorbeauty,1
personaldevelopment,1
quotesaesthetic,1
grwmmakeup,1
mac,1
dior,1
digitalmarketing,1
essencecosmetics,1
tiktoknews,1
tiktokgrowth,1
amsterdamtips,1
contentcreation,1
ugc,1
socialmediafeed,1
hooks,1
benandjerrys,1
caudalie,1
maccosmetics,1
ugccreator,1
2024energy,1
microinfluencer,1
trendingsounds,1
gisou,1
amsterdamfood,1
trendingsound,1
tiktoktips,1
socialmediamanager,1
growontiktok,1
contentcreatortips,1
kiko,1
traveltips,1
maybelline,1
trendalert,1
personalgrowth,1
mindsetmotivation,1
animaltok,1
rarefish,1
deepsea,1
snakes,1
sharks,1
extinctanimals,1
saveourplanet,1
cloning,1
herpetology,1
sharkweek,1
venomoussnakes,1
crocodile,1
howtodatebillywalsh,1
northwest,1
perrieedwards,1
perrie,1
zendaya,1
branding,1
littlemix,1
ryangosling,1
pitchperfect,1
karma,1
kimkardashian,1
eclipse,1
ruggablexjustinablakeney,1
ruggablepartner,1
maitake,1
mycology,1
mushtok,1
ganoderma,1
dyerspolypore,1
fungiperfecti,1
latinbinomials,1
biodiversityisbiosecurity,1
mushroomeducation,1
imagination,1
funga,1
researchanddevelopment,1
forest,1
mycophiles,1
mycobrew,1
scientificname,1
fungi,1
ganodermaapplanatum,1
polypores,1
poweredbymushroommycelium,1
scienceisfun,1
mycelialnetwork,1
mushroomforaging,1
chickenofthewoods,1
artificialintelligence,1
biodiversity,1
mycelium,1
deermushroom,1
turkeytail,1
paulstamets,1
abugslife,1
mushroom,1
mushroomlovers,1
adhdsquad,1
adhdwomen,1
adhdinwomen,1
adhdadult,1
adhdmemes,1
adhdhacks,1
adhdlife,1
adhdtips,1
adhdtiktok,1
adhdexplained,1
adhdproblems,1
adhdsupport,1
adhdstruggles,1
vetstudent,1
vetschool,1
medschool,1
insta360x3,1
ซากุรันโบะ,1
guangzhou,1
futuremobility,1
ride,1
ev,1
insta360thailand,1
ต่อขนตา,1
ร้านต่อขนตารัชดา22,1
รถไฟฟ้า,1
xpeng,1
xpengg6,1
evcar,1
insta360,1
cyclingkits,1
supercar,1
lotuscarsthailand,1
nc,1
beginner,1
yallternative,1
redwolf,1
wolves,1
westernriding,1
northcarolina,1
dirtroad,1
riding,1
prioritizeyourself,1
dreamjob,1
tips,1
groundingexercise,1
visualization,1
breathe,1
mindfulness,1
youareenough,1
deepbreaths,1
jobseekers,1
mentalhealthcoaching,1
stressawarenessmonth,1
breathingexercise,1
padel,1
padeltennis,1
sietefoods,1
tunaguachile,1
lorealparispartner,1
fajitas,1
funtimes,1
recipe,1
indieartist,1
rose,1
roseypeach,1
artistsoftiktok,1
glassskin,1
patmcgrath,1
makeupartist,1
mua,1
peach,1
musicinterview,1
artistinterview,1
patmcgrathmaisonmargiela,1
rnbartist,1
musicvideo,1
tangled,1
diy,1
maisonmargiela,1
glassskinmakeup,1
singersongwriter,1
lays_partner,1
londontown,1
polandisbeautiful,1
polska,1
londonbylondoners,1
polandiseverywhere,1
gdansk,1
gdanskcityguide,1
londonhotspots,1
gdanskcity,1
european,1
londondiaries,1
trojmiasto,1
londontiktok,1
gdańsk,1
cityscape,1
europetravel,1
keukenhof,1
poland🇵🇱,1
tricity,1
lennnie,1
ropebridge,1
duck,1
forced,1
windyday,1
🇮🇪,1
magpie,1
northenireland,1
proguide,1
ireland🇨🇮,1
wildatlanticway,1
luckyduck,1
foxes,1
weekend,1
rocks,1
malinhead,1
buncrana,1
giantscauseway,1
wildireland,1
farmlife,1
guinness,1
fypシ゚viral,1
beer,1
bears,1
erikataughtme,1
lawyer,1
nd,1
asokamakeup,1
adhdprobs,1
emo,1
emokid,1
asoka,1
curlygirlmethod,1
aimusic,1
asd,1
bpd,1
aiprograms,1
adhdapps,1
stylemyhairwithme,1
stimming,1
thoughtexperiment,1
dsm,1
curlygirl,1
greenscreenvideo,1
nostalgia,1
changingstyles,1
elderemo,1
forevertheweirdkid,1
curlyhairstyle,1
formspring,1
appsthatwork,1
goingnonverbal,1
neurodivergentproblems,1
lego,1
makeuptransition,1
millennial,1
instagram,1
bipittyfriends,1
makeuptrend,1
askfm,1
audhd,1
curlyhair,1
puttingbthebinbpd,1
puttingthebinbpd,1
legobonsaitree,1
friendship,1
seasheperd,1
trekking,1
outdoor,1
bikepacking,1
clothes,1
newzealand,1
iceland,1
jwdrip,1
ecosystem,1
adventure,1
overfishing,1
friendstrip,1
welivetodiscover,1
mustseeplaces,1
inspiring,1
hiking,1
worldearthday,1
peru,1
tellurgirlfriend,1
tyla,1
dancetutorial,1
tellurgf,1
skillibeng,1
jump,1
gunna,1
laybankz,1
imageupload,1
ecofriendlyproducts,1
compostable,1
customized,1
motherfigure,1
pelacase,1
tiktokcookbook,1
littleleaffarmssalad,1
jenniferaniston,1
grilledchicken,1
fishtacosalad,1
corn,1
babycrispygreenleaf,1
palomasaremagic,1
califlower,1
weddingsalad,1
delicious,1
michaeljordan23,1
blakelively,1
woodbowls,1
greeksalad,1
madeintheus,1
cava,1
vegancobbsalad,1
woodsaladbowls,1
lacrema,1
llfpartner,1
kalesalad,1
cobb,1
birthdaysalad,1
brunchsalad,1
sauvignonblanc,1
smashedroastedpotatoes,1
easyrecipe,1
whisktossenjoy,1
rosé,1
yum,1
emmachamberlain,1
loveyou,1
pomegranatemolasses,1
fishtacos,1
giveaway,1
cheeseburger,1
thesaladlab,1
dressings,1
drycreekvineyards,1
handcrafted,1
blanchedvegetables,1
solidwood,1
weddings,1
spicy,1
beetsalad,1
saladdays,1
bettybuzzgingerbeer,1
saladsoftiktok,1
mothersdaygifts,1
madeintheusa,1
vinaigrette,1
preorder,1
kentuckyderby,1
caesarsalad,1
haburger,1
winecountry,1
happyearthday,1
thesaladlabbook,1
pomegranate,1
cookbook,1
hamburgersalad,1
complexsalad,1
thesalaslab,1
bltsalad,1
citrusvinaigrette,1
handcradfted,1
mdw2024,1
treetales,1
alberi,1
treedom,1
design,1
giornatamondialedellaterra,1
letsgreentheplanet,1
menstrualhealth,1
periodproblems,1
pcos,1
periodpain,1
researchgap,1
earthfest,1
chronicpain,1
obgyn,1
spinninglikeaballerina,1
cbdtampons,1
endometriosis,1
cramps,1
feminismtiktok,1
mytype,1
femaleempowerment,1
viagraresearch,1
bts,1
cbdtampon,1
cbd,1
vagtok,1
discharge,1
prochoice,1
inappropriate,1
periodcare,1
incometax,1
personalfinance,1
raise,1
moneytok,1
financialliteracy,1
tax,1
income,1
isa,1
salary,1
moneytaboo,1
thatmoneyshow,1
retirement,1
tiktokcomedy,1
latinasoftiktok,1
vegastiktok,1
where,1
redflags,1
dating,1
badbunny,1
sheglampartner,1
sheglamlipstick,1
glitterlips,1
foodreview,1
sheglam,1
puertorico,1
bbcearth,1
mammals,1
fantail,1
sendhelp,1
findme,1
invisalign,1
india,1
whatsupbrother,1
sketch,1
invisalignpartner,1
ban,1
sheenainterrupted,1
okboomer,1
1,1
thankyou,1
whatwouldyoudo,1
prankwars,1
prank,1
traveldiaries,1
reesescoffeecorner,1
baltics,1
brīvdienumāja,1
latvianblogger,1
atpūta,1
latvijasdaba,1
latviešiceļo,1
latviantiktok,1
kurpalikt,1
totalsolareclipse,1
america,1
atpūtapiedabas,1
placestostay,1
vietaslatvijā,1
zaļaiszelts,1
glamping,1
katvaruliepas,1
solareclipse2024,1
latviannature,1
usa,1
visitlatvia,1
kuratpūsties,1
visitbaltics,1
glempings,1
latvia_in,1
latvija,1
katvari,1
uniquestays,1
guessmyaccent,1
swedishcandy,1
moneysavingtips,1
londonfood,1
indianfood,1
housesit,1
clubbedthumbs,1
londonfoodie,1
meganfox,1
celebritylookalike,1
ukmemes,1
bookshop,1
ukweather,1
detoxing,1
britishweather,1
housesitting,1
housesitter,1
thirty,1
londongirl,1
surprisingfamily,1
thirties,1
brachydactyly,1
booktok,1
londondesserts,1
accentchallenge,1
deinfluencing,1
eyelashserum,1
oxford,1
surprisevisit,1
delhifood,1
thirdculturekid,1
blackwellsbooks,1
marketing101,1
marketingcalendar,1
tiktokcreators,1
marketingupdates,1
scienceexperiments,1
research,1
searchengineoptimization,1
chipotle,1
novelapp,1
novel,1
influencersinthewild,1
jomo,1
marketingnews,1
nancyharhut,1
smsmarketing,1
eatingoutketo,1
socialmedia,1
smartmarketing,1
healthyfastfood,1
socialmediainfluencer,1
attentive,1
contentmarketing,1
opal,1
wishuponastar🌟,1
googlesearch,1
marketingtips,1
marketingtricks,1
eatingout,1
sge,1
seo,1
creatortips,1
marketingideas,1
consumertrends,1
tiktokbrands,1
tiktokapp,1
ChipotleSponsorMe,1
arc,1
consumerresearch,1
fermat,1
contentcalendar,1
marketingstrategy,1
influencers,1
coachearlea,1
marketingtrends,1
researchpaper,1
poppi,1
marketing,1
perplexityai,1
brandmarketing,1
postpilot,1
influencermarketing,1
beehiiv,1
ftc,1
arcbrowser,1
behavioralscience,1
sms,1
marketingtools,1
perplexity,1
contentmarketingtips,1
creators,1
influencertips,1
nationalpetday,1
bangbangbang,1
星野源,1
잘자요아가씨,1
xxl,1
gackt,1
집사,1
yongposse,1
영파씨,1
엄마안잔다,1
김홍남,1
kimhongnam,1
remix,1
콜드플레이,1
송하빈,1
춘봉,1
아일릿,1
예원,1
고양이집사,1
illit,1
다같이오도로,1
bigbang,1
comic,1
언더월드,1
노빠꾸탁재훈,1
coldplay,1
vivalavida,1
asmrz,1
댄스챌린지,1
tanaka,1
첨지,1
집사의하루,1
빅뱅,1
동내친구강나미,1
아이뽕,1
잘자요아가씨챌린지,1
뽕짝,1
강남,1
fun,1
다나카,1
christianity,1
baptism,1
cards,1
news,1
tarot,1
spirituality,1
trump,1
pets,1
zelensky,1
bookclub,1
faith,1
catsoftiktok,1
sacrifice,1
pettok,1
tarotcards,1
robotdog,1
yoga,1
fda,1
dogsoftiktok,1
reading,1
cia,1
doctor,1
cattok,1
boeing,1
wheretonext,1
destinationsrilanka,1
skyphotography,1
travelinspo,1
travelwithme,1
traveltips101,1
solotraveller,1
visitsrilanka,1
travelsrilanka,1
pidurangalarock,1
srilankatiktok🇱🇰,1
toddlertoys,1
toddlermum,1
cutetoddler,1
matchingoutfits,1
pregnantoutfits,1
pregnantlife,1
toddlermumoutfits,1
mumdaughter,1
mumsoftiktok,1
pregnancytiktok,1
secondpregnancy,1
pregnanttiktok,1
26weekspregnant,1
funnytoddler,1
magnetictiles,1
magnetictoys,1
kidstoys,1
mumdiary,1
twoyearold,1
getreadywithme,1
toddlersoftiktok,1
pullandbearcommunity,1
thingstodolondon,1
springfashion,1
books,1
coffeeshops,1
hudabeauty,1
holiday,1
outfitinspo,1
gifted,1
wellness,1
mindset,1
sausagedog,1
plog,1
batistewithme,1
photodiary,1
innerwork,1
reparentyourself,1
traumahealing,1
healingjourney,1
innerchildwork,1
innerchildconnection,1
livingwithintention,1
peoplepleasingrecovery,1
healingtrauma,1
reparentingyourself,1
innerchildhealing,1
peoplepleasing,1
tring,1
noordermarkt,1
britishcountryside,1
notesapp,1
traveltransition,1
fishandchips,1
kibbeling,1
intratuin,1
tulips,1
micadecorations,1
tulipseason,1
рекомендации,1
gymtok,1
earthquake,1
miami,1
spiderman,1
russiantiktok,1
brighton,1
parati,1
russian,1
drake,1
реки,1
immigrantparents,1
milk,1
babytok,1
breastfeeding,1
breastfeedingmomsbelike,1
babytiktok,1
sciencetoddler,1
baby,1
parentsoftiktok,1
babies,1
babyscience,1
nicu,1
science,1
season2,1
algorithm,1
firsttimedad,1
pumpingmom,1
parents,1
firststeps,1
breastmilk,1
firsttimemom,1
walking,1
babiesoftiktok,1
parenting,1
guidance,1
ebf,1
pumpingmama,1
chocolate,1
kofi,1
seasontwo,1
guarana,1
cutebaby,1
cutenewborn,1
sciencebaby,1
breastfed,1
tea,1
