Hashtag,Frequency
fyp,3
foryoupage,3
mentalhealth,2
foryou,2
europeanchampionships,1
england,1
dressupchallenge,1
whowins,1
1vs1,1
boxtok,1
fightbreakdown,1
worstdressed,1
worstdressedchallenge,1
sport,1
tiktokpoll,1
comeshoppingwithme,1
dayinthelife,1
nike,1
boshh,1
haneygarcia,1
dancemonkey,1
capcut,1
training,1
banter,1
international,1
gettingbetter,1
shopping,1
messingaround,1
englandboxing,1
competitive,1
interview,1
yashanddylanboxing,1
football,1
whatsnext,1
oxfordstreet,1
girlsvsboys,1
work,1
school,1
sparring,1
boxer,1
behindthescenes,1
mylife,1
sports,1
boxing,1
fashion,1
niketown,1
worldchampion,1
lol,1
comespendthedaywithme,1
ryangarcia,1
notboxing,1
pisstake,1
filming,1
practicemakesperfect,1
london,1
boxinggoals,1
devinhaney,1
fail,1
european,1
dance,1
iquit,1
fighting,1
watching,1
gymshark,1
fashionfail,1
tv,1
lolz,1
spectators,1
foryourpage,1
whyus,1
shopwithme,1
combatsports,1
climatechange,1
arctic,1
amazing,1
documentary,1
svalbard,1
crewlife✈,1
tvdirector,1
thisisantarctica,1
tia,1
ice,1
serene,1
antarctica,1
water,1
sunrise,1
antarctictok,1
polar,1
britishantarcticsurvey,1
toddlersoftiktok,1
blessedbeauty,1
sunset,1
feedingtheflyingsquirrels,1
hesspunky,1
gulffishing,1
shearwatercharters,1
mylifeontiktok,1
blessed,1
rememberthis,1
beachart,1
bentsoncenter,1
oceanspringsharbor,1
fearoffrogs,1
dancingqueen,1
birdbathplanter,1
lifeontiktok,1
damnkids,1
friendship,1
horror,1
fishingfam,1
beachy,1
mydog,1
sleep,1
gulfofmexico,1
biloxibeach,1
fishingwidow,1
70s80sinbiloxi,1
yarddecor,1
happybirthday,1
cancersucks,1
badweather,1
oystershellproject,1
mybestfriend,1
babybaylor,1
diamondart,1
ohhellno,1
gulfcoastliving,1
lablady,1
captainswife,1
pearlbracletstack,1
shearh20,1
overwhelmed,1
flyingsquirrels,1
singitman,1
coastalornaments,1
lablover,1
catchingbait,1
misshospitalitycharters,1
bestlife,1
coastlife,1
chocolatelab,1
coastdecor,1
blessings,1
oysterdecor,1
handsomeboy,1
fishingfamily,1
olerowtees,1
sheisatitagain,1
emotional,1
pelican,1
feelingblessed,1
ochsnercancercenter,1
memories,1
bigbird,1
southernmarshtee,1
sealifecoasters,1
gretavanfleet,1
mygrandson,1
quacktastic,1
myhusbandsobsession,1
medullarythyroidcancer,1
grandbaby,1
frogfear,1
thanksforthesupport,1
coastalart,1
gulfcoastlife,1
needsomehelp,1
redfish,1
ohboy,1
ahopping,1
projectfinished,1
lovingthislife,1
beachscene,1
nanasboy,1
dolphins,1
boatlife,1
thosewerethedays,1
cutestbaby,1
gulfcoastsunset,1
roadtrip,1
tornadoes,1
columbiafishingpants,1
dogtok,1
biloxi,1
gifts,1
duet,1
goodoledays,1
oystershellplanter,1
thatonefamilymember,1
charterlife,1
kids,1
highwinds,1
fairhope,1
bff,1
jenrae,1
charterboatlife,1
sunsetsonthegulf,1
goodnews,1
fishing,1
bbsboy,1
coastal,1
beauty,1
baylor,1
cancerupdate,1
mygrandbaby,1
hail,1
gulfcoastweather,1
adorablekid,1
family,1
feelingthemusic,1
funnykids,1
newfriend,1
hilarious,1
fitcheck,1
modhair,1
fypシ,1
androgynous,1
selfcare,1
viral,1
shorty,1
selfie,1
gymgay,1
baddestofthemall,1
trans,1
thriftedfashion,1
facecheck,1
verygender,1
ootd,1
styleinspo,1
beaniebabies,1
girlyboy,1
prettyboy,1
fyppppppppppppppppppppppp,1
streetwear,1
thriftedfit,1
lovemelikethat,1
masc,1
vintedhaul,1
grwm,1
transmasc,1
altstyle,1
queer,1
grwmasmr,1
vintedfinds,1
gendertroubles,1
styletip,1
shortmasc,1
thriftstorefindsoftheday,1
haircut,1
vinted,1
osirisskateshoes,1
gymbro,1
asmr,1
queerstyle,1
thriftedstyle,1
thrifted,1
androgynousstyle,1
artist,1
nonbinary,1
queermodel,1
harrypotter,1
renewableenergy,1
indiefilmmaking,1
payitforwards,1
acting,1
filmmaking,1
mentorship,1
