Hashtag,Frequency
fyp,9
parati,8
ecuador,5
consultapopular,4
capcut,3
foryou,3
viral,3
guayaquil,2
telocuentoentiktok,2
quito,2
cuenca,2
ecu,2
arbitrajesinternacionales,2
pegar,2
greenscreen,2
juicio,2
fypシ,2
eeuu,2
estadosunidos,2
art,2
tiktok,2
nuevamusica,2
music,2
foryoupage,1
noalarbitrajeinternacional,1
insureourfuture,1
earthday,1
extinctionrebellion,1
climatedenial,1
climateactionnow,1
citizensassemblies,1
insureourfuturenow,1
listentothescience,1
peoplepower,1
thebiggive,1
climatejustice,1
climatedeniers,1
nonviolent,1
citizensassemble,1
biodiversityloss,1
dropadani,1
tellthetruth,1
riskybusiness,1
righttoprotest,1
coderedfornature,1
takeaction,1
stopsellinglies,1
civildisobidience,1
actnow,1
stopdeportations,1
ClimaQuenteCabeçaFria,1
zurich,1
insuringclimatechaos,1
directaction,1
rebelfortruth,1
positiveclimatenews,1
biggive,1
climatecrisis,1
climateaction,1
endfossilfuels,1
donate,1
stopadani,1
rebelforlife,1
redrebels,1
codered,1
donatenow,1
decidetogether,1
funeralfornature,1
stockholmfashion,1
puertorico,1
latinasineurope,1
nordiccountires,1
expat,1
outfitcheck,1
lastday,1
wearyourcloset,1
shortgurlproblems,1
movingout,1
springoutfits,1
skioutfitcheck,1
wearyourclothes,1
sweden,1
stockholmstyle,1
latinastiktok,1
trends,1
latinamerica,1
stockholm,1
costarica,1
outfitoftheday,1
latina,1
90skids,1
caribbean,1
friends,1
standinginacrowededroom,1
millennial,1
shortgirl,1
skitrip,1
skioutfit,1
culturaldifferences,1
comidaespañola,1
terror,1
reflexion,1
condorandino,1
quever,1
bus,1
mihistoria,1
relojespersonalizados,1
enchiladas,1
comidamexicana,1
votano,1
landyparraga,1
polloasado,1
tiktoknews,1
datosquenosabias,1
quevedo,1
colonpico,1
cuartodeescape,1
cronicanegra,1
tacos,1
hamburguesa,1
animalestiktok,1
latacunga,1
extra,1
españa,1
domingo,1
calderon,1
manta,1
surdequito,1
datospertubadores,1
mamichelaypatito,1
abigail,1
relojes,1
comidatiktok,1
animalesenpeligro,1
tumbaco,1
altacocina,1
noticiasextrañas,1
universidadtecnicadelnorte,1
carcelen,1
ibarra,1
comida,1
diarioextra,1
mamichela,1
cronica,1
movie,1
condor,1
datosconalejo,1
horror,1
elecciones2024,1
losrios,1
consultapopular2024,1
avenidasimonbolivar,1
foodiequito,1
vampiros,1
teloexplico,1
opinion,1
terrorifico,1
news,1
2024,1
cumbaya,1
foodietiktok,1
personalizado,1
chimborazo,1
puertoquito,1
ambato,1
pizzasquito,1
manabi,1
ecaudor,1
influencersecuador,1
escaperoomquito,1
noticias,1
pizzeria,1
escaperoom,1
chubs,1
telocuento,1
polloalvino,1
quitumbe,1
napo,1
tiktokecuador,1
noticiasecuador,1
quehacerenquito,1
datos,1
suspenso,1
pizzalover,1
uio,1
nortedequito,1
diario,1
cineterror,1
foodie,1
truestory,1
truecrime,1
actividadesenquito,1
recomendaciones,1
entrevista,1
historiareal,1
pizzas,1
sur,1
tulcan,1
hamburgesadecalidad,1
imbabura,1
abigailpelicula,1
entrevistas,1
quitovalle,1
fypシ゚viral,1
axeblackbzrp,1
axeespañol,1
aleagullosm,1
mcdonaldsespaña,1
humor,1
caracuadrada,1
mcdonaldsxsaikoxturizo,1
happybirthdaymashi,1
jorgeglas,1
rafaelcorrea,1
danielnoboa,1
niñasmecheros,1
comorecuperaratuex,1
minerascanadienses,1
amazonia,1
elecciones,1
exnovios,1
interno,1
noalaconsulta,1
nonoboa,1
preguntae,1
mecheros,1
pablocentralino,1
laminaelarbitrajeylafamilia,1
lagoagrio,1
noarbitrajeinternacional,1
sialyasuni,1
consultapopularnoboa,1
consulta,1
medicaldoctor,1
estudiantedemedicina,1
noboa,1
yasuni,1
medicine,1
campaña,1
texaco,1
noconsultapopular,1
minerasnoboa,1
internadorotativo,1
mineras,1
noalosarbitrajes,1
noconsulta,1
uce,1
dileno,1
exnovia,1
medstudent,1
helenagualinga,1
preguntadconsulta,1
teexplotanylespagas,1
medico,1
nosevende,1
isabelnoboa,1
no,1
medicina,1
chevron,1
novios,1
novis,1
arbitrajeinternacional,1
contaminaciin,1
fyñシ,1
ateticamente,1
pov,1
endometroisis,1
endowarrior,1
endometrio,1
adenomiosis,1
fakesituation,1
runnercommunity,1
endometriosis,1
fakebody,1
fakebodyy⚠️,1
endobelly,1
prohibición,1
lockheedmartin,1
inmigración,1
acnudh,1
campus,1
florida,1
iran,1
huelga,1
irán,1
francia,1
donaldtrump,1
ruanda,1
columbiauniversity,1
protestasestudiantiles,1
okupas,1
siria,1
gaza,1
cornelwest,1
juegosolimpicos,1
bloqueo,1
trump,1
papelesdepanamá,1
medicos,1
combustiblesfósiles,1
onu,1
cisjordania,1
australia,1
cuba,1
nuevayork,1
puente,1
departamentodeestado,1
territoriosocupados,1
cambioclimático,1
taiwán,1
colonos,1
panamapapers,1
saludmental,1
baltimore,1
brutalidadpolicial,1
ayudamilitar,1
rafah,1
aborto,1
isfahan,1
kenia,1
activistas,1
citigroup,1
seder,1
jewishvoiceforpeace,1
arizona,1
unicef,1
ucrania,1
brooklyn,1
gazasolidarityencampment,1
convoy,1
hrw,1
barnard,1
biden,1
paraisosfiscales,1
estudiantes,1
israel,1
protestas,1
derechosreproductivos,1
blinken,1
palestina,1
violenciadegenero,1
mexico,1
longervideos,1
carpool,1
fútbol,1
fichaje,1
tiktokespana,1
opporeno11f,1
surf,1
vivirviajando,1
lentejas,1
tips,1
inverted,1
daddyissues,1
papa,1
jesuslovesyou,1
fitnessmotivation,1
alimentacionsaludable,1
painting,1
bajadepeso,1
healthy,1
acrilycpainting,1
god,1
vidasaludable🏋️‍♀️💪🏻🥑🥦🍓☕,1
cristo,1
pancakesrecipe,1
estofado,1
saludableyrico,1
healthyliving,1
almuerzosaludable,1
chocolaterecipe,1
cristianos,1
healthylifestyle,1
ecuador🇪🇨,1
foodlover,1
latinostiktok,1
desayunosaludable,1
healthypancakes,1
recetastiktok,1
recetassaludables,1
canvas,1
biblia,1
jesusart,1
chickenrecipe,1
saludable,1
cristovive,1
pancakessaludables,1
tiktokfood,1
jesus,1
atun,1
pancakes,1
healthybreakfast,1
viraltiktok,1
fitnesstips,1
chocolatepancakes,1
fitness,1
recetasfaciles,1
paintingart,1
cristianostiktok,1
comidasaludable,1
bible,1
viralvideo,1
fitnessgirl,1
nutricionsaludable,1
healthynutrition,1
ensaladadeatun,1
healthydinner,1
jesucristo,1
tuna,1
ecuatorianosporelmundo🇪🇨🌏💫,1
healthylunchideas,1
recetasconpollo,1
eeuu🇺🇸,1
salud,1
hotcake,1
cenasaludable,1
pollo,1
healthyrecipe,1
bajardepeso,1
estilodevidasaludable,1
nuggets,1
healthyrecipes,1
abril,1
bombonera,1
bocajuniorsoficial💛💙,1
futbol,1
laboca,1
superclasico,1
pixelart,1
buenamusica,1
fuego,1
lluvia,1
mexicantiktok,1
fypシ゚viral🖤tiktok,1
buscareotroamor,1
videolyrics,1
newmusic,1
nofilter,1
edsheeranspottedinstockholm,1
yquebonito,1
musicaentiktok,1
artistaemergente,1
musictiktok,1
canciones,1
artistatiktok,1
musica,1
artistaindependiente,1
ad,1
taylorswift,1
torturedpoetsdepartment,1
ponds,1
latinflowfest,1
1,1
prophecy,1
naturalmentefresh,1
voguemakeup,1
fruityhydrafresh,1
paff,1
publicidad,1
voguelatinflowfest,1
decolonizeunesco,1
otd,1
