Hashtag,Frequency
fyp,3
space,2
eclipse,2
stitch,2
greenscreen,2
euelections,1
klimatok,1
europa,1
reclaimtiktok,1
trainlove,1
climatecrisis,1
crime,1
foryourpage,1
pattiegonia,1
magic,1
conservation,1
action,1
globalwarming,1
foryou,1
filmmaking,1
earthday,1
inc4,1
savethewildlife,1
billieeilish,1
savetheworld,1
climatechange,1
hfc,1
ocean,1
gas,1
plastics,1
film,1
law,1
awareness,1
internationalunicornday,1
protect,1
savetheplanet,1
globalplasticstreaty,1
guardiacivil,1
drag,1
angry,1
eu,1
planetearth,1
planets,1
taxes,1
funny,1
barbie,1
whatwasimadefor,1
plastic,1
gases,1
undercover,1
worldearthday,1
unicorn,1
rhino,1
foryoupage,1
eia,1
earth,1
mondaymotivation,1
wildlife,1
streetart,1
science,1
safety,1
nyc,1
palestine,1
lightprojector,1
solareclipse2024,1
movies,1
health,1
art,1
activism,1
theilluminator,1
library,1
glasses,1
solareclipse,1
brooklyn,1
gaza,1
newyork,1
backtothefuture,1
shades,1
astronomy,1
sun,1
politicalscience,1
polarization,1
empathy,1
professorsoftiktok,1
psychology,1
exchristiantiktok,1
offgridliving,1
demolisher,1
bored,1
cabinlife,1
diy,1
filter,1
prepping,1
demolition,1
deconstruction,1
barn,1
nuclear,1
dontbelieve,1
capcut,1
christianity,1
aifilter,1
ihatewinter,1
nukes,1
homestead,1
imbored,1
offgrid,1
hailsatan,1
montana,1
atheist,1
boring,1
learnontiktok,1
earthquakes?,1
earthquakes,1
california,1
geology,1
planttips,1
planthacks,1
onthisday,1
officehours,1
ihateithere,1
weaponizednonsense,1
bonusdoodles,1
sciencecommunication,1
vivipary,1
society,1
politics,1
