Hashtag,Frequency
fyp,6
sudan,5
earthday,4
refugees,4
viral,4
gaza,4
melbourne,3
news,3
australia,3
climatechange,3
israel,3
worldbookday,3
unicef,3
drive,2
ayudahumanitaria,2
ramadan,2
unhcr,2
refugeeswelcome,2
funny,2
food,2
asylumseekers,2
sydney,2
iran,2
auspol,2
vegetarian,2
bondijunction,2
music,2
quiz,2
documentary,2
italy,2
socialmedia,2
newyork,2
crime,2
stitch,2
taylorswift,2
dubai,2
donaldtrump,2
ttpd,2
costoflivingcrisis,2
worldnews,2
environment,2
worldrecord,2
nsw,2
columbiauniversity,2
ryangosling,2
trump,2
harveyweinstein,2
royalfamily,2
kingcharles,2
afghanistan,2
olympics,2
earthday2024,2
humanrights,2
india,2
climatecrisis,2
climate,2
germany,2
tech,2
protest,2
stem,2
ukraine,2
worldhealthday,2
children,2
hygiene,2
education,2
system,2
science,2
ai,2
aprendeentiktok,2
booktok,2
scam,2
genz,2
climateaction,2
caravan,1
ドローン,1
英語,1
ひろゆき,1
trip,1
ロードトリップ,1
ワーホリ,1
1周,1
kick,1
scooter,1
キックボード,1
旅,1
ハプニング,1
車,1
バックパッカー,1
uni,1
シドニー,1
traveler,1
guardian,1
オーストラリア,1
cairns,1
初心者,1
ロン毛,1
アウトドア,1
キャンプ,1
縦断,1
hambre,1
foryoupage,1
acnur,1
donacion,1
solidaridad,1
guerra,1
keepeyesonsudan,1
bradford,1
comewithme,1
iftar,1
lebanon,1
onthisday,1
seniors2024,1
promposal2024,1
we,1
lebanese,1
comedy,1
trend,1
truestory,1
explore,1
prom,1
promposal,1
fy,1
lebanon🇱🇧,1
opinion,1
albo,1
vegetarianrecipes,1
refugee,1
veganrecipes,1
refugeewomen,1
mothersday,1
feminist,1
women,1
cookbook,1
sexualabuse,1
bondi,1
vegetariancookbook,1
terrorism,1
welcomerefugees,1
asrc,1
dv,1
albanese,1
brisbane,1
feminism,1
crisis,1
vaw,1
maleentitlement,1
mothers,1
mums,1
violence,1
asylum,1
mothersdaygift,1
yesallmen,1
senate,1
whatwereyouwearing,1
domesticviolence,1
familyviolence,1
deporation,1
rape,1
maleviolence,1
men,1
vegan,1
vegetariancookbooks,1
womenoftiktok,1
asylumseeker,1
sexualassault,1
allmen,1
dutton,1
wlw,1
prawnpasta,1
adoodleaday,1
mentalhealth,1
mindfulness,1
stressrelief,1
mindfulart,1
easyart,1
learntodraw,1
foodtok,1
trueorfalse,1
fishing,1
darksideofthe2000s,1
nostalgia,1
potatoeseveryday,1
celebrityguest,1
outdoor,1
friends,1
janisjoplin,1
reactionvideo,1
nepal,1
stanleytucci,1
eurovision2024,1
sesamestreet,1
childactors,1
survival,1
vogue,1
ramadannightmarket,1
outdoors,1
photoshoot,1
backtoblack,1
reclaimingamy,1
sherpa,1
sbseurovision,1
salamfest,1
mastermind,1
realitytv,1
sneakpeek,1
eid,1
courtneyact,1
everest,1
fitcheck,1
eurovision,1
rock,1
backstage,1
basecamp,1
potatotok,1
lakemba,1
swiftstreet,1
alone,1
amywinehouse,1
potatoes,1
friendstvshow,1
tv,1
gogglebox,1
aloneaustralia,1
anzacday,1
puzzles,1
mona,1
winx,1
australianweather,1
investigation,1
sydneyharbour,1
ojsimpson,1
nfl,1
qantas,1
sydneynews,1
shaunjohnson,1
horsevideo,1
pfas,1
budgetairline,1
neilperry,1
zoefosterblake,1
illawarradragons,1
australianpolitics,1
foreverchemicals,1
coachella,1
australianchampion,1
cruiseship,1
billieeilish,1
nrltiktok,1
sydneyroads,1
wikileaks,1
nrl2024,1
julianassange,1
bulldogs,1
australianreporter,1
transportnsw,1
employee,1
quantumcomputing,1
dubairain,1
lego,1
sydneymetro,1
fallguy,1
encampment,1
liveauction,1
sydneyincident,1
costofliving,1
westfield,1
tasmania,1
legomasters,1
newcastleknights,1
australiantravel,1
postgrad,1
sydneytransport,1
musicpodcast,1
bailreform,1
nswpolice,1
australianactors,1
kokodatrack,1
dubaiweather,1
australiantour,1
southsydneyrabbitohs,1
racehorses,1
angourierice,1
copenhagen,1
brucelehrmann,1
stan,1
canterburybankstownbulldogs,1
stockexchange,1
martinplace,1
y2k,1
tvreview,1
easternsuburbs,1
sydneyroosters,1
pressconference,1
sydneytrains,1
culturepodcast,1
metoo,1
solareclipse,1
babyreindeer,1
crossword,1
usnews,1
sydneyhousingcrisis,1
gamingcommunity,1
sydneyfloods,1
anthonyalbanese,1
latrellmitchell,1
afi,1
asio,1
jasondemetriou,1
australianhousing,1
netflix,1
australiannews,1
nicolekidman,1
woolworths,1
nrlnews,1
lestweforget,1
bonza,1
podcast,1
giantwave,1
frequentflyer,1
sydneyrent,1
sydneyfood,1
studentprotest,1
domdolla,1
lukekeary,1
rabbitohs,1
surfing,1
northamerica,1
inquiry,1
sydneycbd,1
roosters,1
tugboat,1
ttpdtaylorswift,1
margaretdoublebay,1
investigativejournalism,1
wakeley,1
nrl,1
sydneypodcast,1
nswgovernment,1
nswfloods,1
doublebay,1
afp,1
kickstreaming,1
nswcrime,1
sportforequality,1
genderequality,1
sportforpeace,1
womeninsport,1
sportsforall,1
welcominginteractive,1
вода,1
найкраще,1
друзі,1
ігри,1
мама,1
длядітей,1
батькам,1
песпатрон,1
юнісеф,1
хвороба,1
дружба,1
заспокоєння,1
хтоти,1
онлайн,1
агресія,1
травма,1
ментальнездоровя,1
залізниця,1
пожежа,1
вправи,1
лікування,1
колцентр,1
лікар,1
всесвіт,1
мамам,1
грип,1
імунітетдитини,1
memes,1
вайб,1
ми,1
підтримка,1
одеса,1
тіктокукраїнською,1
корисно,1
здороватарілка,1
білівмі,1
степ,1
міннабезпека,1
друг,1
кіт,1
дитина,1
знак,1
ракети,1
підлітки,1
вірусебе❤️,1
малеча,1
київ,1
булінгвшколі,1
малюк,1
гра,1
руханка,1
небезпека,1
пх,1
believeme,1
батьки,1
діти,1
поради,1
сімя,1
турбота,1
знаквсесвіту,1
щастя,1
правилабезпеки,1
101,1
приліт,1
навчання,1
мем,1
рекомендації,1
афірмації,1
щеплення,1
настрій,1
школа,1
ракета,1
kyiv,1
affirmations,1
вчителька,1
весна,1
день,1
ти,1
міна,1
надихайте,1
село,1
афірмація,1
виховання,1
любовдосебе,1
війна,1
імунітет,1
укриття,1
психолог,1
міни,1
подруга,1
чарівно,1
життя,1
affirmation,1
природа,1
харчування,1
рятувальникиукраїни,1
кудипітикиїв,1
булінг,1
порадипсихолога,1
гумор,1
завтра,1
jerryheil,1
правильнехарчування,1
безпека,1
прикол,1
уроки,1
тривога,1
дснс,1
вогонь,1
річка,1
добро,1
багаття,1
імунізація,1
садочок,1
влучання,1
всевийде,1
гратисяінебоятися,1
любишвакцинуй,1
освіта,1
українс,1
літо,1
дозвілля,1
вибухи,1
котик,1
утебевсевийде,1
афірмаціяукраїнською,1
розваги,1
люди,1
мультфільми,1
вакцина,1
дніпро,1
повітрянатривога,1
емоції,1
порадибатькам,1
психологія,1
bluemonday,1
віраусебе,1
кава,1
радість,1
овочі,1
україна,1
ліс,1
вакцинація,1
патрон,1
книжковакраїна,1
любов,1
стосунки,1
кудипіти,1
лікарня,1
мотивація,1
g20,1
diadaterra,1
integridadedainformação,1
naçõesunidas,1
penseantesdecompartilhar,1
diadospovosindígenas,1
desinformação,1
verificado,1
brasil,1
redessociais,1
mudançaclimática,1
refugiados,1
youthlead,1
prometopausar,1
povosindígenas,1
cop30,1
ny,1
nãoaoódio,1
juventude2030,1
onu,1
acordodeparis,1
onubrasil,1
rio,1
juventudelidera,1
combaterapoluiçãoplástica,1
mãeterra,1
defendaosdireitoshumanos,1
plástico,1
resíduozero,1
belém,1
pelanatureza,1
açãoclimática,1
agentesdoverificado,1
ambiçãoclimática,1
comosrefugiados,1
biodiversidade,1
ndc,1
pelaspessoas,1
youth2030,1
bmopartner,1
bmogrowthegame,1
lgbtrights,1
elections,1
ghana,1
quizzes,1
france,1
uk,1
netherlands,1
switzerland,1
prochoice,1
israelpalestine,1
media,1
senegal,1
un,1
trivia,1
transgenderrights,1
world,1
quiztime,1
quizshow,1
lgbt,1
brainteaser,1
facebook,1
mexico,1
senegalelection,1
belgium,1
syria,1
bokoharam,1
khartoum,1
sudanese_tiktok,1
europe,1
humanrightswatch,1
dominica,1
lgbtqrights,1
nigeria,1
paris,1
foreignagent,1
northkorea,1
meta,1
senegaltiktok,1
protests,1
brazil,1
eu,1
reproductiverights,1
parisolympics2024,1
uganda,1
ecuador,1
palestine,1
aljazeera,1
taliban,1
climatejustice,1
climaterights,1
escazu,1
goodnews,1
bassiroudiomayefaye,1
freespeech,1
twitter,1
womensrights,1
rwanda,1
westbank,1
arizona,1
intersex,1
triviachallenge,1
georgia,1
2024elections,1
burkinafaso,1
pressfreedom,1
us,1
lgbtq,1
technology,1
abortion,1
planb,1
garage,1
remix,1
onamission,1
stage,1
minimal,1
bass,1
awa,1
chaseandstatus,1
dubstep,1
jungle,1
newzealand,1
voice,1
geese,1
original,1
festivals,1
scratch,1
beatboxing,1
freestyle,1
doof,1
beatbox,1
pieces,1
dnb,1
house,1
moments,1
immunization,1
vaccines,1
humanlypossible,1
medics,1
internationaldayofhumanspaceflight,1
wiw,1
girls,1
health,1
uzbekistan,1
mines,1
skills4girls,1
unisat,1
acappella,1
espresso,1
buildingharmony,1
acapella,1
icandoitwithabrokenheart,1
headhighdojacat,1
thetorturedpoetsdepartment,1
headhigh,1
harmonies,1
sabrinacarpenter,1
harmonybuilding,1
dojacat,1
cleantok,1
rbc,1
deurteriumoxide,1
deuterium,1
h2o,1
microscope,1
immune,1
heavywater,1
biology,1
toothpaste,1
bacteria,1
chemistry,1
teeth,1
tooth,1
d2o,1
germs,1
learnontiktok,1
vodka,1
oxide,1
wbc,1
immmunology,1
musical,1
abba,1
fortnite,1
maxtonhall,1
philippines,1
kpop,1
chinese,1
mammamia,1
victoryroyale,1
ad,1
nathanlust,1
stepup,1
grease,1
enhypen,1
matzahballsoup,1
passover,1
lasagna,1
cooking,1
foodblog,1
chicken,1
drinks,1
foodie,1
lavender,1
macsalad,1
passoverrecipe,1
mocktails,1
vegetariansoup,1
airecipe,1
loadedlasagna,1
easydinner,1
salad,1
cocacolaspaghetti,1
bread,1
crabrangoon,1
mediterranean,1
rice,1
diadelarte,1
danza,1
apatridia,1
díadelasalud,1
hogarlejosdecasa,1
telocuentoentiktok,1
refugiadas,1
juventud,1
diadelatierra,1
arte,1
médicos,1
dance,1
plastico,1
votar,1
murales,1
cambioclimatico,1
tips,1
hogar,1
nacionalidad,1
acoustic,1
scottishmusic,1
cover,1
highlandgirl,1
newmusic,1
scottishhighlands,1
rural,1
guitar,1
scottishtiktok,1
scottish,1
newsong,1
scotland,1
countrymusic,1
xyzbca,1
миразом,1
впо,1
106,1
мипоруч,1
безтебеніяк,1
106українськийчервонийхрест,1
прихисток,1
волонтери,1
міннанебезпека,1
redcrossukraine,1
thanksvolunteers,1
106redcrossukraine,1
учхволонтери,1
papilomavirus,1
patripsicologa,1
lasvacunassalvanvidas,1
libros,1
paz,1
unicefespaña,1
regalospersonalizados,1
ceasefirenow,1
participacioninfantil,1
renta,1
vacunacion,1
palestina,1
inmunizacion,1
diadelasmadres,1
sabiasque,1
infanciaenelcongreso,1
participacionciudadana,1
diadellibro,1
plataformadeinfancia,1
vacuna,1
chad,1
diainternacionaldellibro,1
saracarbonero,1
lasvacunasfuncionan,1
rafah,1
supervivenciainfantil,1
psicologia,1
regaloazul,1
ot2023,1
aprendecontiktok,1
nereapediatra,1
hellogyn,1
vph,1
noticiastiktok,1
congreso,1
sudán,1
adolescentes,1
martinurrutia,1
paracadainfancia,1
declaracion,1
salud,1
papiloma,1
paza,1
booktokespañol,1
ginecologia,1
infancia,1
peace,1
deducciones,1
altoelfuego,1
madres,1
booktoker,1
regaloscreativos,1
vacunas,1
madre,1
donaciones,1
sarampion,1
sudanese,1
diadelamadre,1
rotavirus,1
regalosoriginales,1
rompeolas,1
heartbreakhigh,1
soudan,1
couple,1
ethiopie,1
amour,1
love,1
debt,1
nightclub,1
eidmubarak,1
วันอีฎิ้ลฟิตริ,1
งานสถาปนิก67,1
เจ้าหน้าที่ประชาสัมพันธ์,1
withrefugees,1
everydayblueblood,1
everygiftcounts,1
unhcrthailand,1
รอมฎอน,1
genalpha,1
advocacy,1
cholera,1
advocate,1
littleastronomer,1
sportsday,1
reading,1
nationalsuperheroday,1
history,1
protectourplanet,1
diseaseprevention,1
cleanwater,1
leadership,1
wholesome,1
hopecore,1
bethechange,1
dreambig,1
ceasefire,1
childrensbooks,1
who,1
nextgen,1
vendingmachine,1
eclipse?,1
zambia,1
cricket,1
endchildmarriage,1
literacy,1
library,1
fake,1
singer,1
bytedance,1
charlotte,1
danschneider,1
wedding,1
apes,1
tenderloin,1
powerball,1
student,1
comments,1
ride,1
road,1
celebnews,1
snake,1
today,1
therock,1
bear,1
aquarium,1
jcole,1
nosleep,1
planetoftheapes,1
ufo,1
celeb,1
medicine,1
celebritynews,1
luxurywedding,1
driving,1
offtheshoulder,1
smoke,1
sandiego,1
flip,1
omfahad,1
guards,1
runway,1
pants,1
found,1
skier,1
controversial,1
chef,1
airline,1
emergency,1
spa,1
bullterrier,1
tragic,1
win,1
saudiarabia,1
jeep,1
makeup,1
bro,1
wisconsin,1
flight,1
california,1
kimkardashian,1
jeans,1
warrant,1
mysterious,1
coffee,1
cocktails,1
highschool,1
suzannemorphew,1
whitehouse,1
philadelphia,1
facetattoo,1
bling,1
howitsmade,1
jobhunt,1
onlineshopping,1
procedure,1
adoptabledogs,1
lottery,1
conviction,1
woman,1
engineering,1
dolls,1
officer,1
glasgow,1
jordanluca,1
indigenous,1
car,1
trumptrial,1
arrest,1
headdress,1
lawenforcement,1
actor,1
motherhood,1
storm,1
sanfrancisco,1
puppy,1
fitness,1
ocean,1
venicebeach,1
mikeday,1
breakaleg,1
work,1
future,1
biltrewards,1
drakeedits,1
murder,1
jobmarket,1
karen,1
breaking,1
birth,1
weather,1
escape,1
ex,1
aircanada,1
diamonds,1
toy,1
canada,1
texas,1
nearmiss,1
gift,1
snl,1
losangeles,1
manonthestreet,1
toddler,1
washington,1
home,1
freebritney,1
cops,1
pregnancy,1
tourist,1
germanshepherd,1
creepy,1
parent,1
story,1
kamalharris,1
nhl,1
hollywood,1
movies,1
train,1
lasvegas,1
kid,1
fashiontiktok,1
winning,1
willywonkaexperience,1
nebraska,1
rip,1
celebrities,1
oldwoman,1
camplejeune,1
robbery,1
thefallguy,1
skijump,1
grandmadroniak,1
moneytips,1
satisfying,1
cat,1
quietonset,1
fire,1
fraud,1
raid,1
omaha,1
lac,1
king,1
parents,1
ice,1
fired,1
movie,1
reporter,1
underwater,1
lawsuit,1
paragliding,1
disstrack,1
rescue,1
kendricklamaredit,1
hospitalised,1
cancer,1
election2024,1
royals,1
missing,1
nyc,1
tornado,1
southafrica,1
baltimore,1
cairo,1
flood,1
northcarolina,1
priest,1
influencer,1
maddison,1
policechase,1
colorado,1
musica,1
wildlife,1
wild,1
coldcase,1
moviepremiere,1
motorcycle,1
therapy,1
americanairlines,1
triton,1
redcarpet,1
complete,1
fatality,1
sad,1
bank,1
insect,1
oregon,1
breakingnews,1
volcano,1
parachute,1
usgovernment,1
court,1
doctor,1
animal,1
ryoyukobayashi,1
gold,1
auto,1
shooting,1
brinteyspears,1
bees,1
stingray,1
longbeach,1
clothes,1
carcrash,1
riot,1
fashiontrends,1
michigan,1
nature,1
grandmasoftiktok,1
newsouthwales,1
lying,1
safari,1
twister,1
indigenoustiktok,1
attack,1
sport,1
zebra,1
nashville,1
submarine,1
film,1
abandoned,1
newyorkcity,1
light,1
google,1
university,1
scary,1
deal,1
death,1
100,1
biden2024,1
la,1
trump2024,1
birthday,1
shoes,1
youtuber,1
glam,1
airport,1
dad,1
cute,1
doll,1
celebrity,1
accident,1
ryangarcia,1
pregnant,1
iraq,1
money,1
midwest,1
oompaloompa,1
devastated,1
dwaynejohnson,1
shocking,1
fashion,1
chief,1
nickelodeon,1
seige,1
sky,1
sword,1
horses,1
sleep,1
fashiontrend,1
beavisandbutthead,1
tired,1
billionaire,1
northdakota,1
oceanside,1
rapper,1
truecrime,1
missingperson,1
girldad,1
students,1
baby,1
bike,1
heartbreaking,1
gta,1
tattoos,1
piercings,1
hero,1
criminalreform,1
crash,1
joebiden,1
famous,1
nycpd,1
biden,1
wonka,1
pitmaneuver,1
gymtok,1
safe,1
usa,1
candycrush,1
youtube,1
tiktokban,1
columbia,1
animals,1
challenge,1
marine,1
willywonka,1
trends,1
florida,1
london,1
momsoftiktok,1
brokenleg,1
payitforward,1
police,1
teenager,1
petebuttigieg,1
joeyswoll,1
dog,1
pup,1
oklahoma,1
iowa,1
treatmentcenter,1
firefighter,1
party,1
church,1
cartier,1
socialworker,1
tiktok,1
nativeamerican,1
ohio,1
drake,1
fashionfails,1
tiktoker,1
concerts,1
truck,1
fashionnees,1
theunknown,1
kendricklamar,1
station,1
weird,1
uselection,1
artificialintelligence,1
lawyer,1
routinecheckup,1
gaming,1
lion,1
kids,1
champion,1
marathon,1
futuristic,1
tjmaxx,1
janedoe,1
royalnews,1
noahpresgrove,1
tribalchief,1
freakout,1
racist,1
beekeeper,1
parenting,1
haunting,1
girl,1
ucla,1
pet,1
zoo,1
college,1
halfmarathon,1
onmymind,1
mental,1
happyearthday,1
unicefaustralia,1
switchingoff,1
