Hashtag,Frequency
fyp,8
art,7
arttok,7
learnontiktok,6
history,5
booktok,5
museumtok,5
architecture,4
museum,4
historytok,3
museummoment,3
spring,3
foryoupage,3
meme,3
painting,3
brazil,2
spacetok,2
arthistory,2
fashionhistory,2
rachmaninoff,2
onthisday,2
thingstodo,2
contemporaryart,2
worldartday,2
trending,2
tiktok,2
fypシ,2
memes,2
astrology,2
film,2
artmuseum,2
solareclipse,2
eclipse,2
arte,2
theatre,2
foryou,2
arttiktok,2
viral,2
garybarlow,2
behindthescenes,2
worldbookday,2
asmr,2
ai,1
hokusai,1
tourism,1
apiheritage,1
dancechallenge,1
shogun,1
earthday,1
japaneseart,1
asianart,1
latinamerican,1
michelangelo,1
googleartsandculture,1
v,1
latintok,1
GameTok,1
georgesseurat,1
birdwatching,1
tokyo,1
dance,1
anime,1
artok,1
aigames,1
japan,1
oscarniemeyer,1
comicmarket,1
museums,1
cozygames,1
comiket,1
myanmar,1
india,1
generativeai,1
seurat,1
sustainableart,1
undough,1
dancetok,1
manga,1
latinart,1
nasa,1
traveltok,1
indawgyilake,1
architecturetok,1
astronaut,1
sustainability,1
culturetok,1
classicliterature,1
karma,1
classicfilm,1
etymology,1
bridgertoninbowral,1
nicolacoughlan,1
historylovers,1
ancientworld,1
sugarbaby,1
pickupline,1
sjm,1
burlesque,1
lukenewton,1
kinkyhistory,1
bingeworthy,1
18thcentury,1
capcut,1
acotar,1
spicy,1
maryandgeorge,1
femalehysteria,1
bridgertons3,1
19thcentury,1
facts,1
janeausten,1
polin,1
hollywood,1
paidpromotion,1
romance,1
regency,1
stitch,1
prideandprejudice,1
relationshipadvice,1
historylover,1
saytheweirdthing,1
didyouknow,1
gaslighting,1
phd,1
BRIDGERTON,1
fishnets,1
funfacts,1
spicybook,1
historyfacts,1
sugardaddy,1
classicbooks,1
stockings,1
creatorsearchinsights,1
pianoconcerto,1
pianistsoftiktok,1
ravel,1
fromthearchives,1
nyphil,1
nycclassical,1
nyphilharmonic,1
orchestra,1
cezanne,1
monet,1
degas,1
waacking,1
caillebotte,1
renoir,1
morisot,1
disco,1
surreal,1
philly,1
boston,1
mfaboston,1
moonjar,1
artinbloom,1
hallyu,1
florals,1
workinart,1
mocomuseumbarcelona,1
moco,1
mocomuseumamsterdam,1
appriciationpost,1
thedevilwearsprada,1
reebok,1
sagradafamilia,1
gold,1
collaboration,1
mocomuseumlondon,1
changetheworld,1
newchapter,1
exhibitionlaunch,1
barcelona,1
newexhibition,1
hiringnow,1
johancruyff,1
mocomuseum,1
fashion,1
fcbarcelona,1
dreamjob,1
digitalart,1
hiringnewemployees,1
merylstreeptiktok,1
moviescene,1
hiring,1
applynow,1
nft,1
modernart,1
collection,1
empowerment,1
fivethingsmoco,1
conceptstore,1
streetwear,1
iconic,1
womenssport,1
hustle,1
shoppinglist,1
comingsoon,1
immortal,1
londonjobs,1
alexiaputellas,1
worldmaking,1
discover,1
sportswear,1
museumjobs,1
groundbreaking,1
artworldjobs,1
millennialsoftiktok,1
nightroutine,1
autistic,1
mumsoftiktok,1
darkaesthetics,1
duet,1
momlife,1
ootd,1
energyboost,1
hairdye,1
depression,1
lipsticktesting,1
hm,1
blackaesthetic,1
husband,1
marriagegoals,1
elemis,1
valhallacalling,1
magyarviking,1
productrecommendations,1
hairmakeover,1
kidsoftiktok,1
makeuptutorial,1
magyartiktok,1
teenagedirtbag,1
momtok,1
husbandwife,1
pusztuljonforyouba,1
wardruna,1
darkravencore,1
vikings,1
valhalla,1
summervibes,1
unreadywithme,1
letsbefriends,1
mommotivation,1
packmybagwithme,1
kidsbelike,1
sheinhaul,1
shein,1
selfcare,1
leggingsoutfit,1
fypシ゚viral,1
momanddaughter,1
leggingsmoms,1
selflove,1
momsoftiktok,1
motherdaughterduo,1
autism,1
mymothertoldme,1
motherdaughter,1
robotdreams,1
elcinenosune,1
initialtok,1
artconservation,1
italian,1
ancientrome,1
maydayprep,1
youoweme,1
medievalhistory,1
suneilsanzgiribkm,1
edoatbkm,1
firstsaturdaysbkm,1
thedeancollection,1
utagawahiroshige,1
giantsbkm,1
murakami,1
bkmegyptianart,1
brooklynbotanic,1
cherryblossom,1
hiroshige,1
deborahroberts,1
shopbkm,1
bkartistsball,1
takashimurakami,1
tituskaphar,1
brooklyn,1
brooklynmuseum,1
brancusi,1
kyliejenner,1
nickname,1
tireusedecartes,1
marathon,1
remelange,1
areyouone,1
beansgreenspotatoes,1
chagall,1
exhibition,1
jeanpaulgaultier,1
meteo,1
artandfashion,1
paris,1
sculpture,1
thanksgivingrap,1
centrepompidou,1
artfashion,1
memecut,1
irisvanherpen,1
artmoderne,1
surnom,1
space,1
magnets,1
eclipse2024,1
solareclipse2024,1
ancienthistory,1
earth,1
blackholes,1
museu,1
issoouaquilo,1
pinacoteca,1
ovpygmalion,1
nationalteaday,1
rosiesheehy,1
londontheatre,1
ovmachinal,1
patsyferran,1
theatreset,1
joehisaishi,1
interview,1
maestro,1
pianist,1
audition,1
architect,1
quiz,1
composer,1
guitar,1
memories,1
lovestory,1
violin,1
symphonies,1
chopin,1
classicalmusic,1
sleep,1
beethoven,1
violinist,1
piano,1
artinstituteofchicago,1
artinstitutechicago,1
mytour,1
paintings,1
viralvideos,1
artinstitute,1
trendingnow,1
mybucketlist,1
mymuseumtour,1
customizabletour,1
follow,1
love,1
museumtour,1
trend,1
customtour,1
museumvisit,1
chicago,1
explore,1
like,1
bucketlist,1
jacoblawrence,1
aiart,1
nycart,1
haroldcohen,1
rashidjohnson,1
nycmuseums,1
whitneymuseum,1
harlemrenaissance,1
weworkatofcourse,1
intrusivethoughts,1
penguins,1
tortoise,1
volunteering,1
sheddaquarium,1
dolphin,1
turtles,1
archerfish,1
volunteer,1
fish,1
daysout,1
placestovisit,1
victorian,1
heritage,1
englishheritage,1
curator,1
interior,1
victorianera,1
ehoriginals,1
interiordesign,1
nicedayout,1
dayoutwiththekids,1
comewithme,1
essex,1
arthistorytiktok,1
victorianhouse,1
gallery,1
historytime,1
comewithus,1
dayoutwithfriends,1
dayout,1
audleyend,1
thevictorianway,1
boxkampf,1
worldcruise,1
phonetik,1
dutch,1
aussprache,1
netherlands,1
outtakes,1
heidiklum,1
germanysnexttopmodel,1
gntm,1
beef,1
ripyouwouldhaveloved,1
realitytv,1
bowtrend,1
bremen,1
matthiasmangiapane,1
anotheronethankyou,1
socialmediamanager,1
socialmediamarketing,1
london,1
007,1
conservation,1
nationalgallery,1
portrait,1
jamesbond,1
pico,1
creative,1
jew,1
meta,1
tiktokhistory,1
highschool,1
pinkday,1
students,1
ottofrank,1
miepgies,1
longervideo,1
antisemitism,1
inspired,1
vr,1
hate,1
bekind,1
diary,1
virtualreality,1
whattoread,1
dayofpink,1
annefrankhousevr,1
diarytok,1
longervideos,1
quest,1
secretannex,1
why,1
hitler,1
whydowedothis,1
concentrationcamp,1
oculus,1
linkinbio,1
wwiihistory,1
annefrank,1
creativityforgood,1
rift,1
steam,1
predjudice,1
annefrankhouse,1
discrimination,1
1min,1
bergenbelsen,1
asktheexpert,1
motherate,1
ausballet,1
sewing,1
ballet,1
ballettok,1
internationaldanceday,1
tutu,1
beforeandafter,1
balanchine,1
backstage,1
preservation,1
freshandmeaty,1
commercials,1
advertisement,1
roevwade,1
radio,1
nonprofit,1
kprc,1
nationalbeerday🍺,1
coors,1
pulltabs,1
beer,1
willie,1
willienelson,1
chagsameach,1
passover,1
tvads,1
localnews,1
commercial,1
naturalgas,1
whiskeyriver,1
austin,1
archives,1
texas,1
digitization,1
odessa,1
atx,1
sanantonio,1
houston,1
study,1
ummamuseum,1
uofm,1
fun,1
dayinmylife,1
fashiontiktok,1
StartUp,1
fashionschool,1
thingstodoinlondon,1
davegrohl,1
chrisshiflett,1
ateez,1
ad,1
atiny,1
싸이커스,1
rosannecash,1
aoifeodonovan,1
xikers,1
foofighters,1
에이티즈,1
zachsang,1
grammymuseum,1
laufey,1
roady,1
kpop,1
junghoon,1
hiphop,1
franshals,1
amsterdammuseum,1
koningsdag,1
womenoftiktok,1
rijksmuseum,1
museumtime,1
championsleague,1
cupid,1
rembrandt,1
hellokitty,1
cuteexhibition,1
memepack,1
somersethouse,1
cute,1
cutememes,1
kawaii,1
royalshakespearecompany,1
jamielloyd,1
twelfthnight,1
nationaltheatreathome,1
thehouseofbernardaalba,1
gilliananderson,1
vanessakirby,1
allabouteve,1
angelsinamerica,1
romeoandjuliet,1
nationaltheatrecollection,1
tomrhysharries,1
theseagull,1
jackoconnell,1
joshoconnor,1
gameofthrones,1
ianmckellen,1
emiliaclarke,1
nationaltheatre,1
shakespeare,1
siennamiller,1
jessiebuckley,1
catonahottinroof,1
andrewgarfield,1
scoop,1
nomansland,1
theeffect,1
revisionnotes,1
antonchekhov,1
englishgcse,1
paapaessiedu,1
hiranabeysekera,1
indiravarma,1
julie,1
taylorrussell,1
thefatherandtheassasin,1
theatretok,1
rossbleckner,1
isabelquintanilla,1
sexandthecity,1
arteybienestar,1
aitimburton,1
elmuseodetodos,1
timburtoncharacter,1
realismointimoquintanilla,1
timburtonchallenge,1
aifilter,1
realismoíntimo,1
aprendeentiktok,1
aprendecontiktok,1
planmadrid,1
exposición,1
díamundialdelarte,1
recorridosarte,1
díadellibro,1
toulouselautrec,1
