Hashtag,Frequency
climateaction,6
ukpolitics,6
uk,6
climatecrisis,5
climatechange,5
earthday,4
protest,4
trans,4
activism,4
climate,4
fyp,4
israel,3
london,3
rwanda,3
labour,3
news,3
government,3
politics,3
palestine,3
italy,2
fossilfuels,2
stitch,2
parody,2
snp,2
gaza,2
france,2
fy,2
britain,2
royal,2
immigration,2
usa,2
uknews,2
tories,2
australia,2
attack,2
military,2
foryou,2
congo,2
conservative,2
donaldtrump,2
scotland,2
england,2
tory,2
interview,2
funny,2
health,2
billionaire,2
media,2
landlord,2
housingcrisis,2
healthcare,2
housing,2
transgender,2
environment,2
seashepherd,1
bycatch,1
sharks,1
penguins,1
antarctica,1
sscs,1
ageofunion,1
marineconservation,1
krill,1
stopiuufishing,1
exposekrillproducts,1
worldpenguinday,1
poachersbeware,1
seaeagle,1
stoptheplunder,1
fortheocean,1
illegalfishing,1
brandenburgertor,1
parlamentaufmischen,1
fossile,1
urteil,1
parlament_aufmischen,1
staatsanwatschaft,1
anklage,1
elefantimraum,1
zivilbevölkerung,1
euwahl,1
letztegeneration,1
capcut,1
positiveaction,1
climatecampaign,1
coalmine,1
insureourfuturenow,1
keepitintheground,1
insureourfuturesnotpolluters,1
fossilfree,1
stopfossilfuels🌍,1
climateemergency,1
canbill,1
nature,1
earthday2024,1
natureuk,1
ukgovernment,1
deborahmeaden,1
greatbiggreenweek,1
swaptogether,1
ukelection,1
stoparmingisrael,1
mayday,1
sendreformengland,1
toomajsalehi,1
solidarityseason,1
koreanskincare,1
ucberkeley,1
gz4cpartner,1
skincare,1
unboxing,1
savingalifeonedayatime,1
endoscopynurse,1
adrenaline,1
banding,1
histoacryl,1
margate,1
goldprobe,1
liztrusstok,1
israelgaza,1
royals,1
sword,1
crimetok,1
qpr,1
hate,1
conflict,1
stgeorge,1
america,1
liztrussprimeminister,1
dubai,1
airports,1
crimestory,1
rubbishbin,1
attacks,1
israelpalestine,1
cctv,1
investments,1
protests,1
charity,1
honeytrap,1
austria,1
londonmayor,1
rubbish,1
protesters,1
viral,1
suellabraverman,1
nerineskinner,1
rnli,1
wine,1
benhabib,1
tiktok,1
socialmedia,1
unitedstates,1
ban,1
meghan,1
fritzl,1
antisemitism,1
iran,1
freespeech,1
visa,1
politicians,1
homeoffice,1
migration,1
racism,1
talktv,1
alexphillips,1
migrants,1
marches,1
reformuk,1
ukpolice,1
trash,1
football,1
joseffritzlcase,1
gender,1
stgeorgesday,1
horses,1
hainault,1
bin,1
museum,1
activists,1
vandalism,1
fight,1
holidays,1
police,1
clash,1
activist,1
jameswhale,1
unitedstatesofamerica,1
republicans,1
labourhq,1
foryoupage,1
metpolice,1
mikegraham,1
freedomofspeech,1
october7,1
sadiqkhan,1
controversy,1
immigrants,1
juststopoil,1
spain,1
juliahartleybrewer,1
protester,1
attacker,1
londonmarathon,1
channelcrossings,1
meghanmarkle,1
men,1
genocide,1
lifeguard,1
deportation,1
war,1
joebiden,1
cheshire,1
narinderkaur,1
catsoftiktok,1
criminalcase,1
propalestineprotest,1
israeliran,1
humzayousaf,1
parkingfines,1
scottishpolitics,1
defence,1
livstruss,1
primeminister,1
summerholidays,1
asylumseekers,1
joseffritzl,1
stgeorgescross,1
liztruss,1
mascot,1
elisabethfritzl,1
royalty,1
crime,1
smallboats,1
pronouns,1
talk,1
jso,1
cat,1
republican,1
hamas,1
truecrime,1
injuries,1
princeharry,1
danger,1
spudman,1
propalestine,1
culture,1
knifecrime,1
harryandmeghan,1
royalfamily,1
female,1
china,1
winetasting,1
channelmigrants,1
conflicts,1
car,1
nurse,1
economy,1
jet,1
beer,1
inflation,1
crash,1
private,1
amazon,1
genz,1
work,1
hustle,1
mentalhealth,1
swiss,1
fail,1
plane,1
elonmusk,1
rich,1
hospital,1
union,1
shock,1
train,1
simpsons,1
bad,1
man,1
grind,1
boss,1
money,1
punk,1
shocking,1
month,1
light,1
watermelon,1
freedom,1
olivetrees,1
humanity,1
love,1
hidingevidence,1
trains,1
world,1
politicstiktok,1
abbymartin,1
workdpolitics,1
film,1
worldnews,1
columbiauniversity,1
germany,1
university,1
channel4,1
movies,1
landlords,1
us,1
ai,1
sydney,1
inequality,1
british,1
costofliving,1
uspolitics,1
newyorktimes,1
nhs,1
zendaya,1
dunemovie,1
dune,1
europe,1
worldpolitics,1
newyork,1
timotheechalamet,1
rishi,1
education,1
uni,1
columbia,1
strike,1
journalism,1
rent,1
joshwiddicombe,1
workington,1
nishkumar,1
election,1
keirstarmer,1
rishisunak,1
fypシ,1
fyfyp,1
trump,1
vox,1
sadiq,1
postoffice,1
cumbria,1
pmqs,1
ulez,1
voxpop,1
scottish,1
🍉,1
putin,1
comedy,1
corn,1
sec,1
stockmarket,1
banthebatistas,1
farming,1
brazil,1
deforestation,1
feedyouroptimism,1
naturesfyndpartner,1
environmentaljustice,1
nyse,1
blackgirlenvironmentalists,1
ad,1
ceasefirenow,1
sustainable,1
ootd,1
boohoohaul,1
newcastle,1
boohoo,1
fairfashion,1
sustygirl,1
campaigns,1
peace,1
student,1
susty,1
haul,1
eco,1
outfit,1
ethical,1
freepalestine,1
sustainablefashion,1
feminism,1
payup,1
shein,1
ecofriendly,1
toon,1
fashion,1
shutdownrafael,1
geordies,1
ethicalfashion,1
notogenocide,1
sheinhaul,1
draxmustfall,1
transition,1
reparationsnow,1
trees,1
occupation,1
crochet,1
axedrax,1
queer,1
community,1
topsurgery,1
dinosaur,1
genderaffirmingcare,1
a22network,1
civildisobedience,1
freethedegastwo,1
nonewoilandgas,1
stoprosebank,1
energy,1
revivenieo,1
debtforclimate,1
cancelthedebt,1
deudaxclima,1
80yearsareenough,1
debtcancellation,1
climatejustice,1
booktok,1
bluemonday,1
solidarity,1
books,1
spink,1
leicestersquare,1
britishempire,1
aviation,1
funnybooktok,1
indianrebellion,1
auction,1
batman,1
silkmap,1
spies,1
londonhistory,1
princessdiana,1
secretlondon,1
agathachristie,1
paddingtonbear,1
thelondonspy,1
romanempire,1
medalofhonor,1
sekhmet,1
christopherwren,1
ranjitsingh,1
greatfireoflondon,1
ww2,1
opera,1
diamond,1
henrymoore,1
royalairforce,1
raf,1
cavaliers,1
publicart,1
specialoperations,1
altar,1
1857,1
rheingold,1
apes,1
londontiktok,1
secretintelligenceservice,1
tudor,1
ancientegypt,1
galleryguide,1
londonpub,1
medal,1
ringcycle,1
kohinoor,1
onenewchange,1
escape,1
goldmedal,1
wagner,1
helicopter,1
royalhistory,1
trial,1
banquetinghouse,1
spying,1
olivercromwell,1
royalwedding,1
cityoflondon,1
bondstreet,1
romanbritain,1
escapeandevasion,1
mi9,1
specialagent,1
aircraft,1
gavinturk,1
sothebys,1
monkeys,1
17thcentury,1
crownjewel,1
kingcharles1st,1
londontourguide,1
blackdog,1
kingcharles,1
secondworldwar,1
bookfair,1
royaloperahouse,1
mystery,1
mi6,1
charliechaplin,1
mrbean,1
panorama,1
church,1
englishhistory,1
tudorhistory,1
henryviii,1
eastindiacompany,1
wallacecollection,1
soe,1
signature,1
elizabeth1,1
louboutin,1
laurelandhardy,1
hiddenlondon,1
monarchy,1
catherineofaragon,1
roundheads,1
stolen,1
taylorswift,1
theringcycle,1
davidharry,1
historicdocuments,1
whitehall,1
romanarchitecture,1
mysterypainting,1
londontheatre,1
londonguide,1
mistake,1
viewingplatform,1
egyptian,1
victoriacross,1
queenvictoria,1
stpaulscathedral,1
nogloves,1
royalsignature,1
sculpture,1
embarrassing,1
charles1,1
horizon22,1
romanlondon,1
margaretthatcher,1
kenlivingstone,1
englishcivilwar,1
buckinghampalace,1
espionage,1
londonskyline,1
tourguide,1
wellingtonbarracks,1
wrenchurch,1
airforce,1
tudors,1
