Hashtag,Frequency
championsleague,2
hockey,1
stanleycup,1
genz,1
genalpha,1
micdup,1
nhl,1
football,1
weweretheluckyones,1
thetorturedpoetsdepartment,1
flowertok,1
swifttok,1
londonmarathon,1
addsong,1
tiktok,1
stopfoodwaste,1
transcore,1
caketok,1
tiktoktips,1
tiktoktaughtme,1
stressawarenessmonth,1
gardentok,1
britishweather,1
nationalbrunchmonth,1
nationalgardeningday,1
britishflowertok,1
nationalsiblingday,1
uktok,1
recyclelife,1
musicdiscovery,1
tour2024,1
organization,1
haircare,1
desert,1
beer,1
beach,1
beachvibes,1
blind,1
happy,1
makeuptiktok,1
beautytiktok,1
sad,1
abudhabi,1
travelhack,1
love,1
whatitslike,1
brewery,1
travel,1
guidedog,1
braille,1
lipstick,1
blindgirl,1
seasonaldepression,1
grateful,1
beautyhack,1
owl,1
servicedog,1
skincare,1
makeup,1
summer,1
pinkbedroom,1
chandelier,1
primarybathroom,1
breeganjane,1
ad,1
paintcontractor,1
partyhouse,1
luxuryrealestate,1
homevendor,1
breeganjanedesign,1
contractorappreciationmonth,1
housesupplies,1
graffiti,1
primarybathdesign,1
buildingmydreamhouse,1
interiordesign,1
boysbedroom,1
kitchendesignideas,1
kitchendesign,1
graffitiart,1
electrician,1
interiordesigner,1
pinkbedroombarbie,1
breeganjanestyle,1
luxurybathroom,1
designerreacts,1
boysbedroomideas,1
luxurybathrooms,1
backyardpool,1
buildingmydreamhome,1
inspiration,1
fcbrma,1
fcufcb,1
jamalmusiala,1
goretzka,1
onthisday,1
packmas,1
arsfcb,1
bundesliga,1
legendchallenge,1
ucl,1
fcbsge,1
fcbayern,1
thefallguyfilm,1
nyc,1
ribéry,1
legends,1
mathystel,1
sané,1
throwback,1
robben,1
tel,1
leroysane,1
miasanmia,1
mentality,1
ronaldo,1
neuer,1
capcut,1
efootball,1
thomasmüller,1
harrykane,1
kimmich,1
birthdayboy,1
manuelneuer,1
fcbars,1
fcbayernlegends,1
happybirthday,1
sunshine,1
fishermansandals,1
transitionaloutfits,1
fyp,1
holiday,1
wedding,1
getreadywithme,1
weddingdress,1
ootd,1
jeansforever,1
weddingguestdress,1
marbella,1
springoutfits,1
u19,1
zlatan,1
followtherossonere,1
okafor,1
bennacer,1
adli,1
sempremilan,1
primavera,1
milan,1
roblox,1
yepes,1
tiktokfootball,1
dompig,1
catsoftiktok,1
europaleague,1
youthleague,1
dietrolequinte,1
gabbia,1
porto,1
acmilan,1
sportiello,1
warmup,1
leao,1
cattrend,1
hernandez,1
challenge,1
trend,1
maignan,1
ibra,1
theo,1
rafa,1
sassuolomilan,1
curva,1
serginho,1
musah,1
pedro,1
bts,1
milantv,1
kjaer,1
scudetto,1
kaka,1
juvemilan,1
freestyle,1
rl10,1
ibrahimovic,1
giroud,1
sansiro,1
thiaw,1
chukwueze,1
seriea,1
tiktokcalcio,1
haircut,1
romamilan,1
pioli,1
acm,1
passion,1
calabria,1
spalletti,1
oliveira,1
tikrokfootball,1
seedorf,1
onemoretime,1
juventus,1
legend,1
spiderman,1
pulisic,1
