Hashtag,Frequency
fyp,4
comedy,3
viral,3
fypage,2
fypシ,2
work,2
stitch,2
audience,1
jpscomedyclub,1
clockin,1
kansas,1
politics,1
kcmo,1
commercial,1
casino,1
standupcomedy,1
cold,1
shirts,1
funny,1
stpaul,1
weather,1
notfunny,1
imbroke,1
swipe,1
omaha,1
dating,1
mydream,1
comedyspecial,1
wichita,1
indianapolis,1
sober,1
fypcomedy,1
kc,1
supportstandupcomedy,1
imfunny,1
scenery,1
rich,1
showertok,1
funnycommercials,1
singlelife,1
crazypeople,1
watchtillend,1
smallbusiness,1
jobs,1
imfine,1
funnyvideos,1
comedian,1
peanutbutter,1
ugh,1
barber,1
kansascity,1
missouri,1
officejokes,1
robots,1
fundraiser,1
workjokes,1
lincoln,1
biden,1
littlerock,1
hot,1
comedyshows,1
helpme,1
brrr,1
datingapps,1
venmo,1
arizona,1
onthisday,1
landscape,1
ontheroad,1
richlife,1
thinkofme,1
dentist,1
tips,1
jokes,1
inflation,1
comedyshow,1
hilarious,1
trump2024,1
velveeta,1
duet,1
copps,1
skinprep,1
runandtellthat,1
headshots,1
musicaltheatre,1
gardenroute,1
singer,1
lidl,1
actorheadshots,1
karma,1
makeupremoval,1
doublecleansing,1
embarrassing,1
jojosiwa,1
skincare,1
lunchbreak,1
lipcombo,1
bristol,1
mysterious,1
chooseyourfighter,1
travel,1
comedysong,1
romantisizing,1
whatwasimadefor,1
makeup,1
cinnamonroll,1
southafrica,1
prettyprivilege,1
makeuptips,1
tiktokdancing,1
premiumbeauty,1
lidltrolley,1
n62,1
bath,1
parodysong,1
hairspray,1
yourejustaman,1
hoian,1
reisetipps,1
coconutforest,1
vietnam,1
vietnamtipps,1
немецкий,1
deutschlernen,1
capcut,1
deutsch,1
deutscha1,1
deutschkurs,1
german,1
germanhumor,1
germanmeme,1
germanteacher,1
learngermanonline,1
germanmusic,1
deutschb1,1
lernenmittiktok,1
deutschlehrer,1
deutschonline,1
learngerman,1
foryou,1
germanquiz,1
هيبة_ملك👑,1
خيبة,1
صدمة_كبيرة,1
لم_شمل,1
عجيان_البانهوف,1
teuer,1
ايسن,1
مشان_الله,1
ضيوف,1
essen,1
expensive,1
غربة,1
مواقف_غير_متوقعه,1
زيارة,1
تيكتوك_عرب,1
حسد,1
كسر_الخواطر,1
سعادة,1
🇩🇪,1
مليونير,1
عزيمة,1
المانيا,1
طيران,1
خطبة_زواج,1
سورين_في_المانيا,1
سياحة,1
حسد_وعين,1
aufmeinemkopf,1
شركة,1
جوبسنتراوي,1
محمد_رمضان,1
سفر,1
rewe,1
يوميات,1
50,1
fürdich,1
الحياة_الزوجية,1
اوروبا,1
ساربروكن,1
سهرة_اخر_الليل,1
euro,1
الشعب_الصيني_ماله_حل😂😂,1
solareclipse,1
eclipse2024,1
yasssss,1
mandymoore,1
whitehouse,1
marciafudge,1
robyndixon,1
laganjaestranga,1
mistressisabellebrooks,1
realhousewives,1
pomsky,1
lgbtqia,1
fyppppppppppppppppppppppp,1
gagcity,1
spice,1
kylie,1
love,1
rupaulsdragrace,1
moniquesamuels,1
fypツ,1
symone,1
nicki,1
lgbtq,1
tiakofi,1
manilaluzon,1
monetxchange,1
kyliesonique,1
trans,1
puppy,1
thepitstop,1
reunion,1
candy,1
foryoupage,1
pinkfriday2tour,1
candiace,1
dogdad,1
dragqueen,1
ranedrag,1
dragrace,1
ashleydarby,1
drag,1
tiktok,1
press,1
lgbt,1
ukvstheworld,1
nickiminaj,1
bluhydrangea,1
dog,1
potomac,1
candiacebassett,1
brookelynnhytes,1
ftcu,1
pressconference,1
dragraceukseason1,1
sugar,1
bobthedragqueen,1
nonbinary,1
housewives,1
drwendy,1
drwendyosefo,1
rhop,1
pinkfriday2,1
fypシ゚viral,1
biancadelrio,1
wendyosefo,1
wendy,1
dragraceuk,1
dogsoftiktok,1
gay,1
kyliesoniquelove,1
realhousewivesofpotomac,1
gizellebryant,1
candiacedillard,1
rupaul,1
thewhitehouse,1
fypp,1
canadasdragrace,1
gagcityhartford,1
candiacedillardbassett,1
