Hashtag,Frequency
hiphop,7
music,6
freestyle,4
fyp,4
rap,3
beyonce,3
newmusic,3
beats,3
drake,3
jcole,3
rickglassman,2
andrewsantino,2
stitch,2
duet,2
standup,2
shaboozey,2
cowboycarter,2
granturismo,2
producer,2
edm,2
electronicmusic,2
boombap,2
instrumental,2
hiphopbeats,2
musicproducer,2
fingerdrumming,2
disstrack,2
kendrick,2
instrumentals,2
funny,2
relateable,2
women,2
freestylerap,2
dating,2
dreamville,2
kendricklamar,2
podcast,1
flowstate,1
busking,1
notregularchallenge,1
kidcudi,1
bobmarley,1
doyourchainhanglow,1
bic,1
pentapping,1
mario,1
foryoupage,1
applebees,1
nationalpretzelday,1
abwinningwings,1
personaldevelopment,1
lifequotes,1
lifelessons,1
growth,1
selenagomez,1
whiskeygingerpodcast,1
bennyblanco,1
rightwing,1
onthisday,1
notdeadyet,1
brazilianjujutsu,1
billlawrence,1
daxshepard,1
scrubs,1
tedlasso,1
bjj,1
ginarodriguez,1
bobbylee,1
jujutsu,1
shrinking,1
takeyourshoesoffpodcast,1
fahimanwar,1
armchairexpert,1
bradgarrett,1
thesixthlead,1
replenish,1
beyonceeffect,1
trending,1
blessed,1
motivation,1
sobriety,1
sprouts,1
satisfying,1
handwriting,1
writingaesthetic,1
writing,1
producersoftiktok,1
90shiphop,1
retrogaming,1
playstation,1
lilyachty,1
psx,1
musictheory,1
tutorial,1
meditation,1
producertok,1
asmr,1
bassmusic,1
percussion,1
dubstep,1
camsteen,1
vibrato,1
sitar,1
speed,1
festival,1
talent,1
handpan,1
sleep,1
soundhealing,1
minecraft,1
longervideos,1
science,1
dopebeats,1
rapbeats,1
trapbeats,1
soulfulbeats,1
boombapbeats,1
freestylebeats,1
makingbeats,1
ableton,1
002,1
primevideocreator,1
musica,1
livemusic,1
spotle,1
courtneylove,1
coversong,1
musicquiz,1
interview,1
albums,1
chancetherapper,1
reaction,1
bandle,1
top5,1
dojacat,1
nmf,1
kencarson,1
davidguetta,1
dualipa,1
taylorswift,1
trackreview,1
twentyonepilots,1
review,1
kanye,1
production,1
indienation,1
hiphoplife,1
drumsounds,1
producerpics,1
samplepack,1
producerlifstyle,1
mpc2000xl,1
beatmaking,1
instamusic,1
musicislife,1
newrules,1
mpclive,1
standalonechallenge,1
beatmakers,1
drumpack,1
akai,1
instrumentalhiphop,1
instagood,1
studiofiles,1
congress,1
tiktokban,1
madewitharcade,1
keeptiktok,1
outputpartner,1
dogsoftiktok,1
marriedlife,1
coachella,1
outputarcade,1
beatboxing,1
politics,1
halo,1
livelooping,1
rave,1
brokeup,1
cheating,1
pickupandkillit,1
nickcannon,1
comedyskit,1
couplesjokes,1
pickuplines,1
ripmicheals,1
sibling,1
fashionpolice,1
flowjob,1
heartbreak,1
lol,1
roasted,1
siblinglove,1
cowboy,1
dcyoungfly,1
tastetester,1
relationships,1
samples,1
eman,1
letmeholla,1
rejected,1
familyreunion,1
family,1
uncle,1
ormash,1
flirt,1
pickupline,1
jokes,1
costco,1
justinavalentine,1
fight,1
tylerchronicles,1
charlieclips,1
bigmack,1
chicobean,1
flirting,1
standupcomedy,1
costcosamples,1
cheater,1
gotdamned,1
bustarhymes,1
couples,1
talkinspit,1
danielleherrington,1
courtneybee,1
wildstyle,1
funnyvideos,1
michaelblackson,1
karlousmiller,1
breakup,1
breakingup,1
maddysmith,1
brokenup,1
conceited,1
roycebell,1
onthespot,1
bullspittin,1
wildnout,1
diss,1
hitman,1
remix,1
katwilliams,1
breakuptok,1
prettyvee,1
fashion,1
breakingupishardtodo,1
talkingspit,1
bullrider,1
drunk,1
couplestiktok,1
cougar,1
emannuelhudson,1
pleadthefifth,1
roast,1
coreycharron,1
whatyoucallthat,1
teeth,1
cortez,1
boodup,1
bobbejthompson,1
single,1
emanuelhudson,1
rapbattle,1
poetry,1
churchsgetsaucy,1
ad,1
churchsgetssaucy,1
garthbrooks,1
gonygo,1
entrepreneur,1
businesstips,1
ican,1
clubberlangearlydaysmindset,1
makeithappen,1
speechgame,1
pree,1
lessonlearned,1
iwill,1
beentherebuiltthat,1
momentsnotyears,1
stillheavy,1
knicks,1
business,1
mytwocents,1
life,1
creativity,1
lovestory,1
realtalk,1
kai,1
torrianball,1
healingtiktok,1
nadlife,1
trustissues,1
advice,1
lifeextension,1
healing,1
hug,1
love,1
nzt48,1
dance,1
womenempowerment,1
rideordie,1
empath,1
limitlesspill,1
lifechanging,1
onlinedating,1
nzt48limitlesspill,1
empathsbelike,1
goodpeople,1
dancer,1
toxicrelationship,1
goodenergy,1
truelove,1
BOSSUpYourGame,1
womenoftiktok,1
intimacy,1
storytime,1
realfriends,1
genuine,1
romance,1
50cent,1
jeorogan,1
undergroundmusic,1
danshneider,1
mattrife,1
phonk,1
addiction,1
theovon,1
eminem,1
shanegillis,1
phonk_music,1
jid,1
genius,1
jpbadbitty,1
kdot,1
billboard,1
jp,1
euphoria,1
abarsong,1
badbitty,1
amaarae,1
oliviadeandive,1
neosoul,1
dive,1
rnb,1
angelsintibet,1
scatting,1
tipsy,1
verified,1
viralmusic,1
soul,1
afrobeats,1
oliviadean,1
votm,1
countrymusic,1
composer,1
thepharcyde,1
krayziebone,1
bradywattbass,1
publicenemy,1
acoustic,1
bass,1
jonb,1
bonethugsnharmony,1
largeprofessor,1
bassandbars,1
songwriter,1
chuckd,1
bradywatt,1
maadcity,1
mceih,1
areyoustilldown,1
zendaya,1
zackfox,1
carnival,1
citygirls,1
meganfox,1
richthekid,1
tde,1
jt,1
drill,1
kanyewest,1
thatsdeep,1
lilwayne,1
conspiracy,1
playboicarti,1
pinkpantheress,1
migos,1
elonmusk,1
whatsinyourphone,1
veeze,1
yedoyetravis,1
glorilla,1
goattalk,1
bktherula,1
rayj,1
yakub,1
tydollasign,1
sexualassaultawareness,1
streetgospel,1
underratedartist,1
christianrap,1
underratedrappers,1
louisianatiktok,1
rappers,1
bars,1
rappin,1
jokesonyou,1
consciousrap,1
stereotypes,1
realrap,1
funnymusic,1
realrapmusic,1
churchtok,1
hyena,1
motivationmusic,1
underratedrapper,1
inspirationalmusic,1
rappersoftiktok,1
churchtiktok,1
tupac,1
hyenalaugh,1
gospelrap,1
jcoletok,1
realmusic,1
bestrapper,1
getitright,1
cartiktok,1
musicproduction,1
harvey,1
beatmaker,1
artistsoftiktok,1
hopsin,1
jarrenbenton,1
carsoftiktok,1
duetwithme,1
indieartist,1
dizzywright,1
musicbusiness,1
paulwall,1
cars,1
kpop,1
fastandfurious,1
openverse,1
funkvolume,1
e40,1
bigmad,1
independentartist,1
musicproducers,1
xg,1
jpop,1
houston,1
cartok,1
forza,1
newphonewhodis,1
musician,1
carlover,1
tuningcar,1
bayarea,1
viralsound,1
openversechallenge,1
greenscreen,1
xgtape,1
