Hashtag,Frequency
fyp,11
climatechange,9
earthday,7
climateaction,5
climatejustice,5
capcut,4
earthmonth,4
earthday2024,4
meme,3
science,3
learnontiktok,3
trending,3
renewables,3
earth,3
london,3
comedy,3
labourparty,3
vote,3
sustainability,3
climateactionnow,3
politics,3
climatecrisis,3
coralbleaching,2
viral,2
dolphins,2
animalsoftiktok,2
cuteanimals,2
memecut,2
feminism,2
jojosiwa,2
feminist,2
ecotok,2
nature,2
climateanxiety,2
thebiggive,2
ev,2
donate,2
lgbtq,2
hollywood,2
ootd,2
dating,2
swiftie,2
taylorswift,2
booktok,2
secondhandfashion,2
costoflivingcrisis,2
fy,2
drake,2
satire,2
foryou,2
biodiversity,2
fashion,2
renewableenergy,2
solar,2
environment,2
wildlife,2
oilandgas,2
garybarlow,2
publictransport,2
ukpolitics,2
globalwarming,2
animals,2
geese,2
endfossilfuels,2
bird,2
food,2
shell,2
election,2
goose,2
capitalism,2
fridaysforfuture,2
future,2
bp,2
birdsoftiktok,2
extinctionrebellion,2
oilymoneyout,2
freepalestine,2
greenscreen,1
goblinshark,1
takemywhiskyneat🥵,1
iloveyou,1
oceananimals,1
fishcontent,1
oceanfacts,1
saveouroceans,1
snailfish,1
friendwithbenefits,1
dunemovie,1
thepressureisgettingworser,1
sheepsheadfish,1
deepseacreatures,1
whales,1
xyz,1
greenlandshark,1
stillcutetho,1
wondersoftheworld,1
ugliestanimals,1
fish,1
sciencelesson,1
fypage,1
humpbackwhales,1
pressure,1
krilltok,1
mothernature,1
didyouknow,1
moreviews,1
krillinit,1
tinyanimals,1
coral,1
ugly,1
microplastics,1
deepseafish,1
breatheinnature,1
underthesea,1
planetearth,1
danceitout,1
sarcasm,1
dontaskmehowididit,1
whalecommunication,1
oceanpeace,1
penguinsoftiktok,1
penguintok,1
glowupchallenge,1
matingritual,1
sharks,1
feminismo,1
tiktoktrend,1
romance,1
keystonespecies,1
goblinsharks,1
bleaching,1
bluespace,1
plasticpollution,1
fishoftiktok,1
oceantok,1
dolphin,1
natureisbeautiful,1
oceanworld,1
yippee,1
naturevibes,1
laughawayyoursorrow,1
hardatwork,1
dammit,1
funnyvideos,1
oceaneducation,1
whalelover,1
yippe,1
soundofwaves,1
peace,1
goblin,1
oceandiscovery,1
microplasticseverywhere,1
youthinkyoucanhurtme,1
ocean101,1
seaslug,1
noplanetb,1
plastics,1
oceanwaves,1
aintitfun,1
funkyfish,1
oceanlife,1
leafsheep,1
heal,1
penguinlove,1
seacucumber,1
wow,1
marineecosystem,1
fishtok,1
winningatlife,1
animalfacts,1
amazingnature,1
oceanviews,1
beatpollution,1
thesewords,1
bulletproof,1
wondersoftheocean,1
underpressure,1
howdidyougetpastsecurity,1
penguins,1
coralreef,1
cleanerfish,1
deepsea,1
squid,1
marinebiology,1
glowupforreal,1
fypシ,1
oceans,1
sheepshead,1
breadwinner,1
oceanlover,1
fremen,1
imeverywoman,1
krill,1
shaihulud,1
earthdayeveryday,1
loveisintheair,1
viraltiktok,1
deep,1
bluemind,1
youretoosweetforme,1
sandworm,1
oceanlesson,1
cantescape,1
wrasse,1
dune,1
hozier,1
originalcontent,1
goodnews,1
positivenews,1
climatenews,1
positivevibes,1
energycrisis,1
confessionsofaclimateactivist,1
climatepodcast,1
climatepodcast2024,1
imperfectenvironmentalist,1
ecoanxiety,1
climatetalks,1
climateactivism,1
happyearthday,1
forceofnaturepodcast,1
climateconfessions,1
ecotrauma,1
florida,1
syracuse,1
advertising,1
marketing,1
oregon,1
studenttok,1
trainsnotplanes,1
donationdoubled,1
hammersmithbridge,1
greenmatchfund,1
adverts,1
frequentflyer,1
carfree,1
frequentflyerlevy,1
electriccar,1
highcarbonadverts,1
cyclelane,1
ciabatta,1
neworleans,1
sandwich,1
greece,1
sandwiches,1
gyros,1
fishtacos,1
comfortfood,1
rotisseriechicken,1
outdoorcooking,1
homecooking,1
greek,1
muffuletta,1
bollywooddance,1
hyphen,1
frankiemusical,1
aboutlastnight,1
bollywoodsongs,1
foryoupage,1
watfordtheatre,1
bollywood,1
filmindustry,1
musical,1
noborders,1
asylumseekers,1
borders,1
nooneisillegal,1
ukborder,1
saferoutesnow,1
rwandabill,1
colonialism,1
refugeeswelcome,1
migration,1
migrants,1
ukimmigration,1
ukgovernment,1
migrantswelcome,1
defythenarrative,1
rwanda,1
wordsmatter,1
languagematters,1
hostileenvironment,1
refugees,1
inclusivefashion,1
misogyny,1
learnwithtiktok,1
inclusion,1
ai,1
queertiktok,1
bias,1
chatgpt,1
antiracism,1
privilege,1
allyship,1
misogynoir,1
representation,1
learnontikok,1
workplaceinclusion,1
lgbtqia,1
uksubway,1
losangeles,1
america,1
subway,1
hollywoodsignhike,1
lossngeles,1
california,1
lahikes,1
footlongcookie,1
hikingvlog,1
adobe,1
adobeexpress,1
solonglondon,1
puglia,1
mallorcaitinerary,1
torturedpoetsdepartment,1
giftideasforher,1
londonsummer,1
newyorkcity,1
marianila,1
acotarseries,1
expat,1
copenhagen,1
ichoosefriendly,1
vintagehaul,1
travelguide,1
ttpd,1
londontok,1
girlhood,1
mallorca,1
londonlifestyle,1
filmphotography,1
summerfashion,1
swifties,1
summer2024,1
sevensisterscliffs,1
swifttok,1
rhysandandfeyre,1
giftideasforhim,1
sevensisters,1
springfashion,1
fantasyromance,1
handmadegifts,1
birthdaysurprise,1
vintedfinds,1
acotar,1
menorca,1
londonbrows,1
nyc,1
acomaf,1
wfhlife,1
londonbars,1
aussieintheuk,1
londonpubs,1
figtreeanalogy,1
vintagefashion,1
italytravel,1
challengers,1
londonlife,1
giftideas,1
meaningfulgift,1
sarahjmaas,1
bestfriend,1
eurosummer,1
summerincoming,1
booktokgirlies,1
sylviaplath,1
vinted,1
traveltips,1
aussieinlondon,1
birthdaygift,1
londonactivities,1
londontiktok,1
oneday,1
singlelife,1
fitcheck,1
europeansummer,1
relatable,1
joblife,1
amywinehouse,1
djmix,1
legallyblonde,1
liveperformance,1
chetlo,1
backtoblack,1
drumsheds,1
votelabour,1
camdentown,1
drumandbass,1
dnb,1
registertovote,1
rome,1
redflag,1
lfw,1
amywinhouse,1
chanel,1
votetiktok,1
dancemusic,1
beginner,1
yourvotematters,1
newmusic,1
britishweather,1
firstsong,1
tbt,1
rave,1
streetart,1
funny,1
🤣,1
waikik,1
art,1
caricature,1
foryour,1
artist,1
fun,1
cool,1
engineering,1
gadgets,1
gameshow,1
interesting,1
learn,1
amazonfinds,1
twotruthandtrash,1
gifts,1
experiments,1
physics,1
demos,1
challenge,1
amazing,1
toys,1
calculation,1
twotruthsandtrash,1
costarica,1
newbie,1
motorcycle,1
willpoulter,1
haveigotnewsforyou,1
britain,1
duolingo,1
kendrick,1
woke,1
drakebeef,1
rishisunak,1
israel🇮🇱,1
gaza,1
palestine,1
genocide,1
palestine🇵🇸,1
yaleuniversity,1
israel,1
freepalestine🇵🇸❤️,1
couplegoals,1
colouranalysis,1
sustainablefashion,1
springoutfit,1
dopaminedressing,1
couplecomedy,1
londonhotspots,1
insidethefactory,1
beautytok,1
nealsyard,1
grwm,1
over40skincare,1
liftfacial,1
stressrelief,1
glassskin,1
beautyover40,1
unwindwithme,1
pmroutine,1
pillowmist,1
asmrsounds,1
beautyasmr,1
radiantskin,1
coventgarden,1
aromatherapy,1
skincarehack,1
agelessbeauty,1
anadearmas,1
morningroutine,1
naturalskin,1
sculptfacial,1
guasha,1
skincareritual,1
organic,1
sleephack,1
whatsinmybag,1
organicskincare,1
skincare,1
rosehip,1
asmr,1
nealsyardremedies,1
skincareroutine,1
londonfacial,1
unwind,1
eveningroutine,1
pollinators,1
naturalfacial,1
hydratedskin,1
naturalskincare,1
scoop,1
uk,1
always,1
nestle,1
opinion,1
africa,1
socialjustice,1
motivation,1
shadowwork,1
motherhood,1
wisdom,1
libra,1
timwestwood,1
rkelly,1
aiokisimmons,1
wellbeing,1
astrology,1
royalfamily,1
nigeria,1
russellsimmons,1
rebirth,1
hairstyle,1
lbd,1
football,1
heatpump,1
carbonsaving,1
solarpower,1
green,1
goodenergy,1
sustainablehome,1
ecofriendly,1
ecohome,1
electricity,1
sustainableh,1
solarpanels,1
gulfofmexico,1
seaturtles,1
protectthearctic,1
seismic,1
whale,1
genderequality,1
womensrights,1
booktoker,1
feministiktok,1
greenenergy,1
averynicedayout,1
tfl,1
stitch,1
cardependency,1
adhd,1
leomiddea,1
londonunderground,1
meerkatsquad,1
meerkat,1
neurodivergent,1
autizzy,1
eurovision,1
playstation2,1
efeitops2,1
multiaverso,1
trend,1
andalucía,1
aove,1
españa,1
jaén,1
oroverde,1
orolíquido,1
sequía,1
crisisclimática,1
nuestracasaseabrasa,1
peeps,1
whatsfordessert,1
dessert,1
totality,1
mainelife,1
wearingantarctica,1
penguinpostoffice,1
ukaht,1
portlockroy,1
augmentedreality,1
worldpenguinday,1
flight,1
nueroscience,1
classof2024,1
drought,1
africanamerican,1
travel,1
environmentaljustice,1
birth,1
gosling,1
hatch,1
exxon,1
diet,1
lakeforestcollege,1
getaway,1
poverty,1
paycheck,1
beef,1
chevron,1
cattle,1
burn,1
babyanimals,1
climatestike,1
cruiseship,1
wander,1
heat,1
planet,1
oil,1
inflation,1
black,1
pollution,1
beauty,1
data,1
fight,1
eartheday,1
water,1
transformation,1
anxiety,1
vegetarian,1
strike,1
health,1
nutrition,1
nepal,1
biden,1
maga,1
tiktok,1
tree,1
lossanddamage,1
truck,1
environmental,1
cost,1
fracking,1
vegan,1
unfccc,1
wind,1
scientist,1
party,1
environmentalracism,1
elite,1
news,1
wealth,1
clinatestrike,1
himalayan,1
born,1
cows,1
car,1
consumerism,1
cars,1
parents,1
mountains,1
compost,1
juststopoil,1
demographics,1
bigtruck,1
justice,1
globalsouth,1
privatejet,1
plantbased,1
fly,1
dei,1
global,1
conception,1
friday,1
steak,1
action,1
wild,1
family,1
speing,1
birds,1
asia,1
cheese,1
climatestrike,1
naturalgas,1
glaciers,1
record,1
blacklivesmatter,1
spring,1
inequality,1
masstransit,1
home,1
rich,1
monday,1
children,1
lawn,1
foresters,1
siblings,1
style,1
dairy,1
economy,1
upperclass,1
protest,1
pregnant,1
drinkingwater,1
parentsoftiktok,1
eattherich,1
ucriverside,1
biology,1
seasons,1
kids,1
traveltiktok,1
campus,1
river,1
trump,1
cute,1
degrowth,1
population,1
race,1
heatwave,1
academic,1
clean,1
recylce,1
coal,1
makeup,1
babies,1
everest,1
gas,1
india,1
coalroller,1
temperature,1
ryangosling,1
brain,1
fossilfuels,1
geothermal,1
study,1
datacentres,1
datacentresireland,1
xri,1
extinctionrebellionireland,1
ritzycinemabrixton,1
icouldnevergoveganmovie,1
soundsright,1
climate,1
climateemergency,1
clima,1
actonclimatenow,1
actonclimate,1
klima,1
laugh,1
greatbarrierreef,1
innovation,1
flora,1
changecompanieschangetheplanet,1
boost,1
fix,1
changecompanystructure,1
waste,1
semiotics,1
follow,1
welfare,1
usameasurements,1
extinction,1
auspol,1
australia,1
transparency,1
winwin,1
virtuouscircle,1
addtheclause,1
mechanism,1
virtuouscycle,1
problems,1
snl,1
culture,1
holisticsustainability,1
usa,1
change,1
changetheworld,1
disruptthecorrupt,1
society,1
changecompaniesandchangetheplanet,1
fauna,1
idea,1
ideas,1
share,1
jancleveringa,1
sdgs,1
dontpausetheclause,1
stopptunnelspinne,1
seraphoftheend,1
reclaimtiktok,1
climatedeniers,1
actnow,1
citizensassemblies,1
innovationzero,1
climatedenial,1
rebelfortruth,1
jeremyhunt,1
jeremycunt,1
dropadani,1
righttoprotest,1
restorenaturenow,1
stopsellinglies,1
insureourfuturenow,1
rebelforlife,1
listentothescience,1
biodiversityloss,1
takeaction,1
peoplepower,1
decidetogether,1
stoppollutingpolitics,1
codered,1
riskybusiness,1
tellthetruth,1
mpjeremyhunt,1
redrebels,1
funeralfornature,1
stopadani,1
mayday2024,1
moon,1
thatfridayfeeling,1
uganda,1
barclays,1
stopequinor,1
knowyourrights,1
chaucer,1
maydayprotest2024,1
pov,1
plastic,1
nasa,1
onlyfoolsandhorses,1
palestineprotestlondon,1
recycle,1
endfossilfinance,1
betterwithoutbarclays,1
insureourfuture,1
defendourrights,1
barclaysbankuk,1
surpriseparty,1
protestpower,1
bigbrother,1
stayinformed,1
jamesbaldwin,1
friyay,1
stopthearmstrade,1
voxpop,1
nonewoilandgas,1
fossilfreelondon,1
earthdayiseveryday,1
totaleclipse,1
tanzania,1
shutdownshell,1
greenjob,1
bpmustfall,1
protestrights,1
maydayprotest,1
bigoil,1
sdpo,1
righttorally,1
frackoff,1
palestineprotest,1
rightorally,1
stopeacop,1
newcastleuniversity,1
ceasefirenow,1
southshields,1
northshields,1
righttostrike,1
labour,1
uknews,1
newcastle,1
northeast,1
keirstarmer,1
gateshead,1
snp,1
landlord,1
newcastleupontyne,1
tyneside,1
metro,1
newcastleuni,1
conservativeparty,1
northumbriauni,1
sunderlanduni,1
studentlife,1
gndr,1
socialism,1
sunderland,1
tories,1
durhamuni,1
landlords,1
northumbriauniversity,1
scotland,1
northtyneside,1
northumbria,1
toriesout,1
wallsend,1
britishpolitics,1
northumberland,1
greennewdeal,1
durham,1
nhs,1
jamiedriscoll,1
humzayousaf,1
southtyneside,1
housing,1
geordies,1
owlsoftiktok,1
pigeonlovers,1
birdtitkok,1
birdoftheweek,1
minions,1
bestie,1
uktiktok,1
pigeon,1
ukmemes,1
kingfisher,1
blackbird,1
bbldrake,1
birdsofprey,1
fleetwoodmac,1
beyonce,1
mummyjoe,1
chrispackham,1
swipe,1
pigeonsoftiktok,1
unhinged,1
owltiktok,1
birdmemes,1
sillygoose,1
mallardduck,1
oasis,1
birdtiktok,1
birdtok,1
owltok,1
ducktok,1
oilpainting,1
pigeons,1
pigeontok,1
bffs,1
sabrinacarpenter,1
duck,1
pigeonmemes,1
birdfacts,1
birdlovers,1
karma,1
ducksoftiktok,1
yourhonor,1
sparrowhawk,1
robins,1
robinbirds,1
owls,1
deepfried,1
birding,1
botw,1
songbird,1
animalmemes,1
despicableme,1
rspb,1
swifts,1
lowres,1
whosafraidoflittleoldme,1
silly,1
healthtok,1
manila,1
jakarta,1
bangkok,1
philippines,1
hiv,1
indonesia,1
thailand,1
