Hashtag,Frequency
fyp,31
eidmubarak,22
ramadan2024,13
viral,12
ramadan,12
dubai,11
stitch,11
eid,11
funny,11
foryou,11
onthisday,9
makeup,9
grwm,8
capcut,8
travel,8
foryoupage,8
trending,7
skincare,7
duet,6
fashion,6
اكسبلور,6
asmr,6
ad,5
muslim,5
eid2024,5
food,5
haircare,5
tiktok,5
عيد_سعيد,5
relationship,4
learnontiktok,4
love,4
tiktokcookbook,4
comedy,4
fitness,4
vlog,4
beauty,4
relatable,4
hair,4
dessert,4
دبي,4
الشعب_الصيني_ماله_حل😂😂,4
عيد_الفطر_المبارك,4
السعودية,4
eidoutfit,4
podcast,3
jlo,3
gym,3
العيد,3
arab,3
desert,3
icecream,3
weightloss,3
desi,3
uae,3
funnyvideos,3
transition,3
family,3
motivation,3
trend,3
ootd,3
cake,3
recipe,3
cooking,3
india,3
explore,3
werthersoriginalarabia,3
diy,3
eidlook,3
whattowear,3
tiktokfashion,3
tiktoksalon,3
fragrancetiktok,3
fashiontiktok,3
عيد_مبارك,3
beautytok,3
ellendegeneres,2
coachella,2
diddy,2
taylorswift,2
uae🇦🇪,2
rain,2
girls,2
lifelessons,2
life,2
advice,2
marketing,2
traveltiktok,2
modestfashion,2
japan,2
ramen,2
digitalmarketing,2
entrepreneur,2
middleeastern,2
نودلز,2
wheretoeatdubai,2
dubaicafe,2
usa,2
gift,2
islam,2
football,2
hijab,2
momsoftiktok,2
humour,2
noodles,2
spicynoodles,2
healthyrecipes,2
easyrecipe,2
foodie,2
challenge,2
cute,2
couple,2
smile,2
kids,2
dubaifood,2
hummus,2
dubaifoodie,2
mangostickyrice,2
friendship,2
brownparents,2
mindset,2
travelvlog,2
maheramadan,2
longervideos,2
money,2
humor,2
whatieayinaday,2
diet,2
transformation,2
lashes,2
parents,2
laybankz,2
health,2
فلوق,2
skincareroutine,2
maybelline,2
ميكب,2
lashesflyskyhigh,2
dog,2
istanbul,2
singing,2
disney,2
voice,2
adidasgazelle,2
salon,2
tastetest,2
cookies,2
funnytok,2
restaurant,2
늙음필터,2
dubai🇦🇪,2
fashiondesigner,2
style,2
eidpreps,2
pizza,2
lunchboxideas,2
cakedecorating,2
chocolate,2
yummy,2
pasta,2
ygmarley,2
siblings,2
daughter,2
fypシ゚viral,2
kdrama,2
filipino,2
pov,2
ضحك,2
الرياض,2
الكويت,2
indianmakeup,2
بحرين,2
makeuptransition,2
unboxing,2
ترند,2
hairserum,2
whattoeat,2
booktok,2
hairtok,2
foodtiktok,2
عائلتي,2
comedia,2
inspiration,2
grwmroutine,2
fypシ,2
motivational,2
dubaibakery,2
dubaieats,2
hudabeauty,2
foodasmr,2
اكسبلورexplore,2
explorepage,2
wheretoeat,2
chocolatebar,2
ramadankareem,2
حب,2
فاشن,2
الحمدلله,2
ليبيا,2
สปีดสโลว์,2
สโลว์สมูท,2
عيد,2
eidglam,2
perfumetiktok,2
happyeid,2
newyork,2
سفر,2
haircolor,2
prodigy,2
مكياج,2
mascara,2
levion,2
nyxcosmeticsarabia,2
lipgloss,2
fashiontok,2
kayali,2
throwback,2
hudabeautyeasybake,2
toofacedpartner,2
hotnews,1
yelling,1
breaking,1
reveals,1
shambles,1
just,1
fights,1
weekend,1
icecube,1
metroboomin,1
diddya,1
travis,1
kendricklamar,1
newsabout,1
footageof,1
claims,1
raid,1
madefreestyle,1
sentencing,1
meekmill,1
new,1
chrisbrown,1
groomed,1
leakby,1
again,1
beyonce,1
drake,1
likethat,1
missed,1
newtrialevidence,1
thebahamas,1
murder,1
affair,1
tapes,1
justexposed,1
newinformation,1
leaks,1
newheights,1
panics,1
rappersreact,1
kattwilliams,1
ends,1
oday,1
forever,1
court,1
diddys,1
reacts,1
kendricklamardiss,1
_shewas,1
50cents,1
ynw,1
together,1
rappers,1
date,1
poohshiesty,1
tupacs,1
feds,1
ciaragoes,1
lawsuitincoming,1
s3x,1
trying,1
crying,1
released,1
yungmiami,1
shares,1
fbi,1
after,1
sleeping,1
jcolediss,1
rico,1
why,1
find,1
blackbews,1
his,1
shakur,1
willsmith,1
hertoo,1
startscrying,1
p1mp,1
exposes,1
leakedaudio,1
chrisean,1
herout,1
announcement,1
10thingsyou,1
tupac,1
freak0ff,1
ricocrimes,1
afternew,1
rihanna,1
startsbeef,1
buyingahouse,1
reason,1
crimes,1
breaksdown,1
ynwmelly,1
arrest,1
jayz,1
quavo,1
from,1
snoopdogg,1
speak,1
snitches,1
countyjail,1
officialaudio,1
hearing,1
drakereacts,1
traviskelce,1
releasedate,1
michaeljaiwhite,1
release,1
taylor,1
hereswhy,1
exposed,1
m,1
youngthug,1
5minutesago,1
arrested,1
freakoff,1
abused,1
confirmshim,1
freaksout,1
names,1
future,1
huge,1
redleather,1
parties,1
goodbye,1
aubrey,1
insults,1
carters,1
offafter,1
starts,1
saweetie,1
adobefirefly,1
adobepartner,1
التطوع_اسلوب_حياة,1
الحرب,1
abdulmajeedabdullah,1
ليندا_حرب,1
abdulmajeed,1
linda_harb,1
fybシviral_,1
flood,1
henna,1
iamaseyat,1
graduate,1
graduationspeech,1
storytime,1
graduation,1
anxiety,1
grad,1
picnic,1
grad2022,1
grad2024,1
friendlyreminder,1
fireramen,1
kyliejenner,1
marketing101,1
celebrityblinds,1
kimkardashian,1
bradpitt,1
eidvibes,1
traveltok,1
consumerism,1
smartshopping,1
hollywood,1
hollyweird,1
conciousconsumer,1
celebrities,1
ryanseacrest,1
menbaka,1
dango,1
djkhaled,1
زوجة_واحدة_لا_تكفي,1
jaredleto,1
menbakaichidai,1
visitjapan,1
ciara,1
therock,1
coreygamble,1
pdiddyexposed,1
pdiddy,1
hoteltour,1
thethousandkyoto,1
influencermarketing,1
hotels,1
kylemarisaroth,1
matcha,1
aliciakeys,1
diddydoit,1
krisjenner,1
blinditems,1
عيد_الفطر,1
queenpins,1
supportlocal,1
kardashians,1
kyoto,1
celebrity,1
eidglam🌟,1
shopping,1
dwaynejohnson,1
yakhayen,1
newmusic,1
socialmediamanager,1
onlinemarketing,1
birthday,1
care,1
wish,1
contentmarketing,1
business,1
marketingtips,1
socialmedia,1
media,1
instagood,1
socialmediamarketing,1
marketingstrategy,1
birthdaywish,1
feelings,1
branding,1
digital,1
seo,1
marketingdigital,1
social,1
instagram,1
advertising,1
design,1
microtrottoir,1
nouakchott,1
mauritanie,1
esmkne,1
esma,1
culturegenerale,1
bmci,1
masrvi,1
mauritania,1
melehfa,1
senegal,1
cars,1
canarias,1
rim,1
esmakane,1
carrank,1
mali,1
فطور_الصباح,1
وجبات_صحية,1
فطور_عالي_البروتين,1
koreancake,1
كافيهات_دبي,1
بانكيك_صحي,1
lunchboxcake,1
فطور_بروتيني,1
نودلز_كوري_حار,1
pancakerolls,1
cubecake,1
matchastrawberry,1
وصفات_لذيذة,1
وصفات_بروتين,1
كيك_كوري,1
highproteinrecipes,1
نودلز_مريم_جمال,1
وصفات_صحية,1
highproteinbreakfast,1
healthypancakes,1
strawberrymatcha,1
koreancafe,1
ماتشا_فراوله,1
highproteinmeals,1
buldakramen,1
وصفات_سهله,1
وصفات_صحيه,1
ماتشا_لاتيه,1
koreanramen,1
gatodubai,1
حلو_بارد_و_سريع,1
حلى_سهل,1
حلى_لذيذ,1
حلو,1
حلى_سريع,1
حلويات_سهلة_وسريعة,1
حلويات_سريعه,1
حلويات_رمضان,1
buyingland,1
houstontx,1
realestatebeginner,1
wealth,1
viralvideo,1
realestate,1
shariacompliant,1
mercedes,1
mansion,1
constuction,1
dreamhouse,1
gwagon,1
houston,1
vintage,1
situation,1
realestateinvesting,1
skiing,1
paradise,1
quadbiking,1
footballtricks,1
azerbaijan,1
sportsontiktok,1
shahdag,1
ركوب_الخيل,1
الرضا_سر_السعادة,1
cycling,1
guba,1
nature,1
padel,1
gabalashootingclub,1
horseriding,1
clayshooting,1
mountains,1
padeltennis,1
mountainhorse,1
horse,1
ayaallsports,1
horserding,1
soul,1
whattodoinazerbaijan,1
adventures,1
dubaitravel,1
horsesoftiktok,1
snowman,1
مقولات,1
gabala,1
gudauri,1
shooting,1
sportontiktok,1
universalstudios,1
universalstudiosbeijing,1
familytrip,1
milkyice,1
dessertlove,1
chillanddance,1
dancechallenge,1
yummytreats,1
dejavu,1
operationolivebranch,1
therealoverloadcomedy,1
lifeisbeautiful,1
men,1
passiveincome,1
workfromhome,1
makemoneyonline,1
menbelike,1
onlinebusiness,1
passiveincomelifestyles,1
overloadcomedy,1
hilarious,1
woman,1
noodle,1
beef,1
nandos,1
lowcarb,1
periperichicken,1
lowcarbrecipes,1
QuickRecipes,1
easyrecipes,1
healthymeals,1
chickensalad,1
chinesefood,1
spicybeef,1
chickenrecipes,1
chickenrice,1
feta,1
highprotein,1
periperi,1
eathealthy,1
grilledchicken,1
broccoli,1
noodlesrecipe,1
mealprep,1
lowcalorie,1
takeout,1
fatloss,1
chicken,1
beefnoodles,1
sourire,1
mariage,1
grosmots,1
vacances,1
badwords,1
complicite,1
look,1
amour,1
memories,1
papa,1
joie,1
famille,1
souvenirs,1
realife,1
cequenousommes,1
moments,1
passion,1
tomyum,1
thaifoodlover,1
dubaifoodies,1
falafel,1
thaifood,1
steamedfish,1
dubaifoodbloggers,1
shawarma,1
krabifood,1
friedbanana,1
krabi,1
yellowcurry,1
friedrice,1
dubaifoodguide,1
krabithailand,1
growingup,1
job,1
dubaiinfluencer,1
compliment,1
selflove,1
challenges,1
adulting,1
lifeadvice,1
choice,1
womenpodcasters,1
marriage,1
careers,1
career,1
quitting,1
freewebinar,1
quietquitting,1
change,1
selfreflection,1
growth,1
influencer,1
jumma,1
iphoneshortcut,1
resort,1
allvideodownloader,1
mobilechargingalarm,1
vlog2024,1
northernphuket,1
tgh,1
cv,1
giveaway,1
telegram,1
mobilecarge,1
ওয়াচ,1
tiktokvlog,1
katanoi,1
mobiletemperature,1
daddysong,1
pahelabaishakh,1
hireflow,1
hotweather,1
travvlogbyrobinrafan,1
balam,1
thecottagehouse,1
techvideobyrobinrafan,1
rajkumar,1
banglanewyear,1
জিবনটা_এত_সহজ_না,1
resortneardhaka,1
hokbidnam,1
eshwar,1
whatsapp,1
iphonevideodownload,1
jummamubarak,1
eidshooping,1
howtorecordcall,1
mylifeisinthistown,1
smartwatch,1
kidsgame,1
thobe,1
imstagram,1
game,1
mibileantitheft,1
driving,1
dims,1
panjabi,1
bangladeshbank,1
tumichayahoye,1
techvlogbyrobinrafan,1
leo,1
resume,1
izaan,1
eidmunarak,1
noboborsho,1
swim,1
speakingenglish,1
howtogivesignonmobile,1
eidday,1
dhaka,1
salami,1
ঘড়ি,1
wipeitwithmrbrasso,1
shakibkhan,1
thailand,1
medicine,1
eidsalami,1
travelvlogbyrobinrafan,1
khushireid,1
illeyen,1
impianaprivatevillas,1
eidi,1
metarayban,1
facebook,1
vlogging,1
phuket,1
google,1
dive,1
newnote,1
monthofgood,1
robinrafanplayz,1
ঈদ,1
dadson,1
securityalarm,1
স,1
robinrafan,1
stitchkindness,1
eyes,1
sobaighuretakarpichu,1
সি,1
hokbodnam,1
whatsappcallrecord,1
hridoykhan,1
sunglass,1
tech,1
birds,1
howtoreaddeletedmessage,1
shuvonoboborsho,1
iphone,1
hot,1
watch,1
payattention,1
lhr,1
darkhumor,1
darkjokes,1
laser,1
quotes,1
kidsoftiktok,1
hiking,1
rak,1
desitransition,1
punjabi,1
dancecover,1
mindfulness,1
dubairain,1
adventure,1
weightlossjouney,1
relationships,1
wfh,1
bollywood,1
didikrishna,1
jindkadhke,1
scary,1
beforeafter,1
gymtok,1
wadishowka,1
spirituality,1
teachthemyoung,1
pushyourself,1
dilbara,1
dialogue,1
deepthoughts,1
jump,1
whiteshirt,1
chammakchallo,1
ocrf,1
brown,1
saree,1
wlw,1
whiteshirtcampaign,1
dezi,1
research,1
aglimpseofus,1
whatiwore,1
skin,1
study,1
bilingualkids,1
homeinterior,1
bilingual,1
morningroutine,1
latenightsnack,1
purpose,1
bilingualparenting,1
corporatelife,1
vitamind,1
mil,1
leavingtheuk,1
aesthetics,1
touchedout,1
magnesium,1
turkishcoffee,1
firsttimemom,1
firsttimemum,1
mumsoftiktok,1
quitmyjob,1
corporategirlies,1
supplements,1
motherinlaw,1
sisterinlaw,1
vitamins,1
iquitmyjob,1
leavinglondon,1
homecookingshow,1
motherhood,1
ashwagandha,1
ميكب_خفيف,1
تجهزوا_معي,1
تمارين,1
روتين,1
روتيني_قبل_النوم,1
العناية_بالبشرة,1
تجهزوا_معاي,1
صبحية_مع_ليلى,1
يوم_في_حياتي,1
gurwm,1
روتيني_اليومي,1
tornado,1
chihuahua,1
escuadron_tigre🐾🐾,1
bebe,1
perro,1
atifaslam,1
rafsanthechotobhai,1
ceravemy,1
developedwithderms,1
karaoke,1
xybca,1
xyzbca,1
duetwithme,1
cover,1
vocals,1
xyzabc,1
acapella,1
dunemovie,1
fallout,1
wbpartner,1
warnerbrosme,1
duneparttwo,1
podtok,1
whattowatch,1
سمية_سالم,1
temu,1
centurytunasuperbodsaudition,1
centurytunasuperbods,1
centurytunasuperbodsbestyouever,1
woodsvillecrest,1
711romanticbaboy,1
voiceover,1
711chefcreations,1
lysol,1
vo,1
nohanabilambassador,1
صباح_النور_بيسو,1
butter,1
eyebrows,1
dayinmylife,1
arabfamily,1
matcharun,1
orangepeeltheory,1
datenight,1
ohno,1
maintenanceday,1
dayinthelife,1
italianbeirut,1
lashlift,1
ilovelebanon❤️,1
3arab,1
bestcookies,1
beirut,1
imdevastated,1
baba,1
lebanon,1
lebanese,1
wheretoeatbeirut,1
marioemario,1
arabdad,1
arabparents,1
datenightlook,1
muslimgirl,1
hijabistruggles,1
agedfilter,1
hijabi,1
avenuebydaytoday,1
allwhitetawas,1
mazayacenter,1
levelup,1
fashionaddict,1
follow,1
outfit,1
bellezoneuaeofficial,1
taptapsendph,1
fashionable,1
fashionblogger,1
taptapsend,1
avenue,1
msgren,1
daytoday,1
allwhiteskinblendphilippines,1
allwhiteskinblend,1
singapore,1
dubaiofw,1
singaporetamil,1
padalove,1
levelupstyle,1
tawas,1
singaporelayover,1
stylish,1
trendingreels,1
taptapsendphilippines,1
fashionlover,1
fashionstyle,1
tulolaway,1
quran,1
recitewithme,1
ramadansweets,1
برك,1
خيار,1
مخلل,1
زعتر,1
steak,1
egg,1
cucumber,1
salad,1
lunchbox,1
recipes,1
قدرة_قادر,1
ramadanrecipes,1
وصفات,1
giftideas,1
pistachio,1
strawberry,1
shrimp,1
everest,1
antartica,1
تسلق_الجبال,1
كوكيز,1
dad,1
suits,1
bekind,1
tellurgirlfriend,1
kindness,1
goodvibes,1
haircut,1
tiktoknews,1
thetorturedpoetsdepartment,1
mom,1
efeitops2,1
mrrogers,1
icdiwabh,1
greenscreen,1
vibes,1
parenting,1
worthy,1
ttpd,1
wordsofwisdom,1
bruh,1
drone,1
encouragement,1
keeptiktok,1
memecut,1
praisejahinthemoonlight,1
barber,1
fatherhood,1
boosiefade,1
ttpdtaylorswift,1
inverted,1
wow,1
pooltime,1
congress,1
multiaverso,1
fnaf,1
bekindtoyourself,1
publicspeakingtip,1
zoom,1
bodylanguage,1
englishasasasecondlanguage,1
nonnativeenglishspeakers,1
presentationtraining,1
presentationskills,1
publicspeaking,1
energy,1
time,1
publicspeakingtraining,1
communication,1
teams,1
babyoutfit,1
doha,1
toddlerfashion,1
thingstodoqatar,1
classy,1
eidqatar,1
qatar,1
proudmum,1
ootdkids,1
ramadaninqatar🇶🇦,1
eiddoha,1
qatarinfluencer,1
tattoos,1
wanderlust,1
turkey,1
transitions,1
matchingtattoos,1
christianmemes,1
coupletattoo,1
mixedcouple,1
syrianmen,1
comedyshow,1
narcissist,1
comedyconcert,1
comedytok,1
justjokes,1
standupcomedy,1
arabmen,1
lebanesemen,1
filipinowomen,1
tiktoktrends,1
egyptianmen,1
imahcomedy,1
filipina,1
filipinotalents,1
dubaicomedyfestival,1
dubaicomedy,1
حمض_الساليسيليك,1
salicylic_acid,1
فاست_كلير,1
acne,1
الحبوب,1
غارنييه,1
حب_الشباب,1
clearer_skin_in_30_days,1
fast_clear,1
eidteansition,1
getreadywithme,1
ayshasultan,1
euphoria,1
skit,1
poohawhatisthisbehaviour,1
cassie,1
nate,1
brownmoms,1
lambo,1
fooddelivery,1
chicking,1
pinkmakeup,1
sheinhaul,1
جدة,1
SHEINeid,1
makeupviral,1
qatar🇶🇦,1
makeuptutorial,1
makeupartist,1
ميكب_مع_نادين,1
ميكاب_تتوريال,1
ksa🇸🇦,1
ترند_تيك_توك,1
content,1
itcosmeticsme,1
sheinunboxing,1
harrypotter,1
barbiemovies,1
koreatown,1
bookreview,1
koreandrama,1
disneyunboxing,1
mielle,1
koreansweets,1
12dancingprincesses,1
iloveyou,1
collectibles,1
wingstop,1
childhoodtoys,1
interiordesign,1
cravings,1
ithinkilikethislittlelife,1
foodtok,1
toys,1
barbie,1
aesthetic,1
homesweethome,1
koreanfoods,1
samsungs24ultra,1
vegamour,1
miniso,1
icecreamoliveoil,1
theordinary,1
silentbookreviews,1
mangoicecream,1
kfood,1
furniture,1
disneyprincess,1
hairtransformation,1
oldisgold,1
healthy,1
nails,1
georgia,1
prayer,1
beautifulskin,1
tahajud,1
aftershower,1
tblisigeorgia🇬🇪,1
glowyskin,1
nailtransition,1
nailtransformation,1
nostalgia,1
sisters,1
asokamakeuptrend,1
outfitcheck,1
tblisi,1
grwmoutfit,1
motherdaughter,1
deaf,1
cochlearimplant,1
la,1
naturalhair,1
vocalcoach,1
naturalbeauty,1
onlinesinging,1
baby,1
cherylporter,1
chinchilla,1
miasanchez,1
voiceteacher,1
naturalface,1
thevoicebrasil,1
onlinesingingcourse,1
mimamu,1
nomakeup,1
vocaltraining,1
animals,1
surprise,1
vocalwarmup,1
singingfromscratch,1
brandnew,1
isabellamofficial,1
nathankessel,1
singingbaby,1
cherylportermethod,1
talented,1
sing,1
vocalexercise,1
teacher,1
deafsinger,1
course,1
staytuned,1
singers,1
newcourse,1
iao,1
singer,1
eyeshadow,1
twins,1
girllikeyou,1
onlinesinginglessons,1
cherylportervocalcoach,1
cherylportervocalmethod,1
singingcourse,1
brasiliansinger,1
dariusbrooks,1
dubaiblogger,1
dubairestaurants,1
dubaisalon,1
dubaifoodblogger,1
salonservices,1
dubaidesserts,1
dubailifestyle,1
housewifelife,1
arabmomcheck,1
languagechallenge,1
eidcelebrations,1
zanzibardestination,1
findinglove,1
adhdcheck,1
muslimcommunity,1
zanzibar🇹🇿,1
sneezes,1
postpartumweightloss,1
solidaritywithpalestine,1
muslimcomedy,1
breastfeedingmomsbelike,1
africanwoman,1
postpartumbody,1
yachtlife,1
breastfedbabyprobs,1
arabmom,1
muslimcouple,1
stonetown,1
columbiauniversity,1
fauxfillergloss,1
arabfunny,1
ramadanmemes,1
travelbucketlist,1
fruit,1
candy,1
anime,1
mermaid,1
cleaningtiktok,1
cakedcorating,1
eidcookies,1
packingasmr,1
cupcakedecorating,1
chocolatecake,1
packingtips,1
bakerylife,1
cookiedecorating,1
lebanesefood,1
cleaningasmr,1
satisfyingvideo,1
cupcakes,1
travels,1
bakeryowner,1
cookiesoftiktok,1
lebaneseabroad,1
foodvlog,1
viralfood,1
bakery,1
tiktokmademedoit,1
recipesoftiktok,1
satisfyingvideos,1
RamadanMoments,1
asianfood,1
brisket,1
dubaitiktok,1
dubaimall,1
citycentremirdif,1
tinythings,1
eatforless,1
dubaishopping,1
nashvillehotchicken,1
mariokart,1
tinyfood,1
desserttiktok,1
رمضان_کریم,1
القرية_العالمية,1
abayastyle,1
karting,1
globalvillage,1
meatlovers,1
globalvillagedubai,1
sushi,1
burgertok,1
fries,1
fixdessertchocolatier,1
asiangrocery,1
tiktokarab,1
indianfood,1
abaya,1
GameTok,1
samyang,1
smokedbrisket,1
burger,1
mirdif,1
spicyramen,1
bigfoodfest,1
trafficdubai,1
المغرب,1
عمرو_دياب,1
صور,1
رياضة,1
stopmotiontrend,1
مغنية,1
لعب,1
عبد_الحليم_حافظ,1
الله_يحمي_الجميع,1
الهضبة,1
تيكتوك,1
اغاني,1
arabic,1
tribute,1
losecontrol,1
holymonth,1
original,1
originalcover,1
emiratiartist,1
teddyswims,1
foodhasnevermadeyouhappier,1
eidmoubarak,1
لعبة_حب,1
شهر_زي_العسل,1
arabcouples,1
couplecomedy,1
arabcouple,1
vichyhaircare,1
vichyskincare,1
dff,1
شهر_زي_العسل❤️,1
introvert,1
fawazirahal,1
eastertreats,1
kitushwari,1
takechargewithnote40,1
delicacie,1
4u,1
moneyheist,1
chefalimandhry,1
coast,1
muhogo,1
infinixnote40series,1
coconut,1
swahili,1
pilipili,1
infinixnote40serieske,1
muhogowanazi,1
fy,1
samosa,1
meatballs,1
cassava,1
dijalartiste,1
eidulfitr,1
sisinidola,1
mombasa,1
sambusa,1
proffesor,1
benz,1
pikanarina,1
wadirumjordan🇯🇴,1
jordan,1
camel,1
visit,1
aroundtheworld,1
beautifuldestinations,1
desertsafari,1
jordania,1
visitjordan,1
wadirum,1
merveilledumonde,1
views,1
beautifulview,1
petra,1
مشاعر,1
ربي,1
هدف,1
شخصية,1
powergirl,1
مغرب,1
رؤية,1
حبيبتي,1
سوريا,1
تنمية_ذات,1
زواج,1
وعي,1
women,1
امرأه,1
speaker,1
هو,1
حُب,1
فوق,1
ليلة_القدر,1
womenempowerment,1
اصاله,1
قول,1
حاضر,1
حقيقي,1
حديثك,1
احترام,1
dr_ramahjjawi,1
dr,1
سعادة,1
mentalhealthawareness,1
تنمية,1
تطوير,1
انجاز,1
علم,1
تعلق,1
قادر,1
صحة,1
قطر,1
حلم,1
mentalhealth,1
❤️,1
mentalwellness,1
نفسية,1
عمل,1
انتبه,1
رب,1
تنمية_بشرية,1
صداقه,1
نعم,1
ذات,1
المانيا,1
خوف,1
عرب,1
علاقة,1
وعي_بالذات,1
باب,1
قلب,1
تحدي,1
realationshipquotes,1
دعاء,1
motivacion,1
تحفيز,1
كل_عام_وانتم_بخير,1
عناد,1
الذات,1
impower,1
فراق,1
dr_ramahijjawi,1
ناس,1
yes,1
انسان,1
انت,1
يارب,1
كلام,1
رزق,1
سعاده,1
تحفيز_الذات,1
challange,1
حبيبي,1
الرحمن,1
تطوير_الذات,1
صدق,1
نفس,1
قدر,1
تنمية_الذات,1
work,1
اجتماع,1
فلسطين,1
اصحاب,1
لبنان,1
حديث,1
نجاح,1
الحاضر,1
motivacional,1
صديق,1
morocco,1
حياة,1
علاقه,1
الاردن,1
الله,1
تركيا,1
كبرياء,1
اهتمام,1
england,1
جزائر,1
businessnews,1
themasters,1
tesla,1
admaniexplains,1
netflix,1
stockmarket,1
investing,1
tagalog,1
filipinofoodmonth,1
filipinofood,1
dinnerparty,1
jimhalpery,1
pambeesly,1
michaelscott,1
theoffice,1
jimhalpert,1
وكالة_الفضاء_السعودية,1
الفضاء_مداك,1
ريانة_برناوي,1
ceravepartner,1
dermatologist,1
dandruff,1
nizoral,1
bff,1
art,1
صحتك_في_رمضان,1
sheglamramadan,1
eidmakeup,1
sheglam,1
ramadhan,1
eidmakeu,1
sheglamhaul,1
artontiktok,1
tiktokart,1
ramadanmakeup,1
laifenen,1
hairstyle,1
smoothsilkyhair,1
heatlesscurls,1
laifenhair,1
bossthecollectionz,1
adidasspezial,1
mcmwearablecasa,1
bossenigmaticsaffiano,1
beyourownboss,1
مابحط,1
عشان,1
هاشتاق,1
يعرف,1
شرب_الحليب_سر_اللبيب,1
نايس,1
عمري,1
لاحد,1
بيكو,1
عالسحور_زيدها_حبة,1
مرام_بيكو,1
راني_رمضان,1
هلال_راني,1
philipscoffeeworld,1
yourhomecafe,1
philipslattego,1
philips,1
walaaswissarabian,1
fragrancelovers,1
oud07swissarabian,1
swissarabian,1
smellingamazingseries,1
soragissah,1
gissahperfumes,1
yaralattafa,1
uaeperfumes,1
imperialvalleygissah,1
rossogissah,1
ishqswissarabian,1
emiratiperfumes,1
caprigissah,1
lattafaperfume,1
ramadanmath,1
elloragissah,1
gccperfumes,1
musk01swissarabian,1
swissarabianperfumes,1
arabperfume,1
velvetoudlattafa,1
perfumetok,1
oneandonlygissah,1
baddeealoudlattafa,1
shumoukhalghutraswissarabian,1
gissahsky,1
lattafareview,1
kuwaitiperfume,1
giallogissah,1
ramadanhumor,1
lalunagissah,1
hudsongissah,1
azzurogissah,1
uaeperfume,1
eiddubai,1
smellingamazing,1
fakharlattafa,1
partydress,1
jewelrymaking,1
godsandgodesses,1
greekmythology,1
earthday,1
metgala,1
diyprojects,1
sewingtiktok,1
wirewrapping,1
coquettecore,1
coachellafits,1
persephone,1
macramelove,1
lanadelrey,1
macrame,1
cherryblossom,1
coquettefashion,1
eidpreparations,1
missdouaa,1
iftar,1
championscircle,1
cccl22anniv,1
iso,1
patients,1
cancer,1
ilovecccl,1
children,1
worldhealthday,1
cancerpatients,1
ngo,1
cancersurvivors,1
unitedagainstcancer,1
treatment,1
whatif,1
cccl,1
charity,1
donate,1
savinglives_celebratinghope,1
games,1
mafimetlo,1
ulissesworld,1
chupachups,1
foreverfun,1
fruitrollup,1
staygold,1
choppedsandwich,1
baseball,1
downsyndrome,1
tiramisu,1
foodchallenge,1
bananabread,1
wholesome,1
rockpaperscissors,1
chorizotortillas,1
tortillas,1
disneyland,1
pitabread,1
brotherlove,1
princesses,1
prince,1
slowmo,1
koreanskincare,1
koreanskincareuk,1
korean,1
musiccreator,1
timbajd,1
allofme,1
تمبا,1
earthquak,1
thatsram,1
skydiving,1
مستشفى_الموسى_للتأهيل,1
الأحساء,1
أنا_لها,1
solotravel,1
hairtutorial,1
somali,1
eidalfitr,1
somalitiktok,1
eating,1
curlyhair,1
jadihebat,1
bronx,1
thebronx,1
curry,1
mumbai,1
indiancooking,1
fishcurry,1
desifood,1
fajitas,1
mdmelle,1
mdmelleteaches,1
صالون_تيك_توك,1
امارات,1
اسوارة,1
london,1
charlottetilburyarabia,1
tiktok_salon,1
benefitcosmetics,1
eswaratti,1
nudestix,1
paris,1
ميمي,1
فلوقات,1
city,1
candiedfruit,1
tanghulu,1
سانت_ريجيس,1
adv,1
سيفورا,1
مشروع_البحر_الاحمر,1
جزيرة_أمهات,1
تيم_خدوج,1
عم_شلتت,1
وهمي_برجر,1
narsissit,1
sephora,1
glowsosweet,1
haircoloration,1
املج,1
مسكرة,1
dress,1
مكياج_عيون,1
nadiamneimne,1
موضة_وجمال,1
jeddonabil,1
fixchocolatierdessert,1
fixchocolate,1
capcur,1
yum,1
relaxingasmr,1
slimetutorial,1
whipcreamsunscreen,1
cloudslime,1
glowup,1
slime,1
sunscreen,1
glassskin,1
eidtransformation,1
درع_السوبر,1
sport,1
loop,1
وليد_يري,1
فلتر,1
eucerinmesquad,1
information,1
eucerinmiddleeast,1
tiktokviral,1
adidas,1
شباب_الأهلي,1
نادي_الدحيل_القطري,1
thiamidol,1
مشاهير,1
activeskinandmind,1
ramadanmubarak,1
eucerinme,1
arabcomedy,1
super_shield,1
ramadankindness,1
eucerinskincare,1
سرايفو,1
رحله,1
بلوتو,1
مشاريع_جدة,1
كراميل_باث_اند_بودي,1
البوسنه,1
سفريات,1
سراييفو_البوسنه,1
البوسنة_و_الهرسك🇧🇦,1
سراييفو,1
سوق7,1
جدة_الان,1
سياحه_سفر,1
sarajevo,1
سياحه,1
الهرسك,1
ajmalkhan,1
فهد_الكبيسي,1
ماكي,1
rotanamusic,1
مخور,1
القوة,1
glam,1
gdwm,1
duckplump,1
2000caloriemascara,1
maxfactor,1
daretoduck,1
النصر,1
الهلال,1
2000calorielipglaze,1
fragrancelayering,1
overspraying,1
riyadh🇸🇦,1
ghawali,1
christineabraham,1
makeupreview,1
fragrances,1
liveyoursweetestfantasy,1
vanillacandyinspired,1
sotd,1
rainyday,1
chocolategloss,1
glossreview,1
monakattan,1
scentgasm,1
overspray,1
eidlayering,1
kayalioudgasm,1
hairbakhoor,1
foratalhaider,1
twin,1
azramian,1
oudgasmcollection,1
middleeasternthings,1
sauditiktok,1
ghawaliofficial,1
riyadh,1
kayalivanillacandyrocksugar,1
vanillacandyrocksugar,1
ofcoursetrend,1
saudi,1
fragrancetok,1
layering,1
ofcourse,1
arabtiktok,1
madeforyou,1
aishamian,1
dubaifestivalcity,1
viu,1
hairtutorials,1
easportsfc24,1
بطولة_fc_رمضان,1
podtiktok,1
noorstars,1
benefit,1
tiktokpodcast,1
بودكاست,1
بنفت,1
ستارزبودكاست,1
شيرين_بيوتي,1
macximal,1
مطبخ_بنفت,1
iwearmac,1
سيدرا_بيوتي,1
نورستارز,1
marblerun,1
test,1
diylashes,1
fragrancefree,1
arabictiktok,1
hbfamisthebest,1
asmrtiktoks,1
beautyhacks,1
makeuptok,1
fragrance,1
povs,1
makeuphacks,1
reactions,1
extraaf,1
rannat_khilkhal,1
makeuporganization,1
makeupexpert,1
gymhumor,1
liptutorial,1
workingout,1
contactlenses,1
contouringhacks,1
beautytiktok,1
sonyg,1
sonylens,1
sel1625g,1
withgalaxy,1
teamgalaxy,1
galaxyai,1
galaxys24ultra,1
اسلامآباد,1
pakistan,1
nathiagali,1
ميلس_موزة,1
islamabad,1
iholdmycards,1
abbottabad,1
pakistantravel,1
abbotabad,1
gulabjamun,1
جورجينا,1
summer,1
kikomilano,1
مكياج_العيد,1
صيف,1
kikofullcoverage,1
تتوريال,1
عيدك_اجمل,1
goth,1
deepikapadukone,1
ديبيكا_بادكون,1
yatch,1
kazakhstan,1
