Hashtag,Frequency
fyp,20
learnontiktok,16
sgfoodie,16
singapore,15
tiktoksg,12
capcut,10
travel,9
sgtiktok,9
raya2024,9
science,7
stitch,7
taylorswift,7
makeup,6
wheretoeat,6
grwm,6
sgtravel,6
greenscreen,6
storytime,6
ramadan2024,6
nature,5
skincare,5
brunomars,5
solotravel,5
kpop,5
funny,5
japanesefood,5
malaysia,5
tiktok,4
tiktokban,4
traveltiktok,4
ai,4
sgfood,4
australia,4
sgbeauty,4
concert,4
whattowatch,4
sydney,4
duet,4
mentalhealthawareness,4
foryou,4
singaporetiktok,4
ttpd,4
whattoeat,4
fypsg,4
viral,4
catsoftiktok,4
koreanfood,4
onthisday,4
animals,3
earthday,3
breakfast,3
worldipday,3
makeuptok,3
cats,3
creatorsearchinsights,3
solareclipse,3
sgfashion,3
skincareroutine,3
asmr,3
sgcafe,3
english,3
immersiveexperience,3
dinnerideas,3
easyrecipe,3
malay,3
dayinmylife,3
skit,3
london,3
fashiontiktok,3
kbeauty,3
fitnessjourney,3
japan,3
tiktokshop,3
greenscreenvideo,3
comedy,3
tokyo,3
language,3
asian,3
wtf,3
ocean,3
marinebiology,3
octopus,3
ad,3
comfortfood,3
chinesefood,3
wagyu,3
murdermystery,3
fypage,3
01,3
02,3
hariraya,3
storytelling,3
pedro,2
plant,2
underwater,2
intertidal,2
crab,2
insect,2
earthquake,2
food,2
cat,2
climatechange,2
ecology,2
microscope,2
biology,2
lawsuit,2
breakingnews,2
crimetok,2
acne,2
hotel,2
gamer,2
news,2
crocs,2
hollywood,2
blush,2
edutok,2
eclipse,2
misinformation,2
stem,2
foryoupage,2
iwearmac,2
vegansg,2
sgweekends,2
esteelaudersg,2
macstudiofix,2
sgskincare,2
traveltok,2
sgdateideas,2
dreamskinreawakened,2
maccosmeticssg,2
bouncyskintest,2
getunreadywithme,2
hamiltonsg,2
ojsimpson,2
tomcruise,2
booktok,2
celebrity,2
personalgrowth,2
singing,2
comedyskit,2
contentcreation,2
perfume,2
vietnam,2
tamil,2
malaysiatiktok,2
hochiminhcity,2
coffee,2
cafe,2
singaporeairlines,2
fypシ,2
appalachianmountains,2
netflix,2
vickssg,2
shopping,2
vlog,2
vicks,2
singaporean,2
relatable,2
tourist,2
fashion,2
solotrip,2
dayinmylifevlog,2
rarebeauty,2
rarebeautyblush,2
diorbeauty,2
everydaymakeup,2
diorlipglow,2
aprildump,2
summervibes,2
trend,2
templatecapcut,2
sp,2
miffy,2
sgrestaurant,2
dailyvlog,2
yslbeauty,2
boutiquefairssg,2
brunomarsconcert,2
ootd,2
dayinthelife,2
whattodoinsingapore,2
skincaretips,2
fitnessmotivation,2
concertoutfit,2
spanishfood,2
brunomarssingapore,2
takashimayasg,2
mexico,2
contentcreator,2
thingstodoinsingapore,2
travelsg,2
halalsg,2
ohkamponggelam,2
visitjapan,2
bakery,2
slang,2
jojosiwa,2
tuna,2
pregnancy,2
newyorkcity,2
friedchicken,2
chicago,2
sg,2
melayu,2
job,2
powerpoint,2
unsolvedmysteries,2
whales,2
womeninstem,2
globalwarming,2
truecrimetok,2
didyouknow,2
truestory,2
unsolved,2
scandal,2
crime,2
history,2
sciencetok,2
medicine,2
truecrimestory,2
truecrimecommunity,2
erastour,2
thetorturedpoetsdepartment,2
hotpot,2
booklovers,2
trending,2
fypシ゚viral,2
paid,2
zb1,2
evnne,2
zerobaseone,2
gidle,2
illit,2
cnblue,2
lesserafim,2
loveyourself,2
dinner,2
steak,2
sleep,2
pasta,2
koreanskincare,2
sephorasale,2
foundation,2
spf,2
beauty,2
barhopping,2
interactive,2
mentalhealthmatters,2
budgeting,2
personalfinance,2
financialplanning,2
sgjobs,2
wagyuramen,2
wagyubeef,2
queenoftears,2
b1,2
vitamin,2
vitaminc,2
dating,2
music,2
filipinofood,2
motivation,2
nostalgia,2
hariraya2024,2
koreandrama,2
meme,2
youtube,2
fishing,2
mountfuji,2
pestcontrol,2
ramen,2
italianfood,2
korea,2
indianfood,2
changiairport,2
sharks,2
sushi,2
4b,2
subway,2
streetfood,2
marinebiologist,2
fish,2
spidercrab,1
futureyouth,1
raccoon,1
endangered,1
porpoise,1
intellectualproperty,1
recycle,1
facts,1
ewaste,1
placenta,1
lily,1
horse,1
innovation,1
sustainabledevelopmentgoals,1
martialarts,1
fake,1
naturaldisaster,1
pikachu,1
health,1
tsunami,1
adventure,1
biogirlmjantarticadv,1
environment,1
learn,1
gentoopenguin,1
pika,1
explains,1
salps,1
invention,1
camel,1
youthmovement,1
lotion,1
jellyfish,1
fact,1
diet,1
body,1
donkey,1
beetle,1
antarctica,1
deadly,1
paym,1
pokemon,1
purify,1
wildlife,1
periodictable,1
biting,1
earthweek,1
plastics,1
air,1
human,1
riceweevil,1
cauliflowerear,1
houseplant,1
underthemicroscope,1
justkeepthinking,1
macaques,1
crabstick,1
cactus,1
pet,1
biogirlmj,1
marine,1
vs,1
coconutcrab,1
classaction,1
marriottbonvoy,1
parentingtips,1
parent,1
sambankmanfried,1
crocshoes,1
firstamendment,1
channingtatum,1
cerave,1
marriott,1
patricktablush,1
robloxedit,1
womensrights,1
criminaltrial,1
croc,1
robloxian,1
giselebundchen,1
luxurytravel,1
harveyweinstein,1
tvmakeup,1
patrickta,1
filmindustry,1
danger,1
metoo,1
apple,1
nontoxic,1
ritzcarlton,1
airtag,1
beware,1
traveller,1
cryptok,1
loreal,1
classactionlawsuit,1
crypto,1
hiltonhotel,1
safetyfirst,1
robux,1
alecbaldwin,1
lawyer,1
sheraton,1
warning,1
robloxgames,1
divorce,1
lawtok,1
safety,1
nontoxicbeauty,1
staysafe,1
tombrady,1
panoxyl,1
celebritynews,1
acnetreatment,1
parenttok,1
rustshooting,1
ftx,1
hotels,1
divorcelawyer,1
jennadewan,1
patricktabeauty,1
roblox,1
criminal,1
blushhack,1
congress,1
travellife,1
whotel,1
keeptiktok,1
neutrogena,1
magicmike,1
westin,1
sbf,1
sciencesnippets,1
learnwithme,1
socialmedia,1
tiktokforgood,1
healthyliving,1
catnip,1
truth,1
photography,1
solareclipse2024,1
eclipse2024🌙🌝🌓,1
cbdlunchsg,1
sydneycbdeats,1
koreafoodguide,1
sghawker,1
krfoodie,1
tiktokshopsg,1
icecreamsg,1
halalfoodsg,1
sgpopup,1
sydneycafe,1
mipojib,1
makeuprecommendations,1
cliniquesg,1
mistinelipstick,1
sgdatenight,1
joochiat,1
sydneytravel,1
createtowin,1
2024travel,1
sydneyaustralia,1
sghiddengems,1
coffeebreaksg,1
singaporefood,1
sydneyfood,1
travelsydney,1
busanfoodguide,1
crocsgang,1
blackhoney,1
makeupunboxing,1
sgfoodguide,1
sgmusical,1
esteelauder,1
sgpizza,1
cliniqueblackhoney,1
sydneycbdfood,1
mistine,1
cliniquepinkhoney,1
picolinosg,1
kindkones,1
wheretoeatsydney,1
sydneyeats,1
cafenatsu,1
busanfood,1
blackstarpastry,1
cliniquehydrationhouse,1
travelwithme,1
kindkonessg,1
crocs4life,1
veganfoodsg,1
joochiatcafe,1
travelvlog,1
blackhoneylipstick,1
platformcrocs,1
sydneyfoodie,1
sydneyvlog,1
sydneyfoodguide,1
blacksesametoast,1
hamiltonsingapore,1
mistineliptint,1
tipsyflamingo,1
sgthingstodo,1
hamiltonintl,1
tiktokshophaul,1
travelkorea,1
arrest,1
damagecontrol,1
lizzo,1
katemiddleton,1
seancombs,1
prcrisis,1
sopranos,1
oprahwinfrey,1
mediaresponse,1
onlyfans,1
speaking,1
nashville,1
keynote,1
celebritypr,1
hughgrant,1
thenewmenopause,1
celebritycrisis,1
princesskate,1
diddy,1
janetjackson,1
christiancombs,1
nashvillepd,1
pr,1
pdiddy,1
legal,1
dominicwest,1
bookrecommendations,1
backlash,1
cassieventura,1
justintimerlake,1
morganwallen,1
publicrelations,1
oj,1
lilyjames,1
publicspeaking,1
dreadematteo,1
iquit,1
apology,1
crisiscommunication,1
miketyson,1
jonasbrothers,1
sandradoorley,1
tour,1
nightline,1
da,1
languages,1
canggu,1
presenter,1
actorlife,1
greekfood,1
communication,1
culture,1
pronunciation,1
cheeselover,1
horrorstories,1
accents,1
contentcreators,1
influencers,1
voiceover,1
aivoice,1
creepystories,1
balinese,1
voiceoverartist,1
scarystories,1
bali,1
host,1
collagendrink,1
perspectives,1
turkishfood,1
mrt,1
uss,1
skits,1
masterofceremony,1
itsmybirthday,1
emcee,1
makeuptips,1
perspective,1
QuickRecipes,1
snack,1
ingredientprep,1
balmuda,1
mealprep,1
breakfastprep,1
wieiad,1
groceryshopping,1
stew,1
nigeriantiktok,1
arab,1
pramlee,1
attar,1
gay,1
atiqadar,1
indonesia🇮🇩,1
hindu,1
hochiminh,1
pastries,1
jclass,1
crossfit,1
brisbane,1
outdoors,1
cycling,1
crossfitathlete,1
cliff,1
crossfittorian,1
nationalpark,1
changijurassicmile,1
crossfit168,1
businessclass,1
flight,1
singapo,1
catholic,1
babyreindeernetflix,1
pray,1
monkeyman,1
chaldean,1
assyrian,1
ameca,1
babyreindeer,1
airobot,1
church,1
bishopmarmariemmanuel,1
moviepremiere,1
moviereview,1
christian,1
movie,1
bishopemmanuel,1
devpatel,1
robot,1
monkeymanmovie,1
mystery,1
bishopmarmari,1
singaporeanaccent,1
luxurybag,1
brussels,1
teethwhitening,1
suite,1
rant,1
asianmum,1
beautyhack,1
purpletoothpaste,1
delvaux,1
sq,1
luxury,1
ahoppinghaul,1
flightvlog,1
kravebeauty,1
asianmums,1
hellopurple,1
colgate,1
shoppinghaul,1
comedyvideo,1
friend,1
fail,1
margauxbag,1
opticwhitepurple,1
asianmumsbelike,1
europe,1
psa,1
cabincrew,1
therow,1
colourcorrection,1
yellowteeth,1
amsterdam,1
holland,1
lisse,1
f1,1
spring2024,1
scotland,1
lebaume,1
makeuptutorial,1
lipstick,1
dioraddict,1
selfportrait,1
template,1
friends,1
fisheye,1
photo,1
flex,1
summer,1
fortnight,1
capcuteffect,1
angel,1
tempaltecapcut,1
recap,1
lightswitch,1
summerdump,1
capcutverse,1
expand,1
thereshegoes,1
capcutedit,1
couple,1
memories,1
aifilter,1
april,1
skylyrix,1
amiwrong,1
capcut_edit,1
dump,1
aesthetic,1
lyrics,1
ligthswitchedit,1
low,1
velocity,1
here,1
looklikeanangel,1
capcutvelocity,1
capcuttemplate,1
ttpdtaylorswift,1
blythe,1
cinematic,1
slowmotion,1
aiexpand,1
glimpseofus,1
whattoplay,1
foodiesg,1
Asus,1
hotpotsg,1
megrhythmsg,1
rogsg,1
miffysg,1
blindbox,1
rog,1
whattogame,1
我们的爱,1
foodsg,1
gaming,1
tigergrasscolorcorrectingcream,1
skincaretok,1
boutiquefairssg2024,1
sgdempseyhill,1
summerootd,1
softglam,1
colonyritzcarltonbuffet,1
onehollandvillage,1
sgyoga,1
springsummerfashion,1
beautyhacks,1
summeroutfit,1
blemishfree,1
summerdresses,1
sgpilates,1
giorgioarmanibeauty,1
ritzcarltonsingapore,1
y2kmakeup,1
summermakeuplook,1
brunomarsconcertoutfit,1
thetruecream,1
athleisureoutfit,1
sgbestrestaurant,1
morningroutine,1
brunomarslive,1
belifsingapore,1
shoppingvlog,1
homedecor,1
ysllipstick,1
fitnessroutine,1
pilatesreformer,1
labstudios,1
makeuphaul,1
leehyori,1
bestcafesingapore,1
pilates,1
selfcaremorning,1
luckincoffeesingapore,1
boldredlips,1
andar,1
beautyhaul,1
styleinspo,1
saborinosg,1
prada,1
ysllipstickprinter,1
blemishcontrol,1
warmtonemakeup,1
propolisampule,1
unboxing,1
saborinofacemask,1
skinredness,1
miffykitchenware,1
sgfitness,1
kbeautymakeup,1
concertfitcheck,1
youwouldntlastanhour,1
chanelnewseason,1
athleisurewear,1
wheretogosg,1
cnplaboratorypropolisenergyactiveampule,1
drjartcicapair,1
kuromi,1
lancome,1
cafehoppingsg,1
sunkissedmakeup,1
lorealgroupe,1
sgshopping,1
chanelsmallflap,1
reformerpilates,1
saborinomask,1
singaporehightea,1
asylum,1
bagunboxing,1
centellaasiatica,1
2000sfashion,1
presents,1
2000sthrowback,1
sanrio,1
redlipstick,1
singaporeoutfits,1
sgpilatesstudio,1
drjart,1
singaporefashion,1
brunomarssingapore2024,1
sgreformerpilates,1
outfitideas,1
kskincare,1
weekinmylife,1
fragrancetok,1
tiktoktrend,1
lechocolatmaximefrederic,1
homeware,1
sgcafehopping,1
sgwheretogo,1
japansouvenirs,1
cnplaboratorymultiampulebalm,1
warmmakeuplook,1
sinpopobrand,1
kajabeauty,1
getunreddy,1
1minskincareshortcut,1
morningworkout,1
teahouse,1
wakeupinthesky,1
aquabomb,1
highteabuffet,1
whattodosg,1
y2kfashion,1
minivlog,1
thefaceshop,1
drjartcicapairsg,1
chanelflapbag,1
sgdinnerdate,1
mymelody,1
makeupinspo,1
2000s,1
andarsingapore,1
chanelbag,1
chanel,1
selfcaretiktok,1
sgteatime,1
flowlabsg,1
callingallmylovelies,1
softglammakeup,1
warabimochisingapore,1
louisvuittonmaximefrederic,1
bagreveal,1
cutekitchenware,1
sgbrunchplace,1
yslrougesurmesure,1
spendadaywithme,1
colonyhightea,1
girlsdayout,1
y2kaesthetic,1
chanelspringsummer2024,1
chanelpearlcrush,1
tiktoktrending,1
2000smakeup,1
sgwheretoeat,1
sunkissed,1
warabimochikamakura,1
sgspanishrestaurant,1
pilatessingapore,1
gifted,1
flaredyogapants,1
sgwhattodo,1
sgvlog,1
cnplaboratory,1
kajacheekystamp,1
adayinmylife,1
drjarttigergrass,1
giftideas,1
skinstrengthening,1
indonesianbrands,1
activewear,1
kumon,1
muricopenhagen,1
2000smusic,1
chanelsmallflapbag,1
japanshopping,1
whattodosingapore,1
silkteabar,1
sgteahouse,1
y2koutfits,1
sgfitfam,1
sghightea,1
kajabeautybento,1
tampico,1
worldpackerspartner,1
homestay,1
efgoaheadtourspartner,1
peru,1
ceviche,1
foodreview,1
tortadelabarda,1
wordlpackerspartner,1
snailceviche,1
wildyamcream,1
surfing,1
genesiswildyamcream,1
worldpackersperu,1
lima,1
miraflores,1
tampicotamaulipas,1
limaperu,1
mexicotiktok,1
worldpackers,1
tamaulipas,1
cupshe,1
tiktokspecialist,1
icks,1
makeupasmr,1
playingwithmakeup,1
singaporetiktokcreator,1
icklist,1
cleansingbalm,1
brandfounder,1
hypotheticalquestions,1
kidsbelike,1
remebeauty,1
purebeautyawards,1
makeupremoval,1
maleskincare,1
makeupgirly,1
businessbts,1
asmrskincare,1
diml,1
asmrmakeup,1
nightroutine,1
strictparents,1
reme,1
whatwouldyoudo,1
workflow,1
uvmakeup,1
beautyawards,1
micellarwater,1
skincareawards,1
beautytiktok,1
sgarts,1
exploresingapore,1
singaporephotographer,1
x100v,1
singaporeheritage,1
retrofilter,1
mujisingapore,1
raffleshotel,1
singaporehistory,1
jalanbesar,1
ltasg,1
singaporeurbanplanning,1
minecraftbuilds,1
trishaw,1
fujifilmx100v,1
dateideassingapore,1
bromance,1
donut,1
fleamarket,1
copium,1
basketball,1
trashtalk,1
pachinko,1
3v3,1
specialolympics,1
friendshiphumor,1
bball,1
excuses,1
block,1
baker,1
bballcoaching,1
teamgalaxy,1
coaching,1
redbullhoopfest,1
galaxyai,1
bballforlife,1
bball4life,1
football,1
toilet,1
ballislife,1
slippers,1
genting,1
pokemontcg,1
morningglory,1
lime,1
howdoyouknow,1
thisamericanlife,1
ilovechicago,1
musaengchae,1
culturalappreciation,1
foodcoma,1
familybusiness,1
greenalmonds,1
jiyoung,1
howardsteele,1
sweetpotato,1
hogwash,1
persianmarket,1
friedfood,1
tunacado,1
howdoyouseeit,1
unconsciousbias,1
scotchegg,1
rollingstone,1
entitlement,1
thegage,1
stolennecklace,1
misosoup,1
britsmith,1
habaneropickledgarlic,1
dobetter,1
serendipity,1
brownsugarboba,1
chilicrunch,1
lifteachotherup,1
oob,1
anaortizme,1
lemon,1
persianfood,1
nailsalon,1
homankwok,1
jollibee,1
genalphaslang,1
destiny,1
familybloggers,1
iwantmypinkbox,1
mothersdaygift,1
bucees,1
healthylunchideas,1
davidchang,1
rotarycheesegrater,1
anaortiz,1
karma,1
filipinospaghetti,1
palhumanity,1
cleanbeauty,1
friedpickles,1
tunasandwich,1
howto,1
pregnant,1
kitchengadgets,1
ceaseanddesist,1
asianamerican,1
boba,1
genalpha,1
centurycity,1
aguachile,1
chilicrisp,1
whatsforlunch,1
lunchdate,1
gojehsabz,1
disguisedasjokes,1
xiaolongbao,1
joeandthejuice,1
redthreadtheory,1
xomg,1
citurspress,1
notfunny,1
pickledlemon,1
nooutsidefood,1
lifestyle,1
notajoke,1
koreanradishsalad,1
jjnycolexo,1
downwithfamilybloggers,1
manvsbear,1
genx,1
womenowned,1
msg,1
hashbrown,1
chilioil,1
genz,1
restaurantpolicy,1
happyanniversary,1
nightshade,1
mistakenidentity,1
maternity,1
sesamestreet,1
genesimmons,1
foodtok,1
tunaaguachile,1
believeyoureyes,1
habanero,1
healthylunch,1
springbreak,1
redstringtheory,1
banchan,1
peanutbutterandjelly,1
michiganave,1
gravy,1
kitchentools,1
potato,1
culturalfoods,1
englishasasecondlanguage,1
soupdumplings,1
fishandchips,1
wrongperson,1
dintaifung,1
kathleenkim,1
yeobo,1
realmen,1
crueltyfree,1
pickletrend,1
stopasianhate,1
tiktokdebate,1
foodfilter,1
pickledgarlic,1
nationalbobaday,1
foodranking,1
karlita__003,1
gflip,1
genzslang,1
werenotgonnatakeit,1
cookingtips,1
highroad,1
marriagetest,1
410beauty,1
greenjuice,1
potatoranking,1
nailtech,1
thinkcritically,1
milktea,1
livestream,1
fate,1
limon,1
trynewfoods,1
blanja,1
print,1
suit,1
whatif,1
singlish,1
learncantonese,1
aunt,1
tiktoksingapore,1
sarcasm,1
chinese,1
tailor,1
hitman,1
corn,1
canon,1
sus,1
dark,1
shopee,1
humor,1
kiss,1
cantonese,1
smilingafro,1
canonsingapore,1
uber,1
afro,1
darkcomedy,1
wig,1
prince,1
comedysketch,1
80smusic,1
gymvibe,1
bro,1
customsuit,1
retro,1
work,1
ridehailing,1
indonesian,1
bangkok,1
blind,1
joke,1
80s,1
forehead,1
curlyhair,1
shopeead,1
assassin,1
bahasa,1
indo,1
canonprinters,1
dance,1
corntaxi,1
choosesound,1
overseas,1
handsome,1
taxi,1
gym,1
workout,1
custom,1
offended,1
powerpointtemplate,1
ppt,1
presentation,1
stardewvalley,1
oceanlife,1
sealife,1
sanddollar,1
reptiles,1
appalachia,1
space,1
didyouknowfacts,1
endangeredspecies,1
animalrescue,1
newmadrid,1
sciencenews,1
wisdomteeth,1
truongmylan,1
lunchlady,1
lifesaving,1
schoollunch,1
ancient,1
titanoboa,1
appalachiantrail,1
taposirismagna,1
arctic,1
nasa,1
astronomy,1
corruption,1
geology,1
scienceexperiments,1
indiantiktok,1
archaeology,1
mysterious,1
strangerthings,1
unhealthyfood,1
kidslunch,1
creepyfacts,1
positivenews,1
cleopatra,1
kathleenmartinez,1
kailash,1
womeninscience,1
healthyfood,1
climateaction,1
nycearthquake2024,1
cleopatrastomb,1
prehistoric,1
unknown,1
lunchables,1
april8thsolareclispe,1
himalayas,1
snakes,1
tibet,1
medicaltiktok,1
hauntedappalachia,1
endocarditis,1
kidslunchbox,1
paleontology,1
ancientegypt,1
pharmacy,1
japantiktok,1
tampons,1
periodtok,1
ts,1
tampontalk,1
bringtampax,1
girlhacks,1
menstruation,1
tampax,1
shazam,1
smezam,1
highschool,1
nostalgic,1
soundeffects,1
hairtonic,1
nomakeup,1
childhoodmemories,1
90skids,1
powerrangers,1
filmmaking,1
chineserestaurant,1
takemymoney,1
rainsounds,1
thinninghair,1
foley,1
scaryvideos,1
chinesetea,1
hairgrowth,1
hairgrowthjourney,1
theanthology,1
accessories,1
caffeinejunkie,1
makanwithfrank,1
wismaatria,1
gifts,1
weekendideas,1
frankdeals,1
bookobsessed,1
ipvanish,1
tutorial,1
ronaldo,1
beginner,1
techtips,1
vpn,1
morph,1
excel,1
good,1
142,1
viralsound,1
paws,1
newdance,1
tuxedocatsoftiktok,1
ninathecat,1
saturdaynight,1
monday,1
goodvibes,1
phonk,1
jump,1
weekend,1
viralsong,1
brazil🇧🇷,1
slay,1
song,1
new,1
tuxedocat,1
weekendvibes,1
catdance,1
ninadancingqueen,1
newtrend,1
szasos,1
sosconcert,1
szasydney,1
sostour,1
szatour,1
szaconcert,1
giantcoloringsheet,1
teachersappreciationweek,1
packingorders,1
springcraft,1
teachersontiktok,1
bulletinboard,1
faq,1
classroomwishlist,1
abccountdown,1
butterflylifecycle,1
insects,1
nadiesabeloquevaapasarmañana,1
wherehaveyoubeen,1
prekteacher,1
recess,1
shrek,1
teachertiktok,1
badbunny,1
doodles,1
iteachprek,1
prekteach,1
walmartpartner,1
makeanorderwithme,1
maestrabilingüe,1
doodle,1
getyoursnow,1
dandelion,1
emojis,1
afterlifeparis,1
asl,1
EmilyinParis,1
esim,1
downbad,1
funradioibizaexperience,1
taylorswiftparis,1
french,1
malta,1
parisolympics,1
sezane,1
cleantok,1
parispackages,1
breakinnewshoes,1
ohpollyamaya,1
nomadesim,1
frenchculture,1
wiba,1
dc,1
pedicabparis,1
moulinrougetombe,1
frenchmen,1
edf,1
audacity,1
parissafety,1
grimes,1
guidetoparis,1
cdg,1
parisscam,1
goodhairday,1
emojimeaning,1
americanabroad,1
glowproject,1
france,1
unpack,1
bowtie,1
ohpolly,1
sweater,1
typologypartner,1
pantene,1
paris,1
avoidblisters,1
clearcupscam,1
triipfestival,1
formaldress,1
aim,1
asylumwheretheyraisedme,1
whcd,1
argy,1
accorarena,1
swifties,1
technocountry,1
us,1
getaround,1
shapetape,1
erastourparis,1
typology,1
spinstudioparis,1
afterlife,1
usfestival,1
neuilly,1
olympics2024,1
frenchpeople,1
cdgtaxi,1
tarte,1
bluemonday,1
cottoncandymachine,1
savetiktok,1
chrispine,1
americanculture,1
glowfest,1
nimportequoi,1
frenchusernames,1
whitehousecorrespondentsdinner,1
ohpollydress,1
americaninitaly,1
bronzingdrops,1
ralphlaurenelixir,1
preply,1
whitehouse,1
whosafraidoflittleoldme,1
fisher,1
parisweather,1
eveninggown,1
guesstheplayer,1
icandoitwithabrokenheart,1
parisfashion,1
moulinrouge,1
languagelearning,1
movies,1
timotheechalamet,1
tarantino,1
disney,1
marvel,1
nctdream,1
txt,1
우기,1
nct,1
wow우린빛나챌린지,1
wonbin,1
sohee,1
yes_sweat,1
진혁,1
yuqi,1
munjunghyun,1
ruki,1
승준,1
yura_yura_challenge,1
ゆらゆら_運命の花,1
finallovesong,1
우아,1
ricky,1
ttmshoutout,1
가필드더무비,1
you_had_me_at_hello,1
장하오,1
시윤,1
leejeonghyeon,1
가필드챌린지,1
zerobaseone_sweat,1
mark,1
siyun,1
tiot,1
super_lady,1
명재현,1
제이오원,1
보이넥스트도어,1
김태래,1
추영우,1
원빈,1
여자아이들,1
티아이오티,1
석매튜,1
박건욱,1
나나,1
parkgunwook,1
김규빈,1
soobin,1
hanyujin,1
sweat,1
이븐,1
나우어데이즈,1
sunghanbin,1
isa,1
seokmatthew,1
리키,1
kimjiwoong,1
김지웅,1
연준,1
소연,1
라이즈,1
한유진,1
수빈,1
가필드냥냥댄스,1
u,1
seungjun,1
유,1
sweat_challenge,1
마크,1
zhanghao,1
stayc,1
온앤오프,1
투모로우바이투게더,1
스테이씨,1
feelthepop,1
wooah,1
boynextdoor,1
riize,1
문정현,1
tomorrow_x_together,1
newmusic,1
nowadays,1
kimtaerae,1
zerobaseone_feelthepop,1
nana,1
jinhyuk,1
jaehyun,1
태양의_운동부,1
yura_yura,1
성한빈,1
shosei,1
jo1,1
스튜디오호락호락,1
kimgyuvin,1
yeonjun,1
소희,1
제로베이스원,1
kumjunhyeon,1
soyeon,1
이정현,1
금준현,1
onf,1
아이사,1
鄭宜農,1
midzy,1
boysplanet,1
babymonster,1
werksg,1
slidingdoorsentertainment,1
jellyfishentertainment,1
jungkook,1
twice,1
v,1
newjeans,1
itzy,1
iu,1
piega,1
rain,1
service,1
electricvehicle,1
hotspring,1
singaporerunning,1
seletar,1
catslovers,1
hotsprings,1
fitspo,1
testdrive,1
hellskitchen,1
incomeecorun2024,1
incomeecorun,1
steakdinner,1
rowersbay,1
bohgehunclecanteen,1
bmwi5,1
sembawanghotspring,1
positiveselfimage,1
kittenlovers,1
mywifecancook,1
sgrunning,1
rockthenakedtruth,1
runtoeat,1
selfworth,1
roundislandroute,1
kitten,1
bodypositivity,1
bloompartner,1
田中れいな,1
ポケモン,1
ライブ,1
reinavlog,1
shanghai,1
mongolia,1
solofemaletraveler,1
chinatravel,1
worldsleepday2024,1
sleepwell,1
positivity,1
sleeptips,1
womenoftiktok,1
sleepexpert,1
hope,1
sonysingapore,1
sonyalpha,1
sonyalphasg,1
sushitei,1
streetphotography,1
indonesia,1
sotoayam,1
mushroom,1
sausage,1
johnsonville,1
beehoon,1
ninjakitchen,1
jb,1
noodle,1
koji,1
lunchideas,1
rice,1
foodguide,1
kakuhighball,1
fermentation,1
chicken,1
soup,1
marinated,1
highball,1
katsudon,1
pork,1
pizzaoven,1
recipe,1
gimbap,1
recipeideas,1
weekendgetaway,1
taco,1
ricenoodles,1
okonomiyaki,1
breakfastideas,1
sharkninja,1
no1sausage,1
easyrecipes,1
desaru,1
desarucoast,1
suntorywhiskyfoodguide,1
porktrotters,1
johnsonvilleno1,1
kimchi,1
pizza,1
finehair,1
urbandecay,1
tatcha,1
aespamakeup,1
innerglow,1
tirtircushion,1
tintedlipbalm,1
glowyblush,1
narslightreflectingfoundation,1
exfoliator,1
fentylipgloss,1
k18,1
hince,1
dysonairwrap,1
longlastingmakeup,1
sephorsale2024,1
colorwow,1
concealerreview,1
hairoil,1
hairtok,1
olehenrickson,1
tintedspf,1
sephorasale2024,1
koopmua,1
kpopmakeup,1
airwrap,1
dewpowercushion,1
emcosmetics,1
koreanmakeup,1
easyhairstyles,1
redcushion,1
armanibeauty,1
lipgloss,1
coachella2024,1
underratedmakeup,1
loveshine,1
etude,1
hourglass,1
springmakeup,1
beglowcushion,1
wonyoungmakeup,1
cherrylips,1
sephorasalepicks,1
festivalseason,1
festivalmakeup,1
huhyunjin,1
blackpinkmakeup,1
combinationskin,1
shuuemura,1
coachellamakeup,1
brozingdrops,1
GlossyStain,1
highendmakeup,1
holikaholika,1
espoir,1
shopwithme,1
yslloveshine,1
glossyblush,1
wonyoung,1
concealer,1
25,1
aegyosalmakeup,1
cushion,1
dasique,1
wonyoungblush,1
texturedskin,1
lipstain,1
diormakeup,1
peptideliptreatment,1
yunjinmakeup,1
yesstyle,1
diorlipmaximizer,1
naturalmakeup,1
hairstyle,1
onsizebeauty,1
cooltonemakeup,1
onesize,1
luminoussilk,1
leserrafimmakeup,1
jisoomakeup,1
cushionfoundation,1
innercornerhighlight,1
aespawinter,1
aegyosal,1
amuse,1
etudedeardarlingoiltint,1
quickmakeup,1
sephorasale2024recommendations,1
dasiqueusa,1
juicydewytint,1
kosas,1
pinkmakeup,1
innerglowblush,1
diorblush,1
yesstyleinfluencer,1
hairtutorial,1
glossybalm,1
dioreyeshadow,1
glassskin,1
sensitiveskin,1
liptint,1
foundationreview,1
ivemakeup,1
sephorahaul,1
browpencil,1
fentybeauty,1
sunscreenrecommendation,1
jeongin,1
iwbebiymb,1
han,1
straykids,1
leeknow,1
hyunjin,1
bangchan,1
felix,1
changbin,1
seungmin,1
hypic,1
oldmoney,1
pinterestinspo,1
hypiccreator,1
polaroid,1
editingtutorial,1
oldmoneyaesthetic,1
instagramstoryinspo,1
liferecently,1
photoideas,1
getawaycar,1
instagramstoryideas,1
editingphoto,1
hypicedit,1
romanticizinglife,1
postideas,1
editphoto,1
iphoneedit,1
romanticizeyourlife,1
wheretogosingapore,1
wheretoeatsingapore,1
mathfun,1
mathforkids,1
literacyactivities,1
learnandplay,1
countingwithkids,1
homeschoolpreschool,1
toddleractivities,1
homelearning,1
preschoolactivities,1
babyactivitiesathome,1
handsonplay,1
finemotorskills,1
earlylearning,1
learningisfun,1
printables,1
maththroughplay,1
handsonlearning,1
rizz,1
halalfood,1
bruno,1
hamburg,1
hooligans,1
japanfood,1
brunomarstour,1
datingadvice,1
relationshipadvice,1
brunomarssg,1
podcast,1
tindertok,1
letsgetmonkey,1
boutiques2024,1
nrc,1
spartanrace,1
singaporetodo,1
baliitinerary,1
supportlocal,1
todosingapore,1
runningtok,1
spartantraining,1
sgtodo,1
yapper,1
whatsonsg,1
balicost,1
nikerunclub,1
sgnightlife,1
singaporehumour,1
fitnesstok,1
nightsonshuffle,1
japanstyle,1
rejections,1
osaka,1
fitnessgoals,1
hiring,1
creditcards,1
fun,1
dividends,1
sim,1
fitness,1
onigiri,1
physicaltransformation,1
emergencyfunds,1
streetinterviews,1
livelifetothefullest,1
insurancesg,1
insuranceagent,1
nus,1
investingsg,1
adulting,1
smu,1
jobssg,1
financialconsultant,1
recruiting,1
ntu,1
wagyudelights,1
marketbluesingapore,1
bestkoreanbuffet,1
tofuprison,1
whattodoinseoul,1
esy_life,1
marketblue,1
fujix100vi,1
applemakgeolli,1
pochainsingapore,1
teatime,1
koreanculture,1
koreanbbq,1
bommoisingapore,1
guumsingapore,1
whattoeatinsingapore,1
koreanbuffetinsg,1
takashimaya,1
aquariumcafe,1
hoodadak,1
finedining,1
pochaexperience,1
guocomidtown,1
uniquecafes,1
koreanfoodinsingapore,1
korean,1
singaporeeats,1
hansingpocha,1
mashinomashi,1
japanesedessert,1
fujifilm,1
toursingapore,1
singaporeevents,1
aquagardenseoul,1
foodieadventure,1
koreanrestaurantinsg,1
foodieheaven,1
100wagyuramen,1
kekseafood,1
seoulcafe,1
wheretotravelinsg,1
kamakurawarabimochi,1
03,1
queenoftearskdrama,1
koreanfashion,1
1st,1
gotorestaurantinsg,1
싱가포르맛집,1
galbitanglove,1
culturalcuisine,1
innovativedining,1
visitsingapore,1
whydoyoueattofuafterprison,1
koreanshopping,1
koreancuisine,1
esyfilms,1
buffet,1
koreacafe,1
hellokorea,1
warabimochi,1
massage,1
prenatalcare,1
chiropracticcare,1
messager,1
reactionvideo,1
bodywork,1
momandbaby,1
pregnancypain,1
scalpemassage,1
expertise,1
bestchiro,1
breastfeedingmoms,1
resultsdriven,1
ramadan,1
headmassage,1
asmrvideo,1
headache,1
feelingtired😴,1
pain,1
chiropracticadjustment,1
headacherelief,1
scalphealth,1
headmassageasmr,1
sgmom,1
newmoon,1
probiotics,1
swissvita,1
scalptreatment,1
bestchiropractor,1
shoulder,1
headscalp,1
wellnessjourney,1
chiromassage,1
chiropractorsingapore,1
scalpmassage,1
chiropractor,1
scalpasmr,1
motherhoodjourney,1
scalpmassageasmr,1
healthboost,1
breastfeedingmama,1
nourishyourbody,1
postnatalcare,1
compassionatecare,1
asmrchiro,1
drjeff,1
stayhydrated,1
shoulderworkout,1
trustworthyprovider,1
shoulderpain,1
headscalpmassage,1
صحتك_في_رمضان,1
scalpcare,1
drjenny,1
parentsoftiktok,1
massageasmr,1
whattiktokmademebuy,1
viralvideo,1
playingcardsreview,1
brucelee,1
thevirts,1
cheaterscheater,1
cardcheating,1
butterflyplayingcards,1
teamgodzilla,1
jeremytanmagic,1
dontgamblewithstrangers,1
thebeatles,1
artofplay,1
theory11,1
relationships,1
chandelier,1
selfcare,1
worldipday2024,1
artwork,1
clothing,1
fitcheck,1
dirtypour,1
pinoycooking,1
tryonwithme,1
foodietokph,1
seventeen17_official,1
outfit,1
goingseventeen,1
seventeen,1
batucaves,1
pinoyfood,1
barbeque,1
fluidartwork,1
workinprogress,1
mentalheath,1
lovebonito,1
welovebonito,1
新加坡抖音,1
fluidpainting,1
wooziseventeen,1
woozi,1
chibogtayoph,1
3amvibes,1
nicxcooks,1
painting,1
filocarat,1
pinoyfoodie,1
acrylicblog,1
新加坡美食,1
pinoyrecipe,1
flipcupvideo,1
foodieph,1
introvertsbelike,1
pinoy,1
littlemiss,1
cnblueyonghwa,1
espresso,1
sgbeautybrands,1
makan,1
wheretogo,1
clothes,1
birthdaydinner,1
loveyourbodyeveryday,1
sghappens,1
whattodo,1
tiktokph,1
tiktokeatsph,1
세븐틴,1
lifelessons,1
17isrighthere,1
foodie,1
pinoyfoodstagram,1
caratsvt💎,1
artist,1
itik,1
tiktokfashion,1
homemade,1
art,1
family,1
acrylicpouring,1
acrlicpourtechnique,1
caratseventeen,1
extrovert,1
cosmetics,1
diamondlife,1
outfitsg,1
bulgogisyosg,1
woozidan,1
cnbluejungshin,1
cnblueboice,1
onedayatatime,1
cnbluekangminhyuk,1
sabrinacarpenter,1
youarenotalone,1
maccosmetics,1
mangos,1
comeback,1
maccosmeticsph,1
glowup,1
4,1
lbootd,1
bulgogisyo,1
泡饭,1
lovebonitosg,1
transition,1
flipcup,1
grwmroutine,1
artbynicx,1
chewmanila,1
maestro,1
kualalumpur,1
틱톡푸드투게더,1
selfconfidence,1
grwmmakeup,1
newalbum,1
life,1
cnbluentity,1
welovebonitoph,1
filipino,1
fluidartgallery,1
tiktokfoodieph,1
transitionvideos,1
발렌타인데이,1
acrylicpourvideo,1
mentalhealth,1
숨은고백찾기,1
fluidpaintingvideo,1
fluidartistofinstagram,1
17_is_right_here,1
abstractart_daily,1
ufo,1
politics,1
queen,1
xfiles,1
tiktokmalaysia,1
leekuanyew,1
panda,1
positivetok,1
corgisoftiktok,1
makeupworkshop,1
havefunliveshow,1
sghair,1
sgvegetarian,1
kitkoji,1
klfoodhunting,1
hair,1
naturalcurls,1
你和我的音乐节,1
beautyflor,1
simplemakeup,1
dailyconcertforyou,1
crackthecasesg,1
sgvegan,1
immersivetheatre,1
corporateworkshop,1
serum,1
sgworkshop,1
backstagebetrayal,1
liveagain,1
klfoodies,1
kbbqsg,1
crackthecase,1
glossyhair,1
burmesefood,1
humidity,1
howtogetfit,1
influencer,1
vivaldisummer,1
violinist,1
mememusic,1
wintervivaldi,1
winter,1
wedding,1
madisonbeer,1
weddingsong,1
makeyouminemadisonbeer,1
mofe,1
giveaway,1
cello,1
turningpage,1
kdrama,1
vivaldi,1
goldenhourjvke,1
antoniovivaldi,1
wish,1
ethereal,1
piano,1
hungariandanceno5,1
rickroll,1
choiyuree,1
richardclayderman,1
balladepouradeline,1
rickrollmemes,1
sarasate,1
weddingtiktok,1
zigeunerweisen,1
violin,1
sleepingatlast,1
violinmusic,1
txmy,1
brahms,1
goldenhour,1
classicalmusicians,1
musician,1
cover,1
moviesoundtrack,1
classicalmusic,1
hungariandance,1
summervivaldi,1
diorviolin,1
violincover,1
jvke,1
drama,1
pablosarasate,1
jvkegoldenhour,1
makeyoumine,1
quiz,1
icarus,1
princeofegypt,1
marryhadalittlelamb,1
laleconparticuliere,1
coversong,1
lingling,1
riddle,1
paganini,1
pianist,1
lingling40hours,1
brunomarsinsingapore,1
springfieldohio,1
bundaberg,1
primevideo,1
roadrage,1
allynjohnslater,1
missingperson,1
trailer,1
crimestory,1
horrortok,1
gamerentiktok,1
victims,1
illinois,1
phreemarrow,1
richardhamilton,1
matthewtinling,1
forensicscience,1
serialkiller,1
truecrimestories,1
louisiana,1
dna,1
belindaanderson,1
debneylobanoff,1
confession,1
creedrogers,1
larrygalloway,1
ladygaga,1
solvedcoldcase,1
murderstory,1
tyhusted,1
placerville,1
joaquinphoenix,1
unsolvedcase,1
cctv,1
worstdeathimaginable,1
sallyannchesebro,1
shirleygarvin,1
fallout,1
hatecrime,1
sebastianhusted,1
killers,1
endofwatch,1
england,1
crimejunkie,1
tiktokusban,1
officerdown,1
mikegarvin,1
investigation,1
crimescene,1
sawkiller,1
ojtrial,1
evidence,1
death,1
solvedcase,1
remainsfound,1
kentucky,1
california,1
waltongoggins,1
falloutgame,1
caseupdate,1
pennsylvania,1
solved,1
iftheglovesdontfityoumustacquit,1
onealmoore,1
storyteller,1
wheeling,1
found,1
makingatruecrimerer,1
latenightwiththedevil,1
keywest,1
tvshow,1
tvshowrecommendation,1
mrbean,1
turtlecreek,1
washingtonparish,1
rowanatkinson,1
bathtub,1
fingerprints,1
drowning,1
fallouttvshow,1
truecrime,1
theglovesfit,1
ojsimpsongloves,1
rongoldman,1
sawmovie,1
falloutgames,1
marthaleach,1
murdercase,1
trinitybates,1
forensicfiles,1
ohio,1
amazonprime,1
nicolebrownsimpson,1
jigsaw,1
fallingdeath,1
horrormovies,1
dead,1
williamsapp,1
florida,1
ellapurnell,1
movietrailer,1
jenniferbailey,1
joker,1
michigan,1
cherylhall,1
chuckhall,1
movierecommendation,1
coldcase,1
truecrimepodcast,1
crimestories,1
jokerfolieadeux,1
davidhurley,1
jamiesantos,1
singaporetech,1
rucking,1
peoplesassociation,1
university,1
retirementplanning,1
hiringsingapore,1
universities,1
moviequotes,1
roybatty,1
worklife,1
walking,1
sguniversity,1
unirankings,1
hepmilcreatorsnetwork,1
corporatetiktok,1
careeradvice,1
bladerunner,1
careertok,1
cpfboard,1
hiringsg,1
cpf,1
management,1
financialliteracy,1
hepmilsingapore,1
hepmil,1
tearsintherain,1
japanadventure,1
gimme4fingers,1
bakkutteh,1
explorejapan,1
kbbq,1
tokyotravel,1
japanvacation,1
oshinohakkai,1
japantravel,1
loklok,1
japantrip,1
traveljapan,1
mookata,1
shibuya,1
discoverjapan,1
cherryblossom,1
jumboseafood,1
sgsupper,1
nikko,1
sakura,1
chillicrab,1
filmtok,1
sustainability,1
worldlpday,1
ghostbusters,1
muslimtiktok,1
ghostbusterssg,1
imjustagirl,1
computerscience,1
coding,1
livetsreams,1
chickens,1
liveyouradventure,1
cleaning,1
planting,1
farm,1
book,1
gardening,1
streaming,1
advice,1
fightingchance,1
author,1
harvest,1
pov,1
boxopening,1
gardentoplate,1
growyourownfood,1
community,1
tomatoes,1
garden,1
tips,1
tennessee,1
farmlife,1
mama,1
twitch,1
spring,1
cooking,1
abundance,1
cabbages,1
handyman?,1
homestead,1
arbor,1
allnatural,1
yum,1
livestreaming,1
redearedslider,1
whitetiger,1
tulamben,1
turtlecare,1
reptopia,1
malayantiger,1
giantclam,1
tarpon,1
singaporezoo,1
slothbear,1
sunbear,1
tiger,1
hyrax,1
aquarium,1
giantclams,1
scubatiktok,1
scubadive,1
riverwonders,1
polarbear,1
bear,1
nightsafari,1
terrapins,1
rockhyrax,1
giantpanda,1
snake,1
mandaiwildlifereserve,1
terrapin,1
zoo,1
reptile,1
tattoo,1
staffcanteen,1
sgconcerts,1
srilankanfood,1
tattootiktok,1
sgfyp,1
hpforbiddenforestexperience,1
woodfire,1
bananapie,1
koreantiktok,1
hpforbiddenforestsingapore,1
batman,1
foodwars,1
followmeto,1
harrypottertiktok,1
sgtattoo,1
nasilemak,1
tattooart,1
potterheads,1
1990s,1
banquetofhoshena,1
cantonesefood,1
tattoos,1
indianfoodie,1
singaporerestaurantweek,1
batmantattoo,1
greatnanyang,1
donamaniscakeshop,1
bagel,1
londonbagelmuseum,1
abalone,1
eastcoastpark,1
mashinomashisg,1
batman1989,1
hiddengems,1
batman89,1
tattoolover,1
tattooideas,1
kopitiam,1
auntiepengbananapie,1
sentosaislandsingapore,1
jeju,1
harrypotter,1
modernasianfood,1
teohengkaraoke,1
homekaraoke,1
mrss,1
karaokemagic,1
teoheng,1
betterkaraokeexperience,1
ktv,1
bringteohenghome,1
podcasts,1
homekaraokesets,1
sgfoodhunt,1
globalcrswnpawarenessday,1
smellloss,1
tamiltok,1
math,1
asianmom,1
mathematics,1
indianmomsbelike,1
asianmomsbelike,1
sghalal,1
sanofi,1
nasalpolyps,1
indianmom,1
indian,1
crswnpawarenessday,1
greyreefshark,1
blueshark,1
greatwhiteshark,1
deepsea,1
phobia,1
blackwater,1
scubadiving,1
oceanicwhitetip,1
babyshark,1
seasalp,1
pilotwhales,1
deadwhale,1
whalebreach,1
nightdive,1
sharkteeth,1
mobularay,1
humpbackwhales,1
mahimahi,1
savetheocean,1
whalewatching,1
savesharks,1
seabird,1
thalassophobia,1
humpbackwhale,1
ghostnet,1
humpback,1
trash,1
bluesharks,1
seabirds,1
cabo,1
bait,1
sharkdiver,1
sharktooth,1
shearwater,1
hawaii,1
blackwaterdiving,1
deepwater,1
singleuseplastic,1
salp,1
pilotwhale,1
tunicates,1
cleanuptheocean,1
falsekillerwhale,1
kona,1
greatwhite,1
plankton,1
ghostgear,1
falsekillerwhales,1
tigershark,1
diving,1
sharkdiving,1
scuba,1
dolphins,1
swimwithsharks,1
marinedebris,1
makoshark,1
live,1
dancesg,1
singsingapore,1
新加坡好声音,1
往昔今日,1
singtiktok,1
新加坡舞叔,1
singingvideos,1
singaporesing,1
tiktoklive,1
haidilaodance,1
uncleraymond,1
thevoiceofsingapore,1
livehighlights,1
科目三,1
squid,1
dieunhaylangla,1
knife,1
salmon,1
noodles,1
onepiece,1
myfuturself,1
oysters,1
shrimp,1
wasabi,1
seafood,1
naruto,1
toro,1
activeageing,1
dmp2025,1
singaporehdb,1
recreamp,1
cityinnaturesg,1
ura,1
spaceforourdreams,1
nparks,1
echorebel,1
frozendairy,1
microbes,1
drumstick,1
4bmovement,1
sgnews,1
eidmubarak,1
fasting,1
raya,1
delulu,1
ramadhan2024,1
malamraya,1
pickuplines,1
photoshoot,1
career,1
hokkien,1
selamathariraya,1
forwardsg,1
kpopconcert,1
bahasamelayu,1
train,1
review,1
henna,1
biden,1
viralpost,1
professorholt,1
namedatbug,1
parasite,1
pourtoi,1
xyzbca,1
pets,1
viralvideos,1
video,1
maggots,1
tarot,1
credit,1
tiktokviral,1
parati,1
omg,1
botflyremoval,1
🐱,1
partnership,1
for,1
gross,1
vetmed,1
warble,1
plants,1
omgpage,1
botfly,1
bugtok,1
🤢,1
🤮,1
bugatti,1
maggot,1
🍃,1
fy,1
cuterebra,1
arizona,1
scorpions,1
bibgourmand,1
perfumetiktok,1
filetofish,1
keto,1
kfc,1
londonfood,1
cake,1
sushiro,1
discount,1
quailia,1
palestine,1
pizzeria,1
vegetarian,1
foodtech,1
memecut,1
cheeseburger,1
mcdsg,1
tiramisu,1
avestan,1
rendang,1
fortitudebakehouse,1
visitlondon,1
burger,1
brunch,1
tkmaxx,1
suzhou,1
scam,1
gerrysgrill,1
curry,1
beef,1
lunch,1
stocktonontees,1
audiology,1
durham,1
microsuction,1
durhamhearingspecialists,1
earwax,1
earcleaning,1
barnardcastle,1
earwaxremoval,1
eardrum,1
diabetes,1
ears,1
earperforation,1
coffeetiktok,1
coffeetok,1
longervideos,1
onlyinmadrid,1
color,1
flathead,1
nutrients,1
vision,1
infant,1
visualdevelopment,1
physiotherapy,1
statistics,1
plagiocephaly,1
milk,1
tummytime,1
newborn,1
aircon,1
torticollis,1
baby,1
teletubbies,1
kimkardashian,1
chemistry,1
spider,1
manorbear,1
herbivorebotanicals,1
esthetician,1
veneertech,1
tretinoin,1
dentist,1
veneer,1
makeupreview,1
biologist,1
entomology,1
veneers,1
chrismccandless,1
atlanta,1
realhousewivesofbeverlyhills,1
mensskincare,1
torturedpoetsdepartment,1
sephora,1
oregon,1
herbivorebotanicalspartner,1
swifttok,1
nyc,1
shark,1
beach,1
swiftie,1
bearorman,1
acnetransformation,1
hydrogenwater,1
rhodeskin,1
lisarinna,1
dupe,1
ivyleague,1
spiders,1
retinol,1
atl,1
pyramidscheme,1
inclusion,1
newyork,1
haileybieber,1
bap,1
idolmakeup,1
italki,1
learnlanguages,1
shinee,1
learnjapanese,1
ive,1
gdragon,1
kissoflife,1
kissofife,1
dohee,1
꽁꽁,1
nobodyknows,1
woopy,1
imjoking,1
sealpup,1
bullkelp,1
gruntsculpin,1
tidepool,1
lowtide,1
spongebob,1
seal,1
gimmedat,1
kelp,1
barnaclechronicles,1
monterey,1
nudibranchnerd,1
underwaterphotography,1
aquaculture,1
dietdrkelp,1
puppingseason,1
barnacle,1
babyseal,1
kelprestoration,1
phycology,1
nudibranch,1
seaslug,1
worn,1
tidepooling,1
babyoctopus,1
crustacean,1
harborseal,1
jewelchangi,1
bestie,1
meetsoon,1
magneticbyillit,1
bloodcockle,1
whatshouldwedo,1
communitybuilding,1
roughstart,1
aclsurgery,1
itcanonlygoupfromhere,1
nopain,1
knockoff,1
randomthoughts,1
norightorwronganswers,1
richinlove,1
physical100season2,1
blinditems,1
whitewomenbelike,1
kdramacouple,1
whatyoucanlivewith,1
nottoday,1
vietnamtravel,1
mercuryretrograde,1
yourfunnyunniinvietnam,1
lostinkorea,1
internationaltrip,1
stopplayingwithme,1
imachampion,1
wewantedmore,1
gobigorgohome,1
abbyunger,1
korean동생,1
ytwomanmoment,1
giveyourselfgrace,1
mypriorities,1
totalkaboutrace,1
magneticillit,1
neverperfect,1
pho🍜_team,1
kdramalife,1
wetried,1
racisthistoryofamerica,1
skewers,1
whathappened,1
ytwomen,1
koreanboy,1
girlstrip,1
iwantyou,1
justsayyes,1
inkorea,1
firsttimeforeverything,1
ytmomsofbiracialchildren,1
sooverit,1
familytimefun,1
notallbutdefinitelythisone,1
grownperson,1
rejected,1
dietrying,1
touristtrap,1
whereisshe,1
yourfunnyunnigirlstrip,1
whiteness,1
anxietycheck,1
youcanthaveitall,1
dishwasher,1
loveofmylife,1
fulloflife,1
isthisasign?,1
imnotworried,1
koreatravel,1
avantika,1
quietlife,1
actuallyinsane,1
yourfunnyunnitokorea,1
valuewhatmatters,1
youdontgetwhatyouwant,1
divineintervention,1
staydelulu,1
bunbohue,1
eatingwithfriends,1
biracialchild,1
biggestwedding,1
yourfunnyunniinkorea,1
girlstriip💜,1
perfect,1
sigh,1
fakeittillyoumakeit,1
myeongdong,1
letmetellyousomething,1
beautystandards,1
lunchwithfriends,1
friendstraveling,1
dontdothis,1
outoftouch,1
idontseecolor,1
pastatime,1
bipoctiktok,1
aliwong,1
iamhere,1
할머니,1
regret,1
shapeshifting,1
overcookedeggs,1
protectcreators,1
gyeongbokgungpalace,1
costco,1
magnetic,1
seoinguk,1
childhoodtrauma,1
hesaid,1
achilliestendonrupture,1
thanos,1
momlifebelike,1
mindblown,1
koreanamerican,1
infinityandbeyond,1
internationaltravel,1
kimminsu,1
authentic,1
thetruth,1
hungover,1
eatinginkorea,1
ripkylemarisaroth,1
poké,1
selflove,1
thestruggleisreal,1
katiesorenson,1
pioneersquareseattle,1
parkseojoon,1
kimsoohyun,1
itaewon,1
karaokenight,1
yougotme,1
shorelinewashington,1
meetupinkorea,1
rapunzelliveaction,1
ahjussi,1
momming,1
drgabormate,1
systemicracism,1
saytheweirdthing,1
korealife,1
seattlefood,1
thisapp,1
disappointing,1
rollwiththepunches,1
weddinginvietnam,1
ytwomenhysteria,1
friendshipfood,1
doomatyourservice,1
ithinkilikethislittlelife,1
mageticillit,1
allegedly,1
wheninkorea,1
koreanfoodexperience,1
abberscadabbers,1
youmessedwiththewrongone,1
iwasconfused,1
evilmother,1
eyelidsurgery,1
baekhyunwoo💕honghaein,1
imnotcryingyourecrying,1
lashextensionsgonewrong,1
itbeyourownpeople,1
ytwomenbelike,1
saigonsquare,1
solotrippin,1
internationaltraveltips,1
soloflight,1
bestdecisionofmylife,1
sendmegoodvibes,1
goingtokorea,1
costcofail,1
greenflagprinter,1
hpmalaysia,1
hpsmarttank,1
hpsmarterchoice,1
