Hashtag,Frequency
wiccan,1
queer,1
fashion,1
paragraf218,1
witch,1
berlin,1
period,1
feminism,1
lgbtqia,1
museummoment,1
mindful,1
museum,1
abtreibung,1
swork,1
historian,1
herstory,1
sworker,1
witchcraft,1
accountant,1
history,1
sworkers,1
costco,1
communication,1
losangeles,1
unrequitedlove,1
learningisfun,1
costcotiktok,1
podcast,1
fitness,1
burnout,1
sophisticated,1
attractive,1
insecure,1
eclipse2024,1
joke,1
friendbreakup,1
sketch,1
relationships,1
dating,1
heartbreak,1
boundaries,1
breakup,1
workout,1
smart,1
pilates,1
greenscreen,1
solareclipse,1
coachella,1
solareclipse2024,1
men,1
romance,1
toxicworkplace,1
