Hashtag,Frequency
fyp,73
grwm,30
ootd,27
ad,23
makeup,21
foryou,20
fashion,20
fashiontiktok,17
duet,15
fypシ,15
newmusic,15
music,14
unboxing,14
greenscreen,13
tiktokfashion,13
capcut,12
travel,12
comedy,12
coachella,12
springoutfit,11
outfitideas,11
paris,10
coffee,10
stitch,10
viral,10
foryoupage,10
homedecor,10
foodie,10
vlog,9
onthisday,9
funny,9
transition,9
nyc,9
outfitinspo,9
makeuptutorial,9
beyonce,8
taylorswift,8
trending,8
humour,8
beauty,8
fy,8
tutorial,8
diy,8
storytime,8
mentalhealth,7
breakfast,7
interiordesign,7
skincareroutine,7
singing,7
momsoftiktok,6
selflove,6
jojosiwa,6
youtube,6
dance,6
photoshoot,6
cowboycarter,6
chanel,6
easyrecipe,6
asmr,6
1,6
morningroutine,6
spring,6
makeuproutine,6
styleinspo,6
coachella2024,6
cover,6
billieeilish,6
newyork,6
family,6
france,6
skincare,6
motivation,6
pourtoi,6
sing,6
cinematic,5
bananabread,5
dessert,5
relatable,5
love,5
healingjourney,5
dinnerideas,5
healthyrecipes,5
traveltiktok,5
london,5
easyrecipes,5
fitcheck,5
springoutfits,5
eidmubarak,5
mango,5
cinematography,5
marriage,5
eclipse,5
fashiontok,5
photography,5
getreadywithme,5
tour,5
singer,5
fitness,5
birthday,5
styletips,5
standupcomedy,5
revolvefestival,5
beautytok,5
blackgirltiktok,4
pizza,4
karma,4
rome,4
challengers,4
momlife,4
over40,4
parenting,4
relationship,4
couple,4
rnb,4
wedding,4
fypage,4
vegan,4
summer,4
apple,4
cheese,4
plantbased,4
baking,4
dayinthelife,4
insta360,4
pasta,4
outfitoftheday,4
selfcare,4
minivlog,4
packwithme,4
ootn,4
outfitinspiration,4
springfashion,4
outfit,4
style,4
springoutfitideas,4
getdressedwithme,4
rarebeauty,4
nature,4
groceryshopping,4
mensfashion,4
recipe,4
food,4
foodtok,4
concert,4
ramadan,4
perfumetiktok,4
thetorturedpoetsdepartment,4
kyliejenner,4
model,4
rihanna,4
booktok,4
adhd,4
sephorasale,4
countrymusic,4
selenagomez,4
oliviarodrigo,4
losangeles,4
nickiminaj,4
sephora,4
work,4
fashioninspo,4
adele,4
musician,4
breakup,4
standup,4
vintage,3
memecut,3
blackbird,3
italia,3
marriedlife,3
parisianstyle,3
cottagecore,3
naturalhair,3
meme,3
song,3
weekendvibes,3
fypシ゚viral,3
funnyvideos,3
fypツ,3
filter,3
timotheechalamet,3
film,3
ai,3
senegal,3
risotto,3
burrata,3
health,3
healthyfood,3
healthy,3
salad,3
italianfood,3
bread,3
dayinmylife,3
lifestyle,3
aesthetic,3
guitar,3
amazonfinds,3
makeuptips,3
miumiu,3
dailyvlog,3
wellness,3
eid,3
travelwithme,3
japan,3
bedroommakeover,3
hosting,3
apartmenttherapy,3
mode,3
streetwear,3
ontour,3
springstyle,3
entrepreneur,3
interview,3
filmmaking,3
edit,3
sandwich,3
video,3
tiktokmusic,3
musictok,3
maroc,3
gigihadid,3
tunisie,3
acoustic,3
brazil,3
photographer,3
swifties,3
reneerapp,3
dior,3
ladygaga,3
zendaya,3
school,3
hairtok,3
glowup,3
youngmom,3
momanddaughter,3
늙음필터,3
vacation,3
childhood,3
sundayreset,3
review,3
easymakeup,3
marketing,3
vogue,3
danse,3
blush,3
makeuphacks,3
forvrmood,3
katemoss,3
kids,3
dating,3
country,3
dad,3
behindthesong,3
tiktokshop,3
seamoss,3
therapy,3
guthealth,3
anxiety,3
gym,3
nigeria,3
livemusic,3
sad,3
originalmusic,3
coversong,3
congo,3
football,3
afrique,3
victoriabeckham,3
awareness,3
happiness,3
cat,3
art,3
steviewonder,3
nomakeupmakeup,3
haircare,3
greenscreenvideo,3
creatorsearchinsights,3
cotedivoire🇨🇮,3
tvshow,3
lyrics,3
hozier,3
toosweet,3
singingchallenge,3
matcha,3
fentybeauty,3
duo,3
museum,2
mexico,2
hotel,2
torturedpoetsdepartment,2
pretzels,2
history,2
bigback,2
southoffrance,2
parisjetaime,2
collaborationcommerciale,2
collage,2
90s,2
poetry,2
baby,2
wife,2
ballet,2
blackhair,2
lipsync,2
braids,2
tired,2
runner,2
inspirational,2
throwback,2
memories,2
lunch,2
couplegoals,2
lol,2
viraltiktok,2
soul,2
weddingtiktok,2
christiantiktok,2
neoncarnival,2
parishilton,2
jamaica,2
netflix,2
disney,2
haircut,2
acting,2
trend,2
harrypotter,2
howto,2
dakar,2
vegetarianrecipe,2
tea,2
lemon,2
watermelon,2
icecream,2
lemonade,2
recipevideo,2
cauliflower,2
tacos,2
veganrecipes,2
breadlover,2
onepotmeals,2
healthyrecipe,2
chickpeas,2
broccoli,2
glutenfreerecipes,2
banana,2
comfortfood,2
breadbaking,2
easymeals,2
breakfastideas,2
eggfree,2
veganfood,2
breadtok,2
asmrfood,2
saladtok,2
sandwichtok,2
focaccia,2
x3,2
insta360x3,2
midcenturymodern,2
singapore,2
roomtour,2
espresso,2
interior,2
airbnbfinds,2
neutralhome,2
homestyling,2
concealerhack,2
livingroom,2
bedroomdesign,2
pastarecipe,2
foodtiktok,2
onepanmeal,2
alaia,2
meshki,2
loewe,2
adv,2
glowymakeup,2
nailinspo,2
newyorkcity,2
solodate,2
nycfood,2
ramadan2024,2
menswear,2
apartmenttour,2
lifelately,2
littleblackdress,2
minimalstyle,2
riodejaneiro,2
rnbvibes,2
aestheticedits,2
kitchendecor,2
unboxingvideo,2
housetour,2
prunboxing,2
brandtrip,2
livingroomdecor,2
italytravel,2
menstyle,2
creative,2
howtostyle,2
whattowear,2
raye,2
capripants,2
shoppinghaul,2
wishlist,2
reformation,2
justgirlythings,2
transformation,2
openai,2
money,2
google,2
phone,2
premierepro,2
life,2
35mm,2
insta360x4,2
nz,2
newzealand,2
dji,2
pickleball,2
couplehumor,2
transitiontutorial,2
outfittransition,2
miami,2
lovelanguage,2
gratitude,2
shopwithme,2
pregnancy,2
husbandwife,2
pregnant,2
mukbang,2
sausage,2
homecooking,2
explorepage,2
tokyo,2
solareclipse2024,2
solareclipse,2
trinix,2
getyourguidepartner,2
makememories,2
vinyl,2
colorgrading,2
poem,2
streetstyle,2
sushis,2
cooking,2
algerie,2
tiramisu,2
home,2
producer,2
remix,2
bobmarley,2
iftar,2
coldplunge,2
colorwheel,2
sponsored,2
adobepartner,2
adobefirefly,2
interracialcouple,2
gdwm,2
blindkaraoke,2
vibes,2
gifted,2
cleanwithme,2
innerchild,2
ganni,2
clay,2
interiorstyling,2
restock,2
diesel,2
rainyday,2
earthday,2
ikea,2
longervideo,2
kyliecosmetics,2
musicmarketing,2
kardashians,2
independentartist,2
musicindustry,2
longervideos,2
creatoreconomy,2
videoessay,2
marketing101,2
laserhairremoval,2
spf,2
friendships,2
diyhomedecor,2
decoration,2
thrifted,2
whatibought,2
artist,2
crocs,2
magazine,2
design,2
jennie,2
church,2
conangray,2
sunglasses,2
traveling,2
amsterdam,2
pinterestaesthetic,2
cleantok,2
cleangirlaesthetic,2
makeupreview,2
arizona,2
bestfriend,2
datenight,2
hairtutorial,2
ralphlauren,2
summervibes,2
hazeleyes,2
husbandandwife,2
bestfriends,2
momandson,2
haileybieber,2
lifehacks,2
easyoutfits,2
skincarefavorites,2
awkward,2
skinceuticalspartner,2
groceryhaul,2
momanddad,2
burberrygoddess,2
springvibes,2
ttpd,2
frankocean,2
sza,2
charlixcx,2
kimkardashian,2
barbie,2
grwmhair,2
moviereview,2
spotify,2
tiktok,2
newartist,2
branding,2
grammys,2
nodoubt,2
theweeknd,2
bts,2
emmachamberlain,2
instagram,2
arianagrande,2
chappellroan,2
margotrobbie,2
metgala,2
icespice,2
lanadelrey,2
grandma,2
patrickta,2
patricktabeauty,2
lipstick,2
concealer,2
eyeshadowtutorial,2
contour,2
revolve,2
besties,2
amexambassador,2
lesflammes,2
wigs,2
asaprocky,2
katemossagency,2
civilwar,2
merch,2
travisscott,2
lilamoss,2
brand,2
doctor,2
friends,2
crazy,2
men,2
officelife,2
couples,2
billionaire,2
tiffanyandco,2
scarf,2
diormakeup,2
australia,2
dinnerrecipe,2
diprecipe,2
healthybreakfast,2
dips,2
lifeadvice,2
lifelessons,2
fool,2
colors,2
original,2
naturalbeauty,2
glowingskin,2
confidenceboost,2
healthylifestyle,2
supplements,2
healing,2
relationships,2
abuse,2
mentalhealthawareness,2
autism,2
psychology,2
reaction,2
podcast,2
ukfashion,2
live,2
hallelujah,2
amen,2
loveinthedark,2
originalsong,2
luxe,2
facebook,2
🇨🇮,2
cameroun,2
architecture,2
amour,2
abidjan,2
culture,2
aïd,2
communication,2
dopaminedressing,2
over50,2
knotlessbraids,2
weird,2
cheater,2
nyxcosmetics,2
trends,2
myheartwillgoon,2
pucci,2
cinematok,2
lifeinlooks,2
celinedion,2
titanic,2
beautytips,2
voguefrance,2
balenciaga,2
beautysecrets,2
lawroach,2
boundaries,2
jeuxolympiques,2
religion,2
la,2
daughter,2
sports,2
dogs,2
f,2
parentsoftiktok,2
mom,2
boyfriend,2
g,2
parents,2
training,2
dog,2
spicegirls,2
happybirthday,2
realitytv,2
jokes,2
halalparis,2
restoparis,2
restohalal,2
restaurantparis,2
bagel,2
easydinner,2
easysnack,2
snack,2
sweetpotato,2
rupaul,2
texas,2
womenempowerment,2
skintok,2
mindset,2
inspiration,2
weeknightmeals,2
makeupover50,2
weeknightdinner,2
coffeetok,2
rant,2
fridayvibes,2
olympics,2
over40club,2
valentino,2
dune,2
louisvuitton,2
ysl,2
versace,2
harrystyles,2
inspo,2
solotravel,2
hair,2
thailand,2
nike,2
monochrome,2
grwmstorytime,2
playstation,2
painting,2
cute,2
eidoutfit,2
dupe,2
makeupbymario,2
eatinghealthy,2
chatgpt,2
settingspray,2
naturalmakeup,2
waterproofmakeup,2
makeupartist,2
skincareover40,2
lorealparispartner,2
makeupover40,2
lorealpariscosmetics,2
nonbinary,2
selflovejourney,2
familytime,2
cafe,2
lgbt,2
curlyhair,2
matchalatte,2
healthyeating,2
healthyliving,2
recipes,2
summer2024,2
manifesting,2
quote,2
mothersday,2
mkpartner,2
cotedivoire,2
burger,2
dancechallenge,2
motherandson,2
singwithme,2
voiceeffects,2
musique,2
couragetobereal,2
coachny,2
vocalist,2
artists,2
autismawareness,2
pradamakeup,2
pradabeauty,2
thebeatles,2
สโลว์สมูท,2
สปีดสโลว์,2
diorbeautylovers,2
diorfall2024,2
sustainablefashion,2
clarinslipoil,2
doubleserum,2
clarinspartner,2
girls,2
tiffanypartner,2
redlipstick,2
hairstyle,2
rougedior,2
festival,2
barber,2
hairtransformation,2
festivalfashion,2
climatechange,1
naturelover,1
tulum,1
blackwomenoftiktok,1
museummoment,1
softlife,1
toktokmusic,1
climateaction,1
bekind,1
countrylife,1
ck,1
beachlife,1
siankaan,1
sustainableliving,1
natureconservation,1
leahhalton,1
cenote,1
hiddengems,1
bestlife,1
satc,1
aaronburr,1
milkchocolate,1
parenthumor,1
bags,1
hotmama,1
cancun,1
gentleparentingtips,1
michealangelo,1
romevlog,1
opera,1
carrie,1
biagiodecesena,1
sistinechapel,1
colosseum,1
napoli,1
plantsongs,1
michelinstars,1
elizajumel,1
mickeymouseclubhouse,1
aging,1
dinner,1
chateau,1
frenchcastle,1
speakeasy,1
cottagecoreaesthetic,1
bourgogne,1
cottage,1
burgundy,1
vintagestyle,1
parisrestaurant,1
castle,1
hinge,1
publicite,1
produitoffert,1
hingepartner,1
invitation,1
modegrandetaille,1
bodypositive,1
curvyfashion,1
tshwalabamichallange,1
femmeronde,1
plussizefashion,1
ibilola,1
afrohair,1
cheveuxnaturels,1
curvytiktok,1
frenchcurves,1
robe,1
beats,1
nailedit,1
again,1
ghetto,1
waiting,1
hot,1
whoisshe,1
hotmess,1
funnyvideo,1
photomagic,1
swimsuit,1
youareenough,1
mop,1
newhair,1
perimenopause,1
problem,1
whodis,1
dancing,1
hard,1
ohno,1
reality,1
listen,1
momhumor,1
wtf,1
morning,1
momof3,1
this,1
car,1
fail,1
thisisme,1
militarylife,1
policeofficer,1
goodmorning,1
unbothered,1
always,1
value,1
how,1
winning,1
goals,1
thankyou,1
ohnono,1
thestruggleisreal,1
humor,1
girlmath,1
wakeup,1
daddy,1
perfection,1
meditation,1
sunday,1
alldayeveryday,1
greenscreensticker,1
bambam,1
comedyvideo,1
latenightthoughts,1
myday,1
couplecomedy,1
adulting,1
rnbtiktok,1
comedyskit,1
trendingsong,1
nycfoodie,1
viralsound,1
gymtok,1
trendingvideo,1
blackgirlluxury,1
viralvideo,1
fyppppppppppppppppppppppp,1
fypsounds,1
inspire,1
gwrm,1
viralsong,1
donttellmomthebabysittersdead,1
yova,1
troubledteenindustry,1
paristhememoir,1
thisiswhywespeakup,1
cutesiecrew,1
trappedintreatment,1
protectouryouth,1
tanqueen,1
starsareblind,1
coachellaqueen,1
whereisrandycook,1
popstarparis,1
survivor,1
atlantisleadershipacademy,1
childabusepreventionmonth,1
iseeyousurvivor,1
slivingmom,1
thesimplelife,1
tarayummy,1
breakingnewstoday2024,1
walmartpartner,1
slivinginthedesert,1
stopinstitutionalchildabuseact,1
sb1043,1
absolut,1
theprogram,1
tti,1
popstarparis💖✨,1
capmonth2024,1
unicorntrot,1
sliving,1
lovesit,1
thatshot,1
famewontloveyou,1
mulan,1
dystopian,1
everest,1
reviensinox,1
jedusor,1
rubycrown,1
movies,1
newt,1
jordanbardella,1
theojames,1
filtre,1
tropjeune,1
hamilton,1
classement,1
hamiltonmusical,1
movie,1
voldemort,1
rebelle,1
dystopianguys,1
inoxtag,1
whiteboys,1
pidi,1
moana,1
pashumour,1
pasdebbsvp,1
dystopie,1
inoxtunousmanque,1
disneyprincess,1
aled,1
alexanderhamilton,1
dylanobrien,1
lesh,1
dracomalfoy,1
series,1
cheveux,1
hword,1
relaxedheadshot,1
nikonzf,1
onemoreshot,1
girlssupportinggirls,1
14mm,1
beyourself,1
fisheyelens,1
finland,1
modelsbelike,1
phototok,1
blackfemalephotographer,1
photographersbelike,1
generativefill,1
buckin,1
fitnessphotographer,1
makeagif,1
lastshot,1
ukphotographer,1
nikoncreator,1
photography101,1
fypppp,1
blackwomanphotographer,1
lightpainting,1
beachphotoshoot,1
photographyideas,1
photographersoftiktok,1
modeltok,1
capetown,1
actorheadshot,1
gif,1
headshotclient,1
nikonkeepinspiring,1
onset,1
harrypotterandthecursedchild,1
thebwhagency,1
retouching,1
itsawrap,1
ruchirai,1
photographertok,1
bwhagency,1
candidphotography,1
modellife,1
londonheadshot,1
howtomakeagif,1
iso,1
photographerproblems,1
photographytok,1
shootideas,1
adobephotoshop,1
campaignshoot,1
nikoncampaign,1
shutterspeed,1
portraits,1
photographytips,1
howtousegenerativefill,1
photographerhumour,1
movementshots,1
keepcalmandcarryon,1
keepontruckin,1
beachphotography,1
japanhaul,1
japantravel,1
blackprints,1
blackart,1
blacktravel,1
tokyoshopping,1
tokyotravel,1
japanshopping,1
tokyohaul,1
blackartists,1
bienetre,1
bouye,1
oslo,1
hapsatousybeaute,1
fayiida,1
khamare,1
hapsatousy,1
zemmour,1
antikod,1
sante,1
iphone,1
outifts,1
editingskills,1
portraitphotographer,1
portfolioshoot,1
polaroid,1
fyy,1
modelling,1
fyyyy,1
photographerlife,1
parisphotographer,1
capresetoast,1
foodiefeature,1
farmtotable,1
homechef,1
comfortfoo,1
gourmetcooking,1
homemadecheese,1
latte,1
sürk,1
peynir,1
dürüm,1
strawberry,1
yoğurt,1
hataysürk,1
cheesecake,1
drink,1
limonata,1
coctailbar,1
meatballs,1
mozarellacheese,1
icelatte,1
chiapet,1
eggs,1
tencere,1
magnum,1
ciğer,1
meybuz,1
whey,1
juice,1
busezeynep,1
freezies,1
easter,1
dondurma,1
filiz,1
chia,1
karpuz,1
tortilla,1
tutmayanyoğurt,1
dalganocoffee,1
çilek,1
liver,1
blackmenmagic,1
veggies,1
bananas,1
eatwell,1
healthydiet,1
onepotrecipes,1
cashews,1
enchiladas,1
eatyourgreens,1
30minutemeal,1
meatlessmondays,1
30minutemeals,1
mexicanfood,1
piccata,1
meatless,1
mealprep,1
tacotuesday,1
plantbasedrecipe,1
skilletmeals,1
vegansoftiktok,1
coldsalad,1
whatveganseat,1
veganfoodshare,1
deliciousfood,1
curry,1
blackbeans,1
ramennoodles,1
vegansoftt,1
menwithbeards,1
breadmaking,1
noodles,1
veganmeals,1
QuickRecipes,1
easymeal,1
meatlessmeals,1
quickbite,1
vegetarian,1
dairyfree,1
breakfastlover,1
eatmoreveggies,1
brunch,1
asianinspired,1
breakfasttime,1
asianrecipes,1
blackmencook,1
eatrealfood,1
vegans,1
blackmenwithbeards,1
ramen,1
eatyourveggies,1
eatmoreplants,1
panzanella,1
pizzasandwich,1
asmrcommunity,1
chocolatefrenchtoast,1
sweetfocaccia,1
frenchtoast,1
minifocaccia,1
wildgarlicpesto,1
chocolatecoveredstrawberries,1
weekendfood,1
chocolatebread,1
panzanellasalad,1
tomatosandwich,1
minipizza,1
pizzatok,1
jalapenocheddarbread,1
breadtutorial,1
halloumicheese,1
breadtutorinal,1
breadrecipe,1
foodporn,1
weekendbreakfast,1
wildgarlic,1
cheesepull,1
wekeendbrunch,1
breadtur,1
softsandwichrolls,1
chocolatefocaccia,1
loftapartment,1
x100v,1
slowdays,1
nitendo,1
fujifilm,1
goveetvbacklight,1
fujifilmsg,1
sghome,1
eames,1
hometour,1
platycerium,1
sg,1
nitendoswitch,1
ambience,1
akari,1
cozy,1
loft,1
homeespressobar,1
motovlog,1
eamesloungechair,1
dayinlife,1
homeespresso,1
indoorplants,1
homecoffeebar,1
homecoffee,1
staghornfern,1
espressobar,1
longboard,1
longboarddancing,1
longboarding,1
guitarsolo,1
insta360ambassador,1
mallorcaspain,1
balkan,1
finedininglondon,1
altea,1
princessfuerteventura,1
travelspain,1
spanishtown,1
kotor,1
kotorbay,1
finedining,1
canaryisland,1
españa,1
uberboat,1
londonrestaurant,1
mayfairlondon,1
calperestaurant,1
calperestaurante,1
visitmontenegro,1
visitspain,1
londonrestaurants,1
palmademallorca,1
fuerteventurarestaurants,1
luxurylife,1
londonlife,1
barcelonahotel,1
thenedlondon,1
mallorcarestaurant,1
mallorca,1
baleares,1
fuerteventurahotels,1
mayfair,1
canarias,1
barcelona,1
barcelonahotels,1
montenegro🇲🇪,1
datenightlondon,1
fuerteventura🇮🇨,1
montenegrotravel,1
visitespaña,1
montenegro,1
londonsunset,1
fuerteventura,1
andalusia,1
traveldestinations,1
balearicislands,1
skyline,1
montenegrotiktok,1
londonfoodspots,1
malaga,1
fuerteventuraprincesshotel,1
alicante,1
almarabeachclub,1
portomontenegro,1
londonskyline,1
londonbrunch,1
spain,1
canarias🇮🇨,1
tivat,1
calpe,1
calp,1
londonrestaurantguide,1
fuerteventuraisland,1
canaryislands,1
travelcontent,1
montenegrorestaurants,1
barcelonaguide,1
ltkfamily,1
lashextentions,1
ltkstyletip,1
afloral,1
momsover40,1
ltkseasonal,1
nightstand,1
lilysilk,1
luxuryliving,1
knitdress,1
ltkhome,1
bedroom,1
womenover40,1
1nightstan,1
styling,1
liketkit,1
amazontrousers,1
whitedress,1
ltkvideo,1
bloompartner,1
leeks,1
springishere,1
saladrecipe,1
yum,1
scallops,1
chickenthighs,1
orzo,1
nystrip,1
cocktailrecipe,1
morelmushrooms,1
steak,1
spritz,1
springrecipe,1
morel,1
breakfastrecipe,1
risottorecipe,1
surfandturf,1
steakrecipe,1
seafoodrecipe,1
blackberry,1
choppedsalad,1
redsauce,1
pappardelle,1
lemonrisotto,1
bloom,1
aperolspritz,1
basil,1
rigatoni,1
tomatobasil,1
ricottatoast,1
brunchrecipe,1
guanciale,1
mushroomseason,1
yuliawave,1
warponline,1
thefrankieshop,1
miumiuclub,1
tiktokitalia,1
primavera,1
ballare,1
evento,1
gioielli,1
AirPodsJUMP,1
parigi,1
diamanti,1
neiperte,1
lookdioggi,1
luxury,1
mare,1
sole,1
milkwhite,1
todaylook,1
kikkomania,1
bentobox,1
piusoiamenonoia,1
recap,1
elevatingoutfits,1
skincaretips,1
reflections,1
nailart,1
nyclife,1
makeuptherapy,1
blackgirlmakeup,1
teashop,1
gradstudent,1
thingstodo,1
hyperpigmentation,1
quittingmyjob,1
blackgirlskincare,1
uni,1
nycbagels,1
columbiauniversity,1
finals,1
movingabroad,1
mermaidnails,1
corporatejob,1
easymakeuproutine,1
ukvsusa,1
transitionaloutfits,1
consilting,1
accessories,1
apollobagels,1
studyvlog,1
graduatestudent,1
halalfood,1
whatiwore,1
halalcart,1
wellnessvlog,1
gradschool,1
sundaymorning,1
girltherapy,1
britahub,1
roadwaymoving,1
bananarepublicpartner,1
newapartment,1
japantrip,1
contentstudio,1
bananarepublic,1
apartmenthunting,1
skyhome,1
rimowa,1
tokyofoodguide,1
apartmentdecor,1
sodasback,1
poppipartner,1
southpffrance,1
costabrava,1
helsastudio,1
preppy,1
staudclothing,1
venise,1
jcrew,1
influencertrip,1
timelessfashion,1
timeless,1
manoloblahnik,1
sainttropez,1
victoriabeckhamxmango,1
springsummer,1
injcrew,1
summerlooks,1
mangogirls,1
lighting,1
vinylcheck,1
brazil🇧🇷,1
travelbucketlist,1
ilhagrande,1
goldengoose,1
runafteryourdreams,1
laurynhill,1
carioca,1
traveltips,1
pordosol,1
blackgirltravel,1
interiortips,1
cozyhome,1
ebay,1
kitchendesign,1
travelreset,1
goldjewelry,1
amalficoast,1
morningcoffee,1
prhaul,1
londonhomes,1
tidywithme,1
eveningroutine,1
spendthedaywithme,1
coffeerecipe,1
coffeestation,1
morningvlog,1
colourfulfashion,1
dinnerparty,1
frenchbulldogs,1
asmrunboxing,1
colourfulhome,1
eventplanning,1
thingspeoplelove,1
frenchbulldog,1
classy,1
menstreet,1
thenorthface,1
NeverStopExploring,1
simpleoutfitideas,1
pinterestoutfit,1
blackoutfit,1
stylingideas,1
pilatesball,1
pilatesinspiration,1
pilatestotalbody,1
pilatesonline,1
pilates,1
pilateslovers,1
onlineworkouts,1
pilatesinstructor,1
wellnessgirlie,1
pilatesprincess,1
massimoduttifinds,1
hmhaul,1
oldmoneyaesthetic,1
tweedjacket,1
trenchcoatoutfit,1
oldmoneystyle,1
fashionmoodboard,1
capris,1
handbagslover,1
luxurywishlist,1
classyoutfit,1
stylingjacket,1
classyoutfits,1
gisoulipoil,1
moodboardaesthetic,1
luxuryhandbags,1
virtualstylist,1
priceincrease,1
corporateoutfits,1
balletflats,1
aritziatryon,1
hm,1
almada,1
aeyde,1
moodboard,1
chylak,1
springedit,1
luxurybags,1
handbags,1
minimalfashion,1
gisou,1
workwear,1
destree,1
parisianoutfit,1
twistout,1
massimodutti,1
shoppingguide,1
whatsinmypurse,1
rhodeliptreatment,1
handbagtrends,1
designerhandbags,1
lipjunkie,1
fashiontrends,1
springdresses,1
classystyle,1
bottegaveneta,1
lipswatch,1
chicoutfit,1
artitziahaul,1
handbaglover,1
mirae,1
officeoutfits,1
virtualstyling,1
whatsinmybag,1
lipoil,1
hmdress,1
guccimarmont,1
insandouts,1
mangooutfits,1
europeasummer,1
parisiennestyle,1
feminineenergy,1
aritziaoutfits,1
styleboard,1
designerbags,1
nsfw,1
apprendresurtiktok,1
mobility,1
theuglytruth,1
strategie,1
business,1
elonmusk,1
travaillertue,1
innovation,1
gadget,1
pierregaubil,1
agenda2024,1
travail,1
growth,1
ecommerce,1
StartUp,1
odyssey399,1
kodak,1
kodakportra,1
sonya7cii,1
editing,1
sfx,1
create,1
sounddesign,1
shibuya,1
insta360flow,1
hike,1
filmmaker,1
camera,1
fpvdrone,1
sunset,1
spon,1
lens,1
gear,1
sony,1
drone,1
sydney,1
fpv,1
china,1
adventure,1
pickleballoutfits,1
videoedit,1
contentcreatortips,1
transitionidea,1
healthyrelationship,1
miamilife,1
anniversarygift,1
miamilifestyle,1
slingerbag,1
capcutedit,1
hobbies,1
outfitchange,1
tennisplayer,1
pickleballtiktok,1
truelove,1
miamibeach,1
influencertips,1
gentlereminder,1
lettinggo,1
styleover30,1
findingmystyle,1
notetoself,1
homebirth,1
cravings,1
whatieatinaday,1
newbornbaby,1
thirdtrimester,1
pregnancycravings,1
fromscratch,1
labour,1
bumpdate,1
fulldayofeating,1
torta,1
babygirl,1
babyboy,1
liquidivpartner,1
englishmuffins,1
latenightsnack,1
toryburchpartner,1
coupletok,1
snacks,1
eatwithme,1
postpartum,1
babynameideas,1
birthstory,1
babynames,1
pregnantbelly,1
livfest,1
birth,1
newborn,1
reels,1
slide,1
ideas,1
idea,1
slowmo,1
speedramp,1
clone,1
perspective,1
hawaii,1
beach,1
surf,1
anaambassador,1
7eleven,1
ayanakamura,1
aveclasse,1
avecclasse,1
corneille,1
zhiyun,1
turkiye,1
bali,1
travelthailand,1
cinematicvideography,1
travelturkiye,1
travelturkey,1
cinematicvideo,1
sonyalpha,1
travelvideo,1
feiyutech,1
citizenpartner,1
proart,1
Asus,1
ecodrive,1
asusseetheunseen,1
pa279crv,1
hbd,1
festivalseason,1
jaguar,1
blackcreatives,1
bracketschallenge,1
hotgirl,1
renaissance,1
homecoming,1
actii,1
functionalart,1
effecthouse,1
augmentedreality,1
ar,1
recordplayer,1
elf,1
beychella,1
texasholdem,1
womeninar,1
filterforgood,1
victoriamonet,1
blackgirlsintech,1
filtercreator,1
beyhive,1
creativetech,1
butterflyeffect,1
stagecoach,1
cdphpartner,1
harmreduction,1
ad21,1
heinekenhouse,1
dogchowpartner,1
deltapartner,1
naloxone,1
shortfilm,1
sxsw,1
lightacademia,1
maxgetsmovies,1
maxpartner,1
outfitpreview,1
doubledenimoutfits,1
athlesuirestyle,1
linenset,1
amazonthedrop,1
riverisland,1
amazonmusthaves,1
jariatudanita,1
linendress,1
casualoutfits,1
tradepartner,1
vodkapasta,1
chocolatemousse,1
publicité,1
safran,1
caviar,1
wagyu,1
tuna,1
chocolat,1
ossobuco,1
tunasandwich,1
tunavocado,1
mousseauchocolat,1
vanilla,1
couscous,1
letsdosomecooking,1
joeandjuice,1
couscousroyal,1
happn,1
crowdcontrol,1
baiana,1
french,1
georgia,1
electronicmusic,1
story,1
emorio,1
threelittlebirds,1
eidulfitr,1
artfilm,1
artbaselhongkong,1
opus,1
directorstalk,1
artbasel,1
meettheartists,1
nowness,1
curatedby,1
hongkongart,1
filmstills,1
baloji,1
tongo,1
japanesefilm,1
experimentalfilm,1
filmphotography,1
ryuichisakamoto,1
sofiacoppolaedit,1
tongoleseart,1
sofiacoppola,1
filmstowatch,1
parfumviral,1
froid,1
parismarathon,1
marathondeparis,1
running,1
nichefragrance,1
cryotherapy,1
marathontraining,1
courseapied,1
marathon,1
photogallery,1
canonr,1
raphacontent,1
iamcreative,1
applevsandroid,1
tiktoklive,1
switchcamera,1
canon5dmark3,1
youtubechannel,1
weddingphotoshoot,1
bridedress,1
samsung,1
ios,1
portraitphotography,1
colortheory,1
android,1
iosvsandroid,1
samsungvsiphone,1
bridemakeup,1
bridetok,1
lightsetup,1
lacapturevisuals,1
filmtok,1
8dayswithz8,1
filmtips,1
lacaptureproductions,1
lacapture,1
z8,1
nikoncreators,1
filmbloopers,1
communityxadobe,1
nycballet,1
americanballettheatre,1
quietluxury,1
bunheads,1
khaite,1
eileenfisherpartner,1
aritziapartner,1
atiyawalcott,1
chicagovlog,1
ibizarocks,1
craigdavidtour,1
ibiza,1
craigdavid7days,1
craigdavidlive,1
thefinalshow,1
craigdavid,1
antanddec,1
harrypottertiktok,1
saturdaynighttakeaway,1
7days,1
clr,1
lamp,1
youtubecreator,1
miffy,1
homecontent,1
chairdesign,1
smalllight,1
interiordecorator,1
apartmentmakeover,1
danishpastel,1
diyproject,1
picnic,1
casetify,1
unbox,1
pendantlight,1
designer,1
recasetify,1
haultok,1
homebody,1
upcycled,1
interiorinspiration,1
interiordecorating,1
dayvsnight,1
ikeausa,1
lampshade,1
renterfriendly,1
interiorideas,1
stylewithme,1
picnicdate,1
aestheticblanket,1
interiordecor,1
kirby,1
restockwithme,1
makeover,1
darkmode,1
clothinghaul,1
upcycledproject,1
interiorinspo,1
aestheticlamp,1
lightmode,1
chair,1
laufey,1
airdryclay,1
blanket,1
unboxwithme,1
marketingnotiktok,1
socialmediamarketing,1
popmusic,1
billieeilishfan,1
socialmediatips,1
reneerappsupremacy,1
ugccreator,1
beautycreator,1
erastour,1
contentstrategy,1
vinoperfect,1
ozempic,1
bodyroutine,1
shavingroutine,1
productsoftheweek,1
skincarerecommendations,1
moisturiser,1
thesinglefriend,1
liquidpeptides,1
bikinilineroutine,1
skincareroutin,1
lasereyesurgery,1
moisturizer,1
sunscreen,1
caudalie,1
factsaboutme,1
hydratingskincare,1
olepartner,1
medik8,1
productrecommendations,1
lasik,1
bodyglow,1
flightskincare,1
auchansopastel,1
2tassesparjour,1
somewhereiwouldliketolive,1
decoinspiration,1
haul,1
auchan,1
diyideas,1
lipton,1
qilive,1
lumiere,1
thriftfinds,1
whatifound,1
nigerian,1
blackpink,1
kimgordon,1
jentlesalon,1
simonerocha,1
rapping,1
inside,1
newjeans,1
frontrow,1
incubator,1
nothingtohide,1
craft,1
lvmhprize,1
documentary,1
entrancenyc,1
davidbowie,1
headieone,1
lilyachty,1
rickowens,1
igbo,1
rema,1
gentlemonster,1
alekwek,1
zendayaedit,1
pinkpantheressedit,1
y2k,1
archive,1
puma,1
reason,1
fentypuma,1
mickjagger,1
wool,1
pinkpantheress,1
stormzy?,1
idmeets,1
prefall,1
franklebon,1
soldierboyfriend,1
fenty,1
vocaleffects,1
casatiktok,1
annisse,1
tiktoktutorials,1
singingtips,1
vocaltechnique,1
indieartist,1
blacktiktok,1
singerstoknow,1
redlighttherapy,1
womanhood,1
greeneyes,1
wokroutroutine,1
oilyhairhacks,1
parisshopping,1
flywithme,1
bedtimeroutine,1
pinterestinspo,1
cookingwithemilie,1
homeowners,1
sockcurls,1
girlhood,1
airplanegrwm,1
newmakeup,1
rarebeautyblush,1
freepeople,1
firsthome,1
amazonfavs,1
chromenails,1
boating,1
birthdaytrip,1
agolde,1
daughtersoftiktok,1
k18,1
travelstroller,1
swifty,1
momfail,1
europe,1
facial,1
cleangirl,1
hotmonwalk,1
schooldropoff,1
dirtyhairhairstyle,1
unfilteredvlog,1
pantryorganization,1
weekendvlog,1
frenchpharmacyfavorites,1
tropicofc,1
parisfrance,1
daehair,1
djerfavenue,1
nexxus,1
parisootd,1
bridalnails,1
momworkouts,1
cleanhome,1
toddlersoftiktok,1
everydaymakeup,1
competativedance,1
boatday,1
satisfying,1
haileybeibernails,1
carkaraoke,1
blondehacks,1
vitaminc,1
mommorningroutine,1
toddlermom,1
asmrvlog,1
sezane,1
whatueatinaday,1
frenchpharmacy,1
productivity,1
momsnightout,1
alaninu,1
parisoutfits,1
girlygirl,1
specializedbicycles,1
korea,1
hairoilhack,1
brazilianwax,1
workoutwithme,1
longtravel,1
eiffeltowersparkle,1
nailday,1
slickedbackhair,1
parispharmacy,1
nexxuspartner,1
closingshift,1
palaceofversailles,1
skimsdress,1
armworkout,1
frankiesbikinis,1
aloyoga,1
drpepper,1
redlightmask,1
carpack,1
firsttimemom,1
influencersinthewild,1
eiffeltower,1
swig,1
organization,1
naptime,1
daehairstylingcream,1
nightinmylife,1
bananamuffins,1
whatsinmycar,1
ditl,1
bugaboobutterfly,1
packing,1
hairhacks,1
beforeandafter,1
athomeworkout,1
bows,1
carcleanout,1
guccijackie1961,1
errandswithemilie,1
momvlog,1
sockcurlstutorial,1
nightroutine,1
brazilianlaser,1
nexxuslevelstrength,1
shopping,1
whatiatetoday,1
softpinchluminouspowderblush,1
morninginmylife,1
boatingday,1
asmrcleaning,1
aprilparis,1
skims,1
travelday,1
europeoutfits,1
momnightroutine,1
engaged,1
cardetailing,1
rareeyes,1
unfilteredmorningroutine,1
carrestock,1
birthdaydinner,1
easyhairtutorial,1
tanning,1
wholefoods,1
fullbodyworkout,1
vacationootd,1
caressentials,1
heatlesscurls,1
slickedbun,1
chitchatgrwm,1
corememories,1
overstimulation,1
pantryrestock,1
giveaway,1
organizing,1
bugaboo,1
hydrafacial,1
clearskin,1
denimswimwear,1
sayisfying,1
dailyvlogs,1
bikerides,1
redeyeflight,1
europeansummer,1
pinteresaesthetic,1
icedvanillalatte,1
runerrandswithme,1
travelvlogs,1
dryshampoo,1
clawcliphairstyles,1
travelvlog,1
healthyhair,1
dadsandals,1
skinceuticals,1
ganniballerinaflats,1
errandswithme,1
momootd,1
productivemorningroutine,1
errands,1
weekdayvlog,1
shoppingvlog,1
sexxyred,1
firsttimehomebuyer,1
fridgerestock,1
letsdomymakeup,1
letsdressmeup,1
neutrogenapartner,1
superdry,1
burberry,1
burberrybeauty,1
withrefugees,1
everygiftcounts,1
cancer,1
wardrobestylist,1
mangomood,1
looks,1
mubarak,1
aidanbissett,1
snowonthebeach,1
tiktokban,1
carmax,1
fortnight,1
podcastclips,1
mileyandmandyshow,1
concertvlog,1
disneylore,1
hellisadancefloor,1
montanaboyz,1
dylanmulvaney,1
bmw,1
solonglondon,1
guerrillamarketing,1
comewithcoco,1
loveyoufromadistance,1
countrypop,1
daysofgirlhood,1
ouch,1
snl,1
eastereggs,1
newcar,1
loganpaul,1
jakepaul,1
influencermarketing,1
caileespaeny,1
anthropology,1
aiart,1
thingstodola,1
tedtalk,1
linedancing,1
mrbeast,1
hondacivic,1
hondaclarity,1
metgala2024,1
hmhas,1
honeymoonave,1
popculturemoments,1
mileycyrus,1
wisdm8,1
lanadelerey,1
kirstendunst,1
sabrinacarpenter,1
filipinosnacks,1
lizzygrant,1
coastalcowgirl,1
chamberlaincoffee,1
dontcallmeangel,1
dykttatutob,1
musicvideo,1
westhollywood,1
creatormarketing,1
drybar,1
videogames,1
trendpredictions,1
hondaaccordsport,1
movietok,1
shareyouscreen,1
britishsnacks,1
ashleykutcher,1
ameliadimoldenberg,1
middlerow,1
a24,1
onedirection,1
shareyourscreen,1
substack,1
goodluckbabe,1
sociology,1
dojacat,1
tiktokalgorithm,1
hairrollers,1
loml,1
demilovato,1
shadowban,1
bleachers,1
tylerthecreator,1
cococomewithme,1
iluvit,1
ldr,1
cartour,1
charliesangels,1
tummyhurts,1
jackantonoff,1
daviddobrik,1
trendprediction,1
honda,1
horizontalvideo,1
keeptiktok,1
minicooper,1
landelrey,1
jesseplemons,1
alexconsani,1
towabird,1
mastermind,1
taylornation,1
lizziegrant,1
tearsforfears,1
radioheadcreep,1
radiohead,1
interpolation,1
atribecalledquest,1
drums,1
delasoul,1
samplebreakdown,1
samples,1
dystax,1
davidyurman,1
skinlongevity,1
lauramercierpartner,1
visibleagereversal,1
dypartner,1
lauramercier,1
renutriv,1
translucentsettingpowder,1
snackbreak,1
asian,1
asiancomedy,1
atsukookatsuka,1
asiangrandma,1
process,1
mikebirbiglia,1
comedian,1
bowlcut,1
patricktabeautypartner,1
cleansingbalm,1
supergooppartner,1
summermakeup,1
holygrail,1
supergoopsunscreen,1
paintedbyspencer,1
sheglampartner,1
elemis,1
sheglamlipstick,1
bff,1
gloss,1
musthaveproducts,1
makeupprimer,1
sephoracollection,1
futurefluid,1
cooltonedeyeshadow,1
scpartner,1
sheglam,1
milkmakeuppartner,1
liveyourlook,1
makeuptutorials,1
MyShadeMyStory,1
palmspring,1
esteepartner,1
futuristmakeup,1
AerieREAL,1
aerie,1
palmsprings,1
aeriepartner,1
tjmaxx,1
ipsypartner,1
rossydepalma,1
safemgmt,1
tarekmawaad,1
hubemagazine,1
wedonttrustyou,1
communaute,1
gamberge,1
yard,1
playboicarti,1
westilldonttrustyou,1
jayz,1
ssense,1
jamesblake,1
beef,1
lesflammes2024,1
shay,1
campagne,1
parisfashionweek,1
rap,1
argent,1
streaming,1
vanityfair,1
tapisrouge,1
edc,1
davinhor,1
kendricklamar,1
mojixsboy,1
jcole,1
4batzmusic,1
metroboomin,1
lejuiice,1
wigstyling,1
idmagazine,1
duferme,1
rnbmusic,1
vault,1
devinelapersonne,1
future,1
lafouine,1
ceremonie,1
tidal,1
jhonniblaze,1
ye,1
grammyawards,1
editorial,1
sexyyred,1
agencedemannequins,1
4shootersonly,1
rickross,1
booskap,1
zidane,1
dailypaper,1
mannequin,1
deezer,1
drake,1
etatdelaculture,1
converse,1
homeless,1
buffalony,1
wwe,1
workplace,1
foodpoisoning,1
oj,1
dr,1
feds,1
arrest,1
drama,1
lawsuit,1
puffdaddy,1
america,1
coworkers,1
teeth,1
christophercolumbus,1
conversation,1
hospital,1
dead,1
tooth,1
columbusday,1
toothfairy,1
wrestling,1
argue,1
denzelwashington,1
badboy,1
unhoused,1
beyoncé,1
buffalo,1
takethat,1
sick,1
🤮,1
shocked,1
diddy,1
prisontiktok,1
jail,1
davidoffcoolwater,1
davidofffragrances,1
dadanddaughter,1
tenuedujour,1
wt5show,1
arnaudtsamere,1
baptistelecaplain,1
jeremyferrari,1
scarftutorial,1
capeverde,1
diorfragrance,1
blackdress,1
fashiontips,1
elegant,1
scarfstyles,1
midiskirts,1
fashionhacks,1
melbournefood,1
tastetest,1
miso,1
mealprepideas,1
cauliflowerrecipes,1
misosoup,1
peanutsauce,1
proteinballs,1
cosmiccookwareau,1
sphynxtok,1
eggplant,1
highproteindinner,1
veganproteinballs,1
bigveganmarket,1
silkentofu,1
highproteinrecipes,1
looksgoodcooksgood,1
melbournefoodie,1
udonnoodles,1
noodlesoup,1
sphynxcat,1
feijoa,1
melbourne,1
filipino,1
advice,1
wordsofwisdom,1
20something,1
relationshipadvice,1
studio54,1
imeldamarcos,1
friendship,1
philippines,1
sprinoir,1
freddiegibbs,1
0,1
comum,1
robin,1
fatoumatadiawara,1
solchyld,1
nterini,1
kulosa,1
ashaimuno,1
oxlade,1
zequin,1
douwannabehigh,1
liannelahavas,1
bondeja,1
bittersweet,1
rapfr,1
reflectyouroriginalité?,1
psatheintroduction,1
niska,1
fakenames,1
princewaly,1
brokemiroir,1
acolorsmoment,1
shaboozey,1
solomon,1
bondéjà,1
reflectyouroriginalité,1
hideout,1
facesoul,1
ucheyara,1
christineandthequeens,1
jewelusain,1
vegas,1
avua,1
acolorsshow,1
borabora,1
àvuà,1
sprinoirchico,1
zuu,1
monkeyman,1
mahalia,1
better,1
peopleivebeensad,1
grow,1
pipmillett,1
bleumarine,1
aznavour,1
patrickwatson,1
olympia,1
readthisentirecaption,1
7minutedrill,1
spittasaturdays,1
7minutesoffunk,1
keepitsimple,1
neckcare,1
sculptedjawline,1
faceyoga,1
marula,1
standout,1
faceyogasuccess,1
allskintypes,1
breathewell,1
sustainablebeauty,1
dailydiscipline,1
empowerment,1
goodmorningroutine,1
dailydetox,1
morningstretch,1
naturallift,1
facialmassage,1
allyoucanface,1
confidentlynatural,1
smoothsmile,1
wakeupwithyoga,1
jaderoller,1
squalane,1
consistentpractice,1
agegracefully,1
cheekplumping,1
freshstart,1
lymphaticdrainage,1
hydrate,1
handmassage,1
facialoil,1
empoweryourself,1
healthierposture,1
jointhemovement,1
radiantskin,1
holisticbeauty,1
facefitness,1
postureimpact,1
lymphatichealth,1
routinematters,1
techniquematters,1
realresults,1
confidence,1
detoxyourskin,1
beautyroutine,1
consistentcare,1
jawlinegoals,1
beinspired,1
jaderollerbeauty,1
jojoba,1
brighteyes,1
skinhydration,1
stayhydrated,1
postureawareness,1
dailyroutine,1
boba,1
cloversonomacrew,1
unsaltedbutter,1
restockasmr,1
minifridge,1
grassjelly,1
bubbletea,1
dealsandsteals,1
fatigue,1
tiredness,1
seamossbenefits,1
ttshop,1
study,1
trauma,1
adhdprobs,1
adhdcheck,1
capitalism,1
millennialsoftiktok,1
adhdawareness,1
adhdtiktok,1
nutrition,1
stitchthis,1
burnout,1
diagnosis,1
adhdmemes,1
ableism,1
learn,1
spinchallenge,1
emotion,1
sleep,1
braincuriosities,1
neuroscience,1
medication,1
neurodivergent,1
italian,1
adhdtest,1
adhdcuriosities,1
memes,1
relationshipgoals,1
officialazz,1
azzeats,1
mood,1
adlibazz,1
musicchallenge,1
justforlaughs,1
upperhalfduets,1
relate,1
upperhalfduet,1
hackney,1
whiteboy,1
posh,1
triggered,1
calm,1
onpurpose,1
jayshetty,1
drinkjuni,1
90skids,1
stylingmysister,1
throwbacks,1
winterfashion,1
womensfashion,1
churchoutfits,1
gymnastics,1
gymoutfit,1
formalwear,1
sundayoutfit,1
gymnast,1
gymnasticstiktok,1
strengthtraining,1
siblings,1
nativewear,1
colorcombo,1
yeshua,1
psalms,1
sound,1
victorthompson,1
gospel,1
prayer,1
carrymelikebaby,1
father,1
picture,1
lightsdownlow,1
max,1
mad,1
afrohiphop,1
beatmaking,1
theprisonsongchallenge,1
acapella,1
clarioncall🇳🇬✅,1
boyband,1
findingmessiahmovie,1
bensonboone,1
beautifulthings,1
gnarlsbarkley,1
kenya,1
records,1
arabe,1
baobab,1
jjpc,1
sahara,1
ouesso,1
star,1
compagnie,1
agriculteur,1
enfants,1
essentielles,1
tortues,1
sonko,1
emmanuel,1
marrakech,1
ouvrages,1
mali,1
agricole,1
🇰🇪,1
illages,1
kolda,1
bilyf,1
python,1
vente,1
vision,1
cotonou,1
paludisme,1
déguerpissement,1
tips,1
belmadi,1
éléphant,1
unicef,1
rdc,1
bamoun,1
ftour,1
gesco,1
tunisair,1
ouganda,1
ouest,1
maladie,1
comores,1
senghor,1
politiques,1
kalomaman,1
prisonniers,1
maillot,1
🇬🇦,1
1960,1
lagos,1
sénégal,1
zaïre,1
changenow,1
rwanda,1
feu,1
mozambique,1
🇲🇦,1
nairobi,1
beauté,1
can,1
animaux,1
casamance,1
millionnaires,1
programme,1
ivoiriens,1
camerounais,1
tunisien,1
kongo,1
cosplay,1
fecafoot,1
emmes,1
spatial,1
bibliothèque,1
congolais,1
algérie,1
prière,1
histoire,1
handball,1
éthiopien,1
télévision,1
kalulu,1
caïmans,1
ghana,1
drogba,1
bobrisky,1
tiktokeur,1
jeunesse,1
nationale,1
biama,1
m23,1
ziguinchor,1
togo,1
match,1
brazzaville,1
adjalé,1
agriculture,1
tazco,1
cosplayeuse,1
lunga,1
foot,1
🇰🇲,1
faye,1
fruit,1
vie,1
repas,1
bénin,1
macron,1
cobras,1
yopougon,1
abuja,1
transgender,1
paradis,1
partis,1
🇩🇿,1
motard,1
handicapées,1
kényans,1
vandalisme,1
sénégalais,1
pékin,1
agencylife,1
yslbeauty,1
charlottetilbury,1
thisis58,1
over50style,1
edgychic,1
stylingmenswear,1
theelegantstylist,1
styleisageless,1
chicstyleover50,1
lvrarchives,1
firenze,1
stazioneleopolda,1
fashionarchives,1
shoppingevent,1
nocontact,1
blackgirlhairstyles,1
dump,1
hairscarftutorial,1
frenchcurlbraids,1
afro,1
sweettreats,1
single,1
gina,1
whotfdidimarry,1
alexiscarey,1
lightsummerpalette,1
truesummerpalette,1
warmundertone,1
sweettooth,1
albinism,1
nuetralundertone,1
coloranalysis,1
gossip,1
wafflehouse,1
dancemoms,1
sunburn,1
sheraseven,1
blackgirlmagic🖤,1
brekauptok,1
midnightsnack,1
hairscarf,1
vitaminwater,1
truesummer,1
classicsummer,1
blackgirltiktok✨,1
bestcolors,1
eavesdropping,1
coolundertone,1
type4hair,1
worstcolorstowear,1
photograhy,1
sprinklesprinkle,1
savagexfenty,1
blackgirlmagic,1
naturalhairstyles,1
heartbroken,1
tiffanyhaddish,1
heartbreak,1
quotes,1
coeurdelocean,1
metoo,1
ninaricci,1
privatetour,1
vittoriaceretti,1
christyturlington,1
vetements,1
unhommeunstyle,1
officesiren,1
carolinetrentini,1
constantinbrancusi,1
demna,1
emiliopucci,1
portobelloroad,1
patmcgrath,1
louisbaines,1
barbiecore,1
dolcegabbana,1
brooklynmuseum,1
moulinrouge,1
exposition,1
anyataylorjoy,1
anewdayhascome,1
sophiemarceau,1
mobwife,1
arttok,1
christiandior,1
centrepompidou,1
iloveparis,1
jonathananderson,1
celine24,1
trendswipe,1
chopard,1
vintagehotspot,1
célinedion,1
mayissue,1
johngalliano,1
getreadywith,1
maisonalaia,1
boucheron,1
camillecharrière,1
aprilissue,1
oneofakind,1
mariagraziachiuri,1
vittoria,1
heartoftheocean,1
isabellarossellini,1
hiphopbeats,1
rapbeats,1
beatmaker,1
prozac,1
brainhealth,1
gentleparenting,1
arfid,1
mampaka,1
recitation,1
jo,1
mots,1
poeme,1
joparis2024,1
eloquence,1
laetitiamampaka,1
cinema,1
djipocket3,1
jeuxolympiqueparis2024,1
belgique,1
hollywood,1
improv,1
crowdwork,1
roast,1
flirt,1
sikh,1
denver,1
mattrife,1
saltburn,1
old,1
hindu,1
cameroon,1
letmypeoplego,1
donations,1
wewantpeace,1
stopwar,1
deaththreats,1
letthemgo,1
help,1
charities,1
cameroontiktok🇨🇲,1
support,1
endnglophonecrisis,1
fypp,1
libesties,1
fundraising,1
peace,1
no,1
letgo,1
power,1
divorce,1
like,1
success,1
foryouindia,1
abusesurvivor,1
spirituality,1
latin,1
abuseawareness,1
aliveness,1
career,1
yoga,1
forgive,1
ceoofcounseling,1
extremetaker,1
selfhelp,1
teens,1
military,1
children,1
spanish,1
selfactualization,1
women,1
counseling,1
teen,1
self,1
narcissist,1
therapytiktok,1
parentingtips,1
selfhealing,1
workout,1
caring,1
soulwork,1
rebel,1
core,1
guru,1
hockey,1
authentic,1
narcissism,1
truck,1
foryour,1
myth,1
foruyou,1
sex,1
forgiveness,1
married,1
spirit,1
canada,1
india,1
son,1
godsplan,1
enlightenment,1
foru,1
badass,1
indiatiktok,1
husband,1
vet,1
heal,1
depression,1
god,1
flotte,1
anthracite,1
penelopecruz,1
rougeàlèvres,1
50ans,1
tendancemode,1
queenb,1
sandwichdressing,1
culturetiktok,1
sexisme,1
slipdress,1
tiktokinfos,1
retinol,1
masque,1
astro,1
merefille,1
collagène,1
driesvannoten,1
tiktoknews,1
gilliananderson,1
monoparentalite,1
jenniferpan,1
conseilmode,1
amywinehouse,1
mibas,1
petitrenne,1
antiage,1
jenner,1
botox,1
beautytrend,1
successstory,1
tiktokmusique,1
richporn,1
tiktokbeauty,1
printemps,1
ellemagazine,1
chiaraferragni,1
templesolaire,1
histoirevraie,1
simonedebeauvoir,1
kadarshian,1
royals,1
ojsimpson,1
microféminisme,1
tiktokevent,1
dollsmakeup,1
tendancebeaute,1
collagèneàboire,1
elleastro,1
robertocavalli,1
créateur,1
sexeducation,1
grossoutfitforwork,1
lesvéritésdejennifer,1
thejinx,1
famille,1
influencer,1
covergirl,1
mascaratubing,1
middleton,1
tiktokstory,1
richesses,1
pyjama,1
antiâge,1
hydrobob,1
grainesdelin,1
backstage,1
tendance,1
robertdurst,1
mercureretrograde,1
documentaire,1
ellefrance,1
culturetok,1
charlottegainsbourg,1
tiktokinfo,1
tiktoksports,1
tiktokpeople,1
nycearthquake2024,1
blacktheatre,1
offbroadway,1
earthquake,1
astrology,1
nashville,1
comedyindia,1
columbus,1
tennis,1
sanfrancisco,1
jax,1
duval,1
bloomington,1
muslimah,1
politics,1
imreasonable,1
conjoinedtwins,1
portland,1
face,1
cleveland,1
chicago,1
trump,1
afriquetiktok,1
africanfood,1
microtrottoir,1
africanfoodparis,1
bmkparisbamako,1
delhibazaar,1
cuisineafricaine,1
collabparis,1
wait,1
personaltrainer,1
bus,1
latinos,1
moon,1
bestie,1
blwideas,1
fussyeaters,1
kidssnack,1
blwrecipes,1
whatmytoddlereats,1
svezzamento,1
healthydessert,1
kidsbreakfast,1
babylunch,1
homemadebread,1
kidslunch,1
kidsfood,1
autosvezzamento,1
2ingredientdough,1
familydinner,1
firsttimemum,1
toddlerfood,1
babyledweaning,1
kidsmeals,1
babyledweaningrecipes,1
healthysnack,1
mrshinchhome,1
ricettefacili,1
toddlersnacks,1
bakedoatmeal,1
babydinner,1
bakingwithkids,1
bananapancakes,1
whatmybabyeats,1
toddlerlunch,1
mrshinch,1
easyrecipeideas,1
blwjourney,1
toddlerbreakfast,1
breakfastbar,1
toddlermeals,1
kidsdinner,1
babyfoodideas,1
ricetteperbambini,1
toddlerlife,1
pinweels,1
puffpastry,1
toddlerfoodideas,1
blueberry,1
carrots,1
kidspasta,1
pancakes,1
kidssnacks,1
toddlerdinner,1
bananabar,1
kidsbreakfastideas,1
healthylunches,1
toddlersnack,1
bananapeanutbutter,1
homemadefood,1
kidsrecipes,1
omelette,1
cinnamonrolls,1
chocolate,1
healthysnacks,1
babyledeating,1
blweggfreerecipe,1
familymeals,1
kidsparties,1
foodforkids,1
toddlerrecipes,1
blwinspiration,1
easylunch,1
firstfoods,1
carros,1
carote,1
babyledweaningideas,1
frittata,1
ingredientdough,1
bakedoats,1
toddleractivities,1
blw,1
motherhood,1
startingsolids,1
oatbars,1
homemadebagels,1
healthylunch,1
weaningideas,1
mrshincharmy,1
kidsfoodideas,1
fingerfood,1
merenda,1
vegetariankids,1
babyfood,1
walkingaway,1
rest,1
promises,1
godslove,1
toxicity,1
spokenword,1
breathwork,1
dougbenson,1
gay,1
amyschumer,1
genz,1
sydneycastillo,1
lorenarussi,1
college,1
pollution,1
bees,1
latina,1
loganguntzelman,1
roleplay,1
taxes,1
lizzwinstead,1
leasbian,1
applestore,1
judahfriedlander,1
womenshistorymonth,1
runtok,1
concealerroutine,1
beautyfavorites,1
glossierconcealer,1
beautyhasnoage,1
accesories,1
traininggoals,1
momanddaughterdress,1
motivatedmindset,1
springoutfitinspo,1
womeninfashion,1
skincarelineup,1
athletapartner,1
energy,1
skincareover50,1
nofoundationmakeup,1
CookWithMe,1
powerofshe,1
nycbillboard,1
fitover60,1
momanddaughterduo,1
denimondenim,1
runningroutine,1
sephorasquad,1
fashionover60,1
skincarejunkie,1
vegamourpartner,1
runningmotivation,1
happygirlera,1
outfitchallenge,1
blindoutfitchallenge,1
daytonight,1
beautyover60,1
fitnessaddict,1
fitnesshasnoage,1
findyourmovement,1
fitnessinspiration,1
vegamour,1
newyorkfashion,1
activelifestyle,1
fitatanyage,1
positiveenergy,1
nyctimessquare,1
livingroomtour,1
makeupbaseroutine,1
positivity,1
kitchentour,1
concealerhacks,1
fitnessover60,1
racetraining,1
limitless,1
stylehasnoage,1
momswhorun,1
aginggracefully,1
getfitstayfit,1
fitnessmotivation,1
jewelry,1
concealeronlymakeup,1
styleover60,1
fashionover50,1
styleover50,1
hairroutine,1
dreamsdocometrue,1
runnerscommunity,1
tower28concealer,1
skincarereccomendations,1
springlookbook,1
momanddaughteroutfit,1
spinmop,1
marketplacefinds,1
auraborapartner,1
billybookcase,1
lgcinebeamq,1
maximalistdecor,1
homelighting,1
colorfulhome,1
ikeahacks,1
lgpartner,1
messyhouse,1
lamps,1
maximalistinteriors,1
colorfuldecor,1
homegadgets,1
silkoatmilk,1
becomeyourownbarista,1
secondhandfurniture,1
diyhome,1
chromefurniture,1
naturallighting,1
ikeahack,1
feelplantygood,1
versechallenge,1
booksforselfgrowth,1
emotionallyintelligentexamples,1
standingupforyourself,1
giftofdiscernment,1
shadowworkjournal,1
lifestoryinterview,1
lovebombing,1
arcwarrior,1
familyissues,1
standupforyourself,1
discernment,1
whatsanarcissist,1
lifeofparents,1
lifestoryinterviewkit,1
familyinterviewcards,1
crucialforparents,1
familyideas,1
lovebombingmeaning,1
toxicfamily,1
emotionallyintelligent,1
lifestory,1
bewhoyouare,1
annaprzy,1
youcomefirst,1
yougotthis,1
mondaymotivation,1
mentalhealthcomedy,1
thisishard,1
thursdaythoughts,1
lifeishard,1
mentalhealthadvocate,1
yourenotlost,1
jumping,1
vacuumtherapy,1
burnoutrecovery,1
lazinessdoesntexist,1
startingover,1
ineedanap,1
brainsareweird,1
chaoticmotivation,1
imsoproudofyou,1
akprzy,1
improudofmyself,1
allyouhavetodoisstay,1
improudofyou,1
keepitupcutie,1
funinthesun,1
exhaustedmillennial,1
youreasuperstar,1
ivemissedyou,1
dailyreminders,1
kickasslittlehottie,1
changeyourlife,1
iamtired,1
itscalledmanifesting,1
askpapaswolio,1
pullups,1
pullupgang,1
cozyathome,1
ledlights,1
eventplanner,1
veryangeria,1
looseyladuca,1
moreverydelta,1
deltawork,1
verydelta,1
jo2024,1
paralympics,1
itsrainingmen,1
verriere,1
nouveaugrandpalais,1
monument,1
grandpalais,1
paris2024,1
andmfundo,1
bikostar,1
bkmn,1
taulion,1
taulionandbigsis😘,1
mannahero,1
bikosmanna,1
lovesong,1
linkinbio,1
oneonone,1
familyfashion,1
familyownedbusiness,1
familythings,1
themesong,1
fatherandson,1
outfitinspo🔥,1
theampedfamily,1
productreview,1
familybusinesss,1
gourmetpopcorn,1
therealmashujaa,1
hormonebalance,1
familygoals,1
siblingsgoals,1
perimenopausal,1
familybusiness,1
womanownedbusinesss,1
womanownedbusiness,1
theampedhouse,1
over40skin,1
over50ontiktok,1
generationalwealthbuilding,1
tiktokusa,1
zzzero,1
zenlesszonezero,1
dualipa,1
blakelively,1
prabalgurung,1
orangedrinkifyouknowyouknow,1
jaredleto,1
gwendolinechristie,1
margiela,1
irisvanherpen,1
michaelacoel,1
serenawilliams,1
annehathaway,1
francesmcdormand,1
ambervalletta,1
schiaparelli,1
luar,1
julezsmith,1
lala,1
ripley,1
lupitanyongo,1
nowserving,1
fearless,1
wednesday,1
ashleygraham,1
time100,1
florencepugh,1
ellefanning,1
therunthrough,1
erykahbadu,1
anokyai,1
marilynmonroe,1
maisonmargiela,1
prada,1
karllagerfeld,1
thombrowne,1
grimes,1
jennaortega,1
priyankachopra,1
kendalljenner,1
offwhite,1
harrisreed,1
moschino,1
oscardelarenta,1
houdini,1
solange,1
bushwick,1
erl,1
cardib,1
dolceandgabbana,1
gucci,1
73questions,1
brandonmaxwell,1
christopherkane,1
daddygang,1
mugler,1
givenchy,1
jlo,1
metgala?,1
wynbeauty,1
naomicampbell,1
badgleymischka,1
offthecuff,1
wyn,1
andrewscott,1
haiderackerman,1
jenniferlopez,1
lupita,1
marieantoinette,1
zoekravitz,1
dakotafanning,1
selmablair,1
nyfw,1
bulgari,1
lorde,1
pisces,1
katyperry,1
cookingoutside,1
natgeoqueens,1
daywithme,1
travelfails,1
karentribe,1
foraging,1
insects,1
maasai,1
indiginous,1
travelhair,1
japanese,1
natgeo,1
fails,1
liberiancalypso,1
remindme,1
sinnerman,1
ninasimone,1
nobody,1
ifonlyfortonight,1
ieverseen,1
oreos,1
euphoria,1
passengerprincess,1
cuntry,1
timemanagement,1
catcalling,1
comewithme,1
whenthefoodhits,1
menarescary,1
cptime,1
siren,1
blackhairstylist,1
recession,1
okayjt,1
whewchile,1
finestpeople,1
blackwomen,1
momentvsphoto,1
platinumblonde,1
hips,1
auntieera,1
cowboy,1
fakebody,1
processedsugar,1
saveyourmoney,1
pregame,1
western,1
uber,1
blackpeople,1
ravensimone,1
leavewomenalone,1
voiceover,1
celebritycouple,1
modelingtips,1
creatives,1
pov,1
uglybouls,1
hotgirlsummer,1
animals,1
ramadanmubarak,1
fashioncreator,1
ramadam2024,1
muslimtiktoks,1
muslimtiktok,1
demaquillage,1
hsm,1
lorealparismakeup,1
hannahmontana,1
highschool,1
disneychannel,1
joyeusespâques,1
highschoolmusical,1
portugaise,1
kimpossible,1
portugal,1
eastermakeup,1
camprock,1
maxtonhallonprime,1
inverted,1
happyeaster,1
behappy,1
motivationalquotes,1
motovationalspeaker,1
cruise,1
ayrastarr,1
facezoom,1
songofthesummer,1
classicstyle,1
apartmentliving,1
jomalonelondonpartner,1
sephorasavingsevent,1
newyorkcitylife,1
jomalonelondon,1
homesweethome,1
apero,1
chicstyle,1
barbados,1
colourfuloutfit,1
colourfulshoes,1
heels,1
visitbarbados,1
londontiktok,1
dayoutinlondon,1
brightonandhove,1
photographystudio,1
coachellagrwm,1
silentunboxing,1
ebubedike,1
africaninnovators,1
laugh,1
dreams,1
badaagnes1,1
blowthisup,1
ajebohustlers,1
taxes2023,1
workstress,1
dietplan,1
doomscrolling,1
emailetiquette,1
herewegoagain,1
workproblems,1
mondayvibes,1
tuesdayvibes,1
lazyweekend,1
sundayvibes,1
expectationvsreality,1
pizzatime,1
britneyspearsedit,1
mondayblues,1
diethumor,1
tuesdaymotivation,1
wednesdayvibes,1
jobapplication,1
jointheclub,1
tuesdaymood,1
mondaymood,1
lazysunday,1
workbesties,1
newjob,1
adayinmylife,1
randomthoughts,1
workmemes,1
coffeeaddicts,1
workmeeting,1
icedcoffeeaddict,1
fridayfeeling,1
everythinghappensforareason,1
softskills,1
workbestie,1
caffeine,1
lovelanguages,1
sleepdeprived,1
lazysundaymorning,1
sleepin,1
newhire,1
icandoitwithabrokenheart,1
workmotivation,1
taxseason,1
coffeetime,1
officehumor,1
wordsofaffirmation,1
coffeebreak,1
mondaysbelike,1
dontleaveme,1
relatablememes,1
workhumor,1
mondayfeels,1
taxtime,1
coffeelover,1
weekendmood,1
sundayscaries,1
workvibes,1
lazysundays,1
bestiesbelike,1
officelifebelike,1
tiredaf,1
emails,1
taylorswiftedit,1
lovemejeje,1
borninthewild,1
booktoker,1
leclubdeslecteurs,1
ruthb,1
nederland,1
howdoisaygoodbye,1
netherlands,1
hanjisung,1
straykids,1
deanlewis,1
netherlands🇳🇱,1
han,1
bealright,1
creator,1
represent,1
aitools,1
adobe,1
tech,1
bark,1
techtok,1
socialmedia,1
dogsoftiktok,1
vine,1
golfergirl,1
cadence,1
themasters,1
technology,1
founder,1
pet,1
golf,1
electrolytes,1
newtech,1
plane,1
suno,1
marketer,1
masters,1
golfers,1
hydration,1
content,1
udio,1
tigerwoods,1
hiphop,1
artificialintelligence,1
golfersoftiktok,1
adobepremierepro,1
airpurifier,1
playalongwithme,1
interaction,1
wackytobaccy,1
tiktokshopping,1
festivalfits,1
confidencequeen,1
onepieceswimsuit,1
declutter,1
springrefresh,1
bigsisteradvice,1
dogmum,1
outfitoftoday,1
mumlife,1
privatedownloads,1
privacy,1
egwuchallenge,1
kitale,1
datasaving,1
operamini,1
privatebrowsing,1
howimadethis,1
osas,1
frankitom,1
rosacea,1
macys,1
makeuepover40,1
hoodedeyesmakeup,1
smokeyeyes,1
undereyehollows,1
hourglass,1
makeuphack,1
concealertutorial,1
easyeyeshadow,1
ericataylor,1
creasingconcealer,1
lifehack,1
repost,1
makeuphaul,1
eyebrow,1
eyeliner101,1
softpinch,1
largepores,1
viralmakeup,1
lipcombo,1
powderfoundation,1
imagrownasswoman,1
peachcorrector,1
millenial,1
lipoils,1
iwastodayyearsold,1
eyebag,1
urbandecay,1
colorwow,1
moneybundle,1
over30,1
easyeyeliner,1
contourtutorial,1
grownasswoman?,1
cakeymakeup,1
nudelip,1
ainash,1
foundation,1
millennial,1
innbeautypartner,1
blushlaunch,1
bottomliner,1
fullcoverage,1
loreal,1
hack,1
physiciansformula,1
makeupforbeginners,1
waterproof,1
hauslabs,1
drugstore,1
ultahaul,1
blushplacement,1
genxtiktokers,1
skincaremusthaves,1
makeupbymariopalette,1
mua,1
yourwelcome,1
wingedeyeliner,1
waterliner,1
lauragellerpartner,1
basicmakeup,1
puffy,1
liquideyeliner,1
liplinerhack,1
faceliftmakeup,1
perfume,1
camoflauge,1
hoodedeyesmakeuptips,1
over35,1
newfilter,1
sweetfragrance,1
easymakeuptutorial,1
sweatproofmakeup,1
cateye,1
undereyecircles,1
superbrandday,1
mascara,1
colorcorrection,1
browpencilreview,1
lipliner,1
sephorahaul,1
adhdmakeup,1
eyeshadowhack,1
simplemakeup,1
blushtrend,1
translucentpowder,1
ainashparfums,1
colorcorrector,1
kayali,1
cheeklift,1
affordablemakeup,1
kohgendomoisturefoundation,1
dosanddonts,1
foundationhack,1
genx,1
iliabeauty,1
millenialmakeup,1
pinkpowder,1
lashes,1
kosaspartner,1
cushion,1
wingedliner,1
makeupfacelift,1
facelift,1
liquidliner,1
contouringhacks,1
biggereyes,1
anastasiabeverlyhills,1
cleanbeauty,1
funnymakeup,1
pores,1
antiaging,1
eyebrowtutorial,1
eyelineraid,1
creasefree,1
matureskin,1
openeyes,1
newlipstick,1
matureskinmakeup,1
makeuptok,1
eyeliner,1
departmentstore,1
perimenopausehealth,1
eyeshadow,1
moneymist,1
settingpowder,1
nosecontour,1
beautyhaul,1
1990s,1
makeupmistakes,1
blushhack,1
blackeyeliner,1
eyelinertutorial,1
beginnermakeup,1
over40makeup,1
eyecontour,1
innbeautyproject,1
darkundereye,1
fragrance,1
smokeyeye,1
injectables,1
worthit,1
eyeshadowlook,1
lauragellerambassador,1
facialanatomy,1
colorselector,1
fragrancehaul,1
viraltok,1
laurageller,1
sephoraspringsavings,1
powdermust,1
ericataylor2347,1
smokeyeyeshadow,1
voluminousmascara,1
eyelinerhack,1
makeupover30,1
bronzer,1
iwasthismanyyearsold,1
genxmakeup,1
omg,1
foundationhacks,1
nudeeyeliner,1
undertone,1
lauragellernmwd24,1
jowls,1
HausLabsFoundation,1
cushionfoundation,1
tomfordlostcherry,1
kohgendo,1
meritbeauty,1
makeupmusthaves,1
makeup101,1
corrector,1
updatedmakeuproutine,1
jawline,1
filterfree,1
tirtir,1
hotflashes,1
affordable,1
makeupmom,1
aprilfools,1
creasingundereyes,1
over40makeuptips,1
hacks,1
contouring,1
newlipgloss,1
mommakeup,1
thinbrows,1
makeuplife,1
eyebrowpencil,1
lipstickhack,1
darkcircles,1
undereyebags,1
healingtrauma,1
mindbodyconnection,1
somatichealing,1
nonbinarytiktok,1
modelcoach,1
affirmations,1
modeltips,1
storyteller,1
photoshootbts,1
creativedirector,1
selfportrait,1
photoshop,1
treeclimber,1
photograher,1
modeling,1
fineartist,1
indiepop,1
normani,1
troyesivan,1
gaypop,1
bi,1
enby,1
mlbbcreatorbase,1
mlbbtiktok,1
mlbb,1
roselatte,1
antiinflammatory,1
naturalrecipe,1
hormone,1
highproteinsnack,1
balancedenergy,1
whatidrinkinaday,1
hormoneimbalance,1
stressregulation,1
mindfulnessmeditation,1
cleaneating,1
proteinbreakfast,1
tiktokcreators,1
healthyrice,1
thyroidhealth,1
cleanfood,1
posingtricks,1
poses,1
poseideas,1
pose,1
cafeteria,1
posetothis,1
photoideas,1
posingflow,1
posingideas,1
posingtipas,1
posingtips,1
posingcoach,1
posing,1
usher,1
repeatafterme,1
neverenough,1
ukfood,1
duncanlaurence,1
swedishsausage,1
slay,1
thewinnertakesitall,1
situationship,1
loreen,1
wavyhair,1
ifallapart,1
tomking,1
gettoknowme,1
singingvideo,1
postmalone,1
honest,1
slime,1
whitneyhouston,1
photoshootchallenge,1
mrbraindead,1
sadsong,1
karmajojosiwa,1
piano,1
macdonalds,1
englishfood,1
menshair,1
mumsoftiktok,1
singersongwriter,1
outfittok,1
wecantbefriends,1
growingup,1
perfect10,1
hollow,1
tennesseewhiskey,1
loreentattoo,1
abba,1
chrisstapleton,1
menscurlyhair,1
sayyouwontletgo,1
alliwant,1
menswavyhair,1
fooltomking,1
losecontrol,1
teddyswims,1
british,1
songersongwriter,1
arcade,1
hollowtomking,1
mumandson,1
thegirlivealwaysbeen,1
jacketpotatowithcheeseandbeans,1
tomkinghollow,1
iwannadancewithsomebody,1
singingvideos,1
jacketpotato,1
jamesarthur,1
yourpower,1
honesttomking,1
forest,1
alkaline,1
connection,1
custard,1
vegano,1
americasgp,1
motogp,1
nbaplayoffs,1
bigbear,1
teampixel,1
broughttoyoubygoogle,1
groovybasketball,1
crissaandalexis,1
kerastaseclub,1
publicitémensongerejaiunfiltre,1
bashmuse,1
genesis,1
nycsightseeing,1
buddhabowl,1
proteinrecipe,1
matchatea,1
bach,1
womenshealth,1
nycbestfood,1
nycsights,1
balancedmeals,1
bachelorette,1
nycitinerary,1
newyorktips,1
cyclesyncing,1
probiotic,1
healthylife,1
grounded,1
bodyimage,1
proteinmeals,1
mealinspo,1
bacheloretteparty,1
nycfoodguide,1
healthymeals,1
bloatingtips,1
miamibachelorette,1
ritualpartner,1
nyceats,1
mealideas,1
period,1
toastideas,1
bodylove,1
protein,1
bridesmaids,1
proteinpacked,1
easyhealthyrecipes,1
foodfreedom,1
grounding,1
nyctravel,1
nycthingstodo,1
dateyourself,1
matchatips,1
yogurtbowl,1
mealinspiration,1
grocerylist,1
nourishbowl,1
mentalhealthmatters,1
tiktoktrend,1
romerecs,1
sustainability,1
italylife,1
italy🇮🇹,1
foryourpage,1
umbria,1
waitingforsummer,1
italy,1
inspirationalquotes,1
organic,1
mindsetmatters,1
mindsetshift,1
mindsetmotivation,1
guasha,1
holisticremedy,1
pizzalover,1
cookingclass,1
beautyhacks,1
remedy,1
holistichealing,1
manifestation,1
guthealing,1
abroad,1
inspirationalvideo,1
pastatiktok,1
mindsetgrowth,1
holistichealth,1
recipesforyou,1
romerecommendations,1
naturalskincare,1
slowlife,1
eating,1
naturalremedy,1
coffeetiktok,1
journaling,1
bluezone,1
italytiktok,1
beautytutorial,1
europesummer,1
sustainabilitytiktok,1
manifest,1
recipesoftiktok,1
peurs,1
engagement,1
prisedeconscience,1
monstres,1
thomasdansembourg,1
christianesinger,1
violence,1
approfondissement,1
communicationnonviolente,1
intérioritécitoyenne,1
developpementpersonnel,1
connaissancedesoi,1
cnv,1
choix,1
joie,1
bienveillance,1
relations,1
extrait,1
inconscient,1
interioritecitoyenne,1
changement,1
consciencenonviolente,1
développementpersonnel,1
lien,1
liberté,1
vivre,1
formation,1
conscience,1
consciencebienveillante,1
nonviolentcommunication,1
developpementhumain,1
enchantement,1
lafindupeoplepleasingcestmaintenant,1
jveuxpaslaviequonveutpourmoi,1
peoplepleaser,1
musicianlife,1
selfliberation,1
jeveuxpaslaviequonveutpourmoi,1
liberation,1
perfectionnisme,1
pourtoiiiiiiii,1
soytietnumbersong,1
soytietnumbersong2024,1
ytietoffcial,1
duracell,1
twilight,1
sponsoredbysharkbeauty,1
duracellpowersafely,1
bitterisbetter,1
sharkflexstyle,1
thailandais,1
pascher,1
batboot,1
brasserie,1
restaurant,1
egypte🇪🇬,1
93,1
italie,1
indien,1
saltbeef,1
baoburger,1
promo,1
restosolidaire,1
algerie🇩🇿,1
foodtruck,1
restoitalien,1
restauranthalal,1
japonais,1
pakistanais,1
yummy,1
restohalalparis,1
ramadanmoubarak,1
boucherie,1
halalfoodparis,1
ps5,1
dz,1
nouveau,1
patisserie,1
instagood,1
aid,1
association,1
bonplan,1
oumangeraparis,1
falestine,1
deco,1
pizzeria,1
onmangequoi,1
evenements,1
caribeen,1
parishalal,1
palestine,1
buffetavolonte,1
livraison,1
egypte,1
londres,1
pastry,1
kebab,1
resto,1
halal,1
delicious,1
foodblogger,1
turquie,1
riseoftheronin,1
aidalfitr,1
palestine🇵🇸,1
gomu,1
lipgloss,1
lip,1
tacobellpartner,1
outfitidea,1
blooper,1
barbs,1
shopwithgooglepartner,1
shopwithgoogle,1
mevshydration,1
mineral89,1
diorfall24,1
vichylaboratoires,1
enzolefort,1
marinafois,1
lvbeyondmusic,1
kimchaewon,1
amberliu,1
nicolasghesquiere,1
xuminghao,1
lesserafim,1
pharrellwilliams,1
guokeyu,1
lvmenprefall24,1
sakura,1
loicprigent,1
hoyeon,1
lvmh,1
lvlibrairie,1
reginaking,1
victoriasong,1
zhuangdafei,1
espacelv,1
huhyunjin,1
jinchen,1
paulbettany,1
chloegracemoretz,1
jacksonwang,1
lvprefall24,1
jenniferconnelly,1
hongeunchae,1
zhoudongyu,1
zhaolina,1
collectionflv,1
liuyifei,1
ouyangnana,1
dujuan,1
kazuha,1
lvvoyager,1
elainezhong,1
annawang,1
lvextended,1
dadsoftiktok,1
shoppingaddict,1
spongebobsquarepants,1
grwmoutfit,1
boysdad,1
tiktokfamily,1
momandsons,1
ukcouple,1
ukmomsoftiktok,1
tiktokdad,1
familyrestaurant,1
unogame,1
teal,1
interracialfamily,1
uno,1
momamdson,1
interracialmarriage,1
spongebobsong,1
familyfun,1
birthdayparty,1
6thsense,1
grwus,1
spongebobchallenge,1
ukfamily,1
spongebobafroremix,1
familyskit,1
spongebobremix,1
singingcover,1
funnycouple,1
momoftiktok,1
motherandteenager,1
birthdaygirl,1
moneysaving,1
marriedlifehumor,1
birthdaygift,1
praisejahinthemoonlight,1
matchingoutfits,1
familyvideo,1
spongebob,1
familychallenge,1
ukspring,1
onlygirlinthehouse,1
familydance,1
marriedlifebelike,1
surprisebirthday,1
interraciallove,1
marriedcouple,1
relatablefamily,1
behindthescenes,1
momandsonduo,1
happybirthdaytome,1
mixedcouple,1
matchingcouple,1
tealover,1
tiktokmom,1
moneytips,1
itsmybirthday,1
relatablecontent,1
fatherandsons,1
tiktokfamilys,1
tealoutfit,1
ukmum,1
familygame,1
familyholiday,1
fashiontransition,1
tealovers,1
dancecouple,1
fashionfamily,1
mothers,1
momskits,1
coupledancechallenge,1
familygames,1
tiktokmoms,1
familylife,1
coupledance,1
scandal,1
leréseau,1
kendjigirac,1
fiction,1
lopez,1
kendji,1
cocovoit,1
amitié,1
crypto,1
bitcoin,1
bitcoinhalving,1
btc,1
cryptocurrency,1
hyundaisantafe,1
2,1
3,1
monicavinader,1
katespadeny,1
phuket,1
katespadebloom,1
ootdinspiration,1
nordicstyle,1
cosyhome,1
overforty,1
makeupreel,1
homedecorfinds,1
soup,1
quickmakeup,1
wellnessaesthetic,1
winteraesthetic,1
lifestylebloggers,1
kitcheninspiration,1
homewares,1
ruglove,1
springwardrobe,1
romantizeyourlife,1
neutraldecor,1
fiveminutemakeup,1
aestheticvideos,1
openplanliving,1
weekendstyle,1
weekendroutine,1
kitchen,1
makeupfavorites,1
simpleliving,1
capsulewardrobe,1
vlogreel,1
ootdstyle,1
creativeliving,1
everygirl,1
sezanelovers,1
modernhome,1
loungewear,1
neutraloutfits,1
homedecoruk,1
dreamlife,1
comment,1
powerofchrist,1
headphones,1
runchallenge,1
studio,1
jp,1
4you,1
harmony,1
recording,1
trendy,1
mystory,1
challengeaccepted,1
popularsong,1
lfg,1
new,1
next,1
album,1
leak,1
friday,1
comingsoon,1
nelsong,1
LiveInLevis,1
tommyhilfiger,1
tommyjeans,1
math,1
hellostranger,1
newmusicfriday,1
singers,1
vocalproduction,1
handsoffme,1
noisacompletesentence,1
yebba,1
burp,1
emmymeli,1
silence,1
dearlittleme,1
liveperformance,1
overload,1
spin,1
yay,1
vocalstacking,1
phat,1
pigeontoe,1
goldrecord,1
cuteness,1
popstar,1
profil,1
montréal,1
quebec,1
monteal,1
laval,1
québec,1
show,1
rire,1
tayc,1
davido,1
ahossè,1
tiktokfrance🇨🇵🇨🇮,1
tiktokusa🇺🇸,1
tiktokcreole🇭🇹,1
moreviews,1
antilles,1
fypシ゚viral🖤tiktok,1
newalbumcomingsoon,1
tiktokguadeloupe,1
kizombadance,1
lakinda,1
newalbumoutnow,1
abidjan225🇨🇮,1
guéré🇨🇮,1
soyonsfous,1
nowavailable,1
kompa,1
toutlaisse,1
onestlà,1
tiktoklondon🇬🇧,1
vibrationuniverselle,1
tiktokguyana,1
1984xaudible,1
longchamp,1
acquadiparma,1
longchampsttropez,1
bulgaristudio,1
bzero1,1
jackieaina,1
zaradress,1
eidalfitr,1
eidgala,1
luminoussilk,1
eid2024outfits,1
happy16thbirthday,1
pixarfest2024,1
therock,1
narcanpartner,1
redcarpet,1
crush,1
mothersdayideas,1
puppylove,1
spoilmom,1
kohlsfinds,1
mamaandme,1
brody,1
kevinhart,1
newshow,1
kohlspartner,1
bossbabybrody,1
looms,1
birthdayvibes,1
nyhiltonmidtown,1
sweet16,1
surpriseandseek,1
chickfilasauce,1
iconic,1
dancingqueen,1
amazonkids,1
disneyland,1
tiktokviralvideo,1
hyundaipartner,1
9to5,1
ninetofive,1
nowstreaming,1
mothersdaygifts,1
jumanji,1
hyundaipalisade,1
bookflights,1
bestgifts,1
maxalexander,1
bolechudiyan,1
crymeariver,1
fupシ,1
justintimberlake,1
mysician,1
reallovechallenge,1
musicians,1
berklee,1
polyphonicsinging,1
berkleecollegeofmusic,1
goingviral,1
gospelmusic,1
paramountplus,1
allstars,1
thepitstop,1
roxxxyandrews,1
dragrace,1
dragqueen,1
winningmoment,1
misscongeniality,1
q,1
kylieminogue,1
shade,1
mirageamuro,1
xunamimuse,1
drag,1
nymphiawind,1
planejane,1
allstars9,1
donnasummer,1
morphinelovedion,1
malaysiababydollfoxx,1
sapphiracristal,1
shady,1
padampadam,1
teamplanejane,1
clapback,1
untucked,1
performance,1
teamnymphia,1
crowning,1
rpdr,1
whatchapackin,1
shannel,1
teamsapphira,1
runway,1
mtv,1
traderjoesrecipe,1
drunkelephant,1
abercrombiepartner,1
nycmanicure,1
sullivantwins,1
choppedsandwich,1
flexibilitychallenge,1
dessertrecipe,1
gifted_by_drunkelephant,1
chocolatestrawberrybites,1
traderjoes,1
drunkelephantskincare,1
russianmanicure,1
lunchrecipe,1
nycfitness,1
lifewear,1
patientlywaitingforsummer,1
spzeroexcuses,1
sppartner,1
madeyoublush,1
pumaeasyrider,1
uniqlo,1
karaokechallenge,1
primevideocreator,1
musica,1
tiktokfatigue,1
fraserandthompsonwhiskey,1
premiosplatinos2024,1
proud,1
marvel,1
toothtok,1
dontforgettofloss,1
jamescordon,1
elvis,1
michaelreviewsmusic,1
failedtrend,1
whiskey,1
dogwhisper,1
vacationmode,1
momsontiktok,1
moms,1
blazer,1
zodiacsigns,1
xyzbca,1
dynasty,1
mommyandme,1
zodiac,1
zodiacsign,1
suitstyle,1
woman,1
suit,1
alexiscolby,1
metiersdexcellence,1
vietnam,1
kiehlsfranceskincare,1
vintagefashion,1
voyage,1
kiehlsfrance,1
motherdaughter,1
cake,1
dontbethisparent,1
happybirthdaysong,1
servicedaccommodationuk,1
whathorrormovieareweinrightnow,1
taketheplankoutofyourowneyefirst,1
makeitmakesense,1
whatisthenameofthishorrormovieweareinrightnow,1
womensncaachampionship,1
canon,1
timeslikethese,1
notmysound,1
headtoheart,1
itunescharts,1
arranger,1
maman20ans,1
wê,1
tag,1
mouvement,1
tomato,1
spaguetti,1
menage,1
myson,1
christ,1
maman40ans,1
quellevoix,1
forypu,1
un,1
maintenantcasevoit,1
mereetfils,1
saucetomate,1
venven,1
petitfrere,1
lesgaragistes,1
dimanche,1
zouglou,1
fourire,1
p,1
amoutati,1
actiondegraces,1
cotedivoire🇨🇮225,1
acre,1
merci,1
grossesse,1
louange,1
mercimondieu,1
humoriste,1
congolaise🇨🇩,1
armanibeauty,1
nikestyleby,1
aerialist,1
fun,1
skills,1
😭,1
ginger,1
tiktokviral,1
kidsoftiktok,1
miversionia,1
priority,1
bellakeo,1
time,1
johannesburg,1
memory,1
jrm,1
lyra,1
90,1
skate,1
southafrica,1
filters,1
neurodiversity,1
autismfamily,1
autismisbeautiful,1
onthespectrum,1
autismvolumes,1
autismparent,1
autismawarenessmonth,1
autismspectrum,1
blackautismawareness,1
autistickids,1
autismsupport,1
autismmom,1
hometok,1
dioraddict,1
pradamonochrome,1
rosyglow,1
diorbackstage,1
loveispatientloveiskind,1
loveispain,1
howdoyoudescribelove,1
ibelovetoyou,1
coach,1
tgif,1
faceage,1
thevoicebe,1
vismavie,1
tall,1
selfimprovement,1
getyourlullon,1
kellyclarkson,1
kristencruz,1
kp,1
insecure,1
matmutatlantique,1
u19,1
féminine,1
psgol,1
dunkerque,1
bordeaux,1
ligue2,1
campus,1
smileypot,1
xyba,1
experiment,1
why,1
indoorgrill,1
xybca,1
energysupplement,1
hosanna,1
moringapowderpills,1
jointstrength,1
shameiacrawford,1
vegansandwich,1
science,1
fete,1
holypillow,1
reactionvideo,1
weofly,1
instareels,1
itonlycosteverything,1
victorray,1
laymedown,1
halfwaythere,1
fallingintoplace,1
devinvelez,1
overjoyed,1
fifa,1
alte,1
liberiangirl,1
hellnback,1
iwasoverlove,1
summerwalker,1
michaeljackson,1
unreleased,1
wowangelwigreviews,1
dasilva,1
beginnerfriendly,1
independent,1
newsong,1
pop,1
oqhairglueless,1
dasilvadakid,1
wowangelwig,1
wowangel,1
luvrgrl,1
artistsoftiktok,1
wowangelaliexpress,1
notimetodie,1
papediouf,1
momodiengofficiel,1
supermanelove,1
goordayamdollé,1
france🇫🇷,1
aspikine❤️💚🔥,1
❤️❤️❤️❤️❤️❤️❤️❤️❤️❤️❤️❤️❤️❤️❤️,1
senegalaise_tik_tok🇸🇳pourtoichallenge,1
generationconsciente,1
mbeuguelchallenge,1
yayesamaseytane,1
albumecoutez,1
mbeuguel♥️♥️♥️néxna,1
kileubeugeu,1
yayeboyechallenge😍,1
luxembourg🇱🇺,1
marichylajoie,1
touly🍷,1
eidmubrak,1
touly,1
bellepeau,1
dovepartner,1
keepbeautyreal,1
africantiktok,1
jennites,1
jennifrank29,1
riffs,1
drafts,1
adele21,1
21,1
runs,1
4u,1
caromioben,1
dollyp,1
blackbiird,1
paulmccartney,1
beatles,1
blackbirdduet,1
operasinger,1
lovewastheexcuse,1
duetthis,1
tiktoksinger,1
randb,1
equalizer,1
autotune,1
karaokeapp,1
karaoke,1
drescot,1
africanwedding,1
graffitiart,1
houston,1
summer24,1
summerwishlist,1
summertrend,1
frenchgirl,1
howtodresslikeafrenchgirl,1
carbonne,1
partydress,1
partywear,1
dailyoutfit,1
capferret,1
endgame,1
boxe,1
famebyrabanne,1
fametwilightcall,1
rabanneparfums,1
miuwander,1
chanelpartner,1
gift,1
diorforever,1
tommyfamily,1
mamastillgotit,1
mamaskitchen,1
tiktokfrance🇲🇫,1
224🇬🇳tiktok,1
223🇲🇱🕊️💪🏿,1
tiffanywonder,1
goodgirlcarolinaherrera,1
lexuselectrified,1
experienceamazing,1
milandesignweek,1
customersbelike,1
ibetyoucantootd,1
tygmix,1
siblingsbelike,1
blackfoodtruckfestival,1
parentsbelike,1
issacookout,1
bftf,1
maaaanguesswhatiwant,1
dustydorito,1
spotifypartner,1
reboxing,1
applepartner,1
kpoppersona,1
truematchpearlskin,1
gymsharkpartner,1
truematchtintedserum,1
lumiglotion,1
nails,1
springnails,1
belifpartner,1
aquajellyskineffect,1
rockstarenergypartner,1
nailtrends,1
rockstarfocus,1
sustainmindbodyenergy,1
beyou,1
classique,1
karinavigierintunis,1
fashionweek,1
blackandwhite,1
lookoftheday,1
lookdusoir,1
punchline,1
overfiftywithstyle,1
outfitsinspo,1
mixandmatch,1
etnique,1
layering,1
colorblock,1
karinaornada,1
liftstory,1
over50whitstyle,1
karinavigier,1
karinaetcarole,1
fullblack,1
black,1
lookdujour,1
fashionwalking,1
extraitajewelery,1
beforeafter,1
italiantradeagency,1
withamex,1
lovelulus,1
luluspartner,1
madeinitaly,1
snugsofa,1
blondewig,1
layeredhaircut,1
snuginabox,1
curlinghair,1
singlegirlmovingdiaries,1
mercerlabsnyc,1
t3micro,1
dreakelly,1
16thbirthday,1
nycmuseum,1
thingstodoinnyc,1
iihandsiiheaven,1
youngmum,1
houseofcb,1
birthdayboy,1
peakyblinders,1
peakyblindersedits,1
peakyblindersedit,1
tiktokshortfilm,1
dunemovie,1
onregardequoi,1
duneparttwo,1
thomasshelby,1
makeupforblackwomen,1
arttransition,1
sheinsxy,1
saveinstyle,1
loves,1
sheinforall,1
watercoloreyeshadow,1
creativemakeuplooks,1
lochairstyles,1
stylingtips,1
parisfashion,1
birthdaytheme,1
flooring,1
paintingwalls,1
bathroomremodel,1
homediy,1
dreambedroom,1
homeprojects,1
bedroomremodel,1
momdiy,1
secondbirthdaythemes,1
diybirthday,1
bemindful,1
glam,1
bratz,1
collegetour,1
coachellaoutfit,1
sauna,1
themarkhotel,1
longevity,1
outfits,1
snackideas,1
festivaloutfits,1
pantrytour,1
powderblushstick,1
mcshemcomedian,1
africanhome,1
mamashem,1
zara,1
springcapsule,1
modaentiktok,1
wardrobe,1
moda,1
invitadaperfecta,1
wardrobeessentials,1
roku,1
bymyownself,1
g580,1
biscuitdough,1
blueberrymuffinrecipe,1
easysaladdressing,1
orzorecipes,1
easypotatosalad,1
dinerrecipes,1
smashburger,1
levainbakerycookies,1
diprecipes,1
thebiggame,1
buttercreamrecipe,1
burgerrecipe,1
copycatrecipes,1
cagefreeeggs,1
quesadilla,1
chocolatefrosting,1
scallionpancakes,1
crispymushrooms,1
gamedayfood,1
pickletok,1
easydiprecipes,1
sandwiches,1
copycatrecipe,1
bolognese,1
creamcheesestuffedbagel,1
appetizers,1
cakes,1
homemademarinara,1
chocolatefudgefrosting,1
gameday,1
honey,1
martini,1
bolgoneserecipe,1
creamychickenpasta,1
potatosaladrecipe,1
pretzelrecipe,1
cupcakes,1
gamedayappetizer,1
springveggies,1
lemonchickenorzo,1
cakedecorating,1
mushroomrecipes,1
highproteinmeal,1
blueberrymuffins,1
chocolatechipcookies,1
marchmadness,1
innout,1
springvegetables,1
chocolatefrostingrecipe,1
potatosalad,1
smashedpotatosalad,1
dumplings,1
pickles,1
vinaigrette,1
pretzelbites,1
creamycajunpasta,1
birthmonth,1
onepotpasta,1
trendingtuesday,1
cheeseburger,1
onepan,1
highproteinpasta,1
caesarsandwich,1
easydip,1
frostingrecipe,1
summersalad,1
armenianfood,1
onepandinner,1
redgoldtomatoes,1
croissant,1
levain,1
onepotmeal,1
scallionpancake,1
mantuh,1
thinkrice,1
marinararecipe,1
mustardvinaigrette,1
thenaughtyfork,1
muffin,1
springsalad,1
buttercream,1
gamedaysnack,1
pretzelrecipes,1
innoutrecipe,1
caesarsaladsandwich,1
glutenfreerecipe,1
turkeybolognese,1
onepotrecipe,1
orzorecipe,1
plantbasedfriedchicken,1
cheeseburgers,1
fodtok,1
onepot,1
mushrooms,1
baketok,1
focacciabread,1
bakingcookies,1
kimchi,1
cupcakedecorating,1
potatoes,1
frosting,1
bagels,1
focacciarecipe,1
whippedhoney,1
plantbasedrecipes,1
levainbakery,1
onepanmeals,1
bageltok,1
chocolatebuttercream,1
onepotorzo,1
saladdressingrecipe,1
chickencaesarsaladsandwich,1
dumplingrecipe,1
yourmonth,1
icing,1
grilledcheese,1
springtok,1
innoutburger,1
granolamuffins,1
croissantsandwich,1
eggplantparm,1
muffins,1
cornfritter,1
bestsaladdressing,1
dillpickle,1
bolgonesepasta,1
pretzel,1
tuttorossotomatoes,1
taiwanesefood,1
cornfritters,1
yourmonthyourthing,1
springproduce,1
srirachamayo,1
chickencaesar,1
levaincookies,1
armenian,1
usagrown,1
dirtymartini,1
stuffedbagel,1
appetizer,1
familydinnerideas,1
bakingbread,1
ricerecipes,1
tomatochallenge,1
armenianrecipes,1
cheeseburgerrecipe,1
martinidip,1
homemadeinnout,1
hothoney,1
picklegrilledcheese,1
yourbirthmonth,1
armenianrecipe,1
cajunalfredo,1
garlic,1
garlicbagel,1
chickencaesarsandwich,1
scallionpancakequesadilla,1
dijonvinaigrette,1
croissants,1
onepanrecipe,1
dirtymartinidip,1
saladdressing,1
armeniancuisine,1
bakingmuffins,1
lemonorzo,1
leekumkee,1
bolognesepastarecipe,1
hashbrown,1
whippedhoneyrecipe,1
potatopancake,1
cascadianfarm,1
garlicbread,1
buttercreamfrosting,1
homemadepretzels,1
chickenpasta,1
focacciarecipes,1
cajunpasta,1
easypasta,1
copycatlevain,1
calicbagel,1
olivedip,1
leekumkeecanada,1
highproteinsauce,1
feedfeed,1
marinarasauce,1
muffinrecipe,1
greenonionpancake,1
eggplantparmesan,1
cajunchickenpasta,1
tatertots,1
onepandinners,1
pastarecipes,1
onepotdinner,1
potato,1
glutenfree,1
blueberrymuffin,1
marinara,1
fashiondesigner,1
teamusa,1
skort,1
tshirt,1
react,1
subway,1
streetfood,1
masterclass,1
softlitglow,1
2000smakeup,1
asianmakeup,1
spot,1
zicochallenge,1
szasos,1
szaconcert,1
olaysuperserum,1
vitamincserum,1
pearlskin,1
dewyskin,1
buickenvista,1
buickambassador,1
ethicalfashion,1
madeinafrica,1
madeinmali,1
part3,1
syntheticwig,1
lorvae,1
wigtutorial,1
tryonhaul,1
howtotiktok,1
wiginstall,1
hairinspo,1
sparkjoyintheeveryday,1
sisters,1
pressonnails,1
zambiantiktok🇿🇲,1
tanzania🇹🇿,1
tanzania,1
zambeziriver,1
zambiantiktok,1
africa,1
zanzibar,1
protectivehairstyles,1
knotlessboxbraids,1
zanzibartiktok,1
naturalmakeuproutine,1
tiffanyicons,1
teambach,1
rockpaperscissors,1
staywithme,1
samsmith,1
latch,1
handbag,1
chitchat,1
beberexha,1
maquiagem,1
vsling,1
coachellafashion,1
california,1
ttcontentcamp,1
flattummypartner,1
airbnb,1
ttsacl,1
joshuatree,1
cuts,1
joke,1
twins,1
bullatwins,1
versacefw24,1
RayBan,1
ootdfashion,1
princessetamtam,1
fashionstyle,1
dysonhair,1
dyson,1
lately,1
virginiedarbon,1
parisianvibe,1
curlyhairtutorial,1
curlyhairtips,1
curly,1
grwmmakeup,1
diorbeauty,1
curlsroutine,1
becurly,1
parislife,1
frenchstyle,1
parisstyle,1
dailylook,1
wanbowonderfulworld,1
lingerie,1
veryversace,1
versacemedusa95,1
curlyhaircheck,1
aveda,1
outfitcheck,1
saywho,1
makeuptransformation,1
newcollection,1
thomaslevylasne,1
rendezvous15placevendome,1
nutriplenish,1
routinebeaute,1
curlstutorial,1
galeriefillesducalvaire,1
parisianchic,1
grwmroutine,1
dysonsupersonic,1
parisianlife,1
curlyhairroutine,1
ritzparis,1
curlygirl,1
labonnebrosse,1
brush,1
diorlipstick,1
curls,1
redlips,1
bobesponja,1
messi,1
cooljunkproductions,1
animation,1
link,1
xpsoccer,1
neildegrassetyson,1
cristianoronaldo,1
cosmos,1
messi10,1
zelda,1
dragonball,1
pixelart,1
xpmaker,1
calamardo,1
alejoyvalentina,1
yosoybettylafea,1
animacion,1
cristiano,1
thelegendofzelda,1
congelar,1
univertogolais🇹🇬,1
univertogo🇹🇬🇹🇬🇹🇬po,1
pourtoii,1
pourtoiiii,1
univertogo🇹🇬🇹🇬🇹🇬,1
disporatogo🇹🇬🇺🇸,1
