Hashtag,Frequency
ourhome,3
secretsoftheoctopus,3
eclipseacrossamerica,2
eclipse,2
vetsoftiktok,2
incredibleanimaljourneys,2
critterfixers,2
americasnationalparks,2
animal,2
wildlife,2
stitch,2
nationalparkweek,1
bronco,1
ford,1
ad,1
teambronco_ambassador,1
winter,1
idahome,1
idaho,1
animalsoftiktok,1
sharks,1
paradiseislands,1
tiger,1
dogs,1
earthhowlifeworks,1
bats,1
belugas,1
nature,1
elephants,1
exoticanimaler,1
wildyellowstone,1
predatorvprey,1
natgeoqueens,1
taurusseason,1
secretsofthewhales,1
hens,1
betterhumanbetterdog,1
python,1
hiddenwondersofeurope,1
beavers,1
wildchile,1
savetheelephantday,1
orcas,1
tortoise,1
proboscismonkey,1
squirrel,1
raccoon,1
secretsoftheelephants,1
goldfish,1
growingupanimal,1
octopus,1
dot,1
chicago,1
pacific,1
military,1
abcworldnewstonight,1
terrier,1
concert,1
solarpower,1
abcnews,1
pilots,1
supremecourt,1
selinawang,1
charlotte,1
weather,1
escape,1
ojsimpson,1
nfl,1
moon,1
newyork,1
elephant,1
stephanieramos,1
oregon,1
hushmoney,1
heavyrain,1
texas,1
mlb,1
lakemead,1
sun,1
plazahotel,1
boyscout,1
ecoli,1
worldnewstonighr,1
america,1
cerebralpalsy,1
torontoraptors,1
crash,1
shoheiohtani,1
strikes,1
donaldtrump,1
biden,1
solarenergy,1
swissair,1
wnt,1
melissaadan,1
bipartisan,1
balletdancer,1
truce,1
brave,1
flames,1
nationwide,1
basketball,1
recycling,1
mother,1
island,1
michigan,1
emergencylanding,1
solar,1
criminaltrial,1
reaganinternationalairport,1
sandiego,1
scammers,1
navajonation,1
cuba,1
naples,1
connecticut,1
madisonsquaregarden,1
drones,1
reunion,1
florida,1
dance,1
faa,1
montana,1
syria,1
reenaroy,1
ozzyosbourne,1
chihuahua,1
homicide,1
kansas,1
emergency,1
oceanlife,1
arkansas,1
americastrong,1
earthday,1
easthartford,1
nasa,1
hezbollah,1
morganwallen,1
authorities,1
linseydavis,1
running,1
nashville,1
groundbeef,1
bags,1
fishermen,1
hostage,1
delta,1
goodsamaritan,1
losangelesdodgers,1
california,1
south,1
cher,1
southwestairlines,1
american,1
boeing,1
congressionalgoldmedal,1
music,1
crashed,1
worldrecord,1
grandchildren,1
newyorkcity,1
minnesota,1
bostonmarathon,1
epa,1
local,1
ballerinas,1
christiebrinkley,1
80s,1
navajo,1
columbiauniversity,1
camera,1
rescuedog,1
mississippi,1
ojsimpsoncase,1
suzannemorphew,1
whitehouse,1
travel,1
assault,1
philadelphia,1
penguin,1
vandals,1
russia,1
ship,1
rocknroll,1
towtruck,1
coastguard,1
trump,1
jetblue,1
lottery,1
ohio,1
circus,1
billyjoel,1
uptowngirl,1
trial,1
barbers,1
ballet,1
atlanticocean,1
truck,1
boston,1
atribecalledquest,1
space,1
country,1
nba,1
whitjohnson,1
morgannorwood,1
officer,1
ukraine,1
taiwan,1
zohreenshah,1
openfire,1
davidmuir,1
abortion,1
iran,1
cruise,1
tennessee,1
car,1
trumptrial,1
victoroquendo,1
rescue,1
louisiana,1
antarctica,1
hershgoldberg,1
cancer,1
traffic,1
hamas,1
ikeejiochi,1
storm,1
dream,1
scammeralert,1
shreveport,1
plastic,1
arizona,1
sanfrancisco,1
tomsoufiburridge,1
nyc,1
littlerock,1
maryjblige,1
tornado,1
earth,1
robmarciano,1
ocean,1
israel,1
draft,1
denver,1
jfkairport,1
flood,1
grandparents,1
northcarolina,1
critical,1
plane,1
propalestineprotest,1
worldnewstonight,1
suspect,1
rock,1
colorado,1
storms,1
explosion,1
dancing,1
news,1
detroit,1
brenham,1
epcot,1
earthmonth,1
lifebelowzero,1
disneyplanetpossible,1
jane,1
disneyconservation,1
neversaynever,1
natgeophotographer,1
billyandmolly,1
manatee,1
babyanimals,1
animalrescue,1
cuteanimal,1
video,1
owl,1
photoark,1
birds,1
animals,1
footage,1
cuckooday,1
bird,1
reel,1
indigenoustransjoy,1
acolonizinguniversity,1
dinéaesthetics,1
phd,1
tdov,1
highereducation,1
transjoy,1
grandmasaidno,1
nativetiktok,1
trans,1
transdayofvisibility,1
adayinmylife,1
sunset,1
capetownsunset,1
capetown,1
southafrica,1
