Hashtag,Frequency
fyp,24
israel,12
weather,11
news,11
gaza,11
london,10
newyork,10
iran,10
school,9
foryou,9
ukraine,8
football,8
politics,8
tiktok,8
uk,8
taylorswift,8
rishisunak,7
scotland,7
humzayousaf,7
music,7
eclipse,7
solareclipse,7
australia,7
fypシ,7
england,6
russia,6
olympics,6
breakingnews,6
columbia,6
california,6
snp,6
climatechange,6
columbiauniversity,6
worldnews,6
nature,6
hainault,6
election,6
arsenal,6
spring,6
earthday,6
protest,6
learnontiktok,6
foryoupage,6
fypシ゚viral,6
viral,6
food,5
nyc,5
ukpolitics,5
africa,5
usa,5
protests,5
police,5
ukgovernment,5
socialmedia,5
donaldtrump,5
rwanda,5
health,5
flood,5
sun,5
crime,5
climate,5
labour,5
running,5
runtok,5
thetorturedpoetsdepartment,5
dubai,5
sport,5
tv,5
palestine,5
sydney,5
dog,5
ttpd,5
republican,5
biden,5
trump,5
art,5
fire,5
capcut,5
relatable,5
ad,5
vote,4
cancer,4
cooking,4
kingcharles,4
funny,4
trumptrial,4
europe,4
horses,4
tiktokban,4
france,4
cornwall,4
war,4
tornado,4
wales,4
premierleague,4
rap,4
election2024,4
us,4
georgia,4
ocean,4
flooding,4
ukweather,4
podcast,4
womensfootball,4
londonmarathon,4
wow,4
dogsoftiktok,4
volcano,4
florida,4
middleeast,4
meme,4
challengers,4
torturedpoetsdepartment,4
kimkardashian,4
whitehouse,4
sports,4
aviation,4
trending,4
fashion,4
world,4
animals,3
texas,3
college,3
fkatwigs,3
yale,3
megantheestallion,3
summer,3
movies,3
bees,3
conservatives,3
royalfamily,3
kenya,3
stormydaniels,3
paris,3
newyorkcity,3
beach,3
photography,3
work,3
schoollife,3
costofliving,3
university,3
smoking,3
oklahoma,3
athens,3
europeanparliament,3
italy,3
festival,3
hollywood,3
nypd,3
nhs,3
rain,3
housing,3
king,3
foodtok,3
championsleague,3
joebiden,3
china,3
rwandabill,3
slovakia,3
nyu,3
harveyweinstein,3
ai,3
manchestercity,3
un,3
tornadoes,3
bytedance,3
hijab,3
cybersecurity,3
alessiarusso,3
dating,3
dance,3
ellatoone,3
lionesses,3
marathon,3
run,3
baseball,3
mexico,3
swifties,3
didyouknow,3
plasticpollution,3
earthday2024,3
uae,3
indonesia,3
flights,3
zendaya,3
icecream,3
espresso,3
boeing,3
science,3
eclipse2024,3
usnews,3
hamas,3
house,3
hardestgeezer,3
moon,3
hushmoney,3
senate,3
miami,3
magic,3
basketball,3
stitch,3
fitness,3
onthisday,3
law,3
bondi,3
live,3
trainers,3
nike,3
genz,3
women,3
uknews,3
attack,3
happy,3
workout,3
concert,3
challenge,3
comedy,3
hostage,3
elections,3
ireland,3
womenshealth,3
womenoftiktok,2
voting,2
sword,2
students,2
universityofsoutherncalifornia,2
localelection,2
storm,2
artificialintelligence,2
emergency,2
bristol,2
smallbusiness,2
mancity,2
who,2
nebraska,2
campus,2
shark,2
nottinghamforest,2
venice,2
lawsuit,2
guangzhou,2
buckinghampalace,2
metpolice,2
deepfakes,2
ammanford,2
interview,2
religion,2
skincare,2
eastlondon,2
royal,2
alcohol,2
sheffield,2
seagulls,2
migration,2
x,2
ysgoldyffrynaman,2
asia,2
uspolitics,2
austin,2
twitter,2
advertising,2
localelections,2
lookalike,2
gaming,2
spain,2
cinema,2
damage,2
drinking,2
teachers,2
crimetok,2
scottishgreens,2
nairobi,2
secondaryschool,2
uefa,2
filmtok,2
thefallguy,2
oliveoil,2
tokyo,2
nationalcrimeagency,2
ryangosling,2
mayor,2
midwest,2
cosmeticsurgery,2
odesa,2
greens,2
kendricklamar,2
environment,2
weatherforecast,2
baby,2
ussenate,2
sahara,2
castle,2
gender,2
scottishpolitics,2
teenagers,2
gamingtok,2
doctor,2
drink,2
cyber,2
yorkshire,2
southkorea,2
iowa,2
seagull,2
japan,2
nca,2
schooltok,2
impression,2
harrypotter,2
greece,2
hospital,2
englishchannel,2
rafah,2
migrants,2
parisolympics,2
blackmail,2
drake,2
painting,2
var,2
ncutigatwa,2
milliegibson,2
foodprices,2
liverpool,2
mosalah,2
explainer,2
thisorthat,2
motd,2
eurovision2024,2
davidattenborough,2
doctorwho,2
eurovision,2
drama,2
iplayer,2
lgbtq,2
jurgenklopp,2
uwcl,2
runclub,2
racheldaly,2
realmadrid,2
lfc,2
footballtiktok,2
musictok,2
mlb,2
catch,2
rugby,2
bee,2
tattoo,2
everton,2
manchesterunited,2
leahwilliamson,2
runner,2
penalty,2
woso,2
ucl,2
queen,2
soccer,2
barcelona,2
marathontraining,2
astronomia,2
chile,2
idioma,2
argentina,2
lasvegas,2
historia,2
bbcmundo,2
eiffeltower,2
celebration,2
wetweather,2
coral,2
eidmubarak,2
skateboarding,2
sustainability,2
ukparliament,2
eid,2
dogs,2
spacetok,2
canada,2
safety,2
gcse,2
space,2
patron,2
penguin,2
military,2
ramadan,2
asylumseekers,2
portugal,2
cafe,2
taxday,2
tory,2
pollution,2
bondibeach,2
gbbo,2
jackoconnell,2
zendayaedit,2
dj,2
mikefaist,2
newmusic,2
backtoblack,2
swiftie,2
taylornation,2
marisaabela,2
joshoconnor,2
livemusic,2
stay,2
behindthescenes,2
scotus,2
kamalaharris,2
paris2024,2
gymtok,2
supremecourt,2
arizona,2
sciencetok,2
democrat,2
zebra,2
themasters,2
cloudseeding,2
solareclipse2024,2
contentcreator,2
dallas,2
zelenskyy,2
wnba,2
seattle,2
tehran,2
rescue,2
idf,2
washington,2
congress,2
losangeles,2
family,2
fish,2
traviskelce,2
nfl,2
seeds,2
training,2
water,2
nfldraft,2
spurs,2
highschool,2
choreography,2
fishing,2
throwback,2
tennis,2
babyreindeer,2
malaysia,2
coachella,2
storytime,2
list,2
weightloss,2
foodie,2
bonjovi,2
bonjovitiktok,2
jonbonjovi,2
muslim,2
mentalhealth,2
bayern,2
firefighter,2
edutok,2
metoffice,2
review,2
northlondon,2
airport,2
singer,2
rock,2
guitar,2
busker,2
reaction,2
beauty,2
thunderstorm,2
dogrescue,2
recycle,2
viralvideo,2
earth,2
community,2
education,2
horse,2
canon,2
easterholidays,2
brokenheart,2
surfing,2
injury,2
fakeittillyoumakeit,2
driving,2
schools,2
duet,2
motivation,2
ojsimpsontrial,2
englishbreakfast,2
tories,2
costoflivingcrisis,2
bondijunction,2
channel4,2
british,2
ojsimpson,2
westend,2
broadway,2
party,2
hearing,2
truecrime,2
history,2
sabrinacarpenter,2
earthquake,2
springvibes,2
love,2
gofundme,2
classicrock,2
handsome,2
pizza,2
pasta,2
breakfast,2
fullenglish,2
airfryer,2
easyrecipe,2
garybarlow,2
tour,2
berlin,2
teamusa,2
israelpalestine,2
instagram,2
pdiddy,2
asylum,2
inspiration,2
modi,2
amywinehouse,2
play,2
athlete,2
islam,2
metoo,2
disability,2
study,2
modestfashion,2
beyonce,2
tennessee,2
soundtrack,2
ozempic,2
iraq,2
trackandfield,2
diddy,2
boats,2
republicofireland,2
sleep,2
fallout,2
springtime,2
recipes,2
jamieoliver,2
ucla,2
actor,2
womensrights,2
westminster,2
firstminister,2
elonmusk,2
government,2
rehab,2
historytok,2
nuclear,2
naturaldisaster,2
putin,2
germany,2
sunak,2
trains,2
holyrood,2
netanyahu,2
macron,2
homeoffice,2
cheese,2
aanhpiheritagemonth,1
powerofwe,1
aanhpihm,1
reliablesauce,1
buriticupu,1
sumo,1
watercannon,1
smolenskoblast,1
interviewprep,1
immigration,1
cambridgeuniversity,1
maybankholiday,1
drizzy,1
toohottohandle,1
mi5,1
dovehousehospice,1
southchinasea,1
essex,1
nuy,1
dannyboyle,1
oxforduniversity,1
imperial,1
scottishnationalparty,1
diss,1
28yearslater,1
tvadvert,1
cctv,1
film,1
rebelrising,1
aimusic,1
atlanta,1
skincaretok,1
channel,1
facials,1
unitedkingdom,1
microneedling,1
plasma,1
tourism,1
councillor,1
davidbrent,1
aarontaylorjohnson,1
esports,1
bookreview,1
charityshop,1
alamat,1
tree,1
beyoncé,1
sunburn,1
holiday,1
newyorkuniversity,1
diagnosis,1
aids,1
birmingham,1
fireworks,1
animaltok,1
streetinterviews,1
dundermifflin,1
charityshopfinds,1
colombiauniversity,1
evict,1
danpoulter,1
brazil,1
thurrock,1
centrallondon,1
rocnation,1
mayoralelection,1
charityshopping,1
windmill,1
northumberland,1
books,1
celebritynews,1
suwon,1
may,1
saharadust,1
jodiecomer,1
traveltok,1
honeybees,1
whitedove,1
ministerofstate,1
michaelcohen,1
dota2,1
prp,1
bankholiday,1
unemployment,1
usc,1
universityoftexas,1
channelcrossing,1
charliewyke,1
scottishgreenparty,1
shops,1
maryammoshiri,1
voter,1
ukelection,1
arrest,1
sycamoregap,1
vampirefacial,1
expensive,1
russellgroup,1
facialtreatment,1
jayz,1
haaland,1
conservative,1
sealife,1
centralunitedstates,1
pinoypop,1
autobiography,1
blood,1
footballtok,1
ashleyjudd,1
oscars,1
ruthperry,1
columbiaprotests,1
sharkattack,1
gamingnews,1
eslonedota2,1
fee,1
green,1
disstrack,1
cybercrime,1
erosion,1
chrisphilp,1
nailsea,1
philippines,1
efit,1
calais,1
theofficeclips,1
emoryuniversity,1
localmayor,1
talesofkenzerazau,1
mufasa,1
game,1
europeantravel,1
ea,1
northyorkshire,1
stan,1
cabaret,1
bridlington,1
sensojitemple,1
gp,1
miroslavradačovský,1
emmastone,1
theofficeus,1
emilyblunt,1
monsters,1
sony,1
barbarianking,1
kendrick,1
babies,1
28dayslater,1
abubakarsalim,1
hiv,1
lionking,1
onlinesafety,1
extremeweather,1
southwestwales,1
inspection,1
drc,1
toryglen,1
russiaukraine,1
ralphfiennes,1
rebelwilson,1
pcgaming,1
oildepot,1
questiontime,1
advertisement,1
stunts,1
shopping,1
cpr,1
beekeeper,1
aigenerated,1
uosc,1
dove,1
beautytok,1
infectedblood,1
waitrose,1
poorthings,1
honeycomb,1
letter,1
southyorkshire,1
cities,1
interviewquestions,1
unitedstates,1
tomlockyer,1
lifeskills,1
skills,1
drunk,1
sachabaroncohen,1
gully,1
oil,1
policeefit,1
bodycam,1
facial,1
homelessness,1
factor8,1
venicefee,1
clashofclans,1
sumowrestling,1
spicegirls,1
harrypottercastle,1
hadrianswall,1
uni,1
10thingsihateaboutyou,1
identity,1
conviction,1
culturalattire,1
bbcnews,1
michaelscott,1
usuniversities,1
chinesecoastguard,1
holdenville,1
kentpolice,1
research,1
haemophilia,1
blueivy,1
rylan,1
theoffice,1
pollingstation,1
movietok,1
supercell,1
birleyacademy,1
yartsevo,1
southeastasia,1
plateletrichplasma,1
carmarthenshire,1
rainfall,1
worldfamous,1
shoplift,1
democraticrepublicofcongo,1
cryingsumo,1
usrap,1
jobinterview,1
shoplifter,1
melanoma,1
kigali,1
savealife,1
onlinecrime,1
blueivycarter,1
peace,1
cancandance,1
advert,1
stuntperformer,1
britishheartfoundation,1
fabricemuamba,1
charityshops,1
sea,1
skincancer,1
smallboats,1
rylanclark,1
yaleuniversity,1
twister,1
grades,1
teenager,1
traveltips,1
euphoria,1
rapper,1
scarborough,1
nakizumo,1
davidpecker,1
travel,1
harryjowsey,1
primaryschool,1
heart,1
venicetourism,1
centralus,1
retail,1
council,1
thurrockcouncil,1
lifeskill,1
security,1
westafrica,1
adonis,1
shouchew,1
fulltimejob,1
glasgow,1
moulinrouge,1
gothic,1
mp,1
queencamilla,1
congo,1
student,1
overtourism,1
ppop,1
kpop,1
swahili,1
ofsted,1
charity,1
platelet,1
marietta,1
tourist,1
erlinghaaland,1
orange,1
ukroyals,1
moviestunts,1
emmabunton,1
dresscode,1
keirstarmer,1
parttimejob,1
eviction,1
pop,1
tiktokbanned,1
hull,1
dust,1
johnlewis,1
hiphop,1
interviewtips,1
paint,1
cillianmurphy,1
theofficeuk,1
universitycollegehospital,1
runawayhorse,1
pika,1
camels,1
datingshow,1
bluelights,1
ikissedagirl,1
graniteharbour,1
classicalmusic,1
mua,1
bbcsounds,1
avoidance,1
raceacrosstheworld,1
abba,1
thenextstep,1
makeup,1
tnss9,1
miranda,1
ollyalexander,1
kin,1
glowup,1
thenextsteps9,1
bbcproms,1
theoneshow,1
mirandacore,1
cactus,1
qi,1
dizzy,1
againsttheodds,1
thistown,1
mammals,1
ianwright,1
crimedrama,1
incredible,1
micahrichards,1
stanway,1
franklampard,1
tooney,1
euro2016,1
bbcrugby,1
forest,1
runningtips,1
nffc,1
cole,1
kobbiemainoo,1
afcb,1
nedumonuoha,1
chelsea,1
mcfc,1
joewilkinson,1
ferguson,1
rugbyunion,1
arsenalfc,1
williamson,1
thekillers,1
sia,1
shaygiven,1
anime,1
facup,1
alanshearer,1
catchoftheday,1
sixnations,1
emmahayes,1
mufc,1
championship,1
mymatesafootballer,1
bernardo,1
bbcsport,1
silva,1
daly,1
wsl,1
leverkusen,1
motdtop10,1
womensfootballweekly,1
kayak,1
guardiola,1
scottcarson,1
siralexferguson,1
sukuna,1
bbcfacup,1
cescfabregas,1
gerardpique,1
garylineker,1
manutd,1
wosoedit,1
whufc,1
harryjudd,1
ashleycole,1
redroses,1
solanke,1
footballfocus,1
mcirma,1
chelseawomen,1
cairney,1
europaleague,1
bundesliga,1
russo,1
epl,1
tattooartist,1
pepguardiola,1
patrickbamford,1
fa,1
benfica,1
ring,1
hiddengems,1
baseballtiktoks,1
giants,1
couchto5k,1
dominicsolanke,1
arsenalwomen,1
coventrycity,1
mikelarteta,1
georgiastanway,1
bernardosilva,1
madueke,1
tottenham,1
tattoos,1
uel,1
jackson,1
rodri,1
toone,1
evenfo,1
colepalmer,1
volley,1
michailantonio,1
pep,1
beekeepersoftiktok,1
proposal,1
footballersfootballpodcast,1
ange,1
roykeane,1
rowing,1
womenssixnations,1
milliebright,1
ofcoursetrend,1
cfc,1
cup,1
fcbayern,1
astonvilla,1
ccfc,1
mciche,1
afc,1
benwhite,1
angepostecoglou,1
xabialonso,1
tooneyandlessirusso,1
westham,1
bayerleverkusen,1
fcbarcelona,1
sfgiants,1
hiddengem,1
cr7,1
bayernmunich,1
baseballlife,1
antonio,1
bbcwsl,1
fabregas,1
ellenwhite,1
slbenfica,1
murillo,1
motd2,1
eriktenhag,1
planetpremierleague,1
davidmoyes,1
micahrichard,1
pl,1
thfc,1
bbcfootball,1
rasmushojlund,1
coventry,1
pusb,1
vicario,1
avfc,1
georgebest,1
díadelespañol,1
hablasespañol,1
méxico,1
museos,1
antorchaolímica,1
parís2024,1
lovientiktok,1
colombia,1
uruguay,1
amor,1
lagomead,1
español,1
díadelatierra,1
castellano,1
cienciadivertida,1
díadelidioma,1
cambioclimático,1
noticiasentiktok,1
isfahán,1
relacionesiránisrael,1
ciencia,1
cafeína,1
luna,1
londres,1
ecuador,1
américalatina,1
narcotráfico,1
rocas,1
cerebro,1
violencia,1
juegosolímpicos,1
café,1
aprendeentiktok,1
palabras,1
sehablaespañol,1
españa,1
díadelidiomaespañol,1
díadellibro,1
sol,1
buenasnoticias,1
inspiración,1
spanish,1
llamaolímpica,1
cielo,1
calentamientogloblal,1
bandas,1
juegosolímpicos2024,1
ángelescustodios,1
irán,1
lenguaje,1
mediooriente,1
venezuela,1
ancianos,1
longervideos,1
salud,1
idiomas,1
solidaridad,1
maxwhitlock,1
eurovisionsongcontest,1
cheerleading,1
spiders,1
schoolfood,1
dogfriendlycinema,1
mars?,1
militarychildren,1
pokemonuk,1
canals,1
penguinmadness,1
concrete,1
windy,1
dogsofttiktok,1
lovedogs,1
album,1
olympicgames,1
dubaiweather,1
endagered,1
talentshow,1
pokemonchampionship,1
usgoverment,1
saturdaynighttv,1
carbonemissions,1
disney,1
icelandtiktok,1
uk?,1
anoukgarnier,1
eclipsefootage,1
crumblingconcrete,1
coralbleaching,1
wildlife,1
londonmarathon2024,1
cooktok,1
penguins,1
totaleclipse,1
bgt,1
wildlifecorridors,1
worldchampionships,1
portacabinlessons,1
portacabin,1
penguincompetition,1
antarctica,1
climatepositive,1
schoolpov,1
planetearthiii,1
volcanoeruption,1
dogtok,1
humboldtpenguin,1
vaisakhi,1
musicnews,1
topstory,1
pokemontiktok,1
schoolproblems,1
saturdaynight,1
cuteanimals,1
ras,1
schooldinner,1
carbondioxide,1
pokemon,1
cutepenguin,1
pokemoneuic2024,1
iceland,1
billieeilishtour,1
britainsgottalent,1
tiktokbanupdate,1
planets,1
seagullimpression,1
minishinpads?,1
stgeorge,1
duetthis,1
ustiktok,1
europeanchampionship,1
spacetiktok,1
schooldinners,1
historical,1
wordrecord,1
saintgeorge,1
newsforchildren,1
antanddec,1
thingstodowithdogs,1
raac,1
newsoftheday,1
pinholeprojector,1
grindavik,1
evertonfc,1
humboldt,1
scifi,1
doglover,1
koalas,1
army,1
concretecrisis,1
grindavikvolcano,1
dataprivacy,1
homemade,1
harvestfestival,1
pokemoninternationals,1
sikh,1
worldpenguinday,1
coralreef,1
newalbum,1
billieeilish,1
impressions,1
cheer,1
navy,1
historicalbuildings,1
plasticfree,1
redplanet,1
dogfriendly,1
phenomenon,1
northernlights,1
xəbərlər,1
siyaset,1
pişiklər,1
tarix,1
qaz,1
rusiya,1
rəsulzadə,1
catsoftiktok,1
etiraz,1
israil,1
kənd,1
sərhəd,1
avropa,1
məhkəmə,1
fransa,1
siyasi,1
qarabağ,1
ermənistan,1
azərbaycan,1
dost,1
paşinyan,1
ata,1
rubenvardanyan,1
sorğu,1
xəbər,1
yemək,1
xeberler,1
bbccurtas,1
chikungunya,1
cuscuz,1
irã,1
realityshow,1
tiktoknotícias,1
artesvisuais,1
palestina,1
guerra,1
cometadodiabo,1
estudiobbc,1
dermatologia,1
willardwigan,1
bbcnewsbrasil,1
escultura,1
budismo,1
estrelas,1
mar,1
comida,1
fisiologia,1
politicainternacional,1
sotaques,1
bbb24,1
vocoroca,1
dengue,1
cafeina,1
economia,1
bbb,1
natureza,1
ditadura,1
corais,1
linguistica,1
monge,1
scuplture,1
alemanha,1
saopaulo,1
pelesaudavel,1
paulistano,1
linguagem,1
bbcresponde,1
microescultura,1
conflitos,1
tiktoknotícias‌,1
branqueamento,1
tiktoknoticias,1
meioambiente,1
eua,1
tiktoknoticiasbrasil,1
maranhao,1
brasil,1
artesplasticas,1
culinaria,1
bigbrotherbrasil,1
equador,1
clima,1
vidamarinha,1
linguaportuguesa,1
arbovirose,1
curiosidades,1
portugues,1
cometa,1
colageno,1
saude,1
авто,1
волинь,1
отруєння,1
дружинабуданова,1
закордон,1
поліція,1
мобілізація,1
україна,1
зінченко,1
футбол,1
зброя,1
вода,1
допомога,1
погода,1
великабританія,1
тец,1
собор,1
качки,1
людина,1
батьки,1
потоп,1
поліціяукраїни,1
паводок,1
орськ,1
холоднийяр,1
машина,1
паспорт,1
корея,1
затемнення,1
варшава,1
літак,1
кордон,1
сша,1
краса,1
цікавіфакти,1
словаччина,1
париж,1
зінченко🇺🇦,1
цікаве,1
фортифікаційніспоруди,1
політика,1
диво,1
харківукраїна,1
тварини,1
atacms,1
дтп,1
грузія,1
фільми,1
зеленський,1
ракета,1
порятуноктварин,1
донбас,1
військові,1
оае,1
тваринки,1
власність,1
люди,1
харків,1
наука,1
соборпаризькоїбогоматері,1
ту,1
вінниця,1
арсенал,1
чоловіки,1
коні,1
передбачення,1
запас,1
космос,1
магазин,1
лелека,1
сонце,1
твариниукраїни,1
дубай,1
місяць,1
новиниукраїни,1
новини,1
ракети,1
ведмідь,1
гур,1
війнавукраїні,1
що,1
київ,1
українки,1
проблема,1
аварія,1
еволюція,1
комета,1
снаряд,1
допомогаукраїнцям,1
українка,1
одеса,1
обстріл,1
британія,1
гінеколог,1
війнавукраїні🇺🇦,1
луцьк,1
цікавознати,1
буданов,1
десна,1
зсу,1
юрист,1
річка,1
лондон,1
жінка,1
дощ,1
німеччина,1
прогнози,1
діти,1
небо,1
птахи,1
путін,1
підготовка,1
польща,1
реабілітація,1
енергетика,1
медицина,1
здоровя,1
важливо,1
зрада,1
кіно,1
війна,1
природа,1
розвідник,1
розвідка,1
котики,1
пожежа,1
історія,1
евакуація,1
росіянин,1
росія,1
кіт,1
допомогаукраїні,1
шок,1
theoceancleanup,1
anxiety,1
alaska,1
friendship,1
unhingedplacenames,1
selfcare,1
geography,1
map,1
globalheating,1
coralreefs,1
feminism,1
climatecrisis,1
oman,1
eruption,1
fertilityrates,1
sustainablity,1
plastic,1
russa,1
climatesolutions,1
peggygou,1
livies,1
ezracollective,1
taylorswifttok,1
monkeyman,1
greatbritishbakeoff,1
paulrudd,1
devpateledit,1
stickseason,1
eastenders,1
wobbleboard,1
aitch,1
littlethings,1
leighannepinnock,1
perrieedwards,1
facetime,1
unpopularopinion,1
dasha,1
escapism,1
trackid,1
gig,1
oliviarodrigo,1
jellylady,1
perrieedwardsedit,1
dua,1
bakeoff,1
coffeetiktok,1
austinlinedance,1
radio1,1
jorjasmith,1
bigweekend,1
tatemcraegreedy,1
yannis,1
perrie,1
taylor,1
gregjames,1
butterybiscuitbase,1
paulruddedit,1
paulmescal,1
whatanhonour,1
niaarchives,1
glassanimals,1
maggierogers,1
aliplumb,1
forgetaboutus,1
edsheeran,1
prank,1
oliviarodrigoedit,1
andrewscott,1
birdsoftiktok,1
linedancing,1
lewiscapaldi,1
unfinishedbusiness,1
jorjasmithcover,1
oliviacolmanedit,1
dancemusic,1
lolayoung,1
nicknames,1
greggwallace,1
jacksaunders,1
noahkahanmusic,1
oliviacolman,1
dualipa,1
tatemcrae,1
clarebalding,1
jamielaing,1
noahkahan,1
devpatel,1
dualipaedit,1
greedy,1
camilacabello,1
leighanne,1
littlemix,1
paulmescaledit,1
niallhoran,1
siblings,1
laughing,1
headieone,1
raye,1
foals,1
thevoice,1
jaimecamil,1
lisarinna,1
enkyboys,1
bostonrob,1
dealornodealisland,1
rhobh,1
brooklyn99,1
lopezvslopez,1
vanderpumprules,1
scheanashay,1
rihanna,1
justcurious,1
gerry,1
usatelection2024,1
gunlaws,1
theresa,1
disneylandresort,1
faa,1
summerhousemv,1
usatolympics,1
solarstorm,1
usatelections,1
fafsa,1
democracy,1
speeddating,1
goldenbachelor🌹,1
usatoriginals,1
booktok,1
primeenergy,1
bachelornation,1
boeing737,1
ComfortSegredos,1
booktokers,1
solarflare,1
votingrights,1
barbarawalters,1
whistleblower,1
disneyland,1
elections2024,1
census,1
studentloans,1
selfimproved,1
loganpaul,1
seine,1
ViralBeauty,1
appliances,1
tornadoalley,1
roevwade,1
deepfake,1
flight,1
healthnews,1
newstiktok,1
lawyersoftiktok,1
collegetok,1
yahoonews,1
palestinetiktok,1
dubaitiktok,1
birdflu,1
pfas,1
jobs,1
ecofriendly,1
currentevents,1
notredamedeparis,1
abortionban,1
abortionrights,1
disease,1
israel🇮🇱,1
uae🇦🇪,1
france🇫🇷,1
moneytok,1
palestine🇵🇸,1
foreverchemicals,1
protein,1
animalsoftiktok,1
safetytips,1
masters2024,1
inheritance,1
kardashian,1
cicada,1
criminaljustice,1
stem,1
economy,1
finance,1
foods,1
iraniantiktok,1
scammeralert,1
avianflu,1
scamcalls,1
dubai🇦🇪,1
democratsoftiktok,1
iran🇮🇷,1
techtok,1
oman🇴🇲,1
avianinfluenza,1
pgatour,1
astronomy,1
aanhpi,1
stemtok,1
featurefeature,1
contentcreation,1
womenontiktok,1
tiktokmademebuyit,1
tiktokforbusiness,1
commerce,1
rapunzel,1
indiana,1
manhattan,1
rathole,1
lambs,1
democratic,1
damascus,1
intel,1
caitlinclark,1
tangled,1
breaking,1
gagorder,1
sanfrancisco,1
cleveland,1
missouri,1
virginia,1
literacy,1
burning,1
milk?,1
nbcdebunks,1
cat,1
papuanewguinea,1
pennsylvania,1
minnesota,1
harris,1
scarf,1
tulaneuniversity,1
marjorietaylorgreene,1
kerrville,1
picture,1
democrats,1
brockport,1
lindseygraham,1
riodejaneiro,1
76ers,1
joelembiid,1
gusjohnson,1
asianamerican,1
kobe,1
nhl,1
speedbag,1
tall,1
heritage,1
skate,1
hoops,1
skill,1
timberwolves,1
wiltchamberlain,1
classmates,1
knicks,1
trick,1
lukadoncic,1
superbowl,1
fatherson,1
set,1
hockeytok,1
dunk,1
flag,1
jamesharrison,1
stanleycupplayoffs,1
adrenaline,1
pacificislander,1
brewers,1
relationshipgoals,1
bronny,1
bucks,1
jump,1
greekmythology,1
nba,1
nbaplayoffs,1
onair,1
kyrieirving,1
mom,1
nuggets,1
fast,1
realestate,1
draft,1
quick,1
hops,1
punch,1
smart,1
rockclimbing,1
canal,1
frisbee,1
cavs,1
experiment,1
track,1
brendenrice,1
nfllive,1
sixers,1
hysterical,1
jaylenbrown,1
softball,1
aapi,1
goal,1
formulaone,1
dwighthoward,1
lamelo,1
mavericks,1
thunder,1
hurdles,1
1on1,1
lakers,1
kisscam,1
ferrari,1
mj,1
fantasyfootball,1
grandprix,1
nationalanthem,1
marshmallow,1
americanflag,1
billsmafia,1
spiderman,1
celtics,1
delivery,1
smooth,1
philly,1
mma,1
patrickbeverley,1
skit,1
save,1
micdup,1
indianapolis,1
tracymorgan,1
lebronjames,1
rc,1
squad,1
volleyball,1
fail,1
future,1
talent,1
wafflehouse,1
wall,1
espnnbaplayoffs,1
okc,1
tyresemaxey,1
inspirational,1
race,1
climb,1
collegefootball,1
trickplay,1
vball,1
parkour,1
statefarm,1
hair,1
pencil,1
kobebryant,1
steelers,1
vault,1
futbol,1
javelin,1
speed,1
clean,1
gamewinner,1
cfb,1
polevault,1
teacher,1
colts,1
chargers,1
kick,1
bills,1
jumbotron,1
television,1
aapimonth,1
f1,1
embiid,1
class,1
rays,1
lebron,1
michaeljordan,1
larrybird,1
rccar,1
pitch,1
clippers,1
grocerystore,1
sga,1
steep,1
clutch,1
musicalchairs,1
oda,1
federer,1
tennisiq,1
rematch,1
vergararivera,1
nadal,1
reid,1
gauff,1
deminaur,1
hewett,1
miki,1
wheelies,1
klugman,1
bahrami,1
juniors,1
wheelchair,1
tsitsipas,1
rulebenders,1
alcaraz,1
kostyuk,1
backpackinglife,1
birthdayideas,1
heels,1
sisqo,1
snakes,1
friendaholic,1
palmroyale,1
softlife,1
solotravel,1
druhill,1
elionebryan,1
polesport,1
backpacking,1
elephantman,1
nailart,1
singapore,1
basedonatruestory,1
backpackingtips,1
girls5eva,1
bigmood,1
kualalumpur,1
brutint,1
goodmakeupday,1
gymscent,1
gymrat,1
broadshoulders,1
medschool,1
essencecosmetics,1
examseason,1
gymbro,1
letstalk,1
ypfッ,1
randomthoughts,1
perfumeoftheday,1
weightlossjourney,1
skintint,1
whatdoyouthink,1
letmelive,1
weightlifting,1
lavieestbelle,1
gymcompliments,1
energydrinks,1
afrohair,1
monster,1
letstalkperfume,1
teamsports,1
nigerianhair,1
styling4chair,1
growingupfat,1
gymgirl,1
bigbackactivities,1
romantisingmylife,1
reversehacksquat,1
gymfit,1
theessencevault,1
perfumedupe,1
hench,1
peripheralvasculardisease,1
icantdance,1
gymworkout,1
quesmed,1
year11,1
girlschool,1
gymscentoftheday,1
smellgood,1
aybl,1
frenchtoast,1
usapro,1
glutesworkout,1
exam,1
pushday,1
perfume,1
thingsimnotafraidtoadmit,1
fypシ゚,1
kingscollegelondon,1
downsidetobeingagymgirl,1
perfumetiktok,1
medicalracism,1
tiktokshop,1
girltalk,1
unconventionalnames,1
gymoutfit,1
crossingroad,1
4chair,1
babynames,1
listenup,1
howtosmellgood,1
dancefail,1
perfumetok,1
lancome,1
finals,1
bodybuildingcompetition,1
bodybuilding,1
cantdance,1
medicine,1
medicalstudent,1
bolo,1
artemas,1
justagirl,1
prime,1
smellalike,1
justforfun,1
trauma,1
letmecook,1
bigback,1
embracingnaturalhair,1
pvd,1
whenunibecomesuniversity,1
pfos,1
linebacker,1
passion,1
throwitinacircle,1
christiantiktok,1
toxicrelationships,1
onawalk,1
gymhumour,1
studybreak,1
pourtoi,1
buergerstest,1
gymshark,1
opinions,1
pyfツ,1
bonnetdiaries,1
monsterenergy,1
eGO,1
lewishowes,1
calilife,1
rich,1
success,1
dragon,1
addiction,1
incident,1
copenhagen,1
hero,1
church,1
psg,1
srockexchnage,1
westfield,1
smacking,1
inclusion,1
shoppingmall,1
legend,1
madrid,1
parenting,1
prayer,1
shoppingcenter,1
kush,1
denmark,1
weekahead,1
gliding,1
thermals,1
weekendweather,1
yourewelcome,1
forecasting,1
highpressure,1
whenaccuracymatters,1
tiktoknotes,1
titkok,1
videoeditingapps,1
tiktokphoto,1
videoediting,1
contentcreationtips,1
videoeditingsoftware,1
tiktokcreatorinspirations,1
tiktoknews,1
udio,1
videoeditingforbeginners,1
videoeditingtips,1
videoeditingtutorial,1
tiktokcreator,1
bambi,1
nemo,1
y2k,1
disneyuk,1
dumbo,1
uklife,1
booze,1
fyppppppppppppppppppppppp,1
deadpubs,1
pubs,1
croydon,1
heathrow,1
publichouse,1
southlondon,1
londonlife,1
tufnellpark,1
englishpub,1
drinks,1
trainstation,1
nirvana,1
storyteller,1
singinginpublic,1
liveperformance,1
publicpiano,1
moneygame,1
songwriting,1
busking,1
guitarist,1
samtompkins,1
streetperformance,1
band,1
thepolice,1
reactor,1
singing,1
streetperformer,1
storytelling,1
thebigpush,1
sting,1
vocals,1
electricguitar,1
coversong,1
songwriter,1
renmakesmusic,1
jimcantore,1
augusta,1
slidell,1
totalsolareclipse,1
katytexas,1
wx,1
rare,1
rainbow,1
wichita,1
waco,1
dallastexas,1
okwx,1
grassfire,1
newx,1
watch,1
sulphuroklahoma,1
floodwarning,1
severestorm,1
dramaticmoments,1
destruction,1
libya,1
forecast,1
flashflood,1
aftermath,1
miamibeach,1
miamilife,1
hurricanecheck,1
naturelove,1
ohio,1
goodnews,1
sulphur,1
miamicheck,1
alexwallace,1
severestorms,1
livetv,1
westmoreland,1
solar,1
sponsored,1
slidelllouisiana,1
missingdog,1
weatherreport,1
images,1
learntiktok,1
nebraskatornado,1
sad,1
mikeseidel,1
ne,1
ok,1
oklahomacheck,1
landscape,1
kansas,1
planetearth,1
weatherchannel,1
educate,1
getready,1
golf,1
masters,1
unique,1
hail,1
earthhour,1
meteorologist,1
storms,1
louisiana,1
omahanebraska,1
solarsystem,1
canonusa,1
hurricaneseason,1
tornados,1
clouds,1
paulgoodloe,1
tornadowarning,1
elkhorn,1
duststorm,1
weathertok,1
insane,1
scary,1
ga,1
brushfire,1
stormchaser,1
drone,1
severe,1
tornadodamage,1
themasters2024,1
alexwilson,1
flwx,1
learnontitkok,1
scientist,1
billnye,1
video,1
la,1
hurricane,1
south,1
rescued,1
learn,1
lincoln,1
cloud,1
dronevideo,1
liveview,1
dangerous,1
louisianacheck,1
omaha,1
severeweather,1
heartbreaking,1
meteorology,1
planet,1
sandstorm,1
earthdayeveryday,1
hurricanes,1
billnyethescienceguy,1
tx,1
jordansteele,1
txwx,1
dune,1
happiness,1
wellnessgirl,1
graduate,1
bows,1
girlbestfriend,1
freepeoplemovement,1
runningplan,1
finalyearstudent,1
ukgetaways,1
teamnike,1
summerrunning,1
runninggirly,1
exploringgirl,1
countrysidegirlie,1
walks,1
scrunchies,1
essay,1
lawcoursework,1
graduation,1
pinkrunshorts,1
studytok,1
heavyonthe,1
whichrunningtrainer,1
studyvlog,1
postuni,1
runnergirl,1
girlyrunclub,1
employmentlaw,1
runningtrainer,1
morningruns,1
howtostartrunning,1
dissertation,1
studyabroad,1
runguide,1
lawstudent,1
runninggirl,1
examday,1
deadlineday,1
runwithme,1
finalterm,1
uniofbath,1
lawexam,1
4thyear,1
runningtrainers,1
healingeara,1
burntout,1
runningoutfits,1
heartbroken,1
explore,1
cornwallinsummer,1
runningjourney,1
exams,1
coffeedates,1
runninggirls,1
runningshirts,1
londonrunclubs,1
studymotivation,1
deadlines,1
stressed,1
cornwallgetaway,1
april29th,1
finalyear,1
cabins,1
englishsummer,1
vanlifedevon,1
vanliving,1
vanlifecornwall,1
vanlifetravel,1
solovanlife,1
vanlifeuk,1
vanlife,1
climateaction,1
universityofexeter,1
augmentedreality,1
mostgoogledquestions,1
extendedhours,1
longerschooldays,1
bbcradio,1
isthisjoe?,1
liztrusstok,1
weethernews,1
miniheatwave,1
generationalpha,1
drivingtests,1
stormkathleen,1
dvla,1
canonevent,1
liztrussprimeminister,1
carersallowance,1
generalelection,1
bridflu,1
send,1
weathernews,1
heatlthy,1
pip,1
ulez,1
newswithchris,1
labourparty,1
bbc,1
conspiracy,1
londonmayor,1
thankyou,1
londonelection,1
pushingforchange,1
conspiracytiktok,1
pushupchallenge,1
livehighlights,1
countbinface,1
children,1
trans,1
vapes,1
mcdonaldsmenu,1
cancerresearchuk,1
avainflu,1
thunderstormwarning,1
nationaleducationunion,1
metofficeweatherwarning,1
latestnews,1
politicalnews,1
employmentbenefits,1
westfieldshoppingcentre,1
stromkathleen,1
somersethouse,1
newswithchrisofficial,1
gcsemaths,1
disabilitybenefits,1
councilhousescandal,1
solarspectacle,1
longerschoolhours,1
pupils,1
ojsimpsoncase,1
transgender,1
isthisjoe,1
tiktoklive,1
smokingban,1
wordnews,1
liztrussresign,1
sadiqkhan,1
gcseexams,1
employment,1
sicknessbenefit,1
schoolphoneban,1
poltics,1
dwp,1
gcseenglish,1
universalcredit,1
celestialcomedy,1
britishbreakfast,1
britishpolitics,1
canoncamera,1
transitioning,1
madonna,1
carers,1
neu,1
benefits,1
h5n1,1
blindness,1
rnib,1
sendchildren,1
pushupsforcharity,1
liztruss,1
benifitsbritain,1
warmweather,1
departmentforworkandpensions,1
newsupdate,1
weatheralert,1
benifits,1
tenyearstosavethewest,1
angelarayner,1
worldunseen,1
heat,1
halfwaythere,1
worldhealthorganization,1
yellowweatherwarning,1
learnerdriver,1
joelycett,1
liztrussbook,1
binface,1
mcdonalds,1
sicknote,1
drivingtest,1
musicaltheatrerave,1
linmanuelmiranda,1
theatrenews,1
matildathemusical,1
theatrekid,1
musicaltheatreraves,1
hannahlowther,1
intheheights,1
theaternews,1
theatretiktok,1
jennyoleary,1
afterparty,1
six,1
heavennightclub,1
theaterkid,1
theatertiktok,1
trend,1
musicaltheaterraves,1
hamilton,1
lesmiserables,1
musicaltheatre,1
dearevanhanssn,1
heathers,1
musicaltheater,1
lesmis,1
rave,1
harveyridesbikes,1
greetersguild,1
troyhawke,1
compliment,1
motorcycle,1
positive,1
sunshine,1
weekend,1
humour,1
tzone,1
sub5,1
wazzu,1
fupa,1
fauxcontroversy,1
boredinthecord,1
minshewmania,1
mixandmatch,1
restinparadise,1
skin,1
tangledweb,1
csli,1
touchup,1
waynesworld,1
cutouttemplate,1
nosweat,1
dryinglotion,1
ontherun,1
vmac,1
SpaceForceWalk,1
febblecosmetics,1
tswift,1
drivethru,1
hotguy,1
loveislikeoxygen,1
ncaabasketball,1
lace,1
parents,1
qb,1
courtship,1
movingandshaking,1
ohffswithviviana,1
letsride,1
thickthighessaveslive,1
fastfood,1
yeahbaby,1
dontatme,1
exercise,1
pink,1
dramainthechatroom,1
traffic,1
transferproof,1
westrichlandwa,1
facesweatabsorbinglotion,1
pitino,1
best,1
mishap,1
mallards,1
oneshiningmoment,1
floridaman,1
truecrimecommunity,1
display,1
girlswithcurves,1
synchronizedswimming,1
patrickstar,1
aiaw,1
setof3,1
daddyminshew,1
acnecare,1
northbend,1
combinationskin,1
somanychoices,1
finalfour,1
boldglamour,1
relaxing,1
ohffs,1
vegastiktok,1
beaver,1
loveconnection,1
broncos,1
judgereinhold,1
truestory,1
daytrip,1
1972,1
stopthesweat,1
escape,1
cars,1
onesizebeauty,1
stairwell,1
canonlyhopetocontainit,1
wrongorder,1
crumbley,1
greenscreen,1
neutrals,1
lululemon,1
mariobadescu,1
2009toyotacorolla,1
pond,1
frogger,1
kissablelips,1
concessionstand,1
shag,1
qb1,1
notenough,1
carpe,1
whatcouldpossiblygowrong,1
natureathome,1
makeuphacks,1
joealt,1
sayyoucantsleep,1
mating,1
vintagevibes,1
tradition,1
transportation,1
rumors,1
sentencing,1
overnight,1
shrink,1
lipgloss,1
tiktokshopmothersday,1
fat,1
secondchance,1
coachinglife,1
dailyroutine,1
sweet,1
girlythings,1
allday,1
carry,1
midgirlsummer,1
fieldof68,1
mondays,1
plussize,1
gator,1
nolongerfriends,1
onlyone,1
sale,1
face,1
musiccreation,1
bellyfat,1
nda,1
missme,1
westcoast,1
vicepresident,1
book,1
fishandchips,1
experttestimony,1
fisheye,1
loose,1
discord,1
oneway,1
amberalert,1
eastcoast,1
hastalavista,1
showcase,1
concerts,1
marchmadness,1
kidnapping,1
stairs,1
turkeys,1
lingerieasfashion,1
kentucky,1
misunderstanding,1
idliketogetbynow,1
lipcombo,1
oily,1
flyingcars,1
ttsrecharge,1
flying,1
undermakeup,1
dayclub,1
combination,1
officehumor,1
shower,1
walking,1
ilikethewayyoukissme,1
babyroman,1
idaho4update,1
osp,1
showoff,1
70smusic,1
youdecide,1
shade,1
longlasting,1
curvybodies,1
idaho4,1
bolds,1
musicvideo,1
autolyrics,1
trade,1
calipari,1
keepcoolanddontsweatit,1
poolparty,1
cornpopwasabaddude,1
guilttrip,1
jorts,1
help,1
keepwatching,1
mama,1
albumcover,1
ncaa,1
cantstopit,1
hsia,1
slay,1
ridgemonthigh,1
uglycrying,1
donotlook,1
chonky,1
this,1
zany,1
pedestrian,1
fasttimes,1
bras,1
fugitive,1
blownoutofproportion,1
excuseme,1
exoticpets,1
jetsons,1
oilyskin,1
costcopizza,1
difference,1
appleriver,1
seahawks,1
theballistipped,1
ontildawn,1
reallifedrama,1
brackets,1
yoga,1
fullcoverage,1
oregon,1
alibi,1
thinkingboutme,1
angels,1
extra,1
kingcounty,1
skincareroutine,1
funding,1
vivco,1
capcut1min,1
braveman,1
silky,1
oxfordhighschool,1
seggsy,1
lifechanging,1
motions,1
settingspray,1
jets,1
hormonalacne,1
lasvegasraiders,1
documents,1
weekends,1
zachwilson,1
lives,1
universityofidaho,1
narrow,1
gocougs,1
park,1
helloisitmeyourelookingfor,1
isitthatsweetiguessso,1
matte,1
luthervandross,1
gardnerminshew,1
mermaid,1
street,1
richardsherman,1
filters,1
janefonda,1
makeuphack,1
portlandoregon,1
blindreact,1
2024,1
stripedhorse,1
jetsjetsjets,1
crosswalk,1
i90,1
pretrial,1
bestseller,1
austinpowers,1
cameraonecameratwo,1
loveandmarriage,1
nobody,1
homicide,1
update,1
sunnyday,1
why,1
cornpop,1
spaceship,1
wsp,1
longwearing,1
youtube,1
stadium,1
reduceredness,1
ducks,1
awkward,1
bra,1
shesarunnershesatrackstar,1
wildcats,1
loveisintheair,1
hotgirlsummer,1
bricks,1
friends,1
facesweat,1
baddude,1
blindreview,1
punjabi,1
sikhwedding,1
weddingmagician,1
asianwedding,1
playingcardscollection,1
springbreak,1
questevents,1
punjabiwedding,1
magician,1
vegan,1
messi,1
pappardelle,1
pastatok,1
porthlevenharbour,1
porthleven,1
ryangiggs,1
jordan,1
goat,1
blindrank,1
seaspiracy,1
bakedbeans,1
simplecooking,1
ronaldo,1
dive,1
howtocookproperly,1
triggered,1
saka,1
filmmaking,1
cuthbert,1
viralrecipe,1
easydessert,1
candy,1
fallingdownthestairs,1
salmonbowl,1
bluey,1
blueytok,1
alditikok,1
alditiktok,1
imworkinglate,1
trendingrecipe,1
newin,1
toxicwaste,1
rundontwalk,1
cake,1
fusionrecipe,1
sundae,1
aldifinds,1
aldiadmin,1
candysalad,1
healthysnackideas,1
springcleaning,1
chickentikka,1
toys,1
movienight,1
thisismyideaofaverynicedayout,1
freshouttheslammer,1
aldi,1
strawberrybark,1
pizzatoast,1
aldixteamgb,1
facereveal,1
aldiuk,1
runningoutfit,1
teddyswims,1
idol,1
applejuice,1
tiktokviral,1
soulmusic,1
hammertotheheart,1
thedoor,1
losecontrol,1
tellme,1
arcibellezza,1
gonature,1
milano,1
bolgona,1
hamster,1
literature,1
memes,1
staznair,1
realitytv,1
gymtraining,1
nycfood,1
therapy,1
loneliness,1
glow,1
photographer,1
techno,1
athletics,1
festivalseason,1
tedlasso,1
nyceats,1
lanadelreyaesthetic,1
netflix,1
vogue,1
loksabha,1
peacock,1
kesha,1
faraztahir,1
bobdylan,1
artsandents,1
fittok,1
gymlife,1
nigeriantiktok,1
barrykeoghanandsabrinacarpenter,1
uscollege,1
universityofmichigan,1
sexandrelationships,1
comedian,1
tnmreviews,1
festivalfashion,1
christian,1
rebelmoonparttwo,1
ledefenseur,1
musicreview,1
coco,1
rastafarianism,1
runningtok,1
antiwrinklestraw,1
artsandentertainment,1
seandiddycombsfeat,1
halynahutchins,1
nonsenseoutro,1
losfrikis,1
pinkfridaytour,1
cuba,1
lanadelrey,1
lucaguadagnino,1
jesuschrist,1
lifeandstyle,1
detroit,1
greenflag,1
artsandculture,1
pikriadarchi,1
voterregistration,1
knife,1
honoredaumier,1
caricature,1
tennisplayer,1
irannews,1
richardgadd,1
rebelmoon,1
colmandomingo,1
bodypositive,1
nonsense,1
margiela,1
redflaggreenflag,1
miamifilm,1
stabbing,1
miamifilmfestival,1
zacksnyder,1
arthistory,1
bedroom,1
stalking,1
survivors,1
harrykane,1
johnlegend,1
seriesnetflix,1
haileybieber,1
bobmarley,1
redcarpet,1
resy,1
musical,1
boyroom,1
damonalbarn,1
barrykeoghan,1
meekmill,1
giveanx,1
womendirectors,1
musicfestival,1
trentreznor,1
clones,1
miriamrivera,1
hannahwaddingham,1
guncontrol,1
icespice,1
marathontiktok,1
gym,1
encampments,1
nightclub,1
politicstiktok,1
accessibility,1
tvseries,1
michaeljackson,1
effectivecommunication,1
applesneverfall,1
nineinchnails,1
lanadelreylive,1
theoutsiders,1
atticusross,1
hol,1
emiliogarcia,1
apartmenttour,1
blackcreatives,1
nigeria,1
pinkfriday,1
traitors,1
filming,1
challengersmovie,1
rastafari,1
deborahsnyder,1
dreadlocks,1
seancombs,1
eco,1
gymmotivation,1
mit,1
alisonbrie,1
meta,1
9to5,1
womenssport,1
jamaica,1
hannahguttierezreed,1
lianemoriarty,1
yixuanchang,1
timotheechalamet,1
russcook,1
ashleegood,1
annehathaway,1
french,1
brittneygriner,1
nashville,1
bojack,1
influencernews,1
usapolitics,1
rwandaplan,1
chibok,1
shoes,1
lanadelreyfan,1
ableism,1
alecbaldwin,1
challengersedit,1
annieleibovitz,1
sexism,1
jenniferlawrence,1
clownchella,1
broadwaymusicals,1
thetraitors,1
dermatology,1
divestment,1
ucberkeley,1
paralympics,1
icecube,1
gameofthrones,1
leonardodicaprio,1
freedomofwriting,1
antiageing,1
dearengland,1
hoarders,1
donaldtrump2024,1
houseoflords,1
sprint,1
cecred,1
stuartmartin,1
challengersfancam,1
club,1
ttpda,1
antiwrinkle,1
equality,1
taylorswiftkarma,1
colinjost,1
sixthemusical,1
dubaiflood,1
ritamarley,1
cubanamerican,1
biopic,1
reneerapcoachella,1
coachellaweekend2,1
masculinity,1
generalnews,1
daumier,1
snl,1
emory,1
omfahad,1
tcslondonmarathon,1
vlog,1
kanyewest,1
kenyatiktok,1
encampment,1
adulting,1
womeninfilm,1
frafee,1
coachellafashion,1
patmcgrath,1
ivyleague,1
blur,1
turkey,1
working,1
2024election,1
keshatiktok,1
iraqnews,1
america,1
salmanrushdie,1
rebelmoonparttwothescargiver,1
girlsandboys,1
justinbieber,1
recount,1
counselforthedefense,1
lashanalynch,1
simonebiles,1
cubaninmiami,1
wellness,1
swiftietiktok,1
burkinafaso,1
celebs,1
misogyny,1
franksinatra,1
stalker,1
worktok,1
rust,1
olivierawards,1
ts12,1
sexandrelations,1
grimes,1
sofiaboutella,1
lanadelreyedit,1
redflag,1
bojackhorseman,1
jadeyoung,1
jamaicanculture,1
israelhamas,1
aiclones,1
jonahhill,1
therapyspeak,1
mahsaamani,1
boundaries,1
inspo,1
fivethemusical,1
reneerapp,1
nicholasgaltizine,1
patois,1
clown,1
nickiminaj,1
gymtimidation,1
zacksnydermovie,1
mattyhealy,1
bedroominspo,1
knowyourmeme,1
bobmarleyonelove,1
technicaldifficulties,1
dawnsingleton,1
disabilitysport,1
saltburn,1
lanadelreystans,1
detention,1
standupagainstsexualviolence,1
westfieldbondijunction,1
india,1
sportsnews,1
gymgains,1
carbone,1
lanaozempic,1
lana,1
littlehavana,1
bohemianrhapsody,1
cocogauff,1
theoutsidersmusical,1
teachersoftiktok,1
nycrestaurants,1
bjp,1
polobar,1
harryclark,1
gymnastics,1
bestsupportingactor,1
electronicmusic,1
carmensmith,1
theideaofyou,1
parasport,1
maga,1
womenequality,1
coachella2024,1
bclass,1
nicedayout,1
unboxwithme,1
hovercraft,1
guinessworldrecords,1
coastguard,1
gotham,1
roughsea🌊🌊,1
lifeguardsoftiktok,1
seatraining,1
stdavids,1
charitymembership,1
helicopterrescue,1
somethingcool,1
nationalpetday,1
beachlife,1
pedropedropedro,1
rescuedog,1
animalrescue,1
roughsea,1
lifeguard,1
volunteers,1
lifeguards,1
southendonsea,1
helicopter,1
steve,1
emergencyservices,1
savinglivesatsea,1
floattolive,1
searchandrescue,1
calshot,1
winching,1
lifesaver,1
batman,1
lifeboatstationofthefortnight,1
baltimore,1
thirdwheel,1
boattok,1
lbsotf,1
boat,1
rnlirescue,1
poole,1
pedro,1
crew,1
lifeboats,1
savinglivesatsea?,1
unboxing,1
crewtraining,1
lifeboat,1
rescuefootage,1
shannonclass,1
rnli,1
watersafety,1
savinglives,1
imbatman,1
unboxingvideo,1
isleofman,1
lifeboatcrew,1
curfewtower,1
ballyliffin,1
fermanagh,1
dergarms,1
weddingday,1
mullofkintyre,1
gapofmamore,1
coleraine,1
elliotsbistro,1
limavegas,1
spanisharmada,1
mabubba,1
spider,1
robertthebruce,1
fairhead,1
ruairiog,1
donegal,1
lighthouses,1
malinhead,1
lagganvalley,1
madmanswindow,1
wings,1
inverpark,1
12apostles,1
blagh,1
binenevagh,1
weaver,1
crosses,1
carrickarederopebridge,1
torrhead,1
tinnies,1
ballycastle,1
ballygallycastle,1
cycleway,1
searovers,1
garden,1
bendhu,1
portstewart,1
angriananhotel,1
martello,1
border,1
magilliganpoint,1
youme,1
mallettfineart,1
henrymccullough,1
pollanbay,1
cushendall,1
cslewis,1
pinkypunky,1
glenarmcastle,1
dunlucecastle,1
martinmallett,1
sionmills,1
portrush,1
larne,1
strand,1
castlederg,1
watercolour,1
decisions,1
benone,1
causewaycoast,1
torhead,1
hurling,1
roadworks,1
fivefingerstrand,1
station,1
benonestrand,1
massrock,1
walledcity,1
pettigo,1
tyrone,1
peacefountain,1
antrimcoast,1
bellarena,1
peatbogs,1
timmysfield,1
goldtreasure,1
lodgehotel,1
irishblessing,1
signsofspring,1
innishowen,1
wildatlanticway,1
tunnel,1
glenariff,1
burt,1
ossiangrave,1
rathinisland,1
wacaday,1
norniron,1
mallettsmallet,1
dolphons,1
belfast,1
carnlough,1
skyline,1
redcastlehotel,1
europahotel,1
muff,1
cushendun,1
cave,1
stpatrick,1
limavady,1
pinkfloyd,1
carndonagh,1
bannsiders,1
giantscauseway,1
staidans,1
dannyboy,1
manorhousehotel,1
rathlinisland,1
beachcombing,1
brandywell,1
nametag,1
castlerock,1
busstop,1
bridge,1
narnia,1
marconi,1
finnmccool,1
westindiescricket,1
dundalk,1
malin,1
clonmany,1
greencastleferry,1
ghost,1
lisburn,1
carrickfergus,1
strabane,1
harbourrats,1
ww1,1
bayviewhotel,1
reachourpotential,1
dalerrowney,1
tenmilestraight,1
swingingbridge,1
portballintrae,1
ballyliffinlodge,1
ballintoy,1
dobbinsinn,1
relationshipadvice,1
podcastclips,1
stevenbartlett,1
menstrualcycletiktok,1
nightroutine,1
menstraulcycle,1
sleeptracker,1
relationships,1
garybrecka,1
diaryofaceo,1
redwatch,1
wholetime,1
memecut,1
tiktokfirefighter,1
beautifulthings,1
closingsoon,1
easter,1
recruitment,1
999,1
cddfrs,1
tiktokfirefighters,1
lastchance,1
womeninsports,1
chelseawfc,1
visapeptalks,1
magdaeriksson,1
rolfo,1
soccergirl,1
foreverfaster,1
weuro,1
erincuthbert,1
footballskills,1
ingridengen,1
lottewubbenmoy,1
lucybronze,1
katiemccabe,1
alexiaputellas,1
awfc,1
footballboots,1
fcbfemení,1
sportsphotography,1
fridolinarolfö,1
chelseafc,1
cfcw,1
arsenalwfc,1
barclayswsl,1
adobewomensfacup,1
awards,1
aitanabonmati,1
puma,1
marenmjelde,1
stinablackstenius,1
footballphotos,1
tekkers,1
onabatlle,1
womensfacup,1
arloroberts,1
cockerspanielsoftiktok,1
spoilt,1
pictures,1
loved,1
cameraroll,1
life,1
cockerspaniel,1
perfect,1
cocker,1
adorable,1
40sclub,1
mygym,1
puppy,1
hotdog,1
funnyvideos,1
ditchday,1
puppylove,1
summergoals,1
classicmoviescene,1
hardworkpaysoff,1
germanshepherdsoftiktok,1
saturdaymorning,1
tgif,1
shadowbanned,1
coffee,1
demo,1
adamsandler,1
workingman,1
cheers,1
fypp,1
construction,1
follow,1
billymadison,1
weird,1
bluecollar,1
midlifecrisis,1
dadbod,1
weirdpets,1
puppydog,1
digging,1
coors,1
diggingtochina,1
stormy,1
ikeepforgetting,1
sundaymorning,1
gymtime,1
carpenter,1
weineedog,1
fakehomelesspeople,1
itistime,1
demoday,1
bluecollarboys,1
coyotepup,1
waterboy,1
gringo,1
countryboy,1
diy,1
thisainttexas,1
balance,1
babygirl,1
coyote,1
girldad,1
transformation,1
constructionlife,1
exerciseathome,1
greeneyes,1
hiking,1
melatonin,1
sleeptok,1
snoring,1
huberman,1
478,1
breath,1
sleeptips,1
sleepexpert,1
sleepapnea,1
hubermanlab,1
stopsnoringweek,1
insomnia,1
5amclub,1
naps,1
fireengine,1
worklife,1
corporate,1
abetterwaytostay,1
millenial,1
millennial,1
office,1
generations,1
tortureddjsdepartment,1
divine,1
favorites,1
facts,1
สปีดสโลว์,1
snap,1
word,1
transition,1
prom,1
jamieoliverxyeschef,1
nostalgia,1
retro,1
deliciousfood,1
photos,1
airfryerrecipes,1
toastie,1
recipe,1
memories,1
airfryertiktok,1
pastatiktok,1
nostalgic,1
90s,1
rhubarb,1
QuickandEasy,1
memoriesbringback,1
delicious,1
prawntoast,1
dinnerideas,1
midweek,1
chicken,1
pork,1
reacts,1
bts,1
noodles,1
lookingback,1
weekendvibes,1
cannelloni,1
seasonal,1
easycooking,1
makingof,1
prawntoastrecipe,1
inseason,1
foodtiktok,1
pastalover,1
blackandwhite,1
newjersey,1
newbrunswick,1
bridgeportct,1
connecticut,1
standup,1
politico,1
infectedbloodinquiry,1
city,1
conflict,1
cancerresearch,1
alba,1
headlines,1
spiking,1
power,1
chinese,1
skynews,1
fishingline,1
dinner,1
tubestation,1
politicshub,1
legacy,1
loveisland,1
dictatorship,1
newspaper,1
resignation,1
skynewsdaily,1
masaamini,1
showbiz,1
sirkeirstarmer,1
theking,1
londonstabbing,1
strikes,1
tiwasavage,1
podcasts,1
entertainment,1
firefighters,1
sky,1
ceo,1
albaparty,1
cardiff,1
alexsalmond,1
oxfordshire,1
londoncrime,1
moralitypolice,1
frontpages,1
propalestine,1
tuesday,1
ashregan,1
knifecrime,1
sharialaw,1
sophyridge,1
afrobeats,1
parrot,1
salford,1
telsa,1
public,1
2022,1
travelwithmoyo,1
grwm,1
galaxys24,1
weatherman,1
skiing,1
brokenleg,1
airbnb,1
vibes,1
brysontiller,1
airbnbpartner,1
valthorens,1
belgium,1
roadtorecovery,1
teamgalaxy,1
apresski,1
ski,1
GameTok,1
libertines,1
livinonaprayer,1
idriselba,1
edgarwright,1
johnnymarr,1
jaredfollowill,1
kol,1
doctorwhoclips,1
amywinhouse,1
doctorwhotiktok,1
direstraits,1
waltongoggins,1
whoniverse,1
davidbryan,1
rubysunday,1
shiver,1
petedoherty,1
radio,1
prince,1
kingsofleonfans,1
rockmusic,1
falloutseries,1
doctorwhofans,1
morrissey,1
kingsofleon,1
brits,1
competition,1
shaunofthedead,1
martinfry,1
ABC,1
richiesambora,1
thelibertines,1
90smusic,1
jonbonjoviedit,1
ticotorres,1
idris,1
ryangoslingedit,1
videogames,1
noelgallaghershighflyingbirds,1
win,1
bonjoviforever,1
fleetwoodmac,1
80s,1
simonpegg,1
knuckles,1
carlbarat,1
paramountplus,1
davidbowie,1
session,1
feelgood,1
daveberry,1
80smusic,1
newmovies,1
cornettotrilogy,1
falloutgames,1
nickfrost,1
peterdoherty,1
thesmiths,1
paramount,1
noelgallagher,1
80sthrowback,1
timburgess,1
kylemaclachlan,1
glennmoore,1
winner,1
00smusic,1
absoluteradio,1
thedoctor,1
iliketheway,1
shipwreck,1
localnews,1
reporter,1
tasmania,1
elnino,1
bathurst,1
nuclearpower,1
defamation,1
bonza,1
waggawagga,1
ladieslounge,1
chikoroll,1
israelgazawar,1
queensland,1
hobart,1
australianews,1
medialaw,1
🇦🇺,1
woolworths,1
lorikeet,1
australiannews,1
auspolitics,1
violenceagainstwomen,1
bondijunctionstabbings,1
lehrmann,1
bondijunctionattack,1
lanina,1
housingcrisis,1
australiapolitics,1
privacy,1
europeanunion,1
bondistabbings,1
supermarkets,1
aunews,1
womensspaces,1
cockatoo,1
surf,1
channelten,1
northsulawesi,1
indigenousaustralia,1
taiwan,1
australianschools,1
mona,1
nuclearenergy,1
theproject,1
australianbirds,1
bendigo,1
metoomovement,1
ausnews,1
australianweather,1
auspol,1
welfare,1
domesticviolence,1
cambridge,1
brucelehrmann,1
encryption,1
birds,1
privateschools,1
ruang,1
tsunami,1
westernaustralia,1
taiwan🇹🇼,1
nuclearweapons,1
taiwantiktok,1
sulawesi,1
yousaf,1
kijabedam,1
kenyadamcollapse,1
landlords,1
mahsaamini,1
countywicklow,1
censorship,1
galeana,1
floods,1
tamilnadufarmers,1
asylumseeker,1
greenparty,1
goodsamaritans,1
sandiego,1
unrwa,1
heroes,1
racecar,1
soldier,1
motor,1
oceansidepier,1
burningcar,1
europolitics,1
swordattack,1
musk,1
milan,1
deaths,1
motorsport,1
lostcat,1
october7,1
walesnews,1
kremlin,1
socialhousing,1
channel4newssandiego,1
anthonyalbanese,1
royals,1
river,1
postoffice,1
zanzendegiazadi,1
uselection,1
renters,1
channelboats,1
stage,1
vampirefacials,1
indiaelection,1
hainaultattack,1
defencespending,1
nato,1
carfire,1
horizonscandal,1
sandiegoc4news,1
schoolstabbing,1
sánchez,1
dowden,1
tbilisi,1
stabbings,1
femaleracers,1
ukrainewar,1
train,1
catposted,1
motorsports,1
aid,1
currentaffairs,1
pandemic,1
foreignnews,1
connorsparrowhawk,1
georgethepoet,1
kenyafloods,1
britishempire,1
operation,1
defence,1
britain,1
record,1
reading,1
sewage,1
jamiechadwick,1
reform,1
stormdaniels,1
danielanjorin,1
pmqs,1
womenlifefreedom,1
ukdefence,1
pedrosánchez,1
allies,1
toomajsalehi,1
documentary,1
guangdong,1
rwandadeportationscheme,1
donetsk,1
srilanka,1
rent,1
gazawar,1
inflation,1
catnews,1
carolinelucas,1
channel4news,1
indianews,1
albanese,1
dyfedpowyspolice,1
aharonhaliva,1
germanfarright,1
timurivanov,1
rwandaflights,1
milei,1
cosmectics,1
markmenzies,1
sadiqkihan,1
gazaaid,1
utah,1
pierfire,1
belarus,1
israelisoldier,1
nationalstatistics,1
trial,1
connor,1
gelato,1
rayner,1
amazon,1
disrepair,1
markrowley,1
alcoholdeaths,1
rescuevideo,1
amazingescape,1
scottispolitics,1
newdelhiprotest,1
spainnews,1
antonyblinken,1
c4news,1
antisemitism,1
narendramodi,1
tenants,1
racing,1
commons,1
nofaultevictions,1
stuttgart,1
shoigu,1
inquest,1
laughingboy,1
blackmusic,1
planes,1
asylumbacklog,1
spanishpm,1
passwords,1
c4localelex,1
chinafloods,1
germanytrial,1
reichsbuerger,1
drinkingculture,1
rachelreeves,1
newtownmountkennedy,1
palestineprotests,1
alsharpton,1
smarterinseconds,1
opillpartner,1
opill,1
fy,1
hindhall,1
camilla,1
charles,1
barclays,1
universityprotest,1
fypツ,1
cardiffuniversity,1
jacobreesmogg,1
bansoff,1
satire,1
pageantnews,1
grapes,1
smartphoneaddiction,1
britishfood,1
truecrimetiktok,1
waitinglist,1
lassie,1
waiting,1
road,1
prognosis,1
surgery,1
neuroscience,1
primeminister,1
cherryblossom,1
palestineprotest,1
youngpowerlist2024,1
restaurantreview,1
israelprotests,1
24hours,1
vegetables,1
nurse,1
markwahlberg,1
agegap,1
marriage,1
frenchpresident,1
mice,1
car,1
japanblossoms,1
home,1
strawberries,1
sambas,1
lifestyle,1
museum,1
beautyindustry,1
scotlandnews,1
restaurant,1
chef,1
delay,1
truecrimetok,1
tests,1
affair,1
labmice,1
princessbeatrice,1
fruit,1
cherries,1
tomato,1
pageant,1
legal,1
gazaprotest,1
usdruglaw,1
english,1
frenchpolitics,1
pm,1
olympics2024,1
presidentoffrance,1
fried,1
adidassamba,1
laboratory,1
mouse,1
thefutureisnow,1
beckham,1
cats,1
brigitteauziere,1
israelpalestineconflict,1
khanyunis,1
cookedbreakfast,1
foodreview,1
fertility,1
chemicals,1
thecrown,1
missfrance,1
adidas,1
davidbeckam,1
sue,1
weatherwarning,1
marvel,1
biology,1
reportinglive,1
pageantry,1
celebrities,1
tracktok,1
italianfood,1
prosthetic,1
friedbreakfast,1
test,1
coach,1
uslaw,1
futureme,1
israelgaza,1
housefire,1
patient,1
ozempicweightloss,1
crash,1
japancherryblossom,1
business,1
peach,1
politicsexplained,1
athletes,1
emmanuelmacron,1
driver,1
fryup,1
dronestagram,1
presidentmacron,1
subway,1
investigation,1
brigittemacron,1
learner,1
injured,1
avocadotoast,1
avocado,1
aa,1
mouselab,1
cannabis,1
ultramarathon,1
thefuture,1
daughters,1
spinach,1
alzheimers,1
mariupol,1
pregnancy,1
drones,1
wedding,1
sing,1
tacobell,1
violin,1
mattymatheson,1
grilledcheese,1
masterchef,1
pho,1
joshuaweissman,1
cleaver?,1
nigelng,1
egg,1
msg,1
butterchicken,1
uncleroger,1
friedrice,1
kid,1
thaigreencurry,1
japanese,1
gordonramsay,1
snack,1
cultureshock,1
germans,1
signlanguage,1
roma,1
livingingermany,1
gaytiktok,1
germanlanguage,1
protectwomen,1
learngerman,1
livingabroad,1
genderinclusivelanguage,1
womenowned,1
asl,1
womenempowerment,1
sinti,1
germantrain,1
nutella,1
internationalromaniday,1
lifeingermany,1
wwii,1
munich,1
neuschwanstein,1
dwtravel,1
mind,1
publicart,1
dream,1
fabricworkshop,1
figuredrawing,1
studio,1
atomicterrain,1
nycart,1
newyorkcloseup,1
freenyc,1
artistsontiktok,1
summer2024,1
artontiktok,1
johannamaierski,1
rosebsimpson,1
baskets,1
art21,1
bookfair,1
artinnyc,1
drawing,1
artbook,1
clay,1
installation,1
minidoc,1
artistatwork,1
artbooks,1
sketch,1
sculpture,1
arttok,1
inthestudio,1
spring2024,1
portrait,1
printedmatter,1
portraitpainting,1
drakecarr,1
dreamhouse,1
artistinterview,1
onview,1
exhibition,1
dazgel,1
laundrytok,1
eidoutfit,1
openabaya,1
hijabi,1
springfashion,1
abayagirls,1
abaya,1
