Hashtag,Frequency
generalelection,2
ceasefirenow,2
climateactionnow,1
xr,1
climatemajority,1
booktok,1
civilwar,1
nature,1
climatetok,1
bluebells,1
podcast,1
carbonemissions,1
rupertread,1
climate,1
pileofshit,1
norfolk,1
climatecrisistiktok,1
china,1
india,1
extinctionrebellion,1
williamblake,1
fossilfuels,1
mandascott,1
ecospirituality,1
somedarecallitconspiracy,1
climatechange,1
climatecrisis,1
climateactivist,1
accidentalgods,1
climatemajorityproject,1
gwleidyddiaeth,1
goggleddcymru,1
wales,1
politicstiktok,1
welshpolitics,1
gwleidyddiaethcymru,1
politics,1
northwales,1
ynysmon,1
walestiktok,1
anglesey,1
gazagenocide,1
gazaisstarving,1
nhs,1
alcohol,1
torychaos,1
privatisation,1
brexitreality,1
houseoflords,1
publichealth,1
universities,1
le2024,1
chemicalregulation,1
rwandabill,1
changeeverything,1
problemadvertising,1
pingpong,1
poisonedplanet,1
poverty,1
postgrowth,1
fastfood,1
novelentities,1
gambling,1
levellingup,1
ruleoflaw,1
childcare,1
postgrowtheconomics,1
financialisation,1
freedomofmovement,1
humanrights,1
righttobuy,1
goodnews,1
planetaryboundaries,1
ofsted,1
socialjustice,1
votegreen,1
inequality,1
gaza,1
ubi,1
labour,1
greenparty,1
costofliving,1
mayor,1
london,1
wealthtax,1
election2024,1
generalelection2024,1
israel,1
climatejustice,1
ukpolitics,1
