Hashtag,Frequency
taylorswift,13
science,10
eclipse,10
fyp,10
earthday,10
ttpd,10
podcast,9
solareclipse,9
nyc,9
stem,7
stitch,7
ad,6
booktok,6
ocean,5
ai,5
news,5
trump,5
travel,5
climatechange,5
mentalhealth,5
newyork,5
funny,5
earthmonth,5
texas,5
thetorturedpoetsdepartment,4
animals,4
nature,4
duet,4
dance,4
solareclipse2024,4
food,4
biden,4
history,4
flood,4
weather,4
totalsolareclipse,4
climate,4
sciencetok,4
israel,4
california,4
losangeles,4
learnontiktok,4
dogsoftiktok,4
greenscreen,4
family,4
edutok,4
earthquake,4
florida,4
wildlife,4
womeninstem,4
cowboycarter,3
london,3
conservation,3
sustainability,3
dayinthelife,3
technology,3
relationships,3
lgbtqia,3
tech,3
astronomy,3
momsoftiktok,3
traveltok,3
ancestry,3
fitcheck,3
dubai,3
politics,3
health,3
tiktok,3
librarytiktok,3
moon,3
catsoftiktok,3
autism,3
nfldraft,3
raptors,3
pov,3
dog,3
jojosiwa,3
foryou,3
interview,3
totality,3
eclipse2024,3
golf,3
ohio,3
train,3
europe,3
water,3
tornado,3
space,3
penguin,3
onthisday,3
swifttok,3
siblings,2
asmr,2
olympics,2
diving,2
tsttpd,2
vintage,2
roadtoparis2024,2
paris2024,2
diy,2
elephants,2
whales,2
dinosaurs,2
mammals,2
microsoft,2
creativity,2
democracy,2
fashion,2
fish,2
artistsoftiktok,2
humanity,2
communication,2
gardening,2
plastic,2
tedtalks,2
adhd,2
roevwade,2
abortion,2
artificialintelligence,2
medicine,2
goodnews,2
foodtok,2
magazine,2
luxury,2
newyorkcity,2
viral,2
business,2
aipin,2
uk,2
hunt,2
uae,2
tips,2
sports,2
soccer,2
netflix,2
fallout,2
art,2
april8,2
kpop,2
england,2
sun,2
cloudseeding,2
football,2
review,2
socialmedia,2
storytime,2
safety,2
mentalhealthmatters,2
inverted,2
didyouknow,2
accident,2
hippo,2
howitsmade,2
animalfacts,2
airforce,2
satisfying,2
pollution,2
sketching,2
therapy,2
dualipa,2
trauma,2
vacation,2
addictionrecovery,2
parenting,2
motherhood,2
contentcreator,2
nba,2
lebronjames,2
nfl,2
marchmadness,2
student,2
ncaa,2
atlanta,2
lakers,2
palestine,2
jontayporter,2
protest,2
usc,2
totalsolareclipse2024,2
popquiz,2
comedy,2
chappellroan,2
astrology,2
trending,2
cat,2
flowers,2
spring,2
erastour,2
dogs,2
mileycyrus,2
countrymusic,2
disney,2
espresso,2
foryoupage,2
advice,2
love,2
relationshipadvice,2
marriage,2
polin,2
golftiktok,2
BRIDGERTON,2
unboxing,2
dayinmylife,2
meme,2
car,2
breaking,2
environment,2
torturedpoetsdepartment,2
theoffice,2
metoo,2
colorado,2
boeing,2
breakingnews,2
tennessee,2
michigan,2
maryland,2
ukraine,2
dashcam,2
doorbell,2
meteorologist,2
police,2
mother,2
capcut,2
gratitude,2
librariansoftiktok,2
lesbiantiktok,2
hurricaneseason,2
rivermonsters,2
severe,2
coral,2
coralbleaching,2
hurricane,2
totaleclipse,2
earthday2024,2
heat,2
friendship,2
disabilityawareness,2
disability,2
new,2
crime,2
china,2
supremecourt,2
insects,2
alligator,2
bird,2
challengers,2
puppies,2
sabrinacarpenter,2
throwback,2
swifties,2
zendaya,2
italy,2
airplane,2
lion,2
storms,2
zoo,2
caughtoncamera,2
kansas,2
indigenousart,2
rescue,2
coyote,2
bear,2
france,2
horses,2
sea,2
fire,2
dustdevil,2
donaldtrump,2
babyanimals,2
marinebiology,2
discoverycollab,2
research,2
dogtok,2
sponsored,2
haikyuu,1
olgakorbut,1
olympicposters,1
canoe,1
olympicqualifiers,1
100dtg,1
handball,1
bmx,1
iconic,1
rantakahashi,1
guessthesport,1
handballresin,1
swimming,1
climbing,1
athletics,1
tennis,1
passion,1
puertorico,1
anime,1
smoothoperator,1
sportedit,1
quiz,1
teamusa,1
korea,1
sportstok,1
stockholm1912,1
fencing,1
archery,1
rimini2024,1
highjump,1
curling,1
gymnastics,1
karate,1
basketball,1
training,1
marathon,1
volleyball,1
wrestling,1
reaction,1
casperruud,1
agassi,1
mariasharapova,1
rafaelnadal,1
berrettini,1
venuswilliams,1
wimbledon,1
mansourbahrami,1
kyrgios,1
core,1
kungfu,1
sportstiktok,1
hopecore,1
leonmarchand,1
roadtoparis,1
mascot,1
kungfupanda,1
roommakeover,1
grwm,1
thriftflip,1
mensfashionwear,1
countrystyle,1
fashionstyle,1
fossils,1
giantsquid,1
naturalhistory,1
squid,1
deepsea,1
londonmuseum,1
deepseacreatures,1
springcleaning,1
naturalhistorymuseum,1
museum,1
chemistry,1
chemteacherphil,1
yuvalnoahharari,1
batteries,1
dancelife,1
cognitivescience,1
identity,1
adamgrant,1
tedaudiocollective,1
recycling,1
tedtalk,1
aiart,1
education,1
biodiversity,1
makeuptutorial,1
teded,1
standardizedtest,1
parrotfish,1
digitalfashion,1
plants,1
nfts,1
tedmembership,1
power,1
makeup,1
suleikajaouad,1
clueless,1
businessowner,1
language,1
robots,1
ideaschangeeverything,1
ted,1
worldevents,1
community,1
personalgrowth,1
chandelier,1
ted2024?,1
testing,1
employeeownership,1
journaling,1
ted2024,1
corporatetiktok,1
🍉,1
🍉🍉🍉,1
riverreporter,1
medicalhistory,1
delewareriver,1
monopolygame,1
sullivancounty,1
knitteddoll,1
localnews,1
magazinetiktok,1
postivenews,1
journalism,1
knittok,1
newspaper,1
twenties,1
pensylvania,1
digitalnews,1
firststopnews,1
milford,1
lizziemagie,1
newyorktimes,1
abortionrights,1
obituary,1
goodnewspaper,1
landlordsgame,1
albanyny,1
microsoftpartner,1
publiclibrary,1
newsreporter,1
charlesdarrow,1
newyorkstate,1
nytimes,1
jeffersonville,1
foodinsecurity,1
newsforkids,1
knitting,1
blackcreatives,1
thelandlordsgame,1
delawareriver,1
reporter,1
20s,1
kidsoftiktok,1
libertyny,1
kidsnews,1
harrisburgpa,1
printmedia,1
adriennefranklin,1
kids,1
foodtiktok,1
whatwomencreate,1
broadcastjournalism,1
monopoly,1
twentiesadvice,1
medialiteracy,1
americanmedicalassociation,1
printisnotdead,1
atl,1
gaeul,1
accuracy,1
leeseo,1
theabandons,1
amazonprimevideo,1
imax,1
waltongoggins,1
paleoanthropologist,1
girlgroup,1
princessmononoke,1
layoffs,1
lupefiasco,1
yujin,1
techtok,1
tiktoknotes?,1
riverdale,1
justiceleague,1
cavemen,1
newtrend,1
gilliananderson,1
action,1
idriselba,1
x,1
newtechnology,1
extendedversion,1
wellness,1
fallouts,1
buynow,1
weapons,1
rei,1
23andme,1
northkorea,1
foodtips,1
snydercut,1
google,1
bulgari,1
hotel,1
paramountplus,1
oman,1
hackers,1
camilamendes,1
hoteltiktok,1
rebelmoon,1
streetcarnameddesire,1
fired,1
gear,1
trend,1
instagram,1
hobbsandshaw,1
nike,1
wiredautocompleteinterview,1
knuckles,1
jewelry,1
healthy,1
worthit,1
oura,1
dj,1
filmmaking,1
nas,1
architecture,1
primevideo,1
arsenal,1
usa,1
diveintoive,1
celebrity,1
sleep,1
iceage,1
rudymancuso,1
ghouls,1
heimdall,1
watches,1
gadgets,1
unsaflok,1
ive,1
xfiles,1
accessories,1
diet,1
cardstacking,1
krall,1
athleisure,1
twitter,1
humaneaipin,1
amazonprimevideos,1
gymtok,1
gym,1
labor,1
time,1
thewire,1
yuka,1
cybersecurity,1
job,1
liz,1
aaroncliftonmoten,1
startrek,1
goldenglobes,1
shawnmendesits,1
wonyoung,1
wiredpoliticslab,1
thor,1
wiredtechsupport,1
personalities,1
abandons,1
2024,1
watchesoftiktok,1
upgraded,1
parisolympics,1
playingcards,1
músicapv,1
ouraringreview,1
guinnessworldrecords,1
shopping,1
música,1
book,1
hiphop,1
theater,1
illmatic,1
zacksnyder,1
sonicthehedgehog,1
grocery,1
elonmusk,1
canada,1
ella,1
mexico,1
verified,1
3,1
lubridermpartner,1
proceramide,1
lubridermyoulove,1
bookworm,1
proudbisdak,1
educator,1
phdcandidate,1
transwoman,1
teacherathena,1
cebuana,1
gordoncormier,1
avatarthelastairbender,1
firstwatchpartner,1
changingenvironment,1
processvideo,1
jellybean,1
eclipsetotal,1
photomode,1
maritime,1
sugarcandy,1
tomato,1
heinz,1
ancientegypt,1
fighterjets,1
candyasmr,1
historytiktok,1
sciencefact,1
forests,1
hairstandingup,1
cleanair,1
candymaking,1
unconsciousmind,1
warmingup,1
factoryasmr,1
braintraining,1
howitsmadevideo,1
circadianrhythm,1
chocolatetok,1
manufacturing,1
shawl,1
survivalskills,1
restoration,1
funfacts,1
phobia,1
phobias,1
noodles,1
inventions,1
warfare,1
factsabout,1
2024solareclipse,1
pashmina,1
onceinalifetime,1
solarsystem,1
zombieland,1
japantiktok,1
fortunes,1
handmade,1
trees,1
goosebumps,1
fears,1
backwards,1
themakingof,1
mastercraft,1
planetfacts,1
radartechnology,1
twinkie,1
medicalfact,1
galloping,1
newstudy,1
ketchup,1
lifeinjapan,1
ronaldreagansjellybeans,1
sciencenews,1
manufacturingprocess,1
nose,1
poptok,1
scientistsoftiktok,1
makingcandy,1
outnumbered,1
kashmir,1
mummiesoftiktok,1
fearof,1
jellybeans,1
vendingmachine,1
factorywork,1
thenile,1
spacethings,1
weaving,1
weatherfact,1
mainsail,1
tardigrade,1
longwords,1
cantswim,1
woodyharrelson,1
facts,1
nationaltwinkieday,1
articair,1
pharaoh,1
polarvortex,1
microwave,1
shipinabottle,1
clouds,1
icelandtravel,1
selectiveattention,1
allodoxaphobia,1
parasites,1
oops,1
opinions,1
candyfactory,1
tools,1
vietnamwar,1
nationalday,1
seafood,1
lionfish,1
foodsafety,1
poscapaintpens,1
timessquarenewyorkcity,1
posca,1
unboxinghaul,1
uniball207,1
stationery,1
notebooksketch,1
sketchingpeople,1
uniballpens,1
pensketch,1
amazonfinds,1
pentok,1
newyorkcitylife,1
gelpen,1
uniball,1
timessquare,1
amazonhaul,1
amazondeal,1
ihavepurse,1
momentofcalm,1
meditate,1
momentofstillness,1
calm,1
takeamoment,1
wpix,1
intentionsetting,1
fopo,1
benzodiazepíne,1
treatment,1
glennondoyle,1
rushing,1
thedailystoic,1
mindfulness,1
discipline,1
dontrush,1
meditation,1
panicattack,1
patriciakarpas,1
josephgoldstein,1
selfcompassion,1
metitation,1
generationaltrauma,1
panicdisorder,1
untangle,1
drjennytaitz,1
meditationforkids,1
panic,1
ryanholiday,1
michaelgervais,1
intention,1
ipmf,1
troubledteenindustry,1
disabiltiy,1
puppytiktok,1
memorial,1
boundaries,1
pool,1
protectyourpeace,1
sportmode,1
reveal,1
acab,1
strugglecare,1
parasocial,1
theskillofchill,1
balancedtraining,1
teenagedirtbag,1
forcefree,1
roomresetboards,1
texassummer,1
asktheaudience,1
dogtraining,1
exvangelical,1
neurodivergentfamily,1
katchakid,1
poolnet,1
poolsafety,1
annualreview,1
help,1
wnba,1
giannisantetokounmpo,1
protests,1
womeninsports,1
twin,1
heisman,1
kevindurant,1
zionism,1
blackstudents,1
onset,1
nicksaban,1
banned,1
athlete,1
treylance,1
contract,1
luckycharms,1
falcons,1
suits,1
heal,1
trophy,1
educationequity,1
ucla,1
jokes,1
adidas,1
canceled,1
fields,1
scholarship,1
ajbrown,1
2021,1
trevorlawrence,1
boban,1
duke,1
sportsbet,1
james,1
alleniverson,1
76ers,1
clippers,1
disrespectful,1
dawnstaley,1
growth,1
statue,1
greatness,1
rockets,1
philadelphiaeagles,1
bucks,1
dei,1
uncomfortableconversations,1
mackjones,1
intuition,1
ncaabasketball,1
draft,1
transfer,1
graduation,1
bronny,1
zackwilson,1
michaelpenixjr,1
brothers,1
caitlinclark,1
jewish,1
goat,1
chickensandwich,1
compassion,1
breakfastcereal,1
coaching,1
uncomfortableconvos,1
austintx,1
politicstikok,1
boomer,1
us,1
millennial,1
uselection,1
genx,1
tedvancouver,1
namethatcity,1
swag,1
swagbag,1
hotelview,1
vancouver,1
broomba,1
dietcoke,1
childrensbook,1
eating,1
ipad,1
drawing,1
dancing,1
skit,1
bagel,1
zodiacsigns,1
ate,1
baconeggandcheese,1
digitalillustration,1
digitalartist,1
digitalart,1
theory,1
dresses,1
mom,1
birds,1
trendingsong,1
bagels,1
transition,1
selfpublished,1
girlhood,1
mukbang,1
pompeii,1
komkom,1
pumice,1
ancientchina,1
hieroglyphs,1
vesuvius,1
maya,1
africanamerican,1
terracottaarmy,1
dnatesting,1
ancientbattle,1
archaeology,1
pompei,1
familyhistory,1
plinianeruptions,1
salem,1
salemwitchtrials,1
brainrot,1
girlhistorians,1
saynotodrugs,1
realitygays,1
careertiktok,1
gobeyond,1
consulting,1
bcgcareers,1
kingbaldwin,1
alexaroutines,1
amazonmusic,1
puppytax,1
alexaplaytaylorswift,1
garden,1
amazonalexa,1
smartlights,1
alexacallforhelp,1
alexaemergencyassist,1
cheesetax,1
gardentok,1
haul,1
justscored,1
hamilton,1
chickenfight,1
gameshow,1
bellbottoms,1
katyperry,1
twitch,1
paintdate,1
karma,1
runninghome,1
boyfriend,1
danceydance,1
pitchermethod,1
90sthrowback,1
tallestman,1
baseballboys,1
bananaball,1
tipsy,1
wipeout,1
wrestler,1
guitartok,1
littleleague,1
justinbieber,1
savannahgeorgia,1
aaronburrsir,1
chrisbrown,1
wrestlemania,1
takeittotheground,1
mmmbop,1
fy,1
promdress,1
wop,1
datenight,1
promtransition,1
highjumpchallenge,1
eggchallenge,1
sportscenter,1
marvel,1
alexanderhamilton,1
bananasplit,1
baseball,1
foodfight,1
twerk,1
softball,1
thick,1
superstar,1
security,1
shaniatwain,1
baseballmom,1
baseballtiktok,1
okc,1
pookie,1
laineywilson,1
feellikeawoman,1
hanson,1
bizzle,1
baseballmoms,1
laurenalaina,1
boymom,1
mlb,1
guitarherostyles,1
sillygoofy,1
softballlife,1
justmarried,1
savannahbananas,1
sketch,1
trickplay,1
2000skids,1
walkupsong,1
digitalmarketing,1
marketers,1
customerservice,1
businesssolutions,1
workhumor,1
spring24spotlight,1
growyourbusiness,1
commercehub,1
contenthub,1
saleshub,1
marketing,1
producitivityhack,1
crm,1
spotlight2024,1
sales,1
princess,1
emailmarketing,1
automation,1
hubspot,1
socialmediamanager,1
spotlight,1
greenscreenvideo,1
chimepartner,1
familee,1
doordashpartner,1
foodcritic,1
pizzahut_partner,1
parentsofadultchildren,1
familythings,1
familyrelationships,1
lmft,1
grandma,1
grandparentsoftiktok,1
familydysfunction,1
mothersday,1
village,1
triggered,1
grandparents,1
therapist,1
accountability,1
adultchild,1
childhoodtrauma,1
adultchildren,1
therapytiktok,1
familyestrangement,1
emotionalimmaturity,1
toxicpositivity,1
emotionalmaturity,1
cyclebreaker,1
mothers,1
nocontact,1
diagnosis,1
marriageadvice,1
toxixposivity,1
familycyclebreakersclub,1
inlaws,1
emotionallyimmatureparents,1
motherinlaw,1
familydynamics,1
adultsiblings,1
estrangement,1
goingnocontact,1
apology,1
dil,1
callinghome,1
sibling,1
dating,1
positivethinking,1
triggers,1
mil,1
quotes,1
grandchildren,1
positivevibes,1
selfhelpbooks,1
chaos,1
chaotichome,1
books,1
familylife,1
grandparent,1
courage,1
psychology,1
pygmalianeffect,1
confidence,1
impostersyndrome,1
innercircle,1
personalbrand,1
jobsearch,1
jobseeker,1
whotels,1
nfldraft2024,1
mufc,1
marriotthotels,1
sleepwell,1
hotones,1
marriottbonvoy,1
takeadip,1
cebu,1
seanevans,1
spotifydaylist,1
worldclasspools,1
sblviii,1
cherryblossom,1
marriottbonvoymoments,1
lemeridienhotels,1
traveldupe,1
manchesterunited,1
fern,1
muffy,1
prunella,1
cootiecatcher,1
francine,1
postmalone,1
nationalsiblingsday,1
fortuneteller,1
librarylife,1
binky,1
george,1
arthur,1
dw,1
davidread,1
poets,1
girlswhogolf,1
diorfall24,1
blackgirlsgolf,1
jazzfest,1
danceparty,1
decor,1
hairbonnet,1
giftbag,1
bts,1
sightseeing,1
frenchquarter,1
dinnerparty,1
neworleansjazzfest,1
sweatitout,1
kennyburns,1
tourist,1
goodmusic,1
yakamein,1
mardigrasindians,1
harlemtoile,1
sleepmask,1
10000steps,1
harlemnights,1
nola,1
weekend,1
redmapleleaf,1
silkpress,1
dinner,1
porkchopsandwich,1
softlife,1
treme,1
chocolate,1
eclipsesolar2024,1
chef,1
cocina,1
flan,1
receta,1
laescuelitadelcacao,1
nationalaslday,1
elmo,1
deaftok,1
internationaljazzday,1
shower,1
fittok,1
oscarthegrouch,1
sesamestreet,1
grover,1
workout,1
bertandernie,1
heroes,1
familywellness,1
whatieatinaday,1
oldschoolsesame,1
alonetime,1
sneakerhead,1
autismacceptancemonth,1
seeamazing,1
asl,1
cookiemonster,1
goals,1
furryfriendsforever,1
dailyroutine,1
reading,1
americansignlanguage,1
merengue,1
drivethru,1
oddlysatisfying,1
unwrapping,1
dodge,1
lake,1
memes,1
cracking,1
satisfyingvideo,1
bone,1
icebreaking,1
rocks,1
funnyvideo,1
things,1
ice,1
fastfood,1
construction,1
cellphone,1
mentalhealthawareness,1
nativehistory,1
native,1
nativetiktok,1
mentalhealthmonth,1
nativeamerican,1
corporate,1
crestrealitycheckup,1
waiter,1
genzfeedback,1
morningroutine,1
awkwardkiss,1
firstdate,1
walking,1
complaining,1
virtualmeeting,1
managerproblems,1
momhumor,1
momlife,1
influencers,1
baddriver,1
milennials,1
clean,1
downypartner,1
routine,1
crestpartner,1
swifferpartner,1
criticism,1
morning,1
loveisland,1
multitasker,1
9to5,1
awkward,1
coworker,1
besties,1
moms,1
awkwardinteraction,1
friendgroup,1
cresthasyoucovered,1
allergies,1
coffeeaddict,1
workbesties,1
icks,1
diml,1
performancereview,1
overshare,1
coworkers,1
notesapp,1
wfh,1
adobeacrobatpartner,1
laundry,1
pto,1
workfromhome,1
realitytv,1
girlsdinner,1
allergyseason,1
scotland,1
pennsylvania,1
rapper,1
protesters,1
college,1
eastcoast,1
exhumed,1
lesterholt,1
universalmusicgroup,1
senate,1
glasglow,1
harveyweinsteins,1
whistleblower,1
wapatolake,1
dreamliner,1
missile,1
lamborghini,1
kharkiv,1
crumbley,1
palestinians,1
donda,1
drake,1
oregon,1
callherdaddy,1
nyu,1
arkansas,1
bodies,1
tampa,1
students,1
kanyewest,1
scammer,1
authorities,1
eid,1
switzerland,1
tacoma,1
chocolateexperience,1
columbiauniversity,1
kendricklamar,1
rasheerice,1
tufts,1
americans,1
saderobinson,1
charge,1
livingwage,1
dallas,1
universityofsoutherncalifornia,1
neildegrassetyson,1
fkatwigs,1
911,1
school,1
indianapolis,1
indiana,1
uber,1
ye,1
simonebiles,1
olympic,1
finance,1
tupac,1
alroker,1
baltimore,1
ComfortSegredos,1
southwestairlines,1
minnesota,1
arizona,1
toronto,1
russian,1
bridge,1
columbia,1
corvette,1
cargoship,1
rutgers,1
ojsimpson,1
mit,1
alexcooper,1
emerson,1
specialneeds,1
kansascitychiefs,1
bronnyjames,1
tacobell,1
maine,1
earthquakes,1
lottery,1
willywonka,1
fbi,1
yale,1
faa,1
doinggood,1
gooddeedsday,1
nationalwildlifeweek,1
beatplasticpollution,1
4oceanrescue,1
cleanseas,1
comingsoon,1
4oceanbracelets,1
globalcleanup,1
4ocean,1
pledgegood,1
oceanheroes,1
cleantheocean,1
countdown,1
sipsustainably,1
cleanupwithcaptainkate,1
newwhip,1
kiatelluride,1
parkingticket,1
autobody,1
easyfix,1
carfax,1
carboot,1
nyctraffic,1
driversed,1
carmaintenance,1
carfox,1
firstcar,1
scatpackcharger,1
protip,1
carrecall,1
flooddamage,1
beautysupplystore,1
floodcar,1
scatpack,1
frenchbulldog,1
dogfriendlyworkplace,1
vwjetta,1
bmw3series,1
newcar,1
mustang,1
teslacybertruck,1
jeepwrangler,1
petfriendly,1
kobe,1
whydidyouswipe,1
tesla,1
lifehacks,1
buffing,1
cybertruck,1
vwbug,1
creativeprocess,1
memoir,1
writingprocess,1
growingup,1
lunchladycomics,1
artisticjourney,1
middlegradebooks,1
pugs,1
creativejourney,1
memoiral,1
kidlit,1
recovery,1
jjkdailysketch,1
artist,1
yalit,1
artistontiktok,1
airport,1
livedrawing,1
graphicnovel,1
airportlife,1
remembering,1
publicspeaking,1
drawingtutorial,1
sketchbooks,1
buffalowildwings,1
edtok,1
summerreading,1
sketchbookdrawing,1
chapterbooks,1
heykiddobook,1
adoption,1
grandfather,1
observationaldrawing,1
illustrator,1
canvas,1
sketchbook,1
schoollunchheroday,1
comics,1
painting,1
mothersdaygift,1
mothersdaygiftideas,1
literacy,1
schoollunch,1
arttutorial,1
writer,1
resilience,1
motivationalspeaker,1
graphicnovels,1
sketchbooktour,1
houstontx,1
growthmindset,1
paint,1
memory,1
encouragement,1
artsistsoftiktok,1
bereavement,1
livesketch,1
expressivearts,1
acrylicpaintings,1
arttherapy,1
stuffedanimals,1
teach,1
teacherproblems,1
mentalhealthawarenessmonth,1
teachersbelike,1
teachersontiktok,1
schooldays,1
universalpartner,1
melissabarrera,1
turtlesallthewaydown,1
isabelamerced,1
lisafrankenstein,1
abigailthemovie,1
twilight,1
felixmallard,1
vampire,1
creecicchino,1
kathrynnewton,1
johngreen,1
goalball,1
paraequestrian,1
paralympics,1
judo,1
paracycling,1
vote,1
bipride,1
bisexual,1
election2024,1
bisexualman,1
lgbtqthoughts,1
queertheory,1
lesbianvisibilityday,1
queerhistory,1
biman,1
itgetsbetter,1
queerchameleon,1
electionszn,1
climatejustice,1
bierasure,1
climatecorps,1
gotmilk,1
icymi,1
spacejunk,1
pollinators,1
luckyfish,1
climateaction,1
salmon,1
pfas,1
plasticpollution,1
monarch,1
earthweek,1
extremeheat,1
epa,1
derail,1
globalwarming,1
petebuttigieg,1
plastictreaty,1
steam,1
dot,1
youthforclimate,1
eclipseglasses,1
planetvsplastics,1
arborday,1
ohiotraincrash,1
extremeweather,1
pinholecamera,1
americanclimatecorps,1
viralvideo,1
eastpalestine,1
climatelawsuit,1
secrets,1
circleofsecrets,1
women,1
secret,1
video,1
happiness,1
relationship,1
friendships,1
smart,1
puzzles,1
empathy,1
ranking,1
selflove,1
theone,1
genius,1
happy,1
oddoneout,1
couples,1
splitdecision,1
interesting,1
npr,1
pmgd2024,1
retrograde,1
nprshortwave,1
hamas,1
elections,1
electriccar,1
publicmediagives,1
beijing,1
titopuente,1
gaza,1
mercury,1
latinmusic,1
iran,1
jordan,1
immigration,1
westbank,1
mycoplasmas,1
whatonearth,1
nuts,1
roman,1
masterstournament,1
microscope,1
dna,1
unearthed,1
bacteria,1
foodchain,1
chickens,1
smallestmanwhoeverlived,1
howtheuniverseworks,1
techwithsinead,1
lionking,1
earth,1
bee,1
snake,1
pumba,1
greatgreyowl,1
warthog,1
monarchbutterfly,1
baldeagle,1
bats,1
learn,1
goldeneagle,1
naturedocumentary,1
honeybuzzard,1
crocodile,1
elephantseal,1
falconet,1
raptor,1
burrowingowl,1
bees,1
secretarybird,1
butterfly,1
eagle,1
bumblebee,1
camel,1
dung,1
owl,1
caracara,1
shirleynetflix,1
ericschlosser,1
tricks,1
participantambassador,1
kimberlyrenee,1
hammermuseum,1
foodinc,1
workersrights,1
nowstreaming,1
shirleychisholm,1
michaelpollan,1
melissarobledo,1
pullupachair,1
foodinc2,1
coalitionofimmokaleeworkers,1
robertkenner,1
letsdothis,1
youthactivism,1
dosomething,1
change,1
linkinbio,1
nationalroboticsweek,1
sciencegoseek,1
littlewordsproject,1
duolingo,1
fanfic,1
jacksonwang,1
ao3,1
asoka,1
duolingogiveaway,1
doitforduo,1
affordablehousing,1
antiableist,1
disabilityinclusion,1
housingcrisis,1
universaldesign,1
stanleycup,1
antiableistbook,1
queer,1
limbdifference,1
inclusivedesign,1
antiableism,1
yourfirstmillionlive,1
mosaicart,1
bookbts,1
chinatown,1
disabilitytiktok,1
brachialplexusinjury,1
disabilitypride,1
authortok,1
firsttimeauthor,1
country,1
memecut,1
songwriter,1
webby,1
drama,1
hotelportofino,1
kenburns,1
pbskids,1
charlieputh,1
henrylouisgatesjr,1
webbyawards,1
romeoandjuliet,1
findingyourroots✨,1
gershwinprize,1
jamestown,1
poetry,1
hotelportofinopbs,1
mychalthelibrarian,1
poetrytok,1
thisoldhouse,1
internationaldanceday,1
perioddramaseries,1
normabrams,1
greatperformancespbs,1
pbs,1
webbyawardwinner,1
music,1
portofino,1
findingyourrootswithhenrylouisgatesjr,1
periodpiece,1
joshoconnor,1
winningwithwinston,1
servicedog,1
rainbowbridge,1
immarollwithit,1
cry,1
esa,1
myfirstdog,1
servicedogteam,1
billieeilish,1
linmanuelmiranda,1
ariel,1
theb,1
theboyz,1
cinema,1
puppyinterview,1
saintandrew,1
happilyeverafter,1
thirsttweets,1
keanureeves,1
bluehair,1
andrewscott,1
therock,1
andrewgarfield,1
springrecipes,1
springbaking,1
blackberries,1
brownies,1
lavender,1
steel,1
lasso,1
txwx,1
wildanimals,1
pig,1
rain,1
mistake,1
pigs,1
friends,1
iceland,1
northernlights,1
discovery,1
pnw,1
play,1
worldsurfleague,1
dozen,1
galaxy,1
mountetna,1
louisiana,1
night,1
bleach,1
beaforceofnature,1
footage,1
house,1
skitok,1
learnedontiktok,1
golftok,1
bearcubs,1
goodthing,1
ranch,1
cooloff,1
woops,1
animalsoftiktok,1
wildflower,1
auroraborealis,1
octopus,1
neighborhood,1
blackhole,1
wearher,1
augusta,1
storm,1
virtex,1
mountainlion,1
mercedes,1
farm,1
asia,1
skiing,1
caught,1
dolphin,1
fail,1
sportsscience,1
omaha,1
midwest,1
cubs,1
river,1
cleanup,1
dolphins,1
traffic,1
tsunami,1
winter,1
jordanspieth,1
home,1
weathertok,1
overflow,1
wsl,1
tree,1
landing,1
prediction,1
dronefootage,1
weatherchannel,1
philadelphia,1
flooding,1
snow,1
celestial,1
motorcycle,1
shelter,1
maps,1
dust,1
sky,1
mirror,1
telescope,1
coastguard,1
west,1
northeast,1
iowa,1
trucks,1
masters,1
themasters,1
tornadoes,1
doublerainbow,1
rorymcilroy,1
nightsky,1
guangdong,1
sheep,1
closecall,1
tiger,1
rainbow,1
warming,1
cars,1
lightning,1
thunderstorm,1
farmstead,1
volcanic,1
cool,1
outrage,1
heatwave,1
tornadosiren,1
flashflood,1
eruption,1
photographer,1
mississippi,1
barn,1
wild,1
comet,1
fireball,1
buildings,1
lava,1
kitesurf,1
turkey,1
bronx,1
utah,1
washingtondc,1
carfails,1
sicily,1
pond,1
aninal,1
draining,1
crazy,1
westvigrinia,1
turtle,1
hot,1
ski,1
stormchaser,1
snowboardseason,1
humans,1
sandiego,1
stargazing,1
drone,1
skiseason,1
colors,1
animal,1
australia,1
twister,1
mastersweekend,1
prints,1
waves,1
severestorm,1
rings,1
aftermath,1
wind,1
lavaflow,1
solar,1
outlook,1
destructive,1
newjersey,1
newx,1
alta,1
bears,1
theweatherchannel,1
tigerwoods,1
indonesia,1
westvirginia,1
dinosaur,1
lunar,1
learnwithtiktok,1
beach,1
surfing,1
stars,1
pathoftotality,1
fishing,1
unitedkingdom,1
windy,1
statepark,1
golfswing,1
centralpark,1
powder,1
volcano,1
golfing,1
close,1
hail,1
debris,1
naturaldisaster,1
snowboarding,1
ancient,1
rickiefowler,1
stingray,1
nebraska,1
perfect,1
damage,1
forecast,1
cruise,1
snowboard,1
northcarolina,1
cooldown,1
surf,1
selfie,1
healthytips,1
dementia,1
todayilearned,1
alzheimers,1
type2diabetes,1
til,1
prediabetes,1
takeonalz,1
professionaltroublemaker,1
nytbestseller,1
imjudgingyou,1
humorbook,1
explorepage,1
entrepreneurship,1
longchampsttropez,1
greece,1
wck,1
orphanedanimal,1
skimming,1
kingcharles,1
orcas,1
delta,1
brittneygrineronabc,1
montereybay,1
centralparknyc,1
moulinrouge,1
pinkmoon,1
plane,1
connecticut,1
panda,1
goodmorningamerica,1
newyorkuniversity,1
snakes,1
venice,1
mufasa,1
lukebryan,1
oceansideca,1
gymanstics,1
harveyweinstein,1
campaign,1
athens,1
cpr,1
abcnews,1
immunity,1
cabaret,1
jfkairport,1
fine,1
thepowerofus,1
whalewatching,1
joebiden,1
israelpalestine,1
capitolhill,1
paris,1
oklahoma,1
belgium,1
lighthouse,1
popefrancis,1
teachers,1
moscow,1
columbine,1
homicide,1
potus,1
gorillas,1
southafrica,1
royals,1
saharadesert,1
chrisley,1
brittneygriner,1
kidnapping,1
transplant,1
aviation,1
israelhamaswar,1
russia,1
weinstein,1
chicago,1
flying,1
naturalbeauty,1
districtattorney,1
morphew,1
larrynassar,1
scotus,1
middleeast,1
april,1
reptiles,1
nashville,1
giselebundchen,1
thelionking,1
90s,1
film,1
otters,1
savingspecies,1
creatorsearchinsights,1
aquariumofthepacific,1
magellanicpenguin,1
lorikeet,1
seaottters,1
longbeach,1
babybird,1
usinanotheruniverse,1
bigfoot,1
expeditionbigfoot,1
blindfrogranch,1
alien,1
paranormalcaughtoncamera,1
skinwalker,1
bigfoot?,1
nasasunexplainedfiles,1
butterflies,1
minerals,1
entomology,1
crystals,1
northwestcoastart,1
nyctiktok,1
isitcake,1
snuneymuxw,1
gems,1
thingstodoinnyc,1
northwestcoast,1
museumtok,1
geology,1
podcasts,1
mkbhd,1
success,1
influencer,1
humane,1
creatoreconomy,1
siliconvalley,1
innovation,1
reviews,1
creator,1
womenintech,1
musictech,1
girljams?,1
datascience,1
steminist,1
bravenotperfect,1
lifelessons,1
tbt,1
aieducation,1
adviceforgirls,1
ailiteracyday,1
dontgiveup,1
nycvlog,1
womenempowerment,1
failure,1
aimusic,1
failforward,1
girlswhocode,1
vlog,1
reshmasaujani,1
girljams,1
stemeducation,1
makers,1
inspiring,1
livemusic,1
sisterhood,1
alumniapril,1
girlsinstem,1
datascientist,1
marizzadelgado,1
repost,1
recordingstudio,1
behindthescenes,1
tournamentofchampions,1
bemyguest,1
foodnetworkfinds,1
wildcardkitchen,1
unwrapped,1
chopped,1
24in24,1
beatbobbyflay,1
parasite,1
nakedandafraid,1
mining,1
itsgonnabemay,1
happyearthday,1
sharkweek,1
gold,1
survival,1
penguins,1
monstersinsideme,1
cicada,1
americasbackyardgold,1
whosafraidoflittleoldme,1
vancouverisland,1
monday,1
hautecouture,1
greenpeace,1
daniellismore,1
physicaltherapy,1
pt,1
falloutfits,1
nycearthquake,1
nyctattooartist,1
life,1
dune2,1
scifi,1
thestrain,1
design,1
aquarium,1
montereybayaquarium,1
climateanxiety,1
octopus🐙,1
anemone,1
tropicalfish,1
raft,1
sustainableseafood,1
sunset,1
africanpenguin,1
seaotter,1
hideandseek,1
nemo,1
kelpforest,1
kelp,1
selfcare,1
clownfish,1
birding,1
pyrex,1
windowsinging,1
overcomingchallenges,1
nycdogs,1
nycphotographer,1
vinestars,1
tiktokfamous,1
nycdating,1
sobriety,1
fosteringsaveslives,1
muddypawspack,1
thenotebook,1
nomwah,1
juryduty,1
broadway,1
dimsum,1
transformation,1
ilookinpeopleswindows,1
pittiesoftiktok,1
claireandaj,1
fosterdogs,1
nostalgia,1
ilikemyself,1
femaleempowerment,1
newyorker,1
musicaltheatre,1
couplegoals,1
bigvineenergy,1
fosterdogsoftiktok,1
fosterdog,1
scienceismagic,1
keeptiktok,1
smallbusiness,1
itslikeareward,1
etsyshop,1
homecooking,1
pureimagination,1
bundleofjoy,1
tiktokban,1
iwannadancewithsomebody,1
mydays,1
etsyfinds,1
photography,1
muddypawsrescue,1
guts,1
drag,1
coileray,1
metgalastyle,1
conangray,1
muslimtiktok,1
maryandgeorge,1
redcarpet,1
selenagomez,1
youtube,1
swiftietiktok,1
lawandorder,1
beyonce,1
taylorswiftfan,1
rihanna,1
metgala,1
derrygirls,1
bridgertonnetflix,1
swiftie,1
svu,1
jessicaalba,1
yoasobi,1
zodiac,1
tinashe,1
romcoms,1
horoscope,1
redcarpetfashion,1
teenvogue,1
girlinred,1
superlatives,1
nickjonas,1
styleinspo,1
angelabassett,1
nct,1
maipham,1
bigmood,1
nicolacoughlan,1
jakeshane,1
girlinredconcert,1
heartstopper,1
streetstyle,1
ryangoslingedit,1
sabrinacarpenteredit,1
ireland,1
colinbridgerton,1
prettyinpink,1
lawandordersvu,1
penelopefeatherington,1
nicholasgalitzine,1
coachella2024,1
rupaulsdragrace,1
deadboydetectives,1
firstjob,1
le_sserafim,1
fashiontiktoks,1
dragqueen,1
coachella,1
irishtiktok,1
rosalia,1
gutstour2024,1
festivaloutfits,1
rupaul,1
theideaofyou,1
oliviarodrigo,1
euphoria,1
coichella,1
fashiontiktok,1
oliviarodrigoguts,1
hannahmontana,1
moesha,1
dualipachallenge,1
tiktokstyle,1
arianagrande,1
ayoedebiri,1
straykids,1
idol,1
joelocke,1
lesserafim,1
kitconnor,1
kekepalmer,1
ayoedibiri,1
blackpink,1
metgala2024,1
hunterschafer,1
redcarpetlooks,1
recycle,1
kitchenhacks,1
fyi,1
locationsharing,1
mercuryretrograde,1
cbs,1
calebwilliams,1
pets,1
1830s,1
mercuryinretrograde,1
girlstrip,1
movie,1
civilwarmovie,1
findmy,1
rent,1
population,1
bridalparty,1
a24,1
vpr,1
weddings,1
bachelorette,1
cats,1
birthcontrol,1
etiquette,1
apartmenthunting,1
hateithere,1
autismawareness,1
elsbeth,1
apartmentliving,1
gender,1
destinationwedding,1
snapmap,1
mercuryretrogradetips,1
reuse,1
rental,1
seals,1
baby,1
mycatfromhell,1
adorable,1
tortoise,1
piranha,1
toocute,1
puppy,1
cattok,1
kangaroo,1
lajollacove,1
hedgehog,1
dachshund,1
spoileddog,1
caniacambassador,1
trashpanda,1
antarctica,1
antarcticadidthatforme,1
simplyantarctica,1
astrotok,1
jwst,1
cosmology,1
earthshine,1
womeninscience,1
spacetok,1
jameswebb,1
astrophysics,1
redsea,1
marineconservation,1
scuba,1
undergrad,1
underwater,1
marinescience,1
ecosystem,1
fieldtrip,1
thinkuhi,1
marinebiologytok,1
egypt,1
bsc,1
tropical,1
universityonthebeach,1
snorkelling,1
redsea2024,1
livedelicious,1
bibigo,1
bibigogogo,1
plantbased,1
scientistsontiktok,1
wildkingdom,1
dungbeetles,1
sustainableliving,1
thescienceoflife,1
stemtok,1
scitok,1
womensupportingwomen,1
rainbowmafia,1
wilderness,1
instascience,1
pridemonth,1
omega3,1
raventhesciencemaven,1
mononeon,1
eshutune,1
sketchcomedy,1
dropouttv,1
gamechanger,1
montypython,1
