Username,Hashtags
doubledownnews,"['uk', 'usa', 'university', 'freedom', 'peace', 'unitedstates', 'protest', 'us', 'justice', 'newyork', 'columbiauniversity', 'palestine', 'gaza', 'israel', 'unitedkingdom', 'columbia', 'humanity', 'freepalestine', 'america']"
xwc443939299,[]
xrstudentmanchester,[]
extinctionrebellionaita,[]
xrkrakow,[]
xryouthcambridge,[]
xrsouthaus,[]
xr_qna,[]
extinctionrebellion.id,[]
caradelevingne,[]
bank.green,[]
fridaysforfutureireland,[]
fridaysforfuturebo,[]
xrargentina,[]
extinctionrebellionbath,[]
climatechange201,[]
xrecuador,"['no', 'ecuador', 'consultapopular2024', 'plásticos', 'contaminación', 'diadelatierra']"
savetheplant_ecofriendly,[]
khan_peacock,[]
greengirlleahthomas,"['rothys', 'ballet', 'rothyspartner', 'sustainablefashion', 'sustainableliving', 'balletflats', 'sustainablelifestyle']"
fridaysforfuturedublin,[]
idnapper,[]
xrebellionwa,[]
xrwawesternsuburbs,[]
xrebellionaus,[]
xr.pacific,[]
xrbarcelona,[]
fridayforfuture,[]
helpourearthwithme,[]
xr.hrvatska,[]
akyouthclimatestrike,[]
extinction.rebellion.dc,[]
xroakland,[]
nyclimatestrike,[]
sunrisemvmtsoil,[]
creativesforfuture_de,[]
extinctionrebellion_,[]
xrnantes,[]
greenpeaceuk,"['uk', 'greenenergy', 'solar', 'farmers', 'conservatives', 'environment', 'science', 'plasticstreaty', 'climatecrisis', 'activism', 'plastic', 'sealife', 'soy', 'ukpolitics', 'makeshellpay', 'janeausten', 'ceasefirenow', 'meat', 'rain', 'globalplasticstreaty', 'jeremystrong', 'climateaction', 'ecofriendly', 'deforestation', 'globalwarming', 'succession', 'protest', 'climate', 'food', 'pollution', 'oceans', 'extremeweather', 'hignfy', 'china', 'shell', 'shocking', 'flood', 'nature', 'ocean', 'protecttheocean', 'winter', 'sustainability', 'sewage', 'learnontiktok', 'renewables', 'netzero', 'unilever', 'earthday', 'haveigotnewsforyou', 'gbnews', 'vegan', 'tofu', 'amazonrainforest', 'polluter', 'booktok', 'foodshortage', 'kendallroy', 'rivers', 'dove', 'liberals', 'shame', 'onshorewind', 'gretathunberg', 'microplastics']"
xrboston,"['xr', 'earthday2024', 'climateaction', 'climatechange', 'extinctionrebellion', 'climatecrisis', 'xrboston', 'earthday']"
greenpeace.de,"['socialmediamarketing', 'notmytaxonomy', 'fypシ', 'europawahl?', 'kühe', 'fyp', 'reclaimtiktok', 'atomausstieg', 'atomenergie', 'bärenmarke', 'wähledeinezukunft', 'europawahl', 'gehmalwählen', 'atomkraft', 'eu', 'europaparlament', 'fy']"
comedianmike,"['audience', 'fyp', 'jpscomedyclub', 'clockin', 'kansas', 'politics', 'kcmo', 'commercial', 'casino', 'standupcomedy', 'cold', 'shirts', 'funny', 'comedy', 'stpaul', 'weather', 'notfunny', 'imbroke', 'swipe', 'omaha', 'dating', 'mydream', 'comedyspecial', 'wichita', 'indianapolis', 'sober', 'fypcomedy', 'kc', 'supportstandupcomedy', 'imfunny', 'scenery', 'rich', 'showertok', 'funnycommercials', 'singlelife', 'crazypeople', 'watchtillend', 'smallbusiness', 'jobs', 'imfine', 'funnyvideos', 'comedian', 'peanutbutter', 'ugh', 'barber', 'kansascity', 'missouri', 'officejokes', 'robots', 'fundraiser', 'workjokes', 'lincoln', 'biden', 'littlerock', 'fypage', 'hot', 'comedyshows', 'helpme', 'brrr', 'datingapps', 'venmo', 'fypシ', 'arizona', 'onthisday', 'landscape', 'work', 'ontheroad', 'richlife', 'thinkofme', 'dentist', 'tips', 'jokes', 'inflation', 'comedyshow', 'hilarious', 'trump2024', 'velveeta']"
sighsammie_,['duet']
uispi4,[]
eleanorbrenbabes,"['copps', 'skinprep', 'runandtellthat', 'headshots', 'musicaltheatre', 'gardenroute', 'singer', 'lidl', 'actorheadshots', 'karma', 'makeupremoval', 'doublecleansing', 'embarrassing', 'work', 'jojosiwa', 'comedy', 'skincare', 'lunchbreak', 'lipcombo', 'stitch', 'bristol', 'mysterious', 'chooseyourfighter', 'travel', 'comedysong', 'romantisizing', 'whatwasimadefor', 'makeup', 'cinnamonroll', 'southafrica', 'prettyprivilege', 'makeuptips', 'tiktokdancing', 'premiumbeauty', 'lidltrolley', 'n62', 'bath', 'parodysong', 'hairspray', 'yourejustaman']"
dw_enteignen,[]
freelifepassport,"['hoian', 'reisetipps', 'coconutforest', 'vietnam', 'vietnamtipps']"
justalittledeutsch,"['немецкий', 'deutschlernen', 'fyp', 'viral', 'capcut', 'deutsch', 'deutscha1', 'deutschkurs', 'german', 'germanhumor', 'germanmeme', 'germanteacher', 'learngermanonline', 'germanmusic', 'deutschb1', 'lernenmittiktok', 'deutschlehrer', 'deutschonline', 'learngerman', 'foryou', 'germanquiz']"
queenfulvia,[]
crownedkaye,[]
jackies_backie,[]
hussamantar,"['هيبة_ملك👑', 'fyp', 'خيبة', 'viral', 'صدمة_كبيرة', 'لم_شمل', 'عجيان_البانهوف', 'teuer', 'ايسن', 'مشان_الله', 'ضيوف', 'essen', 'expensive', 'غربة', 'مواقف_غير_متوقعه', 'زيارة', 'تيكتوك_عرب', 'حسد', 'كسر_الخواطر', 'سعادة', '🇩🇪', 'مليونير', 'عزيمة', 'المانيا', 'طيران', 'خطبة_زواج', 'سورين_في_المانيا', 'سياحة', 'حسد_وعين', 'aufmeinemkopf', 'شركة', 'جوبسنتراوي', 'محمد_رمضان', 'سفر', 'rewe', 'يوميات', '50', 'fürdich', 'الحياة_الزوجية', 'اوروبا', 'ساربروكن', 'سهرة_اخر_الليل', 'euro', 'الشعب_الصيني_ماله_حل😂😂']"
jocelyntimperley,[]
trixiemattelfp,[]
gayshegoes,"['solareclipse', 'stitch', 'eclipse2024', 'yasssss']"
ecocore,[]
justicerane,"['mandymoore', 'whitehouse', 'fyp', 'marciafudge', 'robyndixon', 'viral', 'laganjaestranga', 'mistressisabellebrooks', 'realhousewives', 'pomsky', 'lgbtqia', 'fyppppppppppppppppppppppp', 'gagcity', 'comedy', 'spice', 'kylie', 'love', 'rupaulsdragrace', 'moniquesamuels', 'fypツ', 'symone', 'nicki', 'lgbtq', 'tiakofi', 'manilaluzon', 'monetxchange', 'kyliesonique', 'trans', 'puppy', 'thepitstop', 'reunion', 'candy', 'foryoupage', 'pinkfriday2tour', 'candiace', 'dogdad', 'dragqueen', 'ranedrag', 'dragrace', 'ashleydarby', 'drag', 'tiktok', 'press', 'lgbt', 'ukvstheworld', 'nickiminaj', 'bluhydrangea', 'dog', 'potomac', 'candiacebassett', 'fypage', 'brookelynnhytes', 'ftcu', 'pressconference', 'dragraceukseason1', 'sugar', 'bobthedragqueen', 'nonbinary', 'housewives', 'drwendy', 'fypシ', 'drwendyosefo', 'rhop', 'pinkfriday2', 'fypシ゚viral', 'biancadelrio', 'wendyosefo', 'wendy', 'dragraceuk', 'dogsoftiktok', 'gay', 'kyliesoniquelove', 'realhousewivesofpotomac', 'gizellebryant', 'candiacedillard', 'rupaul', 'thewhitehouse', 'fypp', 'canadasdragrace', 'gagcityhartford', 'candiacedillardbassett']"
luukashan,[]
shaunoboyle,[]
trippsurvives,[]
gastridacid,[]
tate.est,[]
wildlife_jason,[]
wildlife_film,[]
banders.natch,[]
kurtisbaute,[]
amberbella9,[]
yash_and_dylan_boxing,"['europeanchampionships', 'england', 'dressupchallenge', 'whowins', 'fyp', '1vs1', 'boxtok', 'fightbreakdown', 'worstdressed', 'worstdressedchallenge', 'sport', 'tiktokpoll', 'comeshoppingwithme', 'dayinthelife', 'nike', 'boshh', 'haneygarcia', 'dancemonkey', 'capcut', 'training', 'banter', 'international', 'gettingbetter', 'shopping', 'messingaround', 'englandboxing', 'competitive', 'interview', 'yashanddylanboxing', 'football', 'whatsnext', 'oxfordstreet', 'girlsvsboys', 'work', 'school', 'mentalhealth', 'sparring', 'boxer', 'behindthescenes', 'mylife', 'sports', 'boxing', 'fashion', 'niketown', 'foryoupage', 'worldchampion', 'lol', 'comespendthedaywithme', 'ryangarcia', 'notboxing', 'pisstake', 'filming', 'practicemakesperfect', 'london', 'boxinggoals', 'devinhaney', 'fail', 'european', 'dance', 'iquit', 'fighting', 'watching', 'gymshark', 'fashionfail', 'tv', 'lolz', 'spectators', 'foryourpage', 'whyus', 'shopwithme', 'foryou', 'combatsports']"
alessiavalentini00,[]
kewshoots,"['climatechange', 'arctic', 'amazing', 'documentary', 'svalbard', 'crewlife✈', 'tvdirector']"
goliathsnemesis,"['thisisantarctica', 'tia', 'ice', 'serene', 'antarctica', 'water', 'sunrise', 'antarctictok', 'polar', 'britishantarcticsurvey']"
shearh20,"['toddlersoftiktok', 'blessedbeauty', 'fyp', 'sunset', 'feedingtheflyingsquirrels', 'hesspunky', 'gulffishing', 'shearwatercharters', 'mylifeontiktok', 'blessed', 'rememberthis', 'beachart', 'bentsoncenter', 'oceanspringsharbor', 'fearoffrogs', 'dancingqueen', 'birdbathplanter', 'lifeontiktok', 'damnkids', 'friendship', 'horror', 'fishingfam', 'beachy', 'mydog', 'sleep', 'gulfofmexico', 'biloxibeach', 'fishingwidow', '70s80sinbiloxi', 'yarddecor', 'happybirthday', 'cancersucks', 'badweather', 'oystershellproject', 'mybestfriend', 'babybaylor', 'diamondart', 'ohhellno', 'gulfcoastliving', 'lablady', 'captainswife', 'pearlbracletstack', 'shearh20', 'overwhelmed', 'flyingsquirrels', 'singitman', 'coastalornaments', 'lablover', 'foryoupage', 'catchingbait', 'misshospitalitycharters', 'bestlife', 'coastlife', 'chocolatelab', 'coastdecor', 'blessings', 'oysterdecor', 'handsomeboy', 'fishingfamily', 'olerowtees', 'sheisatitagain', 'emotional', 'pelican', 'feelingblessed', 'ochsnercancercenter', 'memories', 'bigbird', 'southernmarshtee', 'sealifecoasters', 'gretavanfleet', 'mygrandson', 'quacktastic', 'myhusbandsobsession', 'medullarythyroidcancer', 'grandbaby', 'frogfear', 'thanksforthesupport', 'coastalart', 'gulfcoastlife', 'needsomehelp', 'redfish', 'ohboy', 'ahopping', 'projectfinished', 'lovingthislife', 'beachscene', 'nanasboy', 'dolphins', 'boatlife', 'thosewerethedays', 'cutestbaby', 'gulfcoastsunset', 'roadtrip', 'tornadoes', 'columbiafishingpants', 'dogtok', 'biloxi', 'gifts', 'duet', 'goodoledays', 'oystershellplanter', 'thatonefamilymember', 'charterlife', 'kids', 'highwinds', 'fairhope', 'bff', 'jenrae', 'charterboatlife', 'sunsetsonthegulf', 'goodnews', 'fishing', 'bbsboy', 'coastal', 'beauty', 'baylor', 'cancerupdate', 'mygrandbaby', 'hail', 'gulfcoastweather', 'adorablekid', 'family', 'feelingthemusic', 'funnykids', 'newfriend', 'hilarious']"
melissa_zad0,[]
harrietvickers3,[]
mixtress_dj,[]
chertzogyoung,[]
the_northern_boys,[]
sendmesouth,[]
drriksmith,[]
jasonvonmeding,[]
scotty1southpaw,[]
sistersinscience_nl,[]
galwad22,[]
sarahkhalidamohamad,[]
simonrose753,[]
iangarland176,[]
santibabi,"['fitcheck', 'modhair', 'fypシ', 'fyp', 'androgynous', 'selfcare', 'viral', 'shorty', 'selfie', 'gymgay', 'baddestofthemall', 'trans', 'thriftedfashion', 'facecheck', 'verygender', 'ootd', 'styleinspo', 'beaniebabies', 'girlyboy', 'prettyboy', 'fyppppppppppppppppppppppp', 'streetwear', 'thriftedfit', 'lovemelikethat', 'masc', 'vintedhaul', 'grwm', 'foryoupage', 'transmasc', 'altstyle', 'queer', 'grwmasmr', 'vintedfinds', 'gendertroubles', 'styletip', 'shortmasc', 'thriftstorefindsoftheday', 'haircut', 'vinted', 'osirisskateshoes', 'gymbro', 'asmr', 'queerstyle', 'thriftedstyle', 'thrifted', 'androgynousstyle', 'artist', 'nonbinary', 'queermodel', 'foryou']"
fitzupgetsocial,[]
ashishghadiali0,[]
davalarr63,[]
mas_masood1,[]
eloisemaddocks,[]
seaweedresearch,[]
user8637564179269,[]
dirtydikesmb,[]
zakkflash,[]
oisin86,[]
kevinjgsmith,[]
boxmeme0,[]
danielanavarroaguirre,[]
g.wise2,[]
gwenwhere91,[]
user8858696569419,[]
tonybroadhurstsr,[]
mobenchikh,[]
orangekristin,[]
camcairnduff,"['harrypotter', 'renewableenergy', 'indiefilmmaking', 'payitforwards', 'mentalhealth', 'acting', 'filmmaking', 'mentorship']"
mazafraser,[]
rossgrant5,[]
alexdeville0,[]
fuzzhengewright,[]
leroyshanahan,[]
josharnfield,[]
bysshe_diesel,[]
naomimawhood,[]
tillypeterken,[]
embob30,[]
tourdemoon,[]
phatang606,[]
lucylubarr,[]
mazashleyfraser,[]
rmealla,[]
dan_shake,[]
traffizperkins,[]
pete_cannon,[]
sunnitorgman,[]
simonking553,[]
copperrod,[]
farhath_siddiqui,[]
antonia_aimee,[]
j.lenaerts,[]
beatricelangefors,[]
timmermansr,[]
climatekam,[]
climate_quest,[]
polar_marck,[]
request2021,[]
sarabohi,[]
baberuthless143,[]
andrew__warner,[]
mickplus,[]
sofishtication,"['fossil', 'fyp', 'bloat', 'prehistoric', 'space', 'fish', 'shark', 'name', 'funny', 'bloater', 'school', 'eclipse2024', 'phd', 'names', 'solareclipse', 'fishes', 'sharkteeth', 'bombayduck', 'gradschoo', 'eclipse', 'marinebiology', 'foryou', 'sharks', 'bloated']"
freethinkmedia,"['scifiwriter', 'coralreef', 'fyp', 'blogger', 'ces2024', 'chatgpt', 'ai', 'lifeextention', 'journalism', 'spacetravel', 'spacenews', 'mentalhealth', 'free', 'battery', 'cultivatedmeat', 'mathtok', 'brainimplant', 'mediacompany', 'podcastclip', 'engineeringlife', 'freewater', 'diy', 'dogsontiktok', 'internethistory', 'amsterdam', 'techgadgets', 'techexplained', 'engineering', 'consumertech', 'energy', 'magneticfield', 'neuroscience', 'biohacking', 'explained', 'techtok', 'podcastsoftiktok', 'psychology', 'socialexperiment', 'brainwaves', 'longevity', 'climatechange', 'braincomputerinterface', 'unconciousmind', 'labgrown', 'oceanlife', 'diytech', 'reverseaging', 'artificialreef', 'recycling', 'satellite', 'agingbackwards', 'dietchallenge', 'videogames', 'goodclimatenews', 'sciencebooks', 'startups', 'automation', '30daychallenge', 'astranis', 'climatesolutions', 'ecofriendly', 'traumatherapy', 'processor', 'history', 'spacex', 'arthurcclarke', 'physicstok', 'geostationaryorbit', 'computerscience', 'memecut', 'carbonemissions', 'sciencenews', 'internet', 'jobsearch', 'tastetesting', 'medicalresearch', 'internetconnection', 'analog', 'scarcitymindset', 'aspinity', 'StartUp', 'cityplanning', 'authorsoftiktok', 'scienceexperiments', 'loyalbiotech', 'marscolonization', 'fails', 'eeg', 'sustainableliving', 'aigenerated', 'programmer', 'computerprogramming', 'coral', 'deepfake', 'visitamsterdam', 'batterylife', 'spacecolonization', 'hypnosis', 'analogcomputer', 'wellnessroutine', 'veterinariansoftiktok', 'explainer', 'parrotai', 'bci', 'substack', 'circulareconomy', 'mars', 'protectoceanlife', 'marinelife', 'marinebiology', 'mediaecosystem', 'geo', 'ces']"
tanaradoublechocolate,"['cheesesteak', 'popdaddypopcorn', 'ham', 'fyp', 'duet', 'onthisday', 'sausage', 'chicken', 'throwback', 'viral', 'chickenwings', 'commentary', 'recipe', 'joshsmom', 'smashburger', 'burgers', 'eggs', 'earthquake', 'funny', 'food', 'comedy', 'review', 'itaintgonslidedowneasyifitaintcheesy', 'pasta', 'dica', 'cooking', 'tiktokshop', 'chunknibbles', 'philly', 'husbandmeals', 'alfredo', 'orangechicken', 'singing', 'everybodyssocreative']"
umarofoods,[]
julianadeliberais,"['sustainablehaircare', 'getoutside', 'ad', 'ecofriendly', 'babobotanicals', 'cinematic', 'mothernature', 'consumerism', 'earthday', 'cartonshampoo', 'selfreflection']"
beyondtmrw,[]
projdandelion,"['projectdandelion', 'gbv', 'ster', 'icymi']"
unf_ckingtheplanet,[]
yaleclimatecomms,[]
businessbarista,"['concerttour', 'concertmerch', 'concert', 'merch', 'hospitality', 'freelance', 'taxes', 'smallbusiness', 'livemusic', 'nyc', 'restaurant', 'StartUp', 'nycevents', 'savings', 'taxsavings', 'music', 'businessowner', 'bartending']"
up_up_nd_awoe,[]
car_free_america,"['play', 'carfreeamerica', 'walkablecities', 'inforgraphic', 'urbanplanning', 'carfree', 'kids', 'urbanism', 'earthday']"
sustentofila,[]
naturesfynd,"['mycology', 'feedyouroptimism', 'fungifact', 'yogurt', 'mushroom', 'dairyfree', 'recipeinspo', 'naturesfynd', 'fungi', 'science', 'askyourfriends', 'compost', 'fungifactfriday', 'recipe', 'earthmonth', 'wholefoods', 'composting']"
dreroq,[]
climateoptimist,[]
ayishasiddiqa5,[]
harvardchanschool,[]
sciencemoms,[]
future__earth,[]
thisisntbrendan,[]
patagonia,"['spokane', 'netplus', 'urban', 'photography', 'boulder', 'clothing', 'summer', 'hemp', 'plastic', 'sustainable', 'pct', 'bike', 'shopping', 'cleanair', 'conservation', 'farming', 'memoir', 'mtb', 'wa', 'fabric', 'film', 'fashion', 'stuff', 'trailrunning', 'quality', 'policy', 'fishing', 'ocean', 'washington', 'journal', 'winter', 'patagoniabooks', 'climbing', 'sustainability', 'shoulderseason', 'slc', 'river', 'airquality', 'adventure', 'documentary', 'patagoniafilms', 'recycling', 'booktok', 'alifelivedwild', 'family', 'snakeriver', 'camping', 'yvonchouinard', 'print', 'everest']"
boyjr.69,[]
itskeyes,"['books', 'booktok', 'movies', 'musicaltheatre', 'parenting', 'travel', 'foodie', 'news', 'comedy', 'history', 'standupcomedy']"
alisonsadventures,"['veganicecream', 'ecoliving', 'banplastic', 'hpevomore', 'ecofriendly', 'plasticpollution', 'healthydessert', 'dreamvacation', 'sustainability', 'sustainableliving', 'yogaretreat', 'treehouselife', 'earthmont', 'hppartner', 'surfergirl', 'earthday', 'earthmonth', 'greatpacificgarbagepatch']"
climatefinancesolutions,[]
momscleanairforce,"['takeaction', 'parentsoftiktok', 'fyp', 'transportation', 'environment', 'racism', 'politics', 'kids', 'health', 'cleancars', 'safety', 'methane', 'climateaction', 'cleanair', 'climate', 'school', 'chemicals', 'momsoftiktok', 'foryoupage', 'climatechange', 'protectfamily', 'epa', 'breakingnews', 'cleanride4kids', 'earthday', 'parents', 'electric', 'momsontiktok', 'environmentaljustice', 'cleanschoolbus']"
james_stew,"['astronomy', 'coralreef', 'beer', 'scienceismagic', 'science', 'space', 'ai', 'coralreefs', 'moon', 'insect', 'coral', 'flower', 'climateaction', 'climate', 'dubaiflood', 'goodnews', 'dubai', 'weather', 'robot', 'climatechange', 'sustainability', 'cloudseeding', 'flowers', 'nasa', 'earth', 'earthday', 'maldives', 'eclipse', 'bug', 'marinelife', 'insects', 'positivevibes', 'bugs']"
robecs,"['homemadebroth', 'scrappy', 'thredup', 'scrappycooking', 'buynothing', 'buffaloexhange', 'toiletcleaner', 'thriftstore', '🌳🌳', 'howtomakebroth', 'springthrifting', 'veganbroth', 'secondhandfashion', 'cleaningtherapy', 'bambootoiletpaper', 'clothesseller', 'spring2024trends', 'earthmonth', 'paper', 'greenscreenvideo', 'airbnb', 'circularity', 'vegan', 'chocolatemousse', 'cleantok', 'jam', 'dairyfreedessert', 'extremelyfashionable', 'mustwatch', 'communityorganizing', 'diy', 'thrifted', 'trashie', 'sharingeconomy', 'plantingtrees', 'leopardshoes', 'regeneratinglife', 'compost', 'cleanwithme', 'sustainablekitchen', 'takeoutfood', 'earthday2024', '🌳🌳🌳', 'homemadejam', 'ellenmacarthurfoundation', 'takebackbag', '🌎🌍🌏', 'springcleaning', 'passoverrecipes', 'springfashion', 'leopardprint', 'compostable', 'documentary', 'chocolatelover', 'cleantoilet', 'earthday', 'diycleaner', 'adidasbeyonce', 'jfk', 'thrifthaul', '🍃', 'thredupambassador', 'moussecake', 'passoverearthdaychallenge', 'wheretothrift', 'homemadekitchenrestock', 'community', 'broth', 'ecoeducation', 'sustainablecleaning', 'eco', 'spring2024', 'overconsumption', 'veggiescraps', 'buildcommunity', 'homemade', '🍃tiktok', 'sustainablelifestyle', 'ecofriendly', 'sustainablepackaging', 'yellowcardigan', 'passoverfood', 'stitch', 'ecomonth', 'earthtorebecca', 'desserttiktok', 'pomelogirls', 'decluttersustainably', '🍓🍓🍓', 'springshoes', 'dontthrowthatout', 'regenerativeagriculture', 'makeyourowncleaningproducts', 'heybamboo', 'beaconscloset', 'ecotok', 'passover', 'onlinethrift', 'instyle', 'rentmy', 'dairyfree', 'makeityourself', 'sustainablebrand', 'terminal4', 'easydessert', 'pomeloskin', 'sellingclothes', 'treeplanting', 'adidas', '🍫🍫', 'igotfood', 'endfoodwaste', 'sundayreset', 'onthisday', 'forestplanet', 'sustainableliving', '🧻', 'aquafaba', 'whylivesustainably', 'toiletbombs', 'minimalist', '🥦', 'circulareconomy♻️', 'chiajam', 'greenwashing', 'greenscreen', 'ecolifestyle', 'sustainability', 'plagues', 'biodegradable', 'lesswaste', 'jamrecipe', 'findyourwhy', 'circulareconomy', 'reforestation', 'airportfood', 'thriftedshoes', 'passover2024', 'declutter', 'bestbroth', 'repairtheworld']"
kathaowens,[]
climatepower,"['swifttok', 'aoc', 'acc', 'fyp', 'climatechange', 'april29', 'trump', 'biden', 'earth', 'earthday', 'taylorswift']"
juliancauzae,"['senioryear', 'collegeadvice', 'school', 'collegetips', 'college']"
livingplanetfriendly,"['traditional', 'pov', 'mybrondell', 'homemadekitchen', 'savemoney', 'showerhead', 'tradwife', 'milkmeansmore', 'bunny', 'earthmonth', 'milkmeansmore_partner', 'homemadeyogurt', 'yogurtrecipe', 'subpod', 'livingplanetfriendly', 'pantrymix', 'cakestand', 'shower', 'litter', 'cookbook', 'sourdough', 'onionsoup', 'ecoswap', 'homesteading', 'sustainable', 'ecowedding', 'minimalistish', 'pressurecanning', 'preventfoodwaste', 'homemaderestock', 'celebrateearthday', 'food', 'sustainbility', 'vegogarden', 'tacoseasoning', 'canningwater', 'ecofriendlyliving', 'cooking', 'climatechange', 'kitchenrestock', 'minimalism', 'dairy', 'nobuyyear', 'earthday', 'lowbuyyear', 'baking', 'howtostoreproduce', 'canning', 'homemadetacoseasoning', 'homemadekitchenrestock', 'bread', 'homestead', 'lowwaste', 'community', 'sustainableswaps', 'eco', 'upcycle', 'raisedgardenbed', 'homemade', 'overconsumption', 'bunnyseeds', 'zerowaste', 'fromscratch', 'recipe', 'packing', 'nationalparks', 'storingproduce', 'thrift', 'ecoswaps', 'ad', 'cheerchoiceawards', 'ecofriendly', 'easyrecipes', 'onionsoupmix', 'thrifting', '12hobbiesin2024', 'denalicanning', 'greekyogurt', 'earth', 'earthdayeveryday', 'recipes', 'littlefreelibraries', 'eco101', 'stoplittering', 'pantryrestock', 'sourdough101', 'waterbathcanning', 'communities', 'siliconebakingmats', 'littlefreelibrary', 'gardening', 'garden', 'restocks', 'packingsustainably', 'environmentalist', 'sustainability', 'backtothebasics', 'fromscratchrestocksandrecipes', 'sustainableswap', 'sourdoughstarter', 'easy', 'reducingfoodwaste', 'foodpreservation', 'foodwaste', 'sourdoughbread']"
polaur_,[]
forestryprof,[]
greenday,[]
imperfecthippie,[]
envdefensefund,"['endangeredspecies', 'uaeflooding', 'murmuration', 'sky', 'cloudinversion', 'chickens', 'environment', 'recordrain', 'stormpierrick', 'sealife', 'orca', 'drought', 'icemelt', 'mexicowildfires', 'climatesolutions', 'atmosphere', 'endangered', 'criticallyendangered', 'climateaction', 'cleanenergy', 'conservation', 'globalwarming', 'birds', 'totalsolareclipse', 'extremeweather', 'uae', 'dyk', 'eclipse2024', 'flooding', 'hydrogen', 'albatross', 'nature', 'ocean', 'wildlifeconservation', 'climatechange', 'solareclipse', 'greatblueheron', 'animallovers', 'wildfire', 'dubaiflooding', 'antarctica', 'attwatersprairiechicken', 'bears', 'franceflooding', 'ecology', 'earth', 'wildlife', 'environmental', 'southafrica', 'stormkathleen', 'southafricaflooding', 'eclipse', 'whales', 'clouds', 'wetlands', 'marinebiology', 'waves', 'blackbears', 'killerwhale', 'water', 'denver', 'timelapse']"
sophiakianni,[]
gabbixsmith,"['sandiegocalifornia', 'parrot', 'parrotsoftiktok', 'sandiego', 'parrotslover']"
oceanicglobal,"['greenwashing', 'eugreenwashing', 'oceanoptimism', 'earthday', 'earthmonth']"
drinkminuscoffee,[]
junkkouture,"['earthday2024', 'microsoftsurface', 'junkkouture', 'studentvoices', 'bethechange', 'reducereuserecycle']"
pablorochat,[]
dojacat,[]
theclimatecouncil,"['transport', 'fyp', 'climatecouncil', 'transportpollution', 'saveourreef', 'kids', 'greatbarrierreef', 'explained', 'climatesolutions', 'coral', 'climateaction', 'cleanenergy', 'cleanair', 'ecofriendly', 'fixtheact', 'seizethedecade', 'farewellfossilfuels', 'climate', 'nuclear', 'slashclimatepollution', 'climatechange', 'forourkids', 'airpollution', 'climatepollution', 'earthday', 'epbc', 'reef', 'nationalenvironmentlaw', 'nonuclear']"
theglobalgoals,"['endmalaria', 'goal13', 'goal14', 'goal10', 'globalgoals', 'malaria', 'senegal', 'idaworks', 'positivenews', 'tiktokforgood', 'climateaction', 'taiwan', 'earthquake', 'londonmarathon', 'climate', 'africa', 'goodnews', 'earthmonth', 'canada', 'goal7', 'equality', 'climatechange', 'goal3', 'swiss', 'sustainability', 'healthcare', 'earth', 'whales', 'paris', 'renewableenergy', 'positivevibes']"
boniver,[]
capyac,[]
mnnature_awesomeness,"['waterpollution', 'endangeredspecies', 'urban', 'raingarden', 'beelawn', 'nativeplants', 'schmooka', 'hiking', 'stormwater', 'rain', 'minnesota', 'cleanair', 'cloverlawn', 'gardening', 'lakes', 'rainyday', 'wilderness', 'spring', 'environmentaleducation', 'adoptadrain', 'nature', 'wildflowers', 'mnlakes', 'tall', 'lawns', 'forests', 'earthday', 'earthdayeveryday', 'cleanwater', 'shade', 'volunteering', 'lawnalternatives', 'city']"
goinggreenmedia,"['nature', 'sustainablearchitecture', 'gogreen', 'eco', 'plantbased', 'sustainable', 'design', 'vegantravel', 'sustainability', 'sustainabledesign', 'architecture', 'goinggreen', 'earth', 'vegan', 'ecodesign']"
trashisfortossers,[]
annabelle_freedman,"['landback', 'ceasefirenow', 'immediateceasefire', 'resistance', 'endtheoccupation', 'palestine', 'greenscreen', 'gaza', 'alshifa', 'freepesrine']"
benny_keating1,[]
carmenfortheearth,"['bodypositivity', 'nature', 'living', 'fyp', 'name', 'dance', 'girls', 'woman', 'bikinis', 'summer', 'trend', 'bikini', 'fitness', 'foryou', 'girl', 'gym']"
corygated,"['sustainablepackaging', 'onthisday', 'packaging']"
coralvitareefs,[]
carbon.collective,[]
cunningham.kaylee,[]
hilatheearth,[]
surfriderfoundation,"['cleanborderwaternow', 'theoceanneedsmorefriends', 'tijuanariver', 'friendoftheocean', 'mostendangeredrivers', 'oneoceantouchesallshores', 'earthday']"
reverb.org,[]
lonelywhale.org,[]
thekatcurtis,"['yoshi', 'plantbased', 'periodproblems', 'periods', 'mario', 'animeriverside', 'comedy', 'vegan', 'veggiegirl']"
terracyclehq,"['earthmonth?', 'earthday', 'earthmonth', 'recycleeverything']"
choosefinch,[]
swaythefuture,[]
activatefellows,[]
oneearthofficial,"['worldheritageday', 'naturewords', 'nationaldolphinday', 'dayofthemushroom', 'goldmanprize', 'worldtapirday', 'sustainablefashion', 'internationaldayformomumentsandsites', 'earthday2024', 'natureisbeautiful', 'peace', 'eclipse2024', 'arborday', 'oneearth', 'savetheamazon', 'earthdayresolution', 'natureconservation', 'iconicspecies', 'solareclipse', 'indigenouswisdom', 'nationalfarmanimalsday', 'beauty', 'dandelions', 'internationalbeaverday', 'floridapanther', 'earthday', 'savethewhales', 'earthdayeveryday', 'batappreciationday', 'worldpenguinday', 'nationaldandelionday', 'goldmanenvironmentalprize2024', 'fascinatingfungi']"
sunnyzgreen,"['climateactionnow', 'peopleandplanet', 'climatehope', 'sustainableliving', 'ecotok', 'earthday', 'earthmonth']"
housepuritty,[]
colturachange,[]
dazing.soul,['capcut']
tncnaturelab,"['citizensciencemonth', 'citizenscience', 'cicadas']"
sharonashnayder,"['exbf', 'therapydupe', 'workaway', 'braidstyles', 'braids', 'backpacking', 'solofemaletraveler', 'recycle', 'forgottonworldhighway', 'capcut', '🇦🇺', 'pickuptrash', 'views', '🌎', 'traveling', 'climateaction', '🌎🌍🌏', 'reuse', 'wa', 'dontlitter', 'newzealand', 'hairtok', 'doyourpart', 'earthmonth', 'nature', 'solotravel', 'environmentalist', 'geothermal', 'rotorua', 'bondi', 'traveldiaries', 'ocean', 'travel', '🇳🇿', 'climatechange', '♻️', 'sustainability', 'beachcleanup', 'bondibeach', 'sydney', 'vibes', 'earthday', 'motherearth', 'cheaptravel', 'travellife', 'australia', 'recycling', 'cantshutupaboutthis', 'westernaustralia', 'iykyk', 'tuesdaysfortrash', 'auckland', 'traveltiktok', 'budgettravel', 'bondirescue', 'piha', 'boxbraids', 'passoverearthdaychallenge', 'saveourplanet', 'nz']"
apositivetake,[]
sustainable.shane,[]
krystalynngier,"['wooldryerballs', 'gardenjoypartner', 'dayinthelife', 'snoozetoslay', 'sustainableliving', 'mindbodyplanet', 'sustainableorgreenwashing', '2', 'bridesmaidproposal', 'nationalarborday', 'ecoonabudget', 'wildplanetpartner', 'asiampartner', 'mustela', 'arborday', 'solidshampoo', 'wildplanet', 'earthmonth', 'powdershampoo', '1', 'ecotools', 'sustainablewedding', 'plantamilliontrees', 'bridesmaidproposalboxes', 'homemadecleaners', 'earthdayeveryday', 'asiam', 'weddingdiaries', 'mustelapartner', '3', 'plasticfreebathroom', 'smallwonderpartner']"
climatecapitalmedia,[]
green4ema,"['climatechangeisreal', 'climatechange', 'fyp', 'conservation', 'climateaction', 'environment', 'sustainable']"
nergizdebaere,[]
marialujan,[]
sustainabilitywithshan,[]
kassycho,"['gender', 'reproductiverights', 'fyp', 'climatejustice', 'singer', 'edutok', 'music', 'environment', 'women', 'politics', 'brittanyhiggins', 'activism', 'womensrights', 'freedom', 'toomajsalehi', 'humanrights', 'journalism', 'mybodymychoice', 'old', 'globalwarming', 'climateaction', 'prochoice', 'ایران', 'pregnancy', 'goodnews', 'metoo', 'endviolenceagainstwomen', 'defamation', 'donaldtusk', 'polish', 'switzerland', 'mahsaamini', 'مهسا_امینی', 'iranian', 'iran', 'equality', 'emissions', 'climatechange', 'abortion', 'swiss', 'rapper', 'learnontiktok', 'aussie', 'healthcare', 'netzero', 'elderly', 'woman', 'tiktoknews', 'australia', 'prolife', 'brucelehrmann', 'poland', 'توماج_صالحی']"
sustainablewynne,[]
lesswastelaura,"['earthday', 'circulareconomy', 'windeurope']"
johnny.harris,[]
alexfilardo,[]
mayalovesgaia,[]
thehappybroadcast,[]
eldavis_93,[]
theclimatevote,[]
sealegacy1,"['penguinday', 'fyp', 'dolphin', 'cute', 'babyanimal', 'photography', 'plastic', 'fish', 'foruou', 'ourocean', 'globalplasticstreaty', 'conservation', 'plasticpollution', 'wildlifephotography', 'savedbythebell', 'fishing', 'nature', 'ocean', 'animals', 'remora', 'penguin', 'earth', 'wildlife', 'earthday', 'whaleshark', 'planet', 'dominicanrepublic', 'worldpenguinday', 'whale', 'inc4', 'foryou', 'win']"
joroapp,[]
sdg_academy,[]
nicolekelner,"['eclipse', 'art', 'solar', 'climatechange', 'cleanenergy', 'draw', 'creativity', 'cartoon', 'moon', 'drawing', 'painting', 'paint']"
positivelygreenliving,"['planet', 'sustainablebanking', 'climateaction', 'fyp', 'fossilfuels', 'sustainable', 'climate', 'funding', 'oceans', 'reuse', 'howto', 'plastic', 'earthday', 'bunnies', 'microplastics']"
lucamartinez.fl,[]
liveculdesac,"['realmeซูมให้ได้ซีน', 'fight', 'fyp', 'arizona', 'cute', 'urbanplanning', 'neighbors', 'transit', 'mentalhealth', 'greece', 'urbanism', 'walking', 'europe']"
cleanaircouncil,[]
joinatmos,[]
kindhumans,[]
thenatureconservancy,"['earthday2024', 'cicadaseason', 'cicadas2024', 'reducewaste', 'naturehikes', 'solareclipse?', '2024eclipse', 'sustainability', 'natureviews', 'nationalpetday', 'earthday']"
erinmcgoff,"['money', 'taxrefund', 'economy', 'myth', 'interview', 'funny', 'mentalhealth', 'salary', 'advice', 'nycearthquake', 'corporate', 'personalfinance', 'budget', 'career', 'hrtiktok', 'toxic', 'resuemgap', 'salarynegotiation', 'financialfreedom', 'careertok', '401k', 'payday', 'investing', 'millennial', 'impostersyndrome', 'psychology', 'remotejobs', 'paychecktopaycheck', 'gaslighting', 'oneplus12r', 'careertiktok', 'manipulation', 'taxes', 'stayathomedad', 'jobinterview', 'resume', 'scam', 'communication', 'tax', 'boss', 'happiness', 'bonus', 'edutok', 'onlinebusiness', 'intern', 'earthquake', 'genz', 'stitch', 'job', 'hire', 'returntooffice', 'wahm', 'jobsearch', 'sahp', 'strawman', 'employee', 'hysa', 'onepluspartner', 'finance', 'remotework', 'coworker', 'raise', 'workfromhome', 'rto', 'nyc', 'strawmanfallacy', 'invest', 'work', 'careeradvice', 'moneytok', 'paycheck', 'travel', 'sahm', 'college', 'sixfigures', 'socialmedia', 'inflation', 'wfh', 'strawmanargument', 'stayathomemom']"
heathermcteertoney,"['fyp', 'climatejustice', 'meme', 'plastic', 'globalplasticstreaty', 'trending', 'climateaction', 'beyondpetrochemicals', 'plasticpollution', 'pollution', 'stophate', 'saveoursusquehana', 'memecut', 'peopleoverpollution', 'earthday', 'texas', 'turnoffthetap', 'environmentaljustice', 'toxic', 'mississippi', 'inc4', 'louisiana']"
universalhydrogen,[]
earthtodezz,"['californiacreatorfornature', 'naturalhistorymuseumla', 'earthtodezz', 'inaturalist', 'bayarea', 'californiaacademyofscience', 'birdwatching']"
nrdc.org,"['coralreef', 'arctic', 'alaska', 'energy', 'climatecrisis', 'plastic', 'sustainableliving', 'sustainablelifestyle', 'humanrights', 'globalwarming', 'climateaction', 'conservation', 'kirkland', 'climate', 'zara', 'pollution', 'goodnews', 'oceans', 'fashion', 'nature', 'ocean', 'climatechange', 'foreverchemicals', 'greenwashing', 'sustainability', 'earthday', 'pfas', 'patagonia', 'toiletpaper', 'costco', 'sustainabilitytiktok', 'northcarolina', 'naturesounds']"
sustainablymaija,"['savetheearth', 'savetheocean', 'sunscreen', 'trending', 'fyp', 'plasticpollution', 'florida', 'sustainability', 'summer', 'skincare', 'savethebirds', 'earthday', 'earthmonth', 'beach']"
epiccleantec,[]
fashionforgood,[]
earth.to.vicki,[]
starstrickensf,[]
sarahbassett.co,[]
earthdayorg,"['earthday2024', 'foodtiktok', 'protectourplanet', 'climatechange', 'plasticpollution', 'exxonmobil', 'climatecrisis', 'planetvsplastics', 'earth', 'earthday', 'microplastics']"
harvardcchange,[]
madehappystudio,[]
nationalforests,"['forestservice', 'nature', 'hiketok', 'ecosystem', 'reforestation', 'longleafpine', 'nationalforests', 'solareclipse', 'holes', 'nff', 'turtle', 'gophertortoise', 'nationalforestfoundation', 'wildlife', 'earthmonth']"
mongabay,"['nature', 'ecuador', 'philippines', 'mining', 'sustsinable', 'climatechange', 'conservation', 'language', 'farming', 'culture', 'cacao', 'news', 'podcast', 'activism', 'indigenousrights']"
eterneva,"['ashes', 'unboxing', 'roughdiamond', 'diamond', 'eterneva']"
future_explored,[]
beckisphere,[]
aetherdiamonds,[]
dandelionenergy,[]
latinageologist,[]
johnkimco,[]
energyalabama,[]
nexamp,[]
sciencebyashley,"['thrifting', 'thriftedfitcheck', 'animalrescue', 'secondhandissexy', 'thrifthaul', 'crowinabox', 'humanesociety', 'sustainability', 'basil', 'basiloil', 'sustainablefashion', 'reducefoodwaste', 'imperfectsustainability', 'springrecipe']"
futureswell,"['earthgang', 'missionblue', 'oceanconservation', 'pilinakanaloa', 'oceangang', 'conservation', 'oceansolutions', 'marinebiology', 'wavesofchange', 'sylviaearle', 'ouroceangreece']"
cambiumcarbon,[]
sciencewithtyus,"['fyp', 'tiktok', 'science', 'nyc', 'berkeley', 'woods', 'ethics', 'life', 'people', 'society', 'tigers', 'funny', 'squirtle', 'school', 'smart', 'thoughts', 'stitch', 'debate', 'bear', 'animals', 'scientist', 'pets', 'trend', 'stem', 'cats', 'info', 'pokemon', 'gradschool', 'zoos', 'men']"
farmersalmanac,"['farmersalmanac', 'meteorshower', 'lyrids']"
canarymediainc,[]
empoweringearth,[]
econoscent,[]
onetreeplanted,"['takeaction', 'forest', 'trees', 'planetearth', 'redwoods', 'outdoors', 'urbanforestry', 'nonprofitsoftiktok', 'naturetiktok', 'climateaction', 'naturelovers', 'planting', 'earthmonth', 'nature', 'earthday', 'whenyourealize', 'newyorkcity', 'naturelover', 'treeplanting']"
jadlers2,[]
theslacktide,[]
curlychameleon666,[]
dw_arabia,"['الجيش_الأحمر', 'نهضة_بركان', 'fyp', 'كرسي_متحرك', 'عيد_مبارك', 'السعودية', 'إيران', 'تيك_توك', 'إفطار', 'foryourpage', 'المغرب', 'المواعدة_العمياء', 'غالية', 'عالم_الموضة', 'tiktokarab', 'برلين', 'عيد_سعيد', 'ألمانيا', 'سوريا', 'باربي_العراق', 'حقيبة', 'معمول_العيد', 'لأني_امرأة', 'ألمانيا🇩🇪', 'بحث_', 'ايران', 'الخريطة', 'هدايا', 'المجتمع_المغربي', 'داليا_نعيم', 'اتحاد_العاصمة_الحزائرية', 'foryou', 'أزياء', 'تطبيق', 'العراق', 'عطلة', 'titokviral', 'خطف_داليا_نعيم', 'الشرطة_الاتحادية', 'سناء_حمداني', 'إسرائيل', 'كأس', 'سرطان', 'fpyシ', 'هاشتاغات_مع_غالية', 'لبنان', 'شركات', 'السعودية🇸🇦', 'هدايا_العيد', 'الحرس_الثوري_الإيراني', 'عيد_الفطر', 'دانييلا', 'fypシ', 'ثلج', 'الجزائر', 'مسجد', 'الشرطة_الألمانية', 'fypシ゚viral', 'الاردن', 'أم_فهد', 'راتب', 'tiktoker', 'رمضان', 'صور', 'شمس', 'جائزة', 'tik_tok', 'الربيع', 'جولات', 'أخبار', 'قصف', 'tiktoknews', 'حلويات_العيد', 'اسرائيل', 'تيك_توك_عرب', 'عيد', 'أمن_العرق', 'سعاد_ماسي', 'مطر', 'الجيش_الإسرائيلي']"
clareknightley1,[]
karlspilkington,"['podcastclips', 'aldi', 'afkjourney', 'fyp', 'baddrivers', 'vaction', 'ladyboys', 'space', 'standupcomedy', 'jimmyfallon', 'interview', 'funny', 'fallon', 'podcast', 'comedy', 'anidiotabroadclips', 'reddwarf', 'china', 'cantparkthere', 'inbetweenersclips', 'therickygervaisshow', 'israel', 'petercrouch', 'classiccomedy', 'hypnotic', 'littlebritain', 'parking', 'rpg', 'religion', 'god', 'monkeys', 'karlpilkingtonclips', 'ukcomedy', 'standup', 'leeevanscomedy', 'davidwalliams', 'oscars', 'xfm', 'sofiavergara', 'waynerooney', 'brokebackmountain', 'karlpilkington', 'menshealth', 'freetoplay', 'insects', 'slugs', 'goldenglobes', 'foryou', 'piersmorgan', 'dancing', 'britishcomedy', 'derek', 'inbetweeners', 'rickygervaisshow', 'johncleese', 'badparking', 'britishmovie', 'standupcomedian', 'rickygervais', 'warwickdavis', 'davidearl', 'theinbetweeners', 'grahamnorton', 'monkey', 'comedyclips', 'brazil🇧🇷', 'actors', 'mattlucas', 'leeevans', 'specsavers', 'jayinbetweeners', 'brucespringsteen', 'travel', 'sundaybrunch', 'waterslide', 'athiest', 'stephenmerchant', 'thequeen', 'faultytowers', 'town', 'grahamnortonshow']"
iceparticles,[]
jackknightley,"['stitch', 'familysize', 'fyp', 'ukaccent', 'usa', 'shakespeare']"
jqmadeit,[]
hstrable,[]
coachbalto,"['physicalactivity', 'stitch', 'saferoutestoschool', 'activetransportation', 'bikebus', 'onthisday', 'greenscreen', 'social', 'education', 'portland', 'mentalhealth', 'findingnemo', 'bicibus', 'earthday', 'community', 'joy']"
damilee686,"['tech', 'career', 'hobby', 'design', 'essay', 'architecture', 'lifestyle', 'damilee', 'foryou', 'architect', 'berlin', 'kingdom']"
olimould,"['tax', 'geopolitics', 'fyp', 'advert', 'attention', 'benefits', 'conservatives', 'edutok', 'politics', 'apple', 'uknews', 'ukpolitics', 'commercial', 'capcut', 'flag', 'rwanda', 'trans', 'socialism', 'philosophy', 'work', 'protest', 'sarcasm', 'genz', 'liztruss', 'detox', 'history', 'stitch', 'billionaire', 'economics', 'woke', 'haiti', 'branding', 'capitalism', 'london', 'wealth', 'nepobaby', 'britain', 'cities', 'rant', 'housing', 'utft', 'socialmedia', 'art', 'culture', 'geography', 'innovation', 'blm', 'rishisunak', 'toriesout', 'gentrification']"
rebecca.thomas76,[]
adambmet,"['uk', 'climatechangeisreal', 'CookWithMe', 'vote', 'themoreyouknow', 'noodles', 'music', 'recycle', 'sushi', 'handrolls', 'stirfry', 'backstage', 'climatecrisis', 'health', 'funfact', 'climateaction', 'garbagepatch', 'climate', 'election2024', 'reusable', 'davidson', 'stanleycup', 'cooking', 'ocean', 'caramel', 'climatechange', 'theoceancleanup', 'sustainability', 'votetiktok', 'tmmtour', 'cup', 'dessert', 'baking', 'ecotok', 'earthday', 'earth', 'hotpot', 'texas', 'part1', 'bakingrecipe', 'ajr', 'ontour', 'soup', 'souptok', 'bikebus', 'portland', 'noodlesrecipe', 'news', 'bts']"
toolikfieldstation,[]
ella_rae_feingold,[]
mhenry38,[]
glacio_cook,[]
artisopus,[]
angie_mcmahon,['totaleclipse']
sophiescullionstudio,[]
coolmillenniumbooks,"['johnmordred', 'authorsoftiktok', 'lthesquaremilemurder', 'writersoftiktok', 'britishnovel', 'bbc', 'londonnovel', 'espionagethriller', 'daphnecaruanagalizia', 'libyastory', 'london', 'deathinahalfforeigncountry', 'theultimatelondoner', 'russianinterference', 'theneweuropeans', 'authortok', 'jamesward', 'booktok', 'londontiktok', 'talesofmi7', 'littlewarinlondon', 'malta']"
marykateteske,"['foryoupage', 'farm', 'sketch', 'fyp', 'montana', 'gardening', 'regenerativeagriculture', 'photography', 'illustration', 'foryou', 'drawing', 'agriculture']"
asmusplaysguitar,[]
isaacmillermusic,[]
catzuko,[]
producelikeapro,"['production', 'thebeatles', 'sonyecm50', 'drummer', 'musicproduction', 'recordproducer', 'rumours', 'rickross', 'cream', 'nickiminaj', 'mixing', 'marcdanielnelson', 'akg451', 'recording', 'rock', 'chrisbrown', 'soundgarden', 'akon', 'metal', 'chriscornell', 'mickfleetwood', 'blackholesun', 'acousticguitar', 'drums', 'fleetwoodmac', 'stevienicks', 'drumming', 'kencaillat', 'songwriting', 'producer', 'dreams']"
agj8153,[]
dj.leanwithit,[]
lizstephens137,[]
lady_of_the_mercians,"['beowulf', 'excavation', 'archeology', 'vikings', 'norsepagan', 'archaeology', 'medievalart', 'keto', 'paleo', 'primaldiet', 'medievaltiktok', 'hozier', 'linguistics', 'shakespeare', 'arthistory', 'offa', 'anglosaxon']"
lilla_flicka,"['youtube', 'history']"
johnlawrencedean,"['duet', 'viralfoodtrend', 'wtf']"
elminiaturista,"['wh30k', 'hereticastartes', 'gamesworkshop40k', 'bloodangels', 'ageofsigmar', 'warhammer', 'nurgle', 'stormcasteternals', 'warhammercommunity', 'ultramarines', 'paintingwarhammer', 'adwip', 'paintingtutorial', 'aeldari', 'gamesworshop', 'orks40k', 'spacemarines', 'necrons', 'gamesworkshop', 'paintingminiatures', 'warhammer40k', 'wh40k', 'miniatures', 'paintingminis', 'warhammerofficial', 'miniaturepainting', 'warhammer40000', 'killteam', 'adeptusmechanicus']"
alexanderblake72,[]
charlottegay_,"['fishing', 'historytok', 'art', 'storytime', 'shipwreck', 'cornwall', 'localnews', 'reporter', 'painting', 'beach', 'history']"
celestebarber,"['celestebarber', 'foryoupage', 'fyp', 'foryou']"
thewatchregulator,"['luxurywatch', 'porsche', 'watchmaking', 'car', 'ferrari', 'patekphilippe', 'rolex', 'hummer', 'watchtok', 'denzelwashington', 'switzerland', 'tourism', 'watches', 'omega', 'tudor', 'watchesandwonders2024', 'cars', 'luxury', 'panerai', 'luxurywatches', 'ebay', 'tissot', 'bremont']"
pierrefriedlingst,[]
rookiebrushes,"['warhammer40k', 'drukhari', 'warhammercommunity', 'darkeldar', 'paintingwarhammer', 'killteam']"
odieleigh,"['fyp', 'newsong', 'girls', 'fran', 'nashville', 'indie', 'folk', 'indiefolk', 'love', 'crush', 'newmusic', 'sadgirl', 'shygirl', 'eitherway', 'forthegirlies', 'dance', 'singersongwriter', 'originalsong', 'diy', 'odieleigh', 'americana', 'foryou', 'littledance', 'cropcircles']"
wrathofminis,[]
francelot_,"['lls', 'actionday', 'fromtherivertothesea', 'cancelbloodcancer', 'theleukemiaandlymphomasociety', 'healthcareforall', 'organizing', 'ucla', 'alleyesonrafah', 'stitch', 'iranian', 'solidarity', 'iran', 'columbiauniversity', 'greenscreen', 'yaleuniversity', 'gazasolidarity', 'freepalestine', 'nyu']"
sturnerguitars,"['fyp', 'electricguitar', 'multiaverso', 'guitarbuilder', 'pixelated', 'custommade', 'sturnerguitars', 'dreamguitar', 'comingsoon', 'guitartone', 'howto', 'frets', 'customguitar', 'luthier', 'handmade', 'guitarbuilding', 'electric', 'unboxing', 'guitarinstagram', 'guitarreels', 'gratefuldead', 'bassplayer', 'luthiersoftiktok', 'shoplife', 'guitarmod', 'guitarsolo', 'resinprinting', 'guitarmaker', 'madeinusa', 'guitarra', 'shopsounds', 'cadcam', 'rock', 'customguitars', 'madeinamerica', 'bassist', 'smallbusiness', 'philly', 'boutique', 'guitartips', 'luthiersofinstagram', 'asmr', 'boutiqueguitars', 'cncwoodworking', 'luthierinstagram', 'cad', 'guitars', 'guitar', 'wenge', 'basstok', '3dprinting', 'gold', 'bassguitar', 'phillymade', 'guitarsetup', 'efeitops2', 'fretboard', 'custombass', 'fypage', 'jerrygarcia', 'wood', 'luthiery', 'fypシ', 'philadelphia', 'workshop', 'guitartech', 'guitarplayer', 'handcrafted', 'capcut', 'inlay', 'pickguard', 'bass', 'knobs', 'luthiertiktok', 'guitarist', 'cnc', 'greenscreen', 'fretwork', 'satisfying', 'asmrsounds', 'woodworking', 'guitaristsofinstagram', 'rockandroll', 'motherofpearl', 'howitsmade']"
maddiemoate,"['iceland', 'carnivorousplant', 'learnontiktok', 'plantsoftiktok', 'IcelandAdventure', 'blacksandbeach']"
ilikeyourbones,"['americandreaming', 'hankwilliams', 'noletter', 'seanymph🧜\u200d♀️', 'winterwondergrass', 'kansascity', 'tourdairy', 'fairyfolk', 'mexico', 'johncreilly', 'catclyde', 'w', 'trailofflowers', 'avettsatthebeach', 'classiccountry', 'mountainstage', 'americanamusic', 'chicago', 'tulummexico', 'womenofamericana', 'countrymusic', 'nickshoulders', 'folkmusic', 'mountaingnome', 'meredithaxelrod', 'ohboyrecords', 'farawayacrossthesea', 'womenofamwricana', 'sierraferrell', 'avettbrothers', 'fanmail', 'illdoitagain', 'singersongwriter', 'thegarden', 'thetruman', 'rootsmusic', 'cottagecoreaesthetic', 'thesea', 'amazonmusic', 'tourlife', 'fairyasfolk', 'ontour', 'jakekohn', 'bonfireplaylist', 'mermaidhair', 'cottagecore', 'tulum', 'lighthouse', 'shootforthemoontour', 'icanthelpit']"
savotta,[]
jennabuilds,"['forest', 'asmrtiktoks', 'knifemaker', 'tasmania', 'sustainablefashion', 'spooncarving', 'sustainableliving', 'tasmaniandevil', 'upcycled', 'cabininthewoods', 'vanlife', 'asmrvideo', 'upcyle', 'tinyliving', 'metalartist', 'metalart', 'femaleartist', 'asmrsound', 'bushcraft', 'blacksmith', 'tasmaniantiger', 'handmade', 'bladesmith', 'bladesmithing', 'sustainability', 'woodwork', 'upcycling', 'asmrsounds', 'handforged', 'art', 'asmr', 'diy', 'tasmanian', 'naturelover', 'blacksmithing', 'artist', 'tinyhouse', 'forgedinfire', 'bushcrafting']"
marcosilvauk,[]
sympathetic_restoration,"['damp', 'stripping', 'oldhouse', 'housescience']"
bossinfoglobal,"['phaseshifter', 'stompbox', 'modulationpedal', 'lovedbythegreats', 'vb2', 'bassguitarist', 'guitarpedals', 'heavytones', 'ds2', 'vibratopedal', 'pedalboard', 'martyfriedman', 'vibrato', 'vb2w', 'choruseffect', 'bossmetalzone', 'bassplayer', 'bossch1', 'heavytone', 'soundscape', 'superchorus', 'bossvibrato', 'bassplayersoftiktok', 'bosspedals', 'stereoeffect', 'bossvb2w', 'bossds2turbodistortion', 'wazacraft', 'bassistsoftiktok', 'distortionpedal', 'bassist', 'basspedals', 'stompboxes', 'bosswazacraft', 'guitarpedaldemo', 'bossphaser', 'analogpedal', 'boss', 'bossmt2w', 'joshklinghoffer', 'bossph3', 'bossmt2', 'metalzoneboss', 'guitar', 'analoggear', 'bossphaseshifter', 'bassamp', 'bosseffects', 'heavyguitar', 'bassguitar', 'bosssuperchorus', 'bossvb2', 'metalguitar', 'katanabass', 'bossdistortion', 'ev30', 'modulationeffect', 'guitarpedal', 'bosspedal', 'phaser', 'pedalboards', 'choruspedal', 'ch1', 'bosskatana', 'john5', 'bossfx', 'bossfxpedals', 'guitareffects', 'guitartones', 'knowyourtone', 'bossds2', 'bassists', 'bosseffectspedals', 'me90b', 'redhotchilipeppers', 'bassguitaramp', 'distortion', 'wazapedal', 'turbodistortion', 'analogeffects', 'pedalsettings', 'pedalboardsoftiktok']"
bassrilia,"['guitarchords', 'guitar', 'lavamusic', 'synthbass', 'lavame4', 'basstok', 'bandlab', 'bedroomstudio', 'radiohead', 'b1', 'glassanimals', 'dst152', 'guitartok', 'donnerartist', 'stringshare']"
denofimagination,[]
darrenlatham_miniatures,[]
icarus_oceans,[]
vladeguignimusic,"['yamahaartist', 'בלי', 'worship', 'drumtracking', 'seelectronics', 'earthworksaudio', 'easter', 'elevation', 'fbf', 'vladeguigni', 'calvarycc', 'evansdrumheads', 'meinlcymbals', 'drumvideos', '2024drumming', 'gospelmusic', 'christianmusic', 'praise', 'recording', 'soundoverchops', 'drumuniversity', 'drumninja', 'orugadrumeffects', 'drumstudio', 'sessiondrummer', 'christiandrummer', 'yamahadrums', 'slapklatz', 'iplayyamaha', 'sugarpercussion', 'audimute', 'meinlstickandbrush', 'drums', 'drumspassion', 'passionfordrums', 'grooveclix', 'we_love_drums']"
petemcneall,[]
screencrushnews,"['falloutnewvegas', 'fypシ', 'fyp', 'thelastofus', 'magneto', 'videogame', 'fnaf', 'marvelcomics', 'ps4', 'wandavision', 'xmen', 'knuckles', 'gambit', 'deadpoolandwolverine', 'arcaneseason2', 'deadpoolwolverine', 'multiverseofmadness', 'joshhutcherson', 'disneyplus', 'hughjackman', 'avengerssecretwars', 'tasm2', 'mcu', 'rogue', 'loki', 'samraimi', 'sisterlocation', 'avengers', 'dccomics', 'ryanreynolds', 'fallout4', 'fallouttvshow', 'ladygaga', 'fivenightsatfreddysmovie', 'spiderwoman', 'spectacularspiderman', 'juliagarner', 'joaquinphoenix', 'fallout', 'fallout76', 'spiderman', 'xbox', 'joker', 'animatedseries', 'spiderverse', 'deadpool', 'fallout3', 'xmen97', 'jokerfolieadeux', 'idriselba', 'fantasticfour', 'arcane', 'harleyquinn', 'wolverine', 'marvelstudios', 'fivenightsatfreddys', 'theamazingspiderman', 'deadpool3', 'silversurfer', 'angelinajolieedit']"
jakebeddy,[]
mariannaclairespring,"['investigativereporter', 'socialmedia', 'investigations', 'booktok', 'algorithms', 'dayinmylife', 'trolls', 'ukelection', 'podcasts', 'vlog', 'uselection2024', 'bbcnews', 'reporting', 'documentary', 'haveigotnewsforyou']"
ecosufficiency,"['offgridliving', 'selfsufficient']"
letstokcarbon,[]
thepaintingphase,[]
northcotej,[]
nathanallebach,[]
itscharlenekaye,"['gorillaz', 'bros', 'asian', 'beatles', 'femaleguitarist', 'thetorturedpoetsdepartment', 'trauma', 'disney', 'music', 'pianotok', 'piano', 'musicanalysis', 'lilacwine', 'sweetchildofmine', 'standup', 'aapi', 'asianparentsbelike', 'agegap', 'comedyvideo', 'vogue', 'funny', 'musictheory', 'comedy', 'onewomanshow', 'therapy', 'momsoftiktok', 'popmusic', 'ttpd', 'battle', 'guitarcenter', 'metal', 'immigrant', '80s', 'agegaprelationship', 'taylorswift', 'ninasimone', 'jeffbuckley', 'hercules', 'cougar', 'fesleyfep1000', 'femalemusician', 'rockandroll', 'musicalcomedy', 'jackantonoff']"
gavin.wren,[]
girlwithtoomanycameras,[]
zoebreadtok,"['manchester', 'nike', 'birkenhead']"
jimmcquaid,[]
moogerpooper,"['vinylrecords', 'musicrecommendations', 'albumsoftheweek', 'pearldrums', 'jazzband', 'musicnerd', 'drummer', 'korgsv2', 'piano', 'jazzpiano', 'pianocover', 'meinlcymbals', 'beatmaking', 'jazzmusic', 'synth', 'salsamusic', 'albumrecommendations', 'jazztok', 'behringerpolyd', 'titopuente', 'felakuti', 'musician', 'jazzjam', 'jacopastorius', 'latinmusic', 'bassist', 'sandbergbass', 'korgkeyboard', 'losalamitoslatinfunklovesong', 'funkmusic', 'albums', 'jazz', 'improvisation', 'geneharris', 'moogerpooper', 'vinylcollection', 'albumrecs', 'musicnerds', 'bugzintheattic', 'keysplayer']"
drpaulscience,"['stem', 'roomba', 'nature', 'booktok', 'creatorsearchinsights', 'scifibooks', 'totalsolareclipse', 'biology', 'science', 'yascifi', 'moon', 'sun', 'scifi']"
martymusicofficial,"['original', 'legend', 'singer', 'music', 'giveaway', 'rocknroll', 'tutorial', 'guitar', 'giveawayalert', 'country', 'songs', 'live', 'journey', 'guitartoker', 'livemusic', 'tips', 'acoustic', 'texas', 'rizz', 'sweepstakes', 'youtube', 'song', 'wykyk', 'cover', 'education', 'gift', 'practice', 'learning']"
ssouthsides,"['auckland', 'photography', 'southauckland', 'food']"
__jacobtomlinson,[]
justsadiesoo,[]
clairesfootsteps,"['hiking', 'ebctrek', 'doha', 'businessclass', 'uktravel', 'qatarairways', 'qatar', 'shetland', 'scalloway', 'unst', 'aviation', 'bressay', 'flywithme', 'castles', 'everesttrek', 'travelhacking', 'traveluk', 'lerwick', 'uphellyaa', 'everestbasecamp', 'nepal']"
abbiedewhurst,"['outtake', 'averynicedayout', 'oootd', 'bluebell', 'environment', 'plastic', 'dorset', 'forestgump', 'rewear', 'forecast', 'secondhandfashion', 'spring', 'gardenlife', 'slowfashion', 'gardendesign', 'weather', 'learnontiktok', 'yorkshirecottage', 'springstyle', 'secondhand', 'stormkathleen', 'staycation', 'transition', 'england', 'spottheseconds', 'holiday', 'greenfingers', 'sustainable', 'earthday2024', 'rain', 'environmentallyconscious', 'shopsecondhand', 'reduce', 'getoutside', 'climatechange', 'climateconversations', 'tvstudio', 'vintageshop', 'tvpresenter', 'cometoworkwithme', 'earthday', 'cottagegarden', 'livetv', 'consciousliving', 'bts', 'shopsustainable', 'countrygarden', 'secondhandstyle', 'gardeningjobs', 'garybarlow', 'gardener', 'luxuryshopping', 'bloopers', 'weathertok', 'reuse', 'behindthescenes', 'lovelydayout', 'weatherpresenter', 'vintageshopping', 'weatherreport', 'weymouth', 'recycle', 'sustainablefashion', 'storm', 'capcut', 'warm', 'springgarden', 'gardening', 'ootd', 'garden', 'weathertiktok', 'nature', 'travel', 'greenscreen', 'vlog', 'sustainability', 'allthatworkandwhatdiditgetme', 'capcup', 'cottage', 'blooper', 'vintage', 'cotswolds']"
deirdrerowan,[]
thinkingthreads,"['fashionrevolution', 'sustainablefashiontiktok', 'fashionrevolutionweek']"
pam.arandas,"['díacero', 'conversemexico', 'ecoesperanza', 'converseallstars', 'ayudaparaacapulco', 'residuos', 'diacero', 'tetrapakrecicla', 'composta', 'cuidemosnuestroplaneta', 'bañoseco', 'reforestacion', 'ecolana', 'converseallstarsmx', 'presamadin', 'diacerocdmx', 'voluntariado', 'climatehope', 'lombricomposta', 'reciclajeconpropósito', 'mulch', 'haysequiayhaysaqueo', 'diauno', 'ecolanaenacapulco', 'reciclandoporacapulco', 'converse', 'díauno', 'allstarsmexico']"
comedygeniuses,"['comedygeniuses', 'onlyfoolsandhorses', 'ofah', 'onthisday']"
roxxmo_socks,[]
elle.cordova,"['eclipse', 'astronomy', 'jpl', 'mars', 'spaceexploration', 'solareclipse', 'rover', 'perserverance', 'bigbang', 'nasa', 'ingenuity', 'totality', 'earthday', 'climatepowerpartner', 'curiosity']"
thefutureforestcompany,[]
mustloverocks,[]
ezramcyoung,['stitch']
gabnaturalist,"['savethebees', 'environment', 'animalfacts', 'fish', 'cutespider', 'savetheearth🌎', 'plantnativeplants', 'snails', 'milkweed', 'spider', 'fishing', 'entomology', 'sagebrush', 'animals', 'caddisfly', 'greenscreen', 'caddisflylarvea', 'wildlife', 'bugfacts', 'insects', 'aracnids', 'mariposalily', 'bugs']"
asiaalsgaard,[]
ketanj0,[]
coloma.guitars,[]
its_adamneely,[]
theradguyglows,[]
jenna.hnz,"['election2024', 'misinformation', 'ad']"
drjessallen,"['thealchemy', 'stitch', 'ttpd', 'emissions', 'carboncapture', 'fossilfuels', 'ccs', 'traviskelce', 'gab', 'torturedpoetsdepartment', 'emissionreduction', 'taylorswift']"
anabellpaints,[]
sierrahullmusic,"['guitar', 'improvisation', 'davematthewsband', 'collaboration', 'flecktones', 'nashville', 'sierrahull']"
elliedixonmusic,"['texasholdem', 'beyonce', 'harmony', 'celtics', 'celticfc', 'cover', 'funny', 'singing', 'livemusic', 'producer', 'podcast', 'country', 'bass', 'acapella']"
zachdobsonphoto,"['photomagic', 'fypシ', 'fyp', 'photography', 'sportsphotography', 'photographer', 'photojournalism', 'eclipse2024', 'photographyeveryday', 'sports', 'hollywood', 'history', 'greenscreenvideo', 'storytime', 'solareclipse', 'greenscreen', 'copyright', 'fypツ', 'documentary', 'eclipse', 'streetphotography', 'farrahfawcett', 'ballet', 'zachdobsonphoto', 'zine', 'foryou', 'photojournalist', 'timelapse']"
jonesrooy,[]
drsean2021,[]
nick_arris,[]
lessonswithlindy,"['aperfectcircle', 'polyrhythm', 'procrastination', 'musiciansunite', 'ttrpg', 'singer', 'electricguitar', 'kirkhammett', 'music', 'lumberjack', 'blues', 'fantasyaesthetic', 'themesong', 'guitarplayer', 'guitartok', 'bandhumor', 'guitarmemes', 'guitar', 'guitarfacts', 'originalmusic', 'ibanez', 'guitartipsandtricks', 'dndmusic', 'taxseason', 'liveband', 'funk', 'earthquake', 'band', 'guitartutorials', 'musictheory', 'guitarlesson', 'guitarteacher', 'musictok', 'musicindustrytips', 'newjerseyearthquake', 'bass', 'movietrailer', 'nycearthquake', 'rock', 'cosplay', 'musician', 'snowstorm', 'composer', 'guitarist', 'composersoftiktok', 'rockband', 'guitarmeme', 'metal', 'moviesoundtrack', 'livemusic', 'musicindustrynews', 'fantasymusic', 'musicmeme', 'bandmeme', 'classicrock', 'guitartips', 'acoustic', 'singersongwriter', 'sicknewworld', 'acousticguitar', 'musicians', 'jazz', 'jamband', 'dnd', 'guitarpedal', 'guitartutorial', 'drums', 'straplocks', 'guitarteachersoftiktok', 'aperfectcircleband', 'touringband', 'teaching', 'musicindustry', 'primus']"
gearyallenmusic1,[]
daisytempest,"['woodworker', 'fyp']"
