Username,Hashtags
wired,"['gaeul', 'accuracy', 'leeseo', 'theabandons', 'amazonprimevideo', 'imax', 'waltongoggins', 'paleoanthropologist', 'girlgroup', 'solareclipse', 'princessmononoke', 'layoffs', 'lupefiasco', 'ai', 'luxury', 'yujin', 'newyorkcity', 'biden', 'viral', 'techtok', 'history', 'tiktoknotes?', 'trump', 'riverdale', 'justiceleague', 'traveltok', 'cavemen', 'newtrend', 'business', 'gilliananderson', 'action', 'ancestry', 'tech', 'idriselba', 'aipin', 'x', 'uk', 'hunt', 'newtechnology', 'podcast', 'uae', 'extendedversion', 'wellness', 'fallouts', 'buynow', 'weapons', 'rei', 'fitcheck', '23andme', 'northkorea', 'foodtips', 'snydercut', 'google', 'bulgari', 'hotel', 'paramountplus', 'oman', 'hackers', 'tips', 'camilamendes', 'sports', 'hoteltiktok', 'rebelmoon', 'streetcarnameddesire', 'technology', 'flood', 'fired', 'gear', 'trend', 'instagram', 'hobbsandshaw', 'nike', 'wiredautocompleteinterview', 'knuckles', 'travel', 'jewelry', 'healthy', 'worthit', 'oura', 'dj', 'weather', 'soccer', 'filmmaking', 'nas', 'food', 'science', 'architecture', 'primevideo', 'arsenal', 'netflix', 'usa', 'dubai', 'diveintoive', 'celebrity', 'sleep', 'iceage', 'rudymancuso', 'ghouls', 'fallout', 'heimdall', 'watches', 'art', 'gadgets', 'unsaflok', 'ive', 'xfiles', 'accessories', 'april8', 'nyc', 'kpop', 'diet', 'cardstacking', 'krall', 'athleisure', 'twitter', 'humaneaipin', 'amazonprimevideos', 'gymtok', 'gym', 'labor', 'time', 'thewire', 'yuka', 'cybersecurity', 'job', 'liz', 'england', 'aaroncliftonmoten', 'startrek', 'goldenglobes', 'shawnmendesits', 'wonyoung', 'wiredpoliticslab', 'sun', 'thor', 'cloudseeding', 'wiredtechsupport', 'personalities', 'abandons', 'football', '2024', 'watchesoftiktok', 'totalsolareclipse', 'upgraded', 'parisolympics', 'playingcards', 'climate', 'músicapv', 'politics', 'ouraringreview', 'guinnessworldrecords', 'shopping', 'música', 'book', 'review', 'hiphop', 'climatechange', 'london', 'theater', 'socialmedia', 'health', 'illmatic', 'zacksnyder', 'sonicthehedgehog', 'foodtok', 'grocery', 'elonmusk', 'tiktok', 'canada', 'ella', 'storytime', 'mexico', 'verified', 'safety']"
timmchiusano,"['3', 'lubridermpartner', 'proceramide', 'lubridermyoulove']"
jason.keam,[]
mychal3ts,"['mentalhealth', 'mentalhealthmatters', 'stitch', 'booktok', 'librarytiktok', 'inverted', 'storytime', 'bookworm']"
teacherathena1988,"['proudbisdak', 'educator', 'phdcandidate', 'transwoman', 'teacherathena', 'cebuana']"
emilynagoski,[]
simjiofficial,"['gordoncormier', 'avatarthelastairbender', 'firstwatchpartner']"
blacktiktok,[]
popularmechanics,"['changingenvironment', 'processvideo', 'jellybean', 'eclipsetotal', 'photomode', 'maritime', 'sugarcandy', 'tomato', 'heinz', 'ancientegypt', 'didyouknow', 'fighterjets', 'candyasmr', 'moon', 'historytiktok', 'traveltok', 'sciencefact', 'forests', 'eclipse', 'hairstandingup', 'cleanair', 'candymaking', 'unconsciousmind', 'warmingup', 'stem', 'factoryasmr', 'braintraining', 'howitsmadevideo', 'circadianrhythm', 'accident', 'chocolatetok', 'manufacturing', 'shawl', 'survivalskills', 'earthday', 'restoration', 'funfacts', 'phobia', 'phobias', 'noodles', 'inventions', 'hippo', 'warfare', 'factsabout', '2024solareclipse', 'pashmina', 'onceinalifetime', 'solarsystem', 'zombieland', 'japantiktok', 'fortunes', 'handmade', 'trees', 'goosebumps', 'fears', 'backwards', 'themakingof', 'mastercraft', 'planetfacts', 'radartechnology', 'howitsmade', 'sciencetok', 'twinkie', 'medicalfact', 'galloping', 'newstudy', 'ketchup', 'lifeinjapan', 'ronaldreagansjellybeans', 'sciencenews', 'manufacturingprocess', 'nose', 'poptok', 'animalfacts', 'mammals', 'scientistsoftiktok', 'makingcandy', 'outnumbered', 'airforce', 'kashmir', 'mummiesoftiktok', 'fearof', 'jellybeans', 'vendingmachine', 'factorywork', 'thenile', 'spacethings', 'weaving', 'weatherfact', 'mainsail', 'totalsolareclipse', 'tardigrade', 'longwords', 'cantswim', 'woodyharrelson', 'facts', 'nationaltwinkieday', 'articair', 'pharaoh', 'polarvortex', 'satisfying', 'microwave', 'shipinabottle', 'clouds', 'icelandtravel', 'selectiveattention', 'allodoxaphobia', 'climatechange', 'parasites', 'oops', 'opinions', 'pollution', 'candyfactory', 'tools', 'vietnamwar', 'nationalday']"
scienceinsider,"['seafood', 'lionfish', 'foodsafety']"
uniballco,"['poscapaintpens', 'timessquarenewyorkcity', 'posca', 'unboxinghaul', 'uniball207', 'stationery', 'notebooksketch', 'sketchingpeople', 'uniballpens', 'pensketch', 'amazonfinds', 'pentok', 'newyorkcitylife', 'gelpen', 'uniball', 'timessquare', 'sketching', 'catsoftiktok', 'amazonhaul', 'amazondeal', 'ihavepurse']"
drbeckyatgoodinside,"['momentofcalm', 'meditate', 'momentofstillness', 'calm', 'takeamoment']"
danbharris,"['wpix', 'intentionsetting', 'fopo', 'benzodiazepíne', 'treatment', 'glennondoyle', 'rushing', 'thedailystoic', 'mindfulness', 'discipline', 'creativity', 'dontrush', 'meditation', 'panicattack', 'patriciakarpas', 'josephgoldstein', 'selfcompassion', 'metitation', 'generationaltrauma', 'panicdisorder', 'untangle', 'therapy', 'drjennytaitz', 'meditationforkids', 'panic', 'ryanholiday', 'dualipa', 'trauma', 'michaelgervais', 'intention', 'ipmf', 'vacation']"
iamdulma,['jonesroadpartner']
domesticblisters,"['troubledteenindustry', 'disabiltiy', 'puppytiktok', 'autism', 'memorial', 'boundaries', 'pool', 'protectyourpeace', 'sportmode', 'reveal', 'addictionrecovery', 'mentalhealth', 'acab', 'stitch', 'booktok', 'strugglecare', 'parasocial', 'theskillofchill', 'balancedtraining', 'teenagedirtbag', 'forcefree', 'roomresetboards', 'parenting', 'texassummer', 'duet', 'asktheaudience', 'dogtraining', 'exvangelical', 'neurodivergentfamily', 'katchakid', 'poolnet', 'motherhood', 'contentcreator', 'podcast', 'poolsafety', 'annualreview', 'help', 'adhd']"
emmanuelacho,"['wnba', 'nfldraft', 'giannisantetokounmpo', 'protests', 'womeninsports', 'twin', 'heisman', 'israel', 'kevindurant', 'zionism', 'blackstudents', 'onset', 'nicksaban', 'banned', 'nba', 'athlete', 'treylance', 'contract', 'luckycharms', 'falcons', 'suits', 'lebronjames', 'heal', 'trophy', 'educationequity', 'nfl', 'ucla', 'marchmadness', 'jokes', 'student', 'ncaa', 'adidas', 'california', 'canceled', 'atlanta', 'fields', 'scholarship', 'ajbrown', '2021', 'trevorlawrence', 'boban', 'duke', 'sportsbet', 'james', 'lakers', 'alleniverson', '76ers', 'raptors', 'clippers', 'disrespectful', 'dawnstaley', 'growth', 'statue', 'greatness', 'rockets', 'palestine', 'philadelphiaeagles', 'jontayporter', 'bucks', 'protest', 'dei', 'uncomfortableconversations', 'mackjones', 'intuition', 'ncaabasketball', 'usc', 'draft', 'transfer', 'graduation', 'bronny', 'zackwilson', 'michaelpenixjr', 'brothers', 'caitlinclark', 'losangeles', 'jewish', 'goat', 'chickensandwich', 'compassion', 'breakfastcereal', 'coaching', 'uncomfortableconvos']"
billyfx,"['eclipse', 'totalsolareclipse2024', 'solareclipse2024', 'austintx', 'solareclipse']"
thesherylleeralph,[]
theeconomist,"['politicstikok', 'learnontiktok', 'sciencetok', 'boomer', 'us', 'millennial', 'uselection', 'biden', 'genx', 'trump']"
whoelise,"['tedvancouver', 'namethatcity', 'tedtalks', 'swag', 'swagbag', 'hotelview', 'popquiz', 'vancouver', 'broomba']"
deeptomcruise,[]
madchalk,"['dietcoke', 'childrensbook', 'comedy', 'eating', 'ipad', 'drawing', 'dancing', 'skit', 'chappellroan', 'bagel', 'zodiacsigns', 'pov', 'ate', 'fyp', 'baconeggandcheese', 'digitalillustration', 'digitalartist', 'digitalart', 'newyork', 'astrology', 'theory', 'dresses', 'nyc', 'mom', 'birds', 'trendingsong', 'bagels', 'transition', 'selfpublished', 'girlhood', 'trending', 'cat', 'flowers', 'mukbang', 'catsoftiktok', 'fashion', 'spring', 'food']"
shou.time,[]
novapbs,"['pompeii', 'komkom', 'pumice', 'ancientchina', 'hieroglyphs', 'vesuvius', 'ancestry', 'maya', 'africanamerican', 'terracottaarmy', 'dnatesting', 'ancientbattle', 'archaeology', 'pompei', 'familyhistory', 'plinianeruptions']"
allysonmfelix,[]
open.to.debate,[]
applepodcasts,"['podcast', 'salem', 'salemwitchtrials', 'brainrot', 'girlhistorians', 'saynotodrugs', 'realitygays']"
bcg_careers,"['careertiktok', 'fyp', 'gobeyond', 'consulting', 'bcgcareers']"
ayanaeliza,[]
shantell_martin,[]
mrbeast,['kingbaldwin']
alexa99,"['alexaroutines', 'amazonmusic', 'puppytax', 'thetorturedpoetsdepartment', 'alexaplaytaylorswift', 'garden', 'amazonalexa', 'smartlights', 'alexacallforhelp', 'dog', 'alexaemergencyassist', 'erastour', 'dogs', 'ttpd', 'dogsoftiktok', 'cheesetax', 'gardentok', 'tsttpd', 'taylorswift', 'gardening']"
jonkung,['haul']
ingridfetell,[]
chrisiduffy,[]
thesavbananas,"['justscored', 'hamilton', 'chickenfight', 'gameshow', 'bellbottoms', 'katyperry', 'mileycyrus', 'twitch', 'paintdate', 'karma', 'runninghome', 'fyp', 'boyfriend', 'danceydance', 'pitchermethod', 'viral', '90sthrowback', 'countrymusic', 'funny', 'tallestman', 'baseballboys', 'bananaball', 'tipsy', 'disney', 'wipeout', 'trending', 'wrestler', 'ttpd', 'guitartok', 'littleleague', 'justinbieber', 'savannahgeorgia', 'aaronburrsir', 'chrisbrown', 'espresso', 'wrestlemania', 'takeittotheground', 'mmmbop', 'fy', 'promdress', 'wop', 'datenight', 'promtransition', 'highjumpchallenge', 'jojosiwa', 'eggchallenge', 'sportscenter', 'marvel', 'alexanderhamilton', 'bananasplit', 'baseball', 'foryoupage', 'foodfight', 'twerk', 'softball', 'thick', 'superstar', 'security', 'shaniatwain', 'baseballmom', 'foryou', 'baseballtiktok', 'okc', 'pookie', 'laineywilson', 'feellikeawoman', 'hanson', 'bizzle', 'baseballmoms', 'laurenalaina', 'booktok', 'boymom', 'mlb', 'guitarherostyles', 'sillygoofy', 'momsoftiktok', 'softballlife', 'justmarried', 'savannahbananas', 'sketch', 'trickplay', '2000skids', 'dance', 'walkupsong']"
reesewitherspoon,[]
hubspot,"['digitalmarketing', 'marketers', 'customerservice', 'businesssolutions', 'workhumor', 'spring24spotlight', 'advice', 'solareclipse', 'growyourbusiness', 'commercehub', 'contenthub', 'ai', 'saleshub', 'marketing', 'producitivityhack', 'crm', 'spotlight2024', 'april8', 'sales', 'princess', 'emailmarketing', 'automation', 'eclipse', 'hubspot', 'socialmediamanager', 'ttpd', 'spotlight']"
isodope,"['greenscreenvideo', 'greenscreen']"
bereal,[]
keith_lee125,"['chimepartner', 'stitch', 'familee', 'doordashpartner', 'foodcritic', 'pizzahut_partner']"
whitneygoodmanlmft,"['siblings', 'parentsofadultchildren', 'familythings', 'family', 'familyrelationships', 'lmft', 'grandma', 'grandparentsoftiktok', 'familydysfunction', 'mothersday', 'advice', 'village', 'triggered', 'grandparents', 'therapist', 'accountability', 'mentalhealth', 'adultchild', 'stitch', 'childhoodtrauma', 'adultchildren', 'therapytiktok', 'familyestrangement', 'booktok', 'emotionalimmaturity', 'toxicpositivity', 'emotionalmaturity', 'cyclebreaker', 'mothers', 'love', 'momsoftiktok', 'nocontact', 'diagnosis', 'marriageadvice', 'toxixposivity', 'familycyclebreakersclub', 'parenting', 'inlaws', 'emotionallyimmatureparents', 'motherinlaw', 'familydynamics', 'adultsiblings', 'estrangement', 'goingnocontact', 'apology', 'dil', 'callinghome', 'relationshipadvice', 'motherhood', 'therapy', 'sibling', 'dating', 'podcast', 'positivethinking', 'triggers', 'mil', 'quotes', 'greenscreen', 'grandchildren', 'positivevibes', 'marriage', 'trauma', 'selfhelpbooks', 'chaos', 'chaotichome', 'books', 'familylife', 'grandparent']"
shadezahrai,"['courage', 'psychology', 'communication', 'pygmalianeffect', 'confidence', 'impostersyndrome', 'innercircle', 'personalbrand', 'jobsearch', 'interview', 'jobseeker']"
volvocarusa,[]
quickframe,[]
youtube,[]
ariel_waldman,"['eclipse', 'totality', 'eclipse2024']"
impossiblescience,[]
duckwrth,[]
marriottbonvoy,"['whotels', 'nfldraft2024', 'nfldraft', 'mufc', 'marriotthotels', 'sleepwell', 'hotones', 'marriottbonvoy', 'takeadip', 'cebu', 'seanevans', 'spotifydaylist', 'traveltok', 'worldclasspools', 'sblviii', 'cherryblossom', 'marriottbonvoymoments', 'lemeridienhotels', 'traveldupe', 'manchesterunited', 'soccer']"
lab_shenanigans,[]
arthurpbs,"['mentalhealthmatters', 'fern', 'muffy', 'prunella', 'cootiecatcher', 'francine', 'postmalone', 'stitch', 'librarytiktok', 'nationalsiblingsday', 'fortuneteller', 'librarylife', 'binky', 'george', 'arthur', 'dw', 'erastour', 'davidread', 'ttpd', 'poets', 'taylorswift']"
shondarhimes,"['girlswhogolf', 'diorfall24', 'polin', 'blackgirlsgolf', 'golftiktok', 'golf', 'BRIDGERTON']"
estherperel_official,[]
bevysmith,"['jazzfest', 'danceparty', 'decor', 'hairbonnet', 'giftbag', 'bts', 'sightseeing', 'frenchquarter', 'dinnerparty', 'neworleansjazzfest', 'sweatitout', 'kennyburns', 'luxury', 'tourist', 'goodmusic', 'yakamein', 'mardigrasindians', 'harlemtoile', 'sleepmask', '10000steps', 'harlemnights', 'unboxing', 'travel', 'nola', 'weekend', 'redmapleleaf', 'atlanta', 'silkpress', 'dinner', 'porkchopsandwich', 'softlife', 'dance', 'treme']"
oaxacanita,"['chocolate', 'eclipsesolar2024', 'chef', 'cocina', 'eclipse2024', 'flan', 'receta', 'laescuelitadelcacao']"
beyonce,[]
cordae,[]
sesamestreet,"['nationalaslday', 'elmo', 'deaftok', 'autism', 'internationaljazzday', 'shower', 'fittok', 'oscarthegrouch', 'sesamestreet', 'learnontiktok', 'pov', 'grover', 'workout', 'bertandernie', 'dayinmylife', 'heroes', 'familywellness', 'whatieatinaday', 'oldschoolsesame', 'alonetime', 'unboxing', 'sneakerhead', 'autismacceptancemonth', 'seeamazing', 'asl', 'cookiemonster', 'health', 'goals', 'furryfriendsforever', 'edutok', 'dailyroutine', 'reading', 'americansignlanguage', 'merengue']"
thefactsgeek,"['drivethru', 'oddlysatisfying', 'unwrapping', 'meme', 'car', 'dodge', 'asmr', 'lake', 'fyp', 'satisfying', 'memes', 'cracking', 'satisfyingvideo', 'funny', 'bone', 'breaking', 'icebreaking', 'rocks', 'funnyvideo', 'things', 'ice', 'fastfood', 'construction']"
jlythcotthaims,[]
pbsdigitalstudios,"['climate', 'cellphone', 'mentalhealthawareness', 'mentalhealth', 'nativehistory', 'native', 'nativetiktok', 'earthmonth', 'environment', 'socialmedia', 'mentalhealthmonth', 'nativeamerican', 'pollution']"
corporatenatalie,"['comedy', 'corporate', 'crestrealitycheckup', 'waiter', 'genzfeedback', 'morningroutine', 'awkwardkiss', 'firstdate', 'walking', 'complaining', 'virtualmeeting', 'managerproblems', 'momhumor', 'momlife', 'influencers', 'baddriver', 'milennials', 'clean', 'downypartner', 'routine', 'crestpartner', 'swifferpartner', 'criticism', 'losangeles', 'morning', 'loveisland', 'multitasker', '9to5', 'torturedpoetsdepartment', 'awkward', 'coworker', 'besties', 'moms', 'awkwardinteraction', 'friendgroup', 'ad', 'podcast', 'cresthasyoucovered', 'allergies', 'coffeeaddict', 'workbesties', 'icks', 'diml', 'performancereview', 'travel', 'greenscreen', 'overshare', 'coworkers', 'notesapp', 'wfh', 'adobeacrobatpartner', 'laundry', 'pto', 'workfromhome', 'realitytv', 'taylorswift', 'girlsdinner', 'theoffice', 'allergyseason']"
staytunednbc,"['scotland', 'metoo', 'colorado', 'pennsylvania', 'rapper', 'protesters', 'college', 'eastcoast', 'exhumed', 'lesterholt', 'universalmusicgroup', 'senate', 'ai', 'israel', 'biden', 'glasglow', 'harveyweinsteins', 'trump', 'whistleblower', 'wapatolake', 'dreamliner', 'ohio', 'business', 'missile', 'lamborghini', 'eclipse', 'boeing', 'kharkiv', 'breakingnews', 'crumbley', 'palestinians', 'donda', 'drake', 'tennessee', 'oregon', 'callherdaddy', 'michigan', 'nyu', 'arkansas', 'bodies', 'nba', 'maryland', 'tampa', 'students', 'kanyewest', 'scammer', 'authorities', 'lebronjames', 'nfl', 'eid', 'switzerland', 'tacoma', 'chocolateexperience', 'student', 'columbiauniversity', 'ukraine', 'kendricklamar', 'rasheerice', 'tufts', 'americans', 'saderobinson', 'charge', 'livingwage', 'dashcam', 'dallas', 'universityofsoutherncalifornia', 'dubai', 'neildegrassetyson', 'lakers', 'fkatwigs', '911', 'raptors', 'school', 'newyork', 'indianapolis', 'indiana', 'doorbell', 'uber', 'ye', 'simonebiles', 'olympic', 'finance', 'tupac', 'meteorologist', 'alroker', 'jontayporter', 'baltimore', 'ComfortSegredos', 'southwestairlines', 'earthquake', 'protest', 'minnesota', 'train', 'arizona', 'toronto', 'abortion', 'cloudseeding', 'russian', 'bridge', 'columbia', 'corvette', 'cargoship', 'rutgers', 'usc', 'ojsimpson', 'mit', 'alexcooper', 'emerson', 'specialneeds', 'kansascitychiefs', 'texas', 'losangeles', 'bronnyjames', 'tacobell', 'maine', 'earthquakes', 'interview', 'lottery', 'willywonka', 'fbi', 'totality', 'yale', 'police', 'faa', 'florida', 'taylorswift']"
elysemyers,[]
4ocean,"['doinggood', 'gooddeedsday', 'nationalwildlifeweek', 'beatplasticpollution', '4oceanrescue', 'cleanseas', 'comingsoon', '4oceanbracelets', 'globalcleanup', '4ocean', 'pledgegood', 'oceanheroes', 'cleantheocean', 'countdown', 'sipsustainably', 'cleanupwithcaptainkate', 'earthday']"
carfaxinc,"['newwhip', 'kiatelluride', 'parkingticket', 'autobody', 'easyfix', 'totalsolareclipse', 'carfax', 'solareclipse', 'carboot', 'nyctraffic', 'driversed', 'carmaintenance', 'newyork', 'carfox', 'firstcar', 'scatpackcharger', 'nyc', 'flood', 'protip', 'carrecall', 'flooddamage', 'beautysupplystore', 'floodcar', 'scatpack', 'frenchbulldog', 'dogfriendlyworkplace', 'vwjetta', 'bmw3series', 'newcar', 'mustang', 'teslacybertruck', 'jeepwrangler', 'petfriendly', 'kobe', 'whydidyouswipe', 'tesla', 'lifehacks', 'buffing', 'cybertruck', 'vwbug', 'theoffice']"
studiojjk,"['creativeprocess', 'memoir', 'writingprocess', 'growingup', 'lunchladycomics', 'family', 'artisticjourney', 'middlegradebooks', 'pugs', 'creativejourney', 'memoiral', 'kidlit', 'recovery', 'jjkdailysketch', 'inverted', 'artist', 'yalit', 'mother', 'artistontiktok', 'airport', 'livedrawing', 'graphicnovel', 'mentalhealth', 'addictionrecovery', 'airportlife', 'remembering', 'publicspeaking', 'drawingtutorial', 'sketchbooks', 'buffalowildwings', 'edtok', 'summerreading', 'sketchbookdrawing', 'art', 'chapterbooks', 'heykiddobook', 'adoption', 'grandfather', 'capcut', 'observationaldrawing', 'illustrator', 'gratitude', 'librariansoftiktok', 'canvas', 'sketchbook', 'schoollunchheroday', 'comics', 'painting', 'mothersdaygift', 'mothersdaygiftideas', 'literacy', 'schoollunch', 'arttutorial', 'artistsoftiktok', 'writer', 'sketching', 'resilience', 'motivationalspeaker', 'graphicnovels', 'travel', 'sketchbooktour', 'houstontx', 'edutok', 'growthmindset', 'paint', 'memory', 'encouragement', 'artsistsoftiktok', 'bereavement', 'livesketch', 'dogsoftiktok', 'expressivearts', 'acrylicpaintings', 'arttherapy', 'stuffedanimals']"
crisistextline,"['teach', 'teacherproblems', 'mentalhealthawarenessmonth', 'teachersbelike', 'teachersontiktok', 'schooldays']"
guywithamoviecamera,"['universalpartner', 'melissabarrera', 'turtlesallthewaydown', 'isabelamerced', 'lisafrankenstein', 'abigailthemovie', 'twilight', 'felixmallard', 'vampire', 'creecicchino', 'kathrynnewton', 'johngreen']"
woodsholeoceanographic,[]
theashleygraham,[]
creatoracademy,[]
paralympics,"['goalball', 'paraequestrian', 'paralympics', 'judo', 'paracycling']"
itgetsbetter,"['vote', 'bipride', 'bisexual', 'election2024', 'bisexualman', 'lgbtqthoughts', 'queertheory', 'earthday', 'lesbianvisibilityday', 'queerhistory', 'biman', 'itgetsbetter', 'queerchameleon', 'electionszn', 'climatejustice', 'lesbiantiktok', 'bierasure', 'environment', 'lgbtqia']"
thesongsofapoet,[]
pattrn,"['climatecorps', 'gotmilk', 'hurricaneseason', 'europe', 'train', 'stem', 'icymi', 'goodnews', 'spacejunk', 'pollinators', 'eclipse2024', 'rivermonsters', 'luckyfish', 'dubai', 'climateaction', 'salmon', 'severe', 'solareclipse', 'pfas', 'climate', 'water', 'plasticpollution', 'monarch', 'earthweek', 'extremeheat', 'coral', 'epa', 'conservation', 'coralbleaching', 'derail', 'globalwarming', 'earthday', 'petebuttigieg', 'plastictreaty', 'steam', 'dot', 'flood', 'youthforclimate', 'eclipseglasses', 'climatechange', 'solareclipse2024', 'planetvsplastics', 'hurricane', 'arborday', 'news', 'ohiotraincrash', 'extremeweather', 'pinholecamera', 'eclipse', 'uae', 'americanclimatecorps', 'totaleclipse', 'totalsolareclipse2024', 'earthday2024', 'viralvideo', 'heat', 'florida', 'weather', 'eastpalestine', 'tornado', 'climatelawsuit', 'science']"
jubilee,"['friendship', 'secrets', 'family', 'circleofsecrets', 'relationships', 'women', 'secret', 'video', 'happiness', 'fyp', 'relationship', 'friendships', 'smart', 'love', 'funny', 'puzzles', 'disabilityawareness', 'empathy', 'ranking', 'selflove', 'disability', 'theone', 'genius', 'happy', 'new', 'marriage', 'oddoneout', 'crime', 'couples', 'splitdecision', 'interesting']"
npr,"['npr', 'metoo', 'pmgd2024', 'retrograde', 'nprshortwave', 'hamas', 'china', 'politics', 'supremecourt', 'elections', 'israel', 'electriccar', 'trump', 'publicmediagives', 'beijing', 'titopuente', 'palestine', 'gaza', 'mercury', 'latinmusic', 'iran', 'jordan', 'immigration', 'westbank']"
howtoadhd,[]
sciencechannel,"['mycoplasmas', 'whatonearth', 'nuts', 'howitsmade', 'roman', 'history', 'texas', 'space', 'marchmadness', 'masterstournament', 'microscope', 'dna', 'unearthed', 'bacteria', 'ncaa', 'foodchain', 'chickens', 'smallestmanwhoeverlived', 'dinosaurs', 'ttpd', 'howtheuniverseworks', 'golf', 'taylorswift']"
pbsamericanmasters,"['snl', 'pbs', 'comedy', 'richardlewis', 'annebeatts', 'jerryseinfeld', 'curbyourenthusiasm', 'larrydavid', 'susieessman', 'carolburnett']"
linkedin,[]
sineadbovell,"['techwithsinead', 'greenscreen']"
mr.riceguy,[]
drjengunter,[]
pbsnature,"['lionking', 'stem', 'wildlife', 'earth', 'bee', 'snake', 'pumba', 'insects', 'penguin', 'greatgreyowl', 'raptors', 'warthog', 'monarchbutterfly', 'alligator', 'baldeagle', 'bats', 'learn', 'bird', 'earthday', 'goldeneagle', 'naturedocumentary', 'animalfacts', 'honeybuzzard', 'crocodile', 'elephantseal', 'falconet', 'raptor', 'hunt', 'burrowingowl', 'bees', 'secretarybird', 'butterfly', 'eagle', 'edutok', 'bumblebee', 'camel', 'dung', 'popquiz', 'owl', 'caracara', 'science']"
participant,"['shirleynetflix', 'sustainability', 'ericschlosser', 'tricks', 'participantambassador', 'kimberlyrenee', 'hammermuseum', 'tips', 'foodinc', 'workersrights', 'nowstreaming', 'shirleychisholm', 'michaelpollan', 'melissarobledo', 'pullupachair', 'foodinc2', 'coalitionofimmokaleeworkers', 'robertkenner', 'food']"
adamgrantpsych,[]
justinbaldoni,[]
lilly,[]
dosomething,"['letsdothis', 'nyc', 'youthactivism', 'democracy', 'earthday2024', 'dosomething', 'change', 'linkinbio', 'nationalroboticsweek', 'sciencegoseek', 'littlewordsproject']"
duolingo,"['duolingo', 'fyp', 'fanfic', 'jacksonwang', 'ao3', 'asoka', 'duolingogiveaway', 'doitforduo', 'jojosiwa']"
imtiffanyyu,"['affordablehousing', 'fitcheck', 'antiableist', 'disabilityinclusion', 'housingcrisis', 'universaldesign', 'stanleycup', 'antiableistbook', 'queer', 'limbdifference', 'booktok', 'inclusivedesign', 'losangeles', 'diy', 'disabilityawareness', 'disability', 'antiableism', 'podcast', 'yourfirstmillionlive', 'mosaicart', 'bookbts', 'chinatown', 'disabilitytiktok', 'brachialplexusinjury', 'disabilitypride', 'authortok', 'firsttimeauthor']"
pbs,"['country', 'memecut', 'songwriter', 'meme', 'webby', 'drama', 'hotelportofino', 'kenburns', 'pbskids', 'learnontiktok', 'charlieputh', 'henrylouisgatesjr', 'webbyawards', 'romeoandjuliet', 'findingyourroots✨', 'gershwinprize', 'jamestown', 'poetry', 'librarytiktok', 'hotelportofinopbs', 'mychalthelibrarian', 'onthisday', 'poetrytok', 'history', 'thisoldhouse', 'librariansoftiktok', 'internationaldanceday', 'countrymusic', 'challengers', 'perioddramaseries', 'normabrams', 'ancestry', 'greatperformancespbs', 'cowboycarter', 'pbs', 'webbyawardwinner', 'music', 'ttpd', 'dance', 'portofino', 'findingyourrootswithhenrylouisgatesjr', 'periodpiece', 'joshoconnor', 'taylorswift']"
seeker,[]
immarollwithit,"['winningwithwinston', 'servicedog', 'rainbowbridge', 'immarollwithit', 'cry', 'dog', 'esa', 'myfirstdog', 'servicedogteam']"
buzzfeed,"['puppies', 'billieeilish', 'linmanuelmiranda', 'sabrinacarpenter', 'ariel', 'theb', 'theboyz', 'espresso', 'cinema', 'puppyinterview', 'challengers', 'saintandrew', 'happilyeverafter', 'relationshipadvice', 'throwback', 'thirsttweets', 'keanureeves', 'bluehair', 'jojosiwa', 'andrewscott', 'swifties', 'zendaya', 'therock', 'andrewgarfield']"
easygayoven,"['springrecipes', 'springbaking', 'blackberries', 'brownies', 'lavender']"
dr.christinacosta,[]
brenebrown,[]
charlieputh,[]
weatherchannel,"['steel', 'lasso', 'colorado', 'family', 'wildlife', 'nature', 'txwx', 'wildanimals', 'pig', 'car', 'rain', 'solareclipse', 'mistake', 'pigs', 'china', 'water', 'friends', 'iceland', 'fyp', 'northernlights', 'discovery', 'pnw', 'play', 'worldsurfleague', 'dozen', 'galaxy', 'mountetna', 'didyouknow', 'louisiana', 'history', 'space', 'moon', 'funny', 'night', 'bleach', 'ohio', 'beaforceofnature', 'footage', 'house', 'skitok', 'italy', 'airplane', 'learnedontiktok', 'golftok', 'hurricane', 'bearcubs', 'goodthing', 'ranch', 'dog', 'disney', 'ad', 'eclipse', 'cooloff', 'woops', 'lion', 'animalsoftiktok', 'breakingnews', 'flowers', 'wildflower', 'auroraborealis', 'octopus', 'neighborhood', 'blackhole', 'wearher', 'heat', 'augusta', 'storm', 'virtex', 'mountainlion', 'mercedes', 'hurricaneseason', 'farm', 'storms', 'asia', 'skiing', 'caught', 'dolphin', 'fail', 'sportsscience', 'omaha', 'fish', 'midwest', 'accident', 'cubs', 'river', 'cleanup', 'dolphins', 'coral', 'traffic', 'tsunami', 'winter', 'jordanspieth', 'home', 'weathertok', 'sports', 'overflow', 'flood', 'wsl', 'tree', 'landing', 'prediction', 'dronefootage', 'weatherchannel', 'philadelphia', 'flooding', 'animals', 'snow', 'zoo', 'california', 'celestial', 'cat', 'motorcycle', 'shelter', 'maps', 'dust', 'sky', 'mirror', 'caughtoncamera', 'weather', 'telescope', 'coastguard', 'west', 'northeast', 'iowa', 'trucks', 'kansas', 'masters', 'science', 'themasters', 'tornadoes', 'doublerainbow', 'dashcam', 'vacation', 'rorymcilroy', 'europe', 'nightsky', 'indigenousart', 'rescue', 'guangdong', 'sheep', 'closecall', 'coyote', 'tiger', 'rainbow', 'warming', 'cars', 'lightning', 'thunderstorm', 'alligator', 'farmstead', 'volcanic', 'cool', 'outrage', 'heatwave', 'coralbleaching', 'tornadosiren', 'flashflood', 'ocean', 'eruption', 'photographer', 'newyork', 'mississippi', 'barn', 'wild', 'comet', 'fireball', 'buildings', 'lava', 'kitesurf', 'turkey', 'bronx', 'nyc', 'utah', 'bear', 'washingtondc', 'carfails', 'sicily', 'pond', 'aninal', 'draining', 'crazy', 'news', 'westvigrinia', 'turtle', 'meteorologist', 'airforce', 'hot', 'ski', 'foryou', 'stormchaser', 'france', 'totaleclipse', 'snowboardseason', 'elephants', 'humans', 'sandiego', 'stargazing', 'england', 'drone', 'skiseason', 'colors', 'animal', 'australia', 'twister', 'mastersweekend', 'tornado', 'spring', 'prints', 'waves', 'severestorm', 'earthquake', 'rings', 'aftermath', 'horses', 'wind', 'train', 'lavaflow', 'sun', 'solar', 'outlook', 'destructive', 'safety', 'golftiktok', 'severe', 'newjersey', 'newx', 'alta', 'pov', 'bears', 'climate', 'theweatherchannel', 'tigerwoods', 'indonesia', 'westvirginia', 'sea', 'dinosaur', 'lunar', 'learnwithtiktok', 'beach', 'surfing', 'stars', 'pathoftotality', 'texas', 'fishing', 'unitedkingdom', 'windy', 'statepark', 'golfswing', 'centralpark', 'powder', 'climatechange', 'volcano', 'fire', 'golfing', 'dustdevil', 'close', 'hail', 'debris', 'naturaldisaster', 'snowboarding', 'ancient', 'rickiefowler', 'stingray', 'totality', 'nebraska', 'perfect', 'damage', 'forecast', 'florida', 'dogsoftiktok', 'cruise', 'snowboard', 'golf', 'northcarolina', 'cooldown', 'surf', 'selfie']"
time,['donaldtrump']
hannah_harpist,"['stitch', 'onthisday', 'interview', 'duet']"
