Hashtag,Frequency
rickglassman,2
granturismo,2
instrumental,2
fingerdrumming,2
instrumentals,2
freestylerap,2
dreamville,2
flowstate,1
notregularchallenge,1
doyourchainhanglow,1
pentapping,1
applebees,1
abwinningwings,1
whiskeygingerpodcast,1
bennyblanco,1
notdeadyet,1
brazilianjujutsu,1
billlawrence,1
daxshepard,1
ginarodriguez,1
bobbylee,1
jujutsu,1
shrinking,1
takeyourshoesoffpodcast,1
armchairexpert,1
bradgarrett,1
thesixthlead,1
replenish,1
beyonceeffect,1
writingaesthetic,1
producersoftiktok,1
psx,1
bassmusic,1
percussion,1
camsteen,1
sitar,1
handpan,1
dopebeats,1
soulfulbeats,1
boombapbeats,1
freestylebeats,1
makingbeats,1
002,1
spotle,1
courtneylove,1
chancetherapper,1
bandle,1
nmf,1
kencarson,1
davidguetta,1
trackreview,1
indienation,1
hiphoplife,1
drumsounds,1
producerpics,1
samplepack,1
producerlifstyle,1
mpc2000xl,1
instamusic,1
musicislife,1
mpclive,1
standalonechallenge,1
beatmakers,1
drumpack,1
akai,1
instrumentalhiphop,1
studiofiles,1
madewitharcade,1
outputpartner,1
outputarcade,1
brokeup,1
pickupandkillit,1
nickcannon,1
couplesjokes,1
ripmicheals,1
fashionpolice,1
flowjob,1
roasted,1
dcyoungfly,1
tastetester,1
eman,1
letmeholla,1
familyreunion,1
uncle,1
ormash,1
justinavalentine,1
tylerchronicles,1
charlieclips,1
bigmack,1
chicobean,1
costcosamples,1
gotdamned,1
talkinspit,1
danielleherrington,1
courtneybee,1
wildstyle,1
michaelblackson,1
karlousmiller,1
breakingup,1
maddysmith,1
brokenup,1
conceited,1
roycebell,1
onthespot,1
bullspittin,1
wildnout,1
katwilliams,1
prettyvee,1
breakingupishardtodo,1
talkingspit,1
bullrider,1
emannuelhudson,1
pleadthefifth,1
coreycharron,1
whatyoucallthat,1
cortez,1
boodup,1
bobbejthompson,1
emanuelhudson,1
churchsgetsaucy,1
churchsgetssaucy,1
garthbrooks,1
gonygo,1
ican,1
clubberlangearlydaysmindset,1
makeithappen,1
speechgame,1
pree,1
iwill,1
beentherebuiltthat,1
momentsnotyears,1
stillheavy,1
mytwocents,1
kai,1
torrianball,1
nadlife,1
lifeextension,1
hug,1
nzt48,1
empath,1
limitlesspill,1
nzt48limitlesspill,1
empathsbelike,1
goodpeople,1
BOSSUpYourGame,1
genuine,1
jeorogan,1
danshneider,1
theovon,1
shanegillis,1
phonk_music,1
jid,1
jpbadbitty,1
kdot,1
billboard,1
abarsong,1
badbitty,1
amaarae,1
oliviadeandive,1
neosoul,1
angelsintibet,1
scatting,1
viralmusic,1
oliviadean,1
votm,1
thepharcyde,1
krayziebone,1
bradywattbass,1
jonb,1
bonethugsnharmony,1
largeprofessor,1
bassandbars,1
chuckd,1
bradywatt,1
maadcity,1
mceih,1
areyoustilldown,1
zackfox,1
richthekid,1
tde,1
thatsdeep,1
lilwayne,1
whatsinyourphone,1
yedoyetravis,1
glorilla,1
goattalk,1
bktherula,1
rayj,1
yakub,1
tydollasign,1
sexualassaultawareness,1
streetgospel,1
underratedartist,1
christianrap,1
underratedrappers,1
rappin,1
jokesonyou,1
consciousrap,1
realrap,1
funnymusic,1
realrapmusic,1
hyena,1
underratedrapper,1
inspirationalmusic,1
rappersoftiktok,1
hyenalaugh,1
gospelrap,1
realmusic,1
bestrapper,1
getitright,1
cartiktok,1
harvey,1
hopsin,1
jarrenbenton,1
dizzywright,1
musicbusiness,1
paulwall,1
openverse,1
funkvolume,1
e40,1
bigmad,1
xg,1
jpop,1
forza,1
newphonewhodis,1
carlover,1
tuningcar,1
xgtape,1
