Hashtag,Frequency
safethereefs,1
gradjetzt,1
korallenriffe,1
munichre,1
fürdichseite,1
erdgas,1
089,1
diskussion,1
fürdichpage,1
klimakrise,1
gaslobby,1
reclaim,1
spidermurphygang,1
munchen,1
swm,1
skandal,1
gerber,1
iron,1
dryice,1
bakingsoda,1
hydrogenwaterbottle,1
lesbianmovie,1
iontophoresismachine,1
sweatyhands,1
hyperhydrosis,1
driveawaydolls,1
mainecooncat,1
iontophoresis,1
margaretqualley,1
hyperhidrosis,1
geraldineviswanathan,1
hyperhidrosischeck,1
driveawaydollsmovie,1
lesbianmovies,1
wotc,1
robinhood,1
plantsplantsplants,1
playtron,1
plantmusic,1
touchme,1
playtronica,1
legalanalysis,1
legaleagle,1
workerscomp,1
eagleteam,1
cookiecroissant,1
smalltalk,1
morningvlogs,1
bostonmassachusetts,1
queerromance,1
