Hashtag,Frequency
cornwalltiktok,1
southdevon,1
devon,1
springcleaningtips,1
ecofriendlycleaning,1
carbonreduction,1
matteroftrust,1
zerowasteliving,1
sealrescue,1
saveaseal,1
oceanconservationnamibia,1
sealrescuer,1
sealrescues,1
animalrescuer,1
skipthefish,1
ocn,1
lobsterroll,1
cheftiktok,1
competitionbbq,1
deliciouslypredictable,1
tinnedfish,1
gramercytavern,1
cannedfish,1
tinnedfishtok,1
sardines,1
crabrolls,1
barbecue,1
knifesharpening,1
britishparliament,1
ricardomartinelli,1
danielortrga,1
internacionales,1
incendios,1
buekele,1
deforestacion,1
bukele,1
batalladerivas,1
videohorizontal,1
alertasanitaria,1
corteinternacional,1
reeleccion,1
regimendeexepcion,1
danielortega,1
juansantamaria,1
gutemala,1
ops,1
minsa,1
rebeliondeabril,1
noticiasen1minuto,1
prlamentobritanico,1
justiciayverdad,1
centroamerica,1
cifras,1
manifestaciones,1
ortega,1
marena,1
urnasabiertas,1
2018,1
cij,1
represion,1
unp,1
memoriahistorica,1
investigación,1
divergentes,1
kiaev9,1
macbookair,1
combopool,1
watergun,1
spyra,1
igba,1
ev9,1
gokart,1
mictest,1
toysoftiktok,1
floppydisk,1
ettiquette,1
blackmirror,1
kia,1
emulation,1
rabbitr1,1
emulator,1
award,1
emulatorgaming,1
vergecast,1
humanepin,1
rooms,1
gameboyadvance,1
2048,1
earbudswireless,1
pyro,1
8k,1
fairbuds,1
evs,1
deltaemulator,1
wearables,1
exlipsevibes,1
boatsandhoez,1
turksandcaicos,1
naturalastaxanthin,1
bluefin,1
tunasteak,1
farmraised,1
antioxidant,1
pigment,1
microalgae,1
pacificbluefin,1
cyanotech,1
wildcaught,1
ranchedtuna,1
captainmardens,1
bluefiná,1
astaxanthin,1
offshoreaquaculture,1
mariculture,1
sihek,1
tub,1
lemur,1
redpanda,1
splash,1
sweet13,1
crunchy,1
animalsreact,1
branch,1
truthordodo,1
dododreamdate,1
minuteofhappy,1
wellnessretreat,1
floatingyoga,1
aapiheritagemonth,1
chronicillness,1
citypickle,1
majorleaguepickleball,1
narasmith,1
fullbodyfacial,1
paddleboardyoga,1
bv,1
asianparents,1
celebrityworkout,1
imjustken,1
5dadsgowild,1
bacterialvaginosis,1
