Hashtag,Frequency
bassist,3
bikebus,2
acousticguitar,2
warhammercommunity,2
paintingwarhammer,2
killteam,2
healthcareforall,2
guitartone,2
luthier,2
bassplayer,2
guitartips,2
basstok,2
bassguitar,2
guitartech,2
rockandroll,2
guitarpedal,2
meinlcymbals,2
improvisation,2
blues,2
kidicalmass,1
catsweets,1
hadleycell,1
ecmwf,1
dubaiairport,1
criticalmass,1
ferellcell,1
thanks,1
precipitation,1
rainforest,1
era5,1
temperaturechange,1
kiddicalmass,1
bikes,1
geoengineering,1
polarcell,1
anomaly,1
afkjourney,1
baddrivers,1
ladyboys,1
fallon,1
anidiotabroadclips,1
reddwarf,1
cantparkthere,1
inbetweenersclips,1
therickygervaisshow,1
petercrouch,1
classiccomedy,1
hypnotic,1
littlebritain,1
parking,1
karlpilkingtonclips,1
leeevanscomedy,1
davidwalliams,1
xfm,1
sofiavergara,1
waynerooney,1
brokebackmountain,1
karlpilkington,1
freetoplay,1
piersmorgan,1
britishcomedy,1
derek,1
inbetweeners,1
rickygervaisshow,1
johncleese,1
badparking,1
britishmovie,1
rickygervais,1
davidearl,1
theinbetweeners,1
grahamnorton,1
comedyclips,1
mattlucas,1
leeevans,1
jayinbetweeners,1
sundaybrunch,1
athiest,1
stephenmerchant,1
thequeen,1
faultytowers,1
town,1
grahamnortonshow,1
familysize,1
ukaccent,1
physicalactivity,1
saferoutestoschool,1
activetransportation,1
bicibus,1
damilee,1
kingdom,1
utft,1
handrolls,1
garbagepatch,1
davidson,1
tmmtour,1
ajr,1
souptok,1
johnmordred,1
lthesquaremilemurder,1
britishnovel,1
londonnovel,1
espionagethriller,1
daphnecaruanagalizia,1
libyastory,1
deathinahalfforeigncountry,1
theultimatelondoner,1
russianinterference,1
theneweuropeans,1
jamesward,1
talesofmi7,1
littlewarinlondon,1
sonyecm50,1
recordproducer,1
rumours,1
cream,1
mixing,1
marcdanielnelson,1
akg451,1
soundgarden,1
chriscornell,1
mickfleetwood,1
blackholesun,1
stevienicks,1
drumming,1
kencaillat,1
beowulf,1
excavation,1
archeology,1
norsepagan,1
medievalart,1
primaldiet,1
medievaltiktok,1
offa,1
anglosaxon,1
viralfoodtrend,1
wh30k,1
hereticastartes,1
gamesworkshop40k,1
bloodangels,1
ageofsigmar,1
nurgle,1
stormcasteternals,1
ultramarines,1
adwip,1
paintingtutorial,1
aeldari,1
gamesworshop,1
orks40k,1
spacemarines,1
necrons,1
paintingminiatures,1
wh40k,1
paintingminis,1
warhammerofficial,1
miniaturepainting,1
warhammer40000,1
adeptusmechanicus,1
celestebarber,1
patekphilippe,1
hummer,1
watchtok,1
watchesandwonders2024,1
panerai,1
tissot,1
bremont,1
drukhari,1
darkeldar,1
fran,1
indiefolk,1
sadgirl,1
shygirl,1
eitherway,1
odieleigh,1
littledance,1
cropcircles,1
lls,1
actionday,1
fromtherivertothesea,1
cancelbloodcancer,1
theleukemiaandlymphomasociety,1
alleyesonrafah,1
gazasolidarity,1
guitarbuilder,1
pixelated,1
sturnerguitars,1
dreamguitar,1
frets,1
customguitar,1
guitarbuilding,1
guitarinstagram,1
guitarreels,1
luthiersoftiktok,1
shoplife,1
guitarmod,1
resinprinting,1
guitarmaker,1
madeinusa,1
guitarra,1
shopsounds,1
cadcam,1
customguitars,1
madeinamerica,1
boutique,1
luthiersofinstagram,1
boutiqueguitars,1
cncwoodworking,1
luthierinstagram,1
cad,1
guitars,1
wenge,1
phillymade,1
guitarsetup,1
fretboard,1
custombass,1
jerrygarcia,1
luthiery,1
inlay,1
pickguard,1
knobs,1
luthiertiktok,1
fretwork,1
guitaristsofinstagram,1
motherofpearl,1
carnivorousplant,1
blacksandbeach,1
americandreaming,1
hankwilliams,1
noletter,1
seanymph🧜‍♀️,1
winterwondergrass,1
tourdairy,1
fairyfolk,1
johncreilly,1
catclyde,1
w,1
trailofflowers,1
avettsatthebeach,1
classiccountry,1
mountainstage,1
americanamusic,1
tulummexico,1
womenofamericana,1
nickshoulders,1
folkmusic,1
mountaingnome,1
meredithaxelrod,1
ohboyrecords,1
farawayacrossthesea,1
womenofamwricana,1
sierraferrell,1
avettbrothers,1
fanmail,1
illdoitagain,1
thegarden,1
thetruman,1
rootsmusic,1
thesea,1
tourlife,1
fairyasfolk,1
jakekohn,1
bonfireplaylist,1
shootforthemoontour,1
icanthelpit,1
knifemaker,1
spooncarving,1
tasmaniandevil,1
cabininthewoods,1
upcyle,1
tinyliving,1
metalartist,1
femaleartist,1
asmrsound,1
blacksmith,1
tasmaniantiger,1
bladesmith,1
bladesmithing,1
handforged,1
tasmanian,1
blacksmithing,1
tinyhouse,1
forgedinfire,1
damp,1
stripping,1
oldhouse,1
housescience,1
phaseshifter,1
stompbox,1
modulationpedal,1
lovedbythegreats,1
vb2,1
bassguitarist,1
guitarpedals,1
heavytones,1
ds2,1
vibratopedal,1
pedalboard,1
martyfriedman,1
vb2w,1
choruseffect,1
bossmetalzone,1
bossch1,1
heavytone,1
soundscape,1
superchorus,1
bossvibrato,1
bassplayersoftiktok,1
bosspedals,1
stereoeffect,1
bossvb2w,1
bossds2turbodistortion,1
wazacraft,1
bassistsoftiktok,1
distortionpedal,1
basspedals,1
stompboxes,1
bosswazacraft,1
guitarpedaldemo,1
bossphaser,1
analogpedal,1
bossmt2w,1
joshklinghoffer,1
bossph3,1
bossmt2,1
metalzoneboss,1
analoggear,1
bossphaseshifter,1
bassamp,1
bosseffects,1
heavyguitar,1
bosssuperchorus,1
bossvb2,1
metalguitar,1
katanabass,1
bossdistortion,1
ev30,1
modulationeffect,1
bosspedal,1
phaser,1
pedalboards,1
choruspedal,1
ch1,1
bosskatana,1
john5,1
bossfx,1
bossfxpedals,1
guitareffects,1
guitartones,1
knowyourtone,1
bossds2,1
bassists,1
bosseffectspedals,1
me90b,1
redhotchilipeppers,1
bassguitaramp,1
distortion,1
wazapedal,1
turbodistortion,1
analogeffects,1
pedalsettings,1
pedalboardsoftiktok,1
guitarchords,1
lavamusic,1
synthbass,1
lavame4,1
bandlab,1
bedroomstudio,1
dst152,1
donnerartist,1
stringshare,1
yamahaartist,1
בלי,1
drumtracking,1
seelectronics,1
earthworksaudio,1
elevation,1
fbf,1
vladeguigni,1
calvarycc,1
evansdrumheads,1
drumvideos,1
2024drumming,1
soundoverchops,1
drumuniversity,1
drumninja,1
orugadrumeffects,1
drumstudio,1
sessiondrummer,1
christiandrummer,1
yamahadrums,1
slapklatz,1
iplayyamaha,1
sugarpercussion,1
audimute,1
meinlstickandbrush,1
drumspassion,1
passionfordrums,1
grooveclix,1
we_love_drums,1
ps4,1
wandavision,1
arcaneseason2,1
multiverseofmadness,1
joshhutcherson,1
avengerssecretwars,1
tasm2,1
sisterlocation,1
fivenightsatfreddysmovie,1
spiderwoman,1
spectacularspiderman,1
juliagarner,1
animatedseries,1
fallout3,1
arcane,1
theamazingspiderman,1
silversurfer,1
angelinajolieedit,1
investigativereporter,1
investigations,1
algorithms,1
uselection2024,1
reporting,1
bros,1
femaleguitarist,1
pianotok,1
musicanalysis,1
lilacwine,1
asianparentsbelike,1
onewomanshow,1
battle,1
agegaprelationship,1
jeffbuckley,1
fesleyfep1000,1
femalemusician,1
musicalcomedy,1
birkenhead,1
vinylrecords,1
musicrecommendations,1
albumsoftheweek,1
pearldrums,1
jazzband,1
musicnerd,1
korgsv2,1
jazzpiano,1
pianocover,1
jazzmusic,1
salsamusic,1
albumrecommendations,1
jazztok,1
behringerpolyd,1
felakuti,1
jazzjam,1
jacopastorius,1
sandbergbass,1
korgkeyboard,1
losalamitoslatinfunklovesong,1
funkmusic,1
geneharris,1
moogerpooper,1
vinylcollection,1
albumrecs,1
musicnerds,1
bugzintheattic,1
keysplayer,1
roomba,1
scifibooks,1
yascifi,1
guitartoker,1
sweepstakes,1
wykyk,1
southauckland,1
ebctrek,1
shetland,1
scalloway,1
unst,1
bressay,1
everesttrek,1
travelhacking,1
traveluk,1
lerwick,1
uphellyaa,1
everestbasecamp,1
outtake,1
oootd,1
bluebell,1
rewear,1
yorkshirecottage,1
spottheseconds,1
greenfingers,1
environmentallyconscious,1
tvstudio,1
tvpresenter,1
cometoworkwithme,1
cottagegarden,1
countrygarden,1
gardeningjobs,1
gardener,1
lovelydayout,1
weatherpresenter,1
weymouth,1
warm,1
weathertiktok,1
allthatworkandwhatdiditgetme,1
capcup,1
cotswolds,1
conversemexico,1
ecoesperanza,1
converseallstars,1
ayudaparaacapulco,1
diacero,1
tetrapakrecicla,1
reforestacion,1
ecolana,1
converseallstarsmx,1
presamadin,1
diacerocdmx,1
lombricomposta,1
mulch,1
haysequiayhaysaqueo,1
diauno,1
ecolanaenacapulco,1
reciclandoporacapulco,1
allstarsmexico,1
comedygeniuses,1
ofah,1
jpl,1
rover,1
perserverance,1
ingenuity,1
curiosity,1
cutespider,1
savetheearth🌎,1
plantnativeplants,1
milkweed,1
sagebrush,1
caddisfly,1
caddisflylarvea,1
bugfacts,1
aracnids,1
mariposalily,1
thealchemy,1
carboncapture,1
ccs,1
gab,1
emissionreduction,1
davematthewsband,1
flecktones,1
sierrahull,1
celticfc,1
photojournalism,1
photographyeveryday,1
farrahfawcett,1
zachdobsonphoto,1
zine,1
aperfectcircle,1
polyrhythm,1
musiciansunite,1
kirkhammett,1
lumberjack,1
fantasyaesthetic,1
bandhumor,1
guitarmemes,1
guitarfacts,1
ibanez,1
guitartipsandtricks,1
dndmusic,1
liveband,1
guitartutorials,1
guitarlesson,1
guitarteacher,1
musicindustrytips,1
snowstorm,1
composersoftiktok,1
rockband,1
guitarmeme,1
musicindustrynews,1
fantasymusic,1
musicmeme,1
bandmeme,1
jamband,1
guitartutorial,1
straplocks,1
guitarteachersoftiktok,1
aperfectcircleband,1
touringband,1
primus,1
woodworker,1
injuredathlete,1
womensrugby,1
asc,1
rugbytok,1
tonex,1
fenderguitars,1
bluestone,1
oldgibson,1
slowbluesguitar,1
lespaul,1
vintagegibson,1
dimitrisloizos,1
fenderstrat,1
bluesuk,1
slowblues,1
bluesfoundation,1
gibson,1
duosonic,1
dimitris,1
blueslondon,1
stratocaster,1
boostache,1
tone,1
fenderduosonic,1
strat,1
bluesguitar,1
fiestared,1
reparaciondeguitarra,1
neon,1
telecaster,1
guitarrepair,1
vintageguitar,1
bcn,1
repairguitar,1
guitarstrings,1
ukwildlife,1
alab,1
priorities,1
animalneighbors,1
playheals,1
bootsriley,1
11,1
brainpower,1
driverprivilege,1
imavirgo,1
casualviolence,1
densewalkableneighborhoodssavedmylife,1
scootergirl,1
carnistwisdom,1
imhere,1
legaladvice,1
sadface,1
philosophytube,1
microconnections,1
cfbc,1
downtownportland,1
scootscoot,1
spaceforwildlife,1
compersion,1
iloveme,1
prisonlabor,1
depave,1
boycottanimalagriculture,1
halp,1
carsruincities,1
trafficviolence,1
rubberstamps,1
britishwildlifephotography,1
spacevip,1
generationhope,1
earthday?,1
ethicalchoices,1
aiinfluencers,1
environmen,1
dining,1
ageing,1
hiddenworkforce,1
socialchangenews,1
mounteverest,1
beautycontest,1
sadiqkha,1
deadinternettheory,1
britishwildlife,1
ecoinnovation,1
thames,1
socialchange,1
gapyear,1
diningexperience,1
indigenious,1
gregwilliamsphotography,1
gregwilliams,1
geordieaccent,1
joannehaypaintinganddecorating,1
geordiedecorator,1
sayyestotheworld,1
lufthansa,1
psychologicallyfinished,1
interest,1
mobilegaming,1
joannagoing,1
womensafety,1
rachelweisz,1
realitycheck,1
lesliemann,1
brendanfraser,1
keepitreal,1
