Hashtag,Frequency
acnescars,2
acneproneskin,2
nonewclothes,2
postpartumoutfits,2
lahairstylist,1
lahair,1
klmilly0,1
verbs,1
coursdefrançais,1
frenchtest,1
bonjour,1
entendre,1
devoir,1
partie5,1
regarder,1
frenchlesson,1
exercice,1
que,1
euqueroaprenderfrancês,1
verbes,1
coursdefrancais,1
partie3,1
malgré,1
combien,1
verbe,1
camus,1
partie2,1
partie,1
abonnez,1
lesson,1
texte,1
frenchverbs,1
partie1,1
exercices,1
françaispourdébutants,1
imparfait,1
conjugaison,1
frenchexercise,1
ilfaut,1
frenchconjugation,1
learnfrench,1
règle,1
frenchtext,1
voir,1
recevoir,1
ecouter,1
frenchforbeginners,1
quoi,1
frenchgrammar,1
frenchexercises,1
livre,1
euqueroaprenderfrances,1
falloir,1
apprendrelefrançais,1
francês,1
letranger,1
questceque,1
envoyer,1
samedi,1
livetiktok,1
bedsheets,1
calmspaces,1
curologypartner,1
losangelesrestaurants,1
losfeliz,1
silverlake,1
pollutions,1
sb1497,1
sustainibility,1
gasvehicles,1
singleusepackaging,1
stateoftheearth,1
caprimaries,1
corporations,1
oilmoney,1
ebt,1
sewingforyoupage,1
denimjacket,1
dopaminedecor,1
beginnersewingtips,1
patchwork,1
sewingtips,1
softsculpture,1
inflammaging,1
ceramicmug,1
heatedroundbrush,1
ouai,1
maryjanes,1
nuulypartner,1
layershaircut,1
crueltyfreebeauty,1
vintagecoachbag,1
no1,1
toner,1
glassskinroutine,1
softpink,1
healthyskin,1
skintips,1
nightroutineskincare,1
acnetips,1
acnefighter,1
blushpink,1
tower28,1
glossy,1
acneprone,1
breakout,1
blockblastpartner,1
reworkedclothes,1
zerowastefashion,1
sustainableoutfits,1
doublestandards,1
clothingsustainability,1
fromfuture,1
rugbypoloshirt,1
ladyjacket,1
classicwardrobe,1
jcrewtryon,1
polyestersucks,1
redmaryjanes,1
plussizetiktok,1
cottonsweaters,1
momfashion,1
postpartumfashion,1
crewcuts,1
shoppinghacks,1
greenfashion,1
staplepieces,1
fashionsustainability,1
fabrictok,1
tiktokshopsweater,1
elodie,1
postpartumstyle,1
ipsy,1
trashierewards,1
marketingtactics,1
burberrytrench,1
polyester,1
shopvintage,1
shoppinginthekidssection,1
clothingdonation,1
poloralphlauren,1
kidssectionfinds,1
universalstandard,1
olaplex4cshampoo,1
ericbompard,1
sweaters,1
goodamerican,1
plussizebrands,1
1monthpostpartum,1
sweatercare,1
fabrics,1
buyvintage,1
retoldrecycling,1
fabrictokyo,1
buildyourwardrobe,1
cashmeresweater,1
5weekspostpartum,1
dramaticclassickibbe,1
jcrewkids,1
30wearschallenge,1
plaidblazer,1
rebeccaminkoff,1
hairstylisttips,1
nychairstylist,1
viscose,1
salvationarmy,1
greenquiltedjacket,1
aninebing,1
momoutfit,1
bikerjacket,1
handwash,1
vintagelevis,1
boxycharm,1
stoplying,1
tuckernuck,1
naturalfibers,1
milanomarket,1
gapfactory,1
qualitymatters,1
fashionindustry,1
rco,1
salvationarmyfinds,1
pinkblazer,1
realreal,1
celinesunnies,1
fabriceducation,1
nonprofitthriftshop,1
maternityleave,1
cheapcashmere,1
naturalfiberclothes,1
diaandco,1
deceptivemarketing,1
sherahseven,1
sherasevenofficial,1
sevenoneera,1
sherasevenvideo,1
jadasmith,1
providermen,1
divinefeminineenergy,1
ifecoaching,1
sheraseventhegoat,1
highvaluewoman,1
westernwomen,1
5050relationships,1
worldwide,1
sheera,1
seventheerastout,1
pedestalwife,1
sherasevenscandal,1
sevenelevener,1
sherasevenhusbandjames,1
eraseventry,1
sevengoodera,1
sherasevenhusband,1
sherasevenemotio,1
eraseven99,1
sherasevenwedding,1
hypergamylove,1
sherasevena,1
datinglife,1
sherasevenlevelup,1
rmpoweringwomen,1
sherasevenfanpage,1
sherasevenstudent,1
hirecoachilled,1
sherasevenrealaccount,1
sherase,1
68040,1
sherasevenyoutube,1
5050,1
datingadviceformen,1
seven99era,1
usa🇺🇸tiktok,1
eraclassseven,1
sheraknowsbest,1
sherasevenclips,1
sherasevenmasterclass,1
5050relationship,1
hypergamyiove,1
sheraseventoxic,1
datingtipsforwomen,1
sobresevenerar,1
sprinklesprinkl,1
sprin,1
sheilaonsevenconcert,1
sheeraseven,1
polarity,1
hypergamydating,1
sheisseven,1
sherloo,1
veesheis,1
thirdwifeenergy,1
woketok,1
sheilaonseven,1
sherasevenedits,1
sherasevendatingadvices,1
femine,1
shera,1
sherasevenhuband,1
sevenera,1
sherasevenemotions,1
adviceforwomanintheir20s,1
sherasevenoriginal,1
sheseven,1
jadapinkettsmith,1
sevencheating,1
erasevencee,1
sheralesbianmoments,1
sheraseven?,1
femiadvice,1
insoirationalwomen,1
sheradancing,1
sheraseveniswrong,1
hypergamy,1
sheraseven1,1
enigmaticfemininity,1
rosee,1
sheerasevenadvice,1
sherasevencouplesadvice,1
sherasevendatingtips,1
succes,1
sherasevencheating,1
womenemporwerment,1
5050dating,1
shereseven,1
100kviews,1
datingtipsforwoman,1
sevenelevenera,1
sprinklesprinklelady,1
adviceforyounggirls,1
sherasevensprinkle,1
whaterahashtagseven?,1
agdpless,1
sherasevendatingadvice,1
hypergamyadvice,1
sherasevenshorts,1
sheraseveniswro,1
girlstalk,1
sherasevenoriginai,1
datingtips,1
sherasevenknowsbest,1
easternwomen,1
feminine,1
marri,1
erasevenine,1
vintagewatch,1
girlwiththelist,1
childfreelist,1
childfreetiktok,1
vintagelove,1
vintageweddinggown,1
vintagedresses,1
losangelesbridal,1
vintageootd,1
oscardelarentabridal,1
carolinaherrera,1
weddingdresstryon,1
vintageweddingdresses,1
bridaltok,1
vintagedress,1
springwedding,1
happyislesdress,1
happyislessalon,1
90svintage,1
weddingshopping,1
carolinaherera,1
happyislesnyc,1
vintagevalentino,1
designervintage,1
90sbride,1
vintagedesigner,1
vintagebridal,1
verawang,1
dressesitriedonbutdidntpick,1
springbridal,1
bridalshopping,1
pinkweddingdress,1
vintagedior,1
vintagebridalgown,1
archivalfashion,1
bridalsalon,1
happyisles,1
springbride,1
dropwaistweddingdress,1
bobmackie,1
vintagerunway,1
californiadonuts,1
mastcellactivationsyndrome,1
hypermobileeds,1
adhdinwomenlooksdifferent,1
hypermobilitycheck,1
actuallyautistic,1
adhshe,1
autisticwomen,1
hypermobility,1
hypermobile,1
audhder,1
wayfair,1
harvestbasket,1
outdoorliving,1
gardengrillin,1
wayfairfinds,1
brandydocumentary,1
brandymellville,1
brandymelvillehaul,1
fashionactivist,1
zodiactiktok,1
wighair,1
romanticvibes,1
afloia,1
johnnycarson,1
applehead,1
foryourpagе,1
theloveyousave,1
thegoat,1
janet,1
dirtydiana,1
spikelee,1
jackson5,1
dianaross,1
macaulayculkin,1
thejacksons,1
flipwilsonshow,1
itstoolatetochangethetime,1
thejackson5,1
earthsong,1
mjj,1
michaeljoejackson,1
foryourepage,1
michael,1
badera,1
j5,1
kingofpop,1
appleheadmj,1
foryourpagetiktok,1
someoneputyourhandout,1
happyworlddanceday,1
michaeljosephjackson,1
inthecloset,1
theydontcareaboutus,1
bloodonthedancefloor,1
historymichaeljackson,1
offthewall,1
thetonightshowwithjohnnycarson,1
mjfam,1
xscape,1
fashioninparis,1
designertok,1
bright,1
electionyear,1
steez,1
lashtech,1
iwin,1
girlswillbegirls,1
waydamin,1
higherself,1
comfortable,1
mariahthescientist,1
forthegirls,1
hatetrain,1
simpson,1
bf,1
to,1
going,1
jaydawayda,1
graduated,1
progressionvideo,1
selfielight,1
hairstylist,1
shoplivex,1
iphones,1
yogapants,1
youre,1
nybfw,1
weddingdressinspo,1
bridalfashiondesigner,1
largefry,1
squat,1
happybirthdaydrmiami,1
ergonomicchair,1
abexercise,1
imsorry,1
hippainrelief,1
momfitness,1
stressmanagement,1
neckpainrelief,1
stretchroutine,1
coreengagement,1
saturdayrun,1
wfhtips,1
properposture,1
deskjob,1
heartposture,1
corporatetips,1
corestrengthening,1
ergonomicsolutions,1
strongcore,1
breathing,1
deskjobtips,1
bodyalignment,1
360breathing,1
hillrun,1
proteinsmoothie,1
coreworkout,1
hiit,1
coremuscles,1
moveyourbody,1
properbreathing,1
feethealth,1
deskjobhacks,1
weightlossmeals,1
acheyfeet,1
fascia,1
shoulderpainrelief,1
coreexercise,1
ergonomic,1
posturestretches,1
sixpack,1
ergonomictips,1
beginnercoreexercise,1
hipexercise,1
ergonomicoffice,1
ergonomicdesign,1
beckpainrelief,1
beginnercoreworkout,1
bullyingawareness,1
posturecorection,1
postureroutine,1
bodymovement,1
officetips,1
howtostretch,1
posturestretch,1
diastasisrecti,1
fightorflight,1
neckstretch,1
hipopener,1
highintensityworkouts,1
movemore,1
healyourself,1
ergonomist,1
ergonomics,1
anxietytips,1
bodyinmotion,1
painrelief,1
feetpain,1
standingdesk,1
diaphragmaticbreathing,1
seatcushion,1
harlan,1
2026,1
oklahomatiktok,1
att,1
911dispatcher,1
wxtok,1
2027,1
outbreak,1
outage,1
amazonreturn,1
tornadowatch,1
iawx,1
weatheraware,1
newscamera,1
hollister,1
eng,1
broadcast,1
baggyjeans,1
popupbagels,1
affordablegifts,1
shailenewoodley,1
need,1
archdigest,1
frat,1
barenecessities,1
absolutelynecessary,1
pureleafpartner,1
sanlouisobisbo,1
needtravel,1
industrialcomplex,1
ilovefallout,1
believeit,1
deadboydetectivesnetflix,1
appletvpluspartner,1
stayhumble,1
makegoodart,1
momappreciation,1
superfun,1
thefallout,1
scarecrow,1
lastname,1
felicity,1
realname,1
penneallavodka,1
murrayhill,1
whatdoyoudoforaliving,1
malinandgoetz,1
malinandgoetzpartner,1
latestage,1
pureleafzerosugar,1
europeans,1
thankgawd,1
servicewithasmile,1
billionairelifestyle,1
ambani,1
loot,1
90dayfiance,1
smallfashionbusiness,1
apresstudio,1
sydenyfashion,1
londonfashion,1
smallbrand,1
cosy,1
australianbrand,1
apresgirl,1
woolcoat,1
cobaltblue,1
coat,1
autumnfashion,1
athomebrowlamination,1
kiehls,1
englishcreamdachshund,1
visitfinland,1
mineralsunscreen,1
milanicosmetics,1
summerfridays,1
engagementtips,1
hfspartner,1
dachshundpuppy,1
howtolayerskincare,1
retinoltips,1
katesomervilleskincare,1
laminatedbrows,1
spftest,1
delaneymessybun,1
icekarting,1
glossierpartner,1
sunscreentest,1
caudaliepartner,1
fluffybrows,1
fashiontape,1
retinolserum,1
hydrakate,1
drylipsremedy,1
targetmakeup,1
travelskincare,1
finlandnature,1
revlon,1
winteroutfits,1
summerskincare,1
darkspottreatment,1
snowoutfit,1
gentleskincare,1
weddinghairstyle,1
lablogger,1
retinolskincare,1
acnepatches,1
bridalhair,1
finlandtiktok,1
hollywoodfashionsecrets,1
sunscreenforblackpeople,1
lipproducts,1
farmacylipsmoothie,1
travelessentials,1
morningskincareroutine,1
sunscreenforpoc,1
messybuntutorial,1
revlonpartner,1
blackskincareroutine,1
farmacypartner,1
grwmilani,1
ovaldiamond,1
mineralspf,1
darkspotserum,1
katesomerville,1
whatihavecominginthemail,1
weddingplanningtips,1
datenightmakeup,1
bestsunscreens,1
snowoutfits,1
momootdinspo,1
5minutemakeup,1
toddlersnackideas,1
amazonjewelryfinds,1
soloouting,1
babyboynames,1
momroutine,1
toddlersnackinspo,1
sahmlife,1
2yearsleepregression,1
momoutfits,1
stayathomemomlife,1
toddlermomsoftiktok,1
birkenstock,1
babygirlnames,1
babynamesilovebutwontuse,1
momof1,1
momtips,1
toddlersleep,1
breastfeedingtips,1
naturefamily,1
toddlerbalancebike,1
greysweats,1
everydayjewelry,1
sahmtips,1
momchats,1
cozyoutfit,1
sahmvlog,1
toddlergiftideas,1
newbornvstoddler,1
realisticmotherhood,1
dayinthelifeasamom,1
makingmotherhoodmagical,1
chunkygoldhoops,1
decorvlog,1
goldhoops,1
sleepregression,1
cozyoutfits,1
amazongoldhoops,1
realatablemotherhood,1
twoyearsleepregession,1
glowymakeuplook,1
breastfeedingadvice,1
healthytoddlersnacks,1
comfyoutfitinspo,1
relatablemotherhood,1
momfits,1
babynamesilove,1
solovlog,1
secondbirthdaygiftguide,1
yittypartner,1
