Hashtag,Frequency
sgfoodie,16
tiktoksg,12
sgtravel,6
brunomars,5
sgfood,4
sgbeauty,4
fypsg,4
worldipday,3
sgfashion,3
sgcafe,3
immersiveexperience,3
malay,3
murdermystery,3
01,3
02,3
intertidal,2
vegansg,2
sgweekends,2
esteelaudersg,2
macstudiofix,2
sgskincare,2
sgdateideas,2
dreamskinreawakened,2
maccosmeticssg,2
bouncyskintest,2
hamiltonsg,2
tamil,2
singaporeairlines,2
vickssg,2
vicks,2
singaporean,2
diorlipglow,2
templatecapcut,2
sp,2
sgrestaurant,2
boutiquefairssg,2
brunomarsconcert,2
whattodoinsingapore,2
spanishfood,2
brunomarssingapore,2
takashimayasg,2
thingstodoinsingapore,2
travelsg,2
halalsg,2
ohkamponggelam,2
melayu,2
unsolved,2
truecrimestory,2
booklovers,2
paid,2
zb1,2
evnne,2
zerobaseone,2
gidle,2
cnblue,2
barhopping,2
interactive,2
financialplanning,2
sgjobs,2
wagyuramen,2
wagyubeef,2
hariraya2024,2
mountfuji,2
pestcontrol,2
changiairport,2
marinebiologist,2
spidercrab,1
futureyouth,1
porpoise,1
intellectualproperty,1
placenta,1
lily,1
sustainabledevelopmentgoals,1
biogirlmjantarticadv,1
gentoopenguin,1
explains,1
salps,1
invention,1
youthmovement,1
lotion,1
jellyfish,1
beetle,1
deadly,1
paym,1
purify,1
periodictable,1
biting,1
riceweevil,1
cauliflowerear,1
underthemicroscope,1
justkeepthinking,1
macaques,1
crabstick,1
biogirlmj,1
coconutcrab,1
classaction,1
sambankmanfried,1
crocshoes,1
cerave,1
marriott,1
robloxedit,1
robloxian,1
tvmakeup,1
airtag,1
beware,1
cryptok,1
classactionlawsuit,1
hiltonhotel,1
safetyfirst,1
robux,1
sheraton,1
warning,1
tombrady,1
parenttok,1
rustshooting,1
ftx,1
divorcelawyer,1
jennadewan,1
criminal,1
whotel,1
neutrogena,1
magicmike,1
sbf,1
sciencesnippets,1
catnip,1
eclipse2024🌙🌝🌓,1
cbdlunchsg,1
sydneycbdeats,1
koreafoodguide,1
sghawker,1
krfoodie,1
tiktokshopsg,1
icecreamsg,1
halalfoodsg,1
sgpopup,1
sydneycafe,1
mipojib,1
makeuprecommendations,1
cliniquesg,1
mistinelipstick,1
sgdatenight,1
joochiat,1
sydneytravel,1
createtowin,1
2024travel,1
sydneyaustralia,1
sghiddengems,1
coffeebreaksg,1
singaporefood,1
travelsydney,1
busanfoodguide,1
blackhoney,1
makeupunboxing,1
sgfoodguide,1
sgmusical,1
sgpizza,1
cliniqueblackhoney,1
sydneycbdfood,1
mistine,1
cliniquepinkhoney,1
picolinosg,1
kindkones,1
wheretoeatsydney,1
sydneyeats,1
cafenatsu,1
busanfood,1
blackstarpastry,1
cliniquehydrationhouse,1
kindkonessg,1
crocs4life,1
veganfoodsg,1
joochiatcafe,1
blackhoneylipstick,1
platformcrocs,1
sydneyfoodie,1
sydneyvlog,1
sydneyfoodguide,1
blacksesametoast,1
hamiltonsingapore,1
mistineliptint,1
tipsyflamingo,1
sgthingstodo,1
hamiltonintl,1
tiktokshophaul,1
travelkorea,1
damagecontrol,1
lizzo,1
prcrisis,1
oprahwinfrey,1
mediaresponse,1
onlyfans,1
speaking,1
keynote,1
celebritypr,1
hughgrant,1
thenewmenopause,1
celebritycrisis,1
christiancombs,1
nashvillepd,1
dominicwest,1
backlash,1
cassieventura,1
justintimerlake,1
lilyjames,1
dreadematteo,1
crisiscommunication,1
sandradoorley,1
nightline,1
presenter,1
cheeselover,1
horrorstories,1
aivoice,1
creepystories,1
balinese,1
scarystories,1
collagendrink,1
turkishfood,1
mrt,1
uss,1
masterofceremony,1
emcee,1
ingredientprep,1
balmuda,1
breakfastprep,1
pramlee,1
attar,1
atiqadar,1
jclass,1
crossfitathlete,1
cliff,1
crossfittorian,1
changijurassicmile,1
crossfit168,1
singapo,1
catholic,1
babyreindeernetflix,1
chaldean,1
assyrian,1
ameca,1
bishopmarmariemmanuel,1
bishopemmanuel,1
bishopmarmari,1
singaporeanaccent,1
asianmum,1
purpletoothpaste,1
delvaux,1
sq,1
ahoppinghaul,1
flightvlog,1
kravebeauty,1
asianmums,1
hellopurple,1
colgate,1
margauxbag,1
opticwhitepurple,1
asianmumsbelike,1
cabincrew,1
colourcorrection,1
yellowteeth,1
holland,1
lisse,1
lebaume,1
flex,1
capcuteffect,1
angel,1
tempaltecapcut,1
summerdump,1
capcutverse,1
thereshegoes,1
skylyrix,1
ligthswitchedit,1
here,1
looklikeanangel,1
capcutvelocity,1
blythe,1
aiexpand,1
foodiesg,1
hotpotsg,1
megrhythmsg,1
rogsg,1
miffysg,1
whattogame,1
我们的爱,1
foodsg,1
tigergrasscolorcorrectingcream,1
boutiquefairssg2024,1
sgdempseyhill,1
colonyritzcarltonbuffet,1
onehollandvillage,1
sgyoga,1
springsummerfashion,1
summerdresses,1
sgpilates,1
giorgioarmanibeauty,1
ritzcarltonsingapore,1
y2kmakeup,1
summermakeuplook,1
brunomarsconcertoutfit,1
thetruecream,1
athleisureoutfit,1
sgbestrestaurant,1
brunomarslive,1
belifsingapore,1
ysllipstick,1
fitnessroutine,1
pilatesreformer,1
labstudios,1
leehyori,1
bestcafesingapore,1
selfcaremorning,1
luckincoffeesingapore,1
boldredlips,1
andar,1
saborinosg,1
ysllipstickprinter,1
blemishcontrol,1
warmtonemakeup,1
propolisampule,1
saborinofacemask,1
skinredness,1
miffykitchenware,1
sgfitness,1
concertfitcheck,1
chanelnewseason,1
athleisurewear,1
wheretogosg,1
cnplaboratorypropolisenergyactiveampule,1
drjartcicapair,1
cafehoppingsg,1
lorealgroupe,1
sgshopping,1
chanelsmallflap,1
saborinomask,1
singaporehightea,1
bagunboxing,1
centellaasiatica,1
singaporeoutfits,1
sgpilatesstudio,1
drjart,1
singaporefashion,1
brunomarssingapore2024,1
sgreformerpilates,1
lechocolatmaximefrederic,1
homeware,1
sgcafehopping,1
sgwheretogo,1
japansouvenirs,1
cnplaboratorymultiampulebalm,1
warmmakeuplook,1
sinpopobrand,1
kajabeauty,1
getunreddy,1
1minskincareshortcut,1
wakeupinthesky,1
aquabomb,1
highteabuffet,1
whattodosg,1
thefaceshop,1
drjartcicapairsg,1
chanelflapbag,1
sgdinnerdate,1
andarsingapore,1
selfcaretiktok,1
sgteatime,1
flowlabsg,1
callingallmylovelies,1
softglammakeup,1
warabimochisingapore,1
louisvuittonmaximefrederic,1
bagreveal,1
cutekitchenware,1
sgbrunchplace,1
yslrougesurmesure,1
colonyhightea,1
girlsdayout,1
chanelspringsummer2024,1
chanelpearlcrush,1
tiktoktrending,1
sgwheretoeat,1
sunkissed,1
warabimochikamakura,1
sgspanishrestaurant,1
pilatessingapore,1
flaredyogapants,1
sgwhattodo,1
sgvlog,1
cnplaboratory,1
kajacheekystamp,1
drjarttigergrass,1
skinstrengthening,1
indonesianbrands,1
muricopenhagen,1
chanelsmallflapbag,1
whattodosingapore,1
silkteabar,1
sgteahouse,1
y2koutfits,1
sgfitfam,1
sghightea,1
kajabeautybento,1
worldpackerspartner,1
efgoaheadtourspartner,1
tortadelabarda,1
wordlpackerspartner,1
snailceviche,1
wildyamcream,1
genesiswildyamcream,1
worldpackersperu,1
miraflores,1
tampicotamaulipas,1
limaperu,1
mexicotiktok,1
worldpackers,1
cupshe,1
tiktokspecialist,1
playingwithmakeup,1
singaporetiktokcreator,1
brandfounder,1
hypotheticalquestions,1
remebeauty,1
purebeautyawards,1
maleskincare,1
makeupgirly,1
businessbts,1
reme,1
workflow,1
uvmakeup,1
beautyawards,1
micellarwater,1
skincareawards,1
sgarts,1
exploresingapore,1
singaporephotographer,1
singaporeheritage,1
retrofilter,1
mujisingapore,1
raffleshotel,1
singaporehistory,1
jalanbesar,1
ltasg,1
singaporeurbanplanning,1
minecraftbuilds,1
trishaw,1
dateideassingapore,1
bromance,1
donut,1
copium,1
pachinko,1
3v3,1
specialolympics,1
bball,1
baker,1
bballcoaching,1
redbullhoopfest,1
bballforlife,1
bball4life,1
ballislife,1
slippers,1
genting,1
morningglory,1
howdoyouknow,1
thisamericanlife,1
ilovechicago,1
musaengchae,1
culturalappreciation,1
foodcoma,1
greenalmonds,1
jiyoung,1
howardsteele,1
hogwash,1
persianmarket,1
friedfood,1
tunacado,1
howdoyouseeit,1
unconsciousbias,1
scotchegg,1
rollingstone,1
entitlement,1
thegage,1
stolennecklace,1
habaneropickledgarlic,1
serendipity,1
brownsugarboba,1
lifteachotherup,1
oob,1
anaortizme,1
persianfood,1
homankwok,1
jollibee,1
genalphaslang,1
familybloggers,1
iwantmypinkbox,1
davidchang,1
rotarycheesegrater,1
anaortiz,1
filipinospaghetti,1
palhumanity,1
friedpickles,1
ceaseanddesist,1
centurycity,1
chilicrisp,1
whatsforlunch,1
lunchdate,1
gojehsabz,1
disguisedasjokes,1
xiaolongbao,1
joeandthejuice,1
redthreadtheory,1
xomg,1
citurspress,1
pickledlemon,1
nooutsidefood,1
notajoke,1
koreanradishsalad,1
jjnycolexo,1
downwithfamilybloggers,1
chilioil,1
restaurantpolicy,1
nightshade,1
mistakenidentity,1
genesimmons,1
tunaaguachile,1
believeyoureyes,1
habanero,1
redstringtheory,1
banchan,1
peanutbutterandjelly,1
michiganave,1
gravy,1
kitchentools,1
culturalfoods,1
soupdumplings,1
wrongperson,1
dintaifung,1
kathleenkim,1
yeobo,1
realmen,1
pickletrend,1
stopasianhate,1
tiktokdebate,1
foodfilter,1
pickledgarlic,1
nationalbobaday,1
foodranking,1
karlita__003,1
gflip,1
genzslang,1
werenotgonnatakeit,1
cookingtips,1
highroad,1
marriagetest,1
410beauty,1
potatoranking,1
thinkcritically,1
milktea,1
livestream,1
fate,1
trynewfoods,1
blanja,1
singlish,1
learncantonese,1
tiktoksingapore,1
dark,1
shopee,1
smilingafro,1
canonsingapore,1
darkcomedy,1
gymvibe,1
customsuit,1
ridehailing,1
indonesian,1
forehead,1
shopeead,1
assassin,1
bahasa,1
canonprinters,1
corntaxi,1
choosesound,1
overseas,1
offended,1
sanddollar,1
didyouknowfacts,1
newmadrid,1
wisdomteeth,1
truongmylan,1
lunchlady,1
lifesaving,1
taposirismagna,1
indiantiktok,1
unhealthyfood,1
creepyfacts,1
kathleenmartinez,1
kailash,1
cleopatrastomb,1
unknown,1
april8thsolareclispe,1
himalayas,1
hauntedappalachia,1
endocarditis,1
kidslunchbox,1
pharmacy,1
tampons,1
periodtok,1
tampontalk,1
bringtampax,1
girlhacks,1
shazam,1
smezam,1
hairtonic,1
takemymoney,1
rainsounds,1
foley,1
scaryvideos,1
chinesetea,1
theanthology,1
caffeinejunkie,1
makanwithfrank,1
wismaatria,1
weekendideas,1
frankdeals,1
bookobsessed,1
ipvanish,1
vpn,1
142,1
paws,1
newdance,1
ninathecat,1
ninadancingqueen,1
sosconcert,1
szasydney,1
sostour,1
szatour,1
giantcoloringsheet,1
teachersappreciationweek,1
springcraft,1
bulletinboard,1
classroomwishlist,1
abccountdown,1
butterflylifecycle,1
wherehaveyoubeen,1
prekteacher,1
teachertiktok,1
iteachprek,1
prekteach,1
makeanorderwithme,1
maestrabilingüe,1
getyoursnow,1
dandelion,1
emojis,1
afterlifeparis,1
EmilyinParis,1
funradioibizaexperience,1
taylorswiftparis,1
parispackages,1
breakinnewshoes,1
ohpollyamaya,1
nomadesim,1
frenchculture,1
wiba,1
pedicabparis,1
moulinrougetombe,1
frenchmen,1
edf,1
audacity,1
parissafety,1
guidetoparis,1
cdg,1
parisscam,1
goodhairday,1
emojimeaning,1
glowproject,1
bowtie,1
ohpolly,1
sweater,1
typologypartner,1
pantene,1
avoidblisters,1
clearcupscam,1
triipfestival,1
formaldress,1
aim,1
argy,1
accorarena,1
technocountry,1
getaround,1
shapetape,1
erastourparis,1
typology,1
spinstudioparis,1
usfestival,1
neuilly,1
frenchpeople,1
cdgtaxi,1
cottoncandymachine,1
chrispine,1
americanculture,1
glowfest,1
nimportequoi,1
frenchusernames,1
ohpollydress,1
americaninitaly,1
ralphlaurenelixir,1
preply,1
fisher,1
parisweather,1
eveninggown,1
guesstheplayer,1
nctdream,1
txt,1
우기,1
wow우린빛나챌린지,1
wonbin,1
sohee,1
yes_sweat,1
진혁,1
yuqi,1
munjunghyun,1
ruki,1
승준,1
yura_yura_challenge,1
ゆらゆら_運命の花,1
finallovesong,1
우아,1
ricky,1
ttmshoutout,1
가필드더무비,1
you_had_me_at_hello,1
장하오,1
시윤,1
leejeonghyeon,1
가필드챌린지,1
zerobaseone_sweat,1
mark,1
siyun,1
tiot,1
super_lady,1
명재현,1
제이오원,1
보이넥스트도어,1
김태래,1
추영우,1
원빈,1
여자아이들,1
티아이오티,1
석매튜,1
박건욱,1
나나,1
parkgunwook,1
김규빈,1
soobin,1
hanyujin,1
이븐,1
나우어데이즈,1
sunghanbin,1
seokmatthew,1
리키,1
kimjiwoong,1
김지웅,1
연준,1
소연,1
라이즈,1
한유진,1
수빈,1
가필드냥냥댄스,1
seungjun,1
유,1
sweat_challenge,1
마크,1
zhanghao,1
stayc,1
온앤오프,1
투모로우바이투게더,1
스테이씨,1
feelthepop,1
wooah,1
boynextdoor,1
문정현,1
tomorrow_x_together,1
kimtaerae,1
zerobaseone_feelthepop,1
jinhyuk,1
jaehyun,1
태양의_운동부,1
yura_yura,1
성한빈,1
shosei,1
jo1,1
스튜디오호락호락,1
kimgyuvin,1
yeonjun,1
소희,1
제로베이스원,1
kumjunhyeon,1
soyeon,1
이정현,1
금준현,1
onf,1
아이사,1
鄭宜農,1
midzy,1
boysplanet,1
babymonster,1
werksg,1
slidingdoorsentertainment,1
jellyfishentertainment,1
itzy,1
iu,1
piega,1
service,1
hotspring,1
singaporerunning,1
seletar,1
hotsprings,1
testdrive,1
hellskitchen,1
incomeecorun2024,1
incomeecorun,1
steakdinner,1
rowersbay,1
bohgehunclecanteen,1
bmwi5,1
sembawanghotspring,1
positiveselfimage,1
kittenlovers,1
mywifecancook,1
sgrunning,1
rockthenakedtruth,1
runtoeat,1
roundislandroute,1
田中れいな,1
ポケモン,1
ライブ,1
reinavlog,1
mongolia,1
chinatravel,1
worldsleepday2024,1
sonyalphasg,1
sushitei,1
sotoayam,1
johnsonville,1
beehoon,1
ninjakitchen,1
jb,1
koji,1
foodguide,1
kakuhighball,1
marinated,1
highball,1
katsudon,1
pizzaoven,1
gimbap,1
ricenoodles,1
sharkninja,1
no1sausage,1
desaru,1
desarucoast,1
suntorywhiskyfoodguide,1
porktrotters,1
johnsonvilleno1,1
aespamakeup,1
innerglow,1
tirtircushion,1
tintedlipbalm,1
narslightreflectingfoundation,1
exfoliator,1
fentylipgloss,1
hince,1
longlastingmakeup,1
sephorsale2024,1
concealerreview,1
olehenrickson,1
tintedspf,1
koopmua,1
kpopmakeup,1
airwrap,1
dewpowercushion,1
emcosmetics,1
redcushion,1
underratedmakeup,1
loveshine,1
etude,1
beglowcushion,1
wonyoungmakeup,1
cherrylips,1
blackpinkmakeup,1
shuuemura,1
brozingdrops,1
GlossyStain,1
highendmakeup,1
holikaholika,1
espoir,1
glossyblush,1
25,1
aegyosalmakeup,1
dasique,1
wonyoungblush,1
yunjinmakeup,1
diorlipmaximizer,1
onsizebeauty,1
cooltonemakeup,1
onesize,1
leserrafimmakeup,1
jisoomakeup,1
innercornerhighlight,1
aespawinter,1
aegyosal,1
amuse,1
etudedeardarlingoiltint,1
sephorasale2024recommendations,1
dasiqueusa,1
juicydewytint,1
kosas,1
innerglowblush,1
diorblush,1
yesstyleinfluencer,1
glossybalm,1
dioreyeshadow,1
ivemakeup,1
browpencil,1
sunscreenrecommendation,1
jeongin,1
iwbebiymb,1
leeknow,1
hyunjin,1
bangchan,1
felix,1
changbin,1
seungmin,1
hypic,1
hypiccreator,1
instagramstoryinspo,1
liferecently,1
getawaycar,1
editingphoto,1
hypicedit,1
editphoto,1
iphoneedit,1
wheretogosingapore,1
wheretoeatsingapore,1
mathfun,1
mathforkids,1
literacyactivities,1
learnandplay,1
countingwithkids,1
homeschoolpreschool,1
homelearning,1
preschoolactivities,1
babyactivitiesathome,1
handsonplay,1
finemotorskills,1
earlylearning,1
printables,1
maththroughplay,1
handsonlearning,1
bruno,1
hamburg,1
hooligans,1
japanfood,1
brunomarstour,1
brunomarssg,1
tindertok,1
letsgetmonkey,1
boutiques2024,1
nrc,1
spartanrace,1
singaporetodo,1
baliitinerary,1
todosingapore,1
spartantraining,1
sgtodo,1
yapper,1
whatsonsg,1
balicost,1
nikerunclub,1
sgnightlife,1
singaporehumour,1
fitnesstok,1
nightsonshuffle,1
japanstyle,1
rejections,1
osaka,1
onigiri,1
physicaltransformation,1
emergencyfunds,1
livelifetothefullest,1
insurancesg,1
insuranceagent,1
nus,1
investingsg,1
jobssg,1
financialconsultant,1
recruiting,1
ntu,1
wagyudelights,1
marketbluesingapore,1
bestkoreanbuffet,1
tofuprison,1
whattodoinseoul,1
esy_life,1
marketblue,1
fujix100vi,1
applemakgeolli,1
pochainsingapore,1
koreanculture,1
bommoisingapore,1
guumsingapore,1
whattoeatinsingapore,1
koreanbuffetinsg,1
takashimaya,1
aquariumcafe,1
hoodadak,1
pochaexperience,1
guocomidtown,1
uniquecafes,1
koreanfoodinsingapore,1
singaporeeats,1
hansingpocha,1
mashinomashi,1
japanesedessert,1
toursingapore,1
singaporeevents,1
aquagardenseoul,1
foodieadventure,1
koreanrestaurantinsg,1
foodieheaven,1
100wagyuramen,1
kekseafood,1
seoulcafe,1
wheretotravelinsg,1
kamakurawarabimochi,1
03,1
koreanfashion,1
1st,1
gotorestaurantinsg,1
싱가포르맛집,1
galbitanglove,1
culturalcuisine,1
innovativedining,1
visitsingapore,1
whydoyoueattofuafterprison,1
koreanshopping,1
koreancuisine,1
esyfilms,1
koreacafe,1
hellokorea,1
warabimochi,1
prenatalcare,1
chiropracticcare,1
messager,1
bodywork,1
momandbaby,1
pregnancypain,1
scalpemassage,1
bestchiro,1
breastfeedingmoms,1
resultsdriven,1
headmassage,1
feelingtired😴,1
headacherelief,1
headmassageasmr,1
sgmom,1
newmoon,1
swissvita,1
scalptreatment,1
bestchiropractor,1
shoulder,1
headscalp,1
chiromassage,1
chiropractorsingapore,1
scalpasmr,1
scalpmassageasmr,1
healthboost,1
breastfeedingmama,1
nourishyourbody,1
postnatalcare,1
compassionatecare,1
asmrchiro,1
drjeff,1
trustworthyprovider,1
headscalpmassage,1
drjenny,1
massageasmr,1
whattiktokmademebuy,1
playingcardsreview,1
thevirts,1
cheaterscheater,1
cardcheating,1
butterflyplayingcards,1
teamgodzilla,1
jeremytanmagic,1
dontgamblewithstrangers,1
artofplay,1
theory11,1
worldipday2024,1
dirtypour,1
pinoycooking,1
foodietokph,1
seventeen17_official,1
goingseventeen,1
seventeen,1
batucaves,1
pinoyfood,1
barbeque,1
fluidartwork,1
mentalheath,1
lovebonito,1
welovebonito,1
新加坡抖音,1
fluidpainting,1
wooziseventeen,1
woozi,1
chibogtayoph,1
3amvibes,1
nicxcooks,1
filocarat,1
pinoyfoodie,1
acrylicblog,1
新加坡美食,1
pinoyrecipe,1
flipcupvideo,1
foodieph,1
littlemiss,1
cnblueyonghwa,1
sgbeautybrands,1
wheretogo,1
loveyourbodyeveryday,1
sghappens,1
whattodo,1
tiktokeatsph,1
세븐틴,1
17isrighthere,1
pinoyfoodstagram,1
caratsvt💎,1
itik,1
acrylicpouring,1
acrlicpourtechnique,1
caratseventeen,1
diamondlife,1
outfitsg,1
bulgogisyosg,1
woozidan,1
cnbluejungshin,1
cnblueboice,1
onedayatatime,1
cnbluekangminhyuk,1
youarenotalone,1
mangos,1
maccosmeticsph,1
lbootd,1
bulgogisyo,1
泡饭,1
lovebonitosg,1
flipcup,1
artbynicx,1
chewmanila,1
틱톡푸드투게더,1
cnbluentity,1
welovebonitoph,1
fluidartgallery,1
tiktokfoodieph,1
transitionvideos,1
발렌타인데이,1
acrylicpourvideo,1
숨은고백찾기,1
fluidpaintingvideo,1
fluidartistofinstagram,1
17_is_right_here,1
abstractart_daily,1
leekuanyew,1
positivetok,1
makeupworkshop,1
havefunliveshow,1
sghair,1
sgvegetarian,1
kitkoji,1
klfoodhunting,1
你和我的音乐节,1
beautyflor,1
dailyconcertforyou,1
crackthecasesg,1
sgvegan,1
immersivetheatre,1
corporateworkshop,1
sgworkshop,1
backstagebetrayal,1
klfoodies,1
kbbqsg,1
crackthecase,1
glossyhair,1
burmesefood,1
humidity,1
howtogetfit,1
vivaldisummer,1
mememusic,1
wintervivaldi,1
weddingsong,1
makeyouminemadisonbeer,1
mofe,1
cello,1
turningpage,1
goldenhourjvke,1
antoniovivaldi,1
ethereal,1
hungariandanceno5,1
rickroll,1
choiyuree,1
richardclayderman,1
balladepouradeline,1
rickrollmemes,1
sarasate,1
zigeunerweisen,1
sleepingatlast,1
violinmusic,1
txmy,1
brahms,1
classicalmusicians,1
hungariandance,1
summervivaldi,1
diorviolin,1
violincover,1
jvke,1
pablosarasate,1
jvkegoldenhour,1
makeyoumine,1
icarus,1
marryhadalittlelamb,1
laleconparticuliere,1
paganini,1
lingling40hours,1
brunomarsinsingapore,1
springfieldohio,1
bundaberg,1
roadrage,1
allynjohnslater,1
victims,1
illinois,1
phreemarrow,1
richardhamilton,1
matthewtinling,1
forensicscience,1
serialkiller,1
belindaanderson,1
debneylobanoff,1
confession,1
creedrogers,1
larrygalloway,1
solvedcoldcase,1
murderstory,1
tyhusted,1
placerville,1
unsolvedcase,1
worstdeathimaginable,1
sallyannchesebro,1
shirleygarvin,1
hatecrime,1
sebastianhusted,1
killers,1
endofwatch,1
crimejunkie,1
tiktokusban,1
officerdown,1
mikegarvin,1
crimescene,1
sawkiller,1
ojtrial,1
evidence,1
solvedcase,1
remainsfound,1
falloutgame,1
caseupdate,1
solved,1
iftheglovesdontfityoumustacquit,1
onealmoore,1
wheeling,1
makingatruecrimerer,1
latenightwiththedevil,1
turtlecreek,1
washingtonparish,1
rowanatkinson,1
fingerprints,1
drowning,1
theglovesfit,1
ojsimpsongloves,1
sawmovie,1
marthaleach,1
murdercase,1
trinitybates,1
forensicfiles,1
jigsaw,1
fallingdeath,1
williamsapp,1
jenniferbailey,1
cherylhall,1
chuckhall,1
movierecommendation,1
truecrimepodcast,1
crimestories,1
davidhurley,1
jamiesantos,1
singaporetech,1
rucking,1
peoplesassociation,1
hiringsingapore,1
moviequotes,1
roybatty,1
sguniversity,1
unirankings,1
hepmilcreatorsnetwork,1
cpfboard,1
hiringsg,1
cpf,1
hepmilsingapore,1
hepmil,1
tearsintherain,1
japanadventure,1
gimme4fingers,1
bakkutteh,1
explorejapan,1
japanvacation,1
oshinohakkai,1
loklok,1
traveljapan,1
mookata,1
discoverjapan,1
jumboseafood,1
sgsupper,1
nikko,1
chillicrab,1
worldlpday,1
ghostbusterssg,1
livetsreams,1
liveyouradventure,1
boxopening,1
gardentoplate,1
cabbages,1
handyman?,1
arbor,1
allnatural,1
redearedslider,1
whitetiger,1
tulamben,1
turtlecare,1
reptopia,1
malayantiger,1
giantclam,1
singaporezoo,1
slothbear,1
sunbear,1
hyrax,1
giantclams,1
riverwonders,1
nightsafari,1
terrapins,1
rockhyrax,1
giantpanda,1
mandaiwildlifereserve,1
terrapin,1
staffcanteen,1
sgconcerts,1
srilankanfood,1
tattootiktok,1
sgfyp,1
hpforbiddenforestexperience,1
woodfire,1
bananapie,1
koreantiktok,1
hpforbiddenforestsingapore,1
foodwars,1
followmeto,1
sgtattoo,1
nasilemak,1
potterheads,1
banquetofhoshena,1
cantonesefood,1
indianfoodie,1
singaporerestaurantweek,1
batmantattoo,1
greatnanyang,1
donamaniscakeshop,1
londonbagelmuseum,1
abalone,1
eastcoastpark,1
mashinomashisg,1
batman1989,1
batman89,1
tattoolover,1
auntiepengbananapie,1
sentosaislandsingapore,1
jeju,1
modernasianfood,1
teohengkaraoke,1
homekaraoke,1
mrss,1
karaokemagic,1
teoheng,1
betterkaraokeexperience,1
ktv,1
bringteohenghome,1
homekaraokesets,1
sgfoodhunt,1
globalcrswnpawarenessday,1
smellloss,1
tamiltok,1
indianmomsbelike,1
asianmomsbelike,1
sghalal,1
sanofi,1
nasalpolyps,1
indianmom,1
crswnpawarenessday,1
greyreefshark,1
blueshark,1
greatwhiteshark,1
blackwater,1
oceanicwhitetip,1
seasalp,1
pilotwhales,1
deadwhale,1
whalebreach,1
nightdive,1
mobularay,1
mahimahi,1
thalassophobia,1
ghostnet,1
humpback,1
bluesharks,1
seabirds,1
cabo,1
sharktooth,1
shearwater,1
blackwaterdiving,1
deepwater,1
salp,1
pilotwhale,1
tunicates,1
cleanuptheocean,1
falsekillerwhale,1
kona,1
falsekillerwhales,1
marinedebris,1
makoshark,1
dancesg,1
singsingapore,1
新加坡好声音,1
往昔今日,1
singtiktok,1
新加坡舞叔,1
singaporesing,1
haidilaodance,1
uncleraymond,1
thevoiceofsingapore,1
科目三,1
dieunhaylangla,1
myfuturself,1
wasabi,1
toro,1
activeageing,1
dmp2025,1
singaporehdb,1
recreamp,1
cityinnaturesg,1
ura,1
spaceforourdreams,1
nparks,1
echorebel,1
frozendairy,1
drumstick,1
sgnews,1
malamraya,1
hokkien,1
forwardsg,1
kpopconcert,1
bahasamelayu,1
viralpost,1
professorholt,1
namedatbug,1
maggots,1
credit,1
botflyremoval,1
🐱,1
partnership,1
warble,1
botfly,1
🤢,1
bugatti,1
maggot,1
cuterebra,1
scorpions,1
bibgourmand,1
filetofish,1
sushiro,1
quailia,1
mcdsg,1
avestan,1
rendang,1
fortitudebakehouse,1
tkmaxx,1
suzhou,1
gerrysgrill,1
stocktonontees,1
audiology,1
microsuction,1
durhamhearingspecialists,1
earcleaning,1
barnardcastle,1
earwaxremoval,1
eardrum,1
earperforation,1
onlyinmadrid,1
flathead,1
nutrients,1
infant,1
visualdevelopment,1
statistics,1
plagiocephaly,1
tummytime,1
aircon,1
torticollis,1
teletubbies,1
herbivorebotanicals,1
tretinoin,1
veneer,1
biologist,1
chrismccandless,1
mensskincare,1
herbivorebotanicalspartner,1
acnetransformation,1
rhodeskin,1
pyramidscheme,1
bap,1
idolmakeup,1
italki,1
learnlanguages,1
shinee,1
learnjapanese,1
gdragon,1
kissoflife,1
kissofife,1
dohee,1
꽁꽁,1
nobodyknows,1
woopy,1
imjoking,1
sealpup,1
bullkelp,1
gruntsculpin,1
lowtide,1
gimmedat,1
barnaclechronicles,1
nudibranchnerd,1
dietdrkelp,1
puppingseason,1
barnacle,1
babyseal,1
kelprestoration,1
phycology,1
worn,1
tidepooling,1
babyoctopus,1
crustacean,1
harborseal,1
jewelchangi,1
meetsoon,1
magneticbyillit,1
bloodcockle,1
whatshouldwedo,1
roughstart,1
aclsurgery,1
itcanonlygoupfromhere,1
nopain,1
knockoff,1
norightorwronganswers,1
richinlove,1
physical100season2,1
whitewomenbelike,1
whatyoucanlivewith,1
nottoday,1
yourfunnyunniinvietnam,1
lostinkorea,1
internationaltrip,1
stopplayingwithme,1
imachampion,1
wewantedmore,1
gobigorgohome,1
abbyunger,1
korean동생,1
ytwomanmoment,1
giveyourselfgrace,1
mypriorities,1
totalkaboutrace,1
neverperfect,1
pho🍜_team,1
kdramalife,1
wetried,1
racisthistoryofamerica,1
skewers,1
whathappened,1
ytwomen,1
koreanboy,1
iwantyou,1
justsayyes,1
inkorea,1
firsttimeforeverything,1
ytmomsofbiracialchildren,1
sooverit,1
familytimefun,1
notallbutdefinitelythisone,1
grownperson,1
dietrying,1
touristtrap,1
whereisshe,1
yourfunnyunnigirlstrip,1
whiteness,1
anxietycheck,1
youcanthaveitall,1
dishwasher,1
fulloflife,1
isthisasign?,1
imnotworried,1
koreatravel,1
avantika,1
quietlife,1
actuallyinsane,1
yourfunnyunnitokorea,1
valuewhatmatters,1
youdontgetwhatyouwant,1
divineintervention,1
staydelulu,1
bunbohue,1
eatingwithfriends,1
biracialchild,1
biggestwedding,1
yourfunnyunniinkorea,1
girlstriip💜,1
sigh,1
myeongdong,1
letmetellyousomething,1
lunchwithfriends,1
friendstraveling,1
dontdothis,1
outoftouch,1
idontseecolor,1
pastatime,1
bipoctiktok,1
iamhere,1
할머니,1
shapeshifting,1
overcookedeggs,1
protectcreators,1
gyeongbokgungpalace,1
seoinguk,1
hesaid,1
achilliestendonrupture,1
koreanamerican,1
infinityandbeyond,1
kimminsu,1
thetruth,1
eatinginkorea,1
ripkylemarisaroth,1
poké,1
katiesorenson,1
pioneersquareseattle,1
parkseojoon,1
itaewon,1
karaokenight,1
yougotme,1
shorelinewashington,1
meetupinkorea,1
rapunzelliveaction,1
ahjussi,1
momming,1
drgabormate,1
systemicracism,1
korealife,1
seattlefood,1
thisapp,1
disappointing,1
rollwiththepunches,1
weddinginvietnam,1
ytwomenhysteria,1
friendshipfood,1
doomatyourservice,1
mageticillit,1
allegedly,1
wheninkorea,1
koreanfoodexperience,1
abberscadabbers,1
youmessedwiththewrongone,1
iwasconfused,1
evilmother,1
eyelidsurgery,1
baekhyunwoo💕honghaein,1
imnotcryingyourecrying,1
lashextensionsgonewrong,1
itbeyourownpeople,1
ytwomenbelike,1
saigonsquare,1
solotrippin,1
internationaltraveltips,1
soloflight,1
bestdecisionofmylife,1
sendmegoodvibes,1
goingtokorea,1
costcofail,1
greenflagprinter,1
hpmalaysia,1
hpsmarttank,1
hpsmarterchoice,1
