Hashtag,Frequency
secretsoftheoctopus,3
eclipseacrossamerica,2
vetsoftiktok,2
incredibleanimaljourneys,2
critterfixers,2
americasnationalparks,2
bronco,1
teambronco_ambassador,1
idahome,1
paradiseislands,1
earthhowlifeworks,1
belugas,1
exoticanimaler,1
wildyellowstone,1
predatorvprey,1
secretsofthewhales,1
betterhumanbetterdog,1
hiddenwondersofeurope,1
beavers,1
wildchile,1
savetheelephantday,1
proboscismonkey,1
secretsoftheelephants,1
goldfish,1
growingupanimal,1
abcworldnewstonight,1
pilots,1
selinawang,1
stephanieramos,1
heavyrain,1
lakemead,1
plazahotel,1
boyscout,1
ecoli,1
worldnewstonighr,1
cerebralpalsy,1
torontoraptors,1
shoheiohtani,1
swissair,1
wnt,1
melissaadan,1
bipartisan,1
truce,1
flames,1
nationwide,1
emergencylanding,1
reaganinternationalairport,1
navajonation,1
naples,1
reenaroy,1
ozzyosbourne,1
americastrong,1
easthartford,1
hezbollah,1
linseydavis,1
groundbeef,1
fishermen,1
goodsamaritan,1
losangelesdodgers,1
cher,1
congressionalgoldmedal,1
crashed,1
christiebrinkley,1
navajo,1
assault,1
vandals,1
barbers,1
atlanticocean,1
whitjohnson,1
morgannorwood,1
zohreenshah,1
openfire,1
davidmuir,1
victoroquendo,1
hershgoldberg,1
ikeejiochi,1
shreveport,1
tomsoufiburridge,1
maryjblige,1
robmarciano,1
critical,1
worldnewstonight,1
suspect,1
brenham,1
lifebelowzero,1
jane,1
disneyconservation,1
neversaynever,1
natgeophotographer,1
billyandmolly,1
photoark,1
cuckooday,1
indigenoustransjoy,1
acolonizinguniversity,1
dinéaesthetics,1
grandmasaidno,1
capetownsunset,1
