Hashtag,Frequency
womensfootball,4
alessiarusso,3
ellatoone,3
hardestgeezer,3
trainers,3
localelection,2
mancity,2
nottinghamforest,2
ammanford,2
seagulls,2
ysgoldyffrynaman,2
localelections,2
scottishgreens,2
secondaryschool,2
uefa,2
nationalcrimeagency,2
cosmeticsurgery,2
odesa,2
weatherforecast,2
ussenate,2
teenagers,2
cyber,2
nca,2
englishchannel,2
var,2
ncutigatwa,2
milliegibson,2
foodprices,2
mosalah,2
thisorthat,2
motd,2
iplayer,2
jurgenklopp,2
uwcl,2
racheldaly,2
catch,2
everton,2
leahwilliamson,2
penalty,2
idioma,2
bbcmundo,2
wetweather,2
ukparliament,2
gbbo,2
stay,2
list,2
bonjovitiktok,2
jonbonjovi,2
bayern,2
metoffice,2
busker,2
easterholidays,2
schools,2
ojsimpsontrial,2
englishbreakfast,2
fullenglish,2
boats,2
republicofireland,2
jamieoliver,2
westminster,2
firstminister,2
sunak,2
holyrood,2
aanhpiheritagemonth,1
powerofwe,1
aanhpihm,1
reliablesauce,1
buriticupu,1
sumo,1
watercannon,1
smolenskoblast,1
interviewprep,1
cambridgeuniversity,1
maybankholiday,1
drizzy,1
toohottohandle,1
mi5,1
dovehousehospice,1
nuy,1
dannyboyle,1
imperial,1
scottishnationalparty,1
tvadvert,1
channel,1
facials,1
plasma,1
councillor,1
davidbrent,1
aarontaylorjohnson,1
alamat,1
dundermifflin,1
evict,1
danpoulter,1
thurrock,1
centrallondon,1
rocnation,1
mayoralelection,1
suwon,1
may,1
saharadust,1
jodiecomer,1
whitedove,1
ministerofstate,1
michaelcohen,1
prp,1
unemployment,1
channelcrossing,1
charliewyke,1
scottishgreenparty,1
shops,1
maryammoshiri,1
voter,1
sycamoregap,1
vampirefacial,1
russellgroup,1
centralunitedstates,1
pinoypop,1
autobiography,1
blood,1
ashleyjudd,1
ruthperry,1
columbiaprotests,1
gamingnews,1
eslonedota2,1
fee,1
cybercrime,1
erosion,1
chrisphilp,1
nailsea,1
efit,1
calais,1
localmayor,1
talesofkenzerazau,1
northyorkshire,1
bridlington,1
sensojitemple,1
gp,1
miroslavradačovský,1
barbarianking,1
abubakarsalim,1
southwestwales,1
inspection,1
toryglen,1
russiaukraine,1
ralphfiennes,1
oildepot,1
questiontime,1
uosc,1
infectedblood,1
waitrose,1
letter,1
southyorkshire,1
tomlockyer,1
gully,1
policeefit,1
factor8,1
venicefee,1
clashofclans,1
sumowrestling,1
harrypottercastle,1
hadrianswall,1
10thingsihateaboutyou,1
culturalattire,1
usuniversities,1
chinesecoastguard,1
holdenville,1
kentpolice,1
haemophilia,1
blueivy,1
rylan,1
pollingstation,1
birleyacademy,1
yartsevo,1
plateletrichplasma,1
carmarthenshire,1
worldfamous,1
shoplift,1
democraticrepublicofcongo,1
cryingsumo,1
usrap,1
shoplifter,1
melanoma,1
kigali,1
onlinecrime,1
blueivycarter,1
cancandance,1
stuntperformer,1
britishheartfoundation,1
fabricemuamba,1
charityshops,1
skincancer,1
rylanclark,1
scarborough,1
nakizumo,1
davidpecker,1
harryjowsey,1
primaryschool,1
venicetourism,1
centralus,1
council,1
thurrockcouncil,1
lifeskill,1
adonis,1
fulltimejob,1
gothic,1
queencamilla,1
ppop,1
platelet,1
marietta,1
erlinghaaland,1
ukroyals,1
moviestunts,1
emmabunton,1
dresscode,1
parttimejob,1
eviction,1
tiktokbanned,1
hull,1
theofficeuk,1
universitycollegehospital,1
runawayhorse,1
bluelights,1
ikissedagirl,1
graniteharbour,1
bbcsounds,1
avoidance,1
raceacrosstheworld,1
thenextstep,1
tnss9,1
miranda,1
ollyalexander,1
kin,1
thenextsteps9,1
bbcproms,1
theoneshow,1
mirandacore,1
qi,1
dizzy,1
againsttheodds,1
thistown,1
ianwright,1
crimedrama,1
incredible,1
micahrichards,1
stanway,1
tooney,1
euro2016,1
bbcrugby,1
nffc,1
cole,1
afcb,1
nedumonuoha,1
mcfc,1
joewilkinson,1
ferguson,1
rugbyunion,1
williamson,1
shaygiven,1
alanshearer,1
catchoftheday,1
sixnations,1
emmahayes,1
mymatesafootballer,1
bernardo,1
bbcsport,1
silva,1
daly,1
leverkusen,1
motdtop10,1
womensfootballweekly,1
guardiola,1
scottcarson,1
siralexferguson,1
bbcfacup,1
cescfabregas,1
garylineker,1
wosoedit,1
whufc,1
harryjudd,1
ashleycole,1
redroses,1
solanke,1
footballfocus,1
mcirma,1
chelseawomen,1
cairney,1
russo,1
epl,1
pepguardiola,1
patrickbamford,1
fa,1
benfica,1
ring,1
baseballtiktoks,1
giants,1
couchto5k,1
dominicsolanke,1
arsenalwomen,1
coventrycity,1
mikelarteta,1
georgiastanway,1
bernardosilva,1
madueke,1
tottenham,1
uel,1
rodri,1
toone,1
evenfo,1
volley,1
michailantonio,1
pep,1
beekeepersoftiktok,1
footballersfootballpodcast,1
ange,1
roykeane,1
womenssixnations,1
milliebright,1
astonvilla,1
ccfc,1
mciche,1
benwhite,1
angepostecoglou,1
xabialonso,1
tooneyandlessirusso,1
westham,1
bayerleverkusen,1
sfgiants,1
bayernmunich,1
baseballlife,1
bbcwsl,1
fabregas,1
ellenwhite,1
slbenfica,1
murillo,1
motd2,1
eriktenhag,1
planetpremierleague,1
davidmoyes,1
micahrichard,1
thfc,1
bbcfootball,1
rasmushojlund,1
coventry,1
pusb,1
vicario,1
avfc,1
georgebest,1
díadelespañol,1
hablasespañol,1
antorchaolímica,1
parís2024,1
lagomead,1
castellano,1
díadelidioma,1
noticiasentiktok,1
isfahán,1
relacionesiránisrael,1
cafeína,1
américalatina,1
narcotráfico,1
rocas,1
cerebro,1
juegosolímpicos,1
sehablaespañol,1
díadelidiomaespañol,1
buenasnoticias,1
llamaolímpica,1
calentamientogloblal,1
bandas,1
juegosolímpicos2024,1
ángelescustodios,1
mediooriente,1
maxwhitlock,1
eurovisionsongcontest,1
cheerleading,1
schoolfood,1
dogfriendlycinema,1
mars?,1
militarychildren,1
pokemonuk,1
canals,1
penguinmadness,1
concrete,1
dogsofttiktok,1
olympicgames,1
endagered,1
talentshow,1
pokemonchampionship,1
saturdaynighttv,1
uk?,1
anoukgarnier,1
eclipsefootage,1
crumblingconcrete,1
cooktok,1
wildlifecorridors,1
worldchampionships,1
portacabinlessons,1
portacabin,1
penguincompetition,1
climatepositive,1
schoolpov,1
planetearthiii,1
volcanoeruption,1
humboldtpenguin,1
vaisakhi,1
musicnews,1
topstory,1
schoolproblems,1
ras,1
schooldinner,1
cutepenguin,1
pokemoneuic2024,1
billieeilishtour,1
britainsgottalent,1
tiktokbanupdate,1
seagullimpression,1
minishinpads?,1
ustiktok,1
europeanchampionship,1
spacetiktok,1
schooldinners,1
historical,1
wordrecord,1
saintgeorge,1
newsforchildren,1
thingstodowithdogs,1
raac,1
newsoftheday,1
pinholeprojector,1
grindavik,1
evertonfc,1
humboldt,1
koalas,1
concretecrisis,1
grindavikvolcano,1
dataprivacy,1
harvestfestival,1
pokemoninternationals,1
cheer,1
historicalbuildings,1
redplanet,1
phenomenon,1
xəbərlər,1
siyaset,1
pişiklər,1
tarix,1
qaz,1
rusiya,1
rəsulzadə,1
etiraz,1
israil,1
kənd,1
sərhəd,1
avropa,1
məhkəmə,1
fransa,1
siyasi,1
qarabağ,1
ermənistan,1
azərbaycan,1
dost,1
paşinyan,1
ata,1
rubenvardanyan,1
sorğu,1
xəbər,1
yemək,1
xeberler,1
bbccurtas,1
chikungunya,1
cuscuz,1
irã,1
artesvisuais,1
cometadodiabo,1
estudiobbc,1
dermatologia,1
willardwigan,1
bbcnewsbrasil,1
escultura,1
budismo,1
estrelas,1
fisiologia,1
politicainternacional,1
sotaques,1
bbb24,1
vocoroca,1
cafeina,1
bbb,1
ditadura,1
corais,1
linguistica,1
monge,1
scuplture,1
alemanha,1
saopaulo,1
pelesaudavel,1
paulistano,1
linguagem,1
bbcresponde,1
microescultura,1
conflitos,1
tiktoknotícias‌,1
branqueamento,1
tiktoknoticias,1
meioambiente,1
eua,1
tiktoknoticiasbrasil,1
maranhao,1
artesplasticas,1
culinaria,1
bigbrotherbrasil,1
equador,1
vidamarinha,1
linguaportuguesa,1
arbovirose,1
portugues,1
colageno,1
saude,1
авто,1
волинь,1
отруєння,1
дружинабуданова,1
закордон,1
поліція,1
мобілізація,1
зінченко,1
футбол,1
зброя,1
допомога,1
погода,1
великабританія,1
тец,1
собор,1
качки,1
людина,1
потоп,1
поліціяукраїни,1
паводок,1
орськ,1
холоднийяр,1
машина,1
паспорт,1
корея,1
затемнення,1
варшава,1
літак,1
кордон,1
сша,1
краса,1
цікавіфакти,1
словаччина,1
париж,1
зінченко🇺🇦,1
цікаве,1
фортифікаційніспоруди,1
політика,1
диво,1
харківукраїна,1
тварини,1
atacms,1
дтп,1
грузія,1
фільми,1
зеленський,1
порятуноктварин,1
донбас,1
військові,1
оае,1
тваринки,1
власність,1
харків,1
наука,1
соборпаризькоїбогоматері,1
ту,1
вінниця,1
арсенал,1
чоловіки,1
коні,1
передбачення,1
запас,1
космос,1
магазин,1
лелека,1
сонце,1
твариниукраїни,1
дубай,1
місяць,1
новиниукраїни,1
новини,1
ведмідь,1
гур,1
війнавукраїні,1
що,1
українки,1
проблема,1
аварія,1
еволюція,1
комета,1
снаряд,1
допомогаукраїнцям,1
українка,1
обстріл,1
британія,1
гінеколог,1
війнавукраїні🇺🇦,1
луцьк,1
цікавознати,1
буданов,1
десна,1
зсу,1
юрист,1
лондон,1
жінка,1
дощ,1
німеччина,1
прогнози,1
небо,1
птахи,1
путін,1
підготовка,1
польща,1
реабілітація,1
енергетика,1
медицина,1
здоровя,1
важливо,1
зрада,1
кіно,1
розвідник,1
розвідка,1
котики,1
історія,1
евакуація,1
росіянин,1
росія,1
допомогаукраїні,1
шок,1
unhingedplacenames,1
globalheating,1
fertilityrates,1
sustainablity,1
russa,1
peggygou,1
livies,1
ezracollective,1
greatbritishbakeoff,1
paulrudd,1
devpateledit,1
eastenders,1
wobbleboard,1
littlethings,1
leighannepinnock,1
escapism,1
trackid,1
jellylady,1
perrieedwardsedit,1
bakeoff,1
radio1,1
jorjasmith,1
bigweekend,1
tatemcraegreedy,1
yannis,1
gregjames,1
butterybiscuitbase,1
paulruddedit,1
whatanhonour,1
niaarchives,1
aliplumb,1
forgetaboutus,1
edsheeran,1
lewiscapaldi,1
unfinishedbusiness,1
jorjasmithcover,1
oliviacolmanedit,1
lolayoung,1
greggwallace,1
jacksaunders,1
noahkahanmusic,1
oliviacolman,1
clarebalding,1
jamielaing,1
noahkahan,1
dualipaedit,1
leighanne,1
paulmescaledit,1
laughing,1
foals,1
thevoice,1
jaimecamil,1
enkyboys,1
bostonrob,1
dealornodealisland,1
justcurious,1
gerry,1
usatelection2024,1
gunlaws,1
theresa,1
summerhousemv,1
usatolympics,1
solarstorm,1
usatelections,1
fafsa,1
speeddating,1
goldenbachelor🌹,1
usatoriginals,1
primeenergy,1
boeing737,1
booktokers,1
barbarawalters,1
census,1
selfimproved,1
yahoonews,1
palestinetiktok,1
notredamedeparis,1
disease,1
masters2024,1
inheritance,1
kardashian,1
criminaljustice,1
foods,1
scamcalls,1
democratsoftiktok,1
iran🇮🇷,1
avianinfluenza,1
aanhpi,1
featurefeature,1
womenontiktok,1
rathole,1
lambs,1
democratic,1
damascus,1
milk?,1
nbcdebunks,1
papuanewguinea,1
harris,1
tulaneuniversity,1
kerrville,1
brockport,1
lindseygraham,1
joelembiid,1
gusjohnson,1
speedbag,1
wiltchamberlain,1
classmates,1
lukadoncic,1
superbowl,1
fatherson,1
hockeytok,1
dunk,1
jamesharrison,1
stanleycupplayoffs,1
pacificislander,1
brewers,1
onair,1
hops,1
frisbee,1
cavs,1
brendenrice,1
nfllive,1
hysterical,1
jaylenbrown,1
goal,1
formulaone,1
dwighthoward,1
lamelo,1
mavericks,1
hurdles,1
1on1,1
kisscam,1
fantasyfootball,1
grandprix,1
nationalanthem,1
marshmallow,1
americanflag,1
billsmafia,1
patrickbeverley,1
tracymorgan,1
rc,1
wall,1
espnnbaplayoffs,1
tyresemaxey,1
collegefootball,1
vball,1
pencil,1
javelin,1
gamewinner,1
cfb,1
colts,1
chargers,1
jumbotron,1
aapimonth,1
embiid,1
larrybird,1
rccar,1
sga,1
steep,1
musicalchairs,1
oda,1
federer,1
tennisiq,1
rematch,1
vergararivera,1
nadal,1
reid,1
gauff,1
deminaur,1
hewett,1
miki,1
wheelies,1
klugman,1
bahrami,1
juniors,1
tsitsipas,1
rulebenders,1
alcaraz,1
kostyuk,1
sisqo,1
friendaholic,1
druhill,1
elionebryan,1
polesport,1
elephantman,1
basedonatruestory,1
backpackingtips,1
girls5eva,1
brutint,1
goodmakeupday,1
gymscent,1
broadshoulders,1
examseason,1
perfumeoftheday,1
whatdoyouthink,1
letmelive,1
weightlifting,1
lavieestbelle,1
gymcompliments,1
energydrinks,1
letstalkperfume,1
teamsports,1
nigerianhair,1
styling4chair,1
growingupfat,1
romantisingmylife,1
reversehacksquat,1
theessencevault,1
perfumedupe,1
hench,1
peripheralvasculardisease,1
icantdance,1
quesmed,1
year11,1
girlschool,1
gymscentoftheday,1
aybl,1
usapro,1
exam,1
thingsimnotafraidtoadmit,1
kingscollegelondon,1
downsidetobeingagymgirl,1
medicalracism,1
unconventionalnames,1
crossingroad,1
listenup,1
howtosmellgood,1
dancefail,1
bodybuildingcompetition,1
cantdance,1
bolo,1
prime,1
smellalike,1
letmecook,1
embracingnaturalhair,1
pvd,1
whenunibecomesuniversity,1
pfos,1
throwitinacircle,1
onawalk,1
gymhumour,1
studybreak,1
buergerstest,1
pyfツ,1
bonnetdiaries,1
calilife,1
incident,1
srockexchnage,1
smacking,1
shoppingmall,1
shoppingcenter,1
kush,1
weekahead,1
gliding,1
thermals,1
weekendweather,1
yourewelcome,1
forecasting,1
highpressure,1
whenaccuracymatters,1
titkok,1
tiktokphoto,1
videoeditingsoftware,1
tiktokcreatorinspirations,1
videoeditingforbeginners,1
videoeditingtips,1
tiktokcreator,1
disneyuk,1
uklife,1
booze,1
deadpubs,1
pubs,1
croydon,1
heathrow,1
publichouse,1
tufnellpark,1
englishpub,1
trainstation,1
singinginpublic,1
publicpiano,1
moneygame,1
samtompkins,1
streetperformance,1
thepolice,1
reactor,1
streetperformer,1
thebigpush,1
sting,1
renmakesmusic,1
jimcantore,1
slidell,1
katytexas,1
okwx,1
grassfire,1
sulphuroklahoma,1
floodwarning,1
dramaticmoments,1
destruction,1
libya,1
hurricanecheck,1
sulphur,1
miamicheck,1
alexwallace,1
severestorms,1
westmoreland,1
slidelllouisiana,1
missingdog,1
images,1
learntiktok,1
nebraskatornado,1
mikeseidel,1
ne,1
oklahomacheck,1
educate,1
earthhour,1
omahanebraska,1
canonusa,1
tornados,1
paulgoodloe,1
elkhorn,1
duststorm,1
ga,1
brushfire,1
tornadodamage,1
themasters2024,1
alexwilson,1
flwx,1
learnontitkok,1
billnye,1
rescued,1
liveview,1
louisianacheck,1
sandstorm,1
hurricanes,1
billnyethescienceguy,1
jordansteele,1
wellnessgirl,1
freepeoplemovement,1
runningplan,1
finalyearstudent,1
ukgetaways,1
summerrunning,1
runninggirly,1
exploringgirl,1
countrysidegirlie,1
scrunchies,1
lawcoursework,1
pinkrunshorts,1
whichrunningtrainer,1
postuni,1
girlyrunclub,1
employmentlaw,1
runningtrainer,1
howtostartrunning,1
studyabroad,1
runguide,1
examday,1
deadlineday,1
finalterm,1
uniofbath,1
lawexam,1
4thyear,1
runningtrainers,1
healingeara,1
cornwallinsummer,1
runningjourney,1
exams,1
coffeedates,1
runninggirls,1
runningshirts,1
londonrunclubs,1
deadlines,1
stressed,1
cornwallgetaway,1
april29th,1
finalyear,1
cabins,1
englishsummer,1
vanlifedevon,1
vanliving,1
vanlifecornwall,1
solovanlife,1
vanlifeuk,1
universityofexeter,1
mostgoogledquestions,1
extendedhours,1
longerschooldays,1
bbcradio,1
isthisjoe?,1
weethernews,1
miniheatwave,1
generationalpha,1
drivingtests,1
dvla,1
carersallowance,1
bridflu,1
weathernews,1
heatlthy,1
pip,1
newswithchris,1
londonelection,1
pushingforchange,1
countbinface,1
vapes,1
mcdonaldsmenu,1
cancerresearchuk,1
avainflu,1
thunderstormwarning,1
nationaleducationunion,1
metofficeweatherwarning,1
latestnews,1
politicalnews,1
employmentbenefits,1
westfieldshoppingcentre,1
stromkathleen,1
newswithchrisofficial,1
gcsemaths,1
disabilitybenefits,1
councilhousescandal,1
solarspectacle,1
longerschoolhours,1
pupils,1
isthisjoe,1
smokingban,1
wordnews,1
liztrussresign,1
gcseexams,1
sicknessbenefit,1
schoolphoneban,1
poltics,1
dwp,1
gcseenglish,1
universalcredit,1
celestialcomedy,1
britishbreakfast,1
canoncamera,1
transitioning,1
carers,1
neu,1
blindness,1
rnib,1
sendchildren,1
pushupsforcharity,1
benifitsbritain,1
departmentforworkandpensions,1
weatheralert,1
benifits,1
tenyearstosavethewest,1
angelarayner,1
worldunseen,1
yellowweatherwarning,1
learnerdriver,1
joelycett,1
liztrussbook,1
binface,1
sicknote,1
musicaltheatrerave,1
theatrenews,1
matildathemusical,1
musicaltheatreraves,1
hannahlowther,1
intheheights,1
theaternews,1
theatretiktok,1
jennyoleary,1
afterparty,1
six,1
heavennightclub,1
theatertiktok,1
musicaltheaterraves,1
lesmiserables,1
dearevanhanssn,1
heathers,1
lesmis,1
harveyridesbikes,1
greetersguild,1
troyhawke,1
tzone,1
sub5,1
wazzu,1
fupa,1
fauxcontroversy,1
boredinthecord,1
minshewmania,1
restinparadise,1
tangledweb,1
csli,1
touchup,1
waynesworld,1
cutouttemplate,1
nosweat,1
dryinglotion,1
ontherun,1
vmac,1
SpaceForceWalk,1
febblecosmetics,1
hotguy,1
loveislikeoxygen,1
lace,1
qb,1
courtship,1
movingandshaking,1
ohffswithviviana,1
letsride,1
thickthighessaveslive,1
yeahbaby,1
dontatme,1
dramainthechatroom,1
transferproof,1
westrichlandwa,1
facesweatabsorbinglotion,1
pitino,1
mishap,1
mallards,1
oneshiningmoment,1
floridaman,1
display,1
girlswithcurves,1
synchronizedswimming,1
aiaw,1
setof3,1
daddyminshew,1
acnecare,1
northbend,1
somanychoices,1
boldglamour,1
ohffs,1
loveconnection,1
broncos,1
judgereinhold,1
1972,1
stopthesweat,1
stairwell,1
canonlyhopetocontainit,1
wrongorder,1
neutrals,1
mariobadescu,1
2009toyotacorolla,1
frogger,1
kissablelips,1
concessionstand,1
shag,1
qb1,1
notenough,1
carpe,1
whatcouldpossiblygowrong,1
joealt,1
sayyoucantsleep,1
mating,1
rumors,1
overnight,1
shrink,1
fat,1
secondchance,1
carry,1
midgirlsummer,1
fieldof68,1
plussize,1
nolongerfriends,1
onlyone,1
musiccreation,1
bellyfat,1
nda,1
westcoast,1
vicepresident,1
experttestimony,1
loose,1
oneway,1
amberalert,1
hastalavista,1
turkeys,1
lingerieasfashion,1
misunderstanding,1
idliketogetbynow,1
oily,1
flyingcars,1
ttsrecharge,1
undermakeup,1
dayclub,1
combination,1
babyroman,1
idaho4update,1
osp,1
showoff,1
youdecide,1
longlasting,1
curvybodies,1
idaho4,1
bolds,1
autolyrics,1
trade,1
calipari,1
keepcoolanddontsweatit,1
cornpopwasabaddude,1
guilttrip,1
keepwatching,1
cantstopit,1
hsia,1
ridgemonthigh,1
uglycrying,1
donotlook,1
chonky,1
zany,1
fasttimes,1
bras,1
fugitive,1
blownoutofproportion,1
jetsons,1
costcopizza,1
difference,1
appleriver,1
seahawks,1
theballistipped,1
ontildawn,1
reallifedrama,1
alibi,1
thinkingboutme,1
kingcounty,1
vivco,1
braveman,1
silky,1
oxfordhighschool,1
seggsy,1
motions,1
lasvegasraiders,1
documents,1
weekends,1
zachwilson,1
lives,1
universityofidaho,1
narrow,1
gocougs,1
helloisitmeyourelookingfor,1
isitthatsweetiguessso,1
matte,1
luthervandross,1
gardnerminshew,1
richardsherman,1
blindreact,1
stripedhorse,1
jetsjetsjets,1
crosswalk,1
i90,1
pretrial,1
bestseller,1
austinpowers,1
cameraonecameratwo,1
loveandmarriage,1
sunnyday,1
cornpop,1
wsp,1
longwearing,1
stadium,1
reduceredness,1
bra,1
shesarunnershesatrackstar,1
wildcats,1
bricks,1
facesweat,1
baddude,1
blindreview,1
sikhwedding,1
weddingmagician,1
asianwedding,1
playingcardscollection,1
questevents,1
punjabiwedding,1
magician,1
porthlevenharbour,1
porthleven,1
ryangiggs,1
blindrank,1
seaspiracy,1
bakedbeans,1
howtocookproperly,1
saka,1
cuthbert,1
viralrecipe,1
fallingdownthestairs,1
salmonbowl,1
alditikok,1
trendingrecipe,1
toxicwaste,1
rundontwalk,1
fusionrecipe,1
sundae,1
aldiadmin,1
healthysnackideas,1
chickentikka,1
thisismyideaofaverynicedayout,1
freshouttheslammer,1
strawberrybark,1
pizzatoast,1
aldixteamgb,1
facereveal,1
aldiuk,1
applejuice,1
hammertotheheart,1
thedoor,1
tellme,1
arcibellezza,1
gonature,1
milano,1
bolgona,1
literature,1
staznair,1
gymtraining,1
lanadelreyaesthetic,1
loksabha,1
faraztahir,1
bobdylan,1
artsandents,1
barrykeoghanandsabrinacarpenter,1
uscollege,1
universityofmichigan,1
sexandrelationships,1
tnmreviews,1
rebelmoonparttwo,1
ledefenseur,1
musicreview,1
rastafarianism,1
antiwrinklestraw,1
artsandentertainment,1
seandiddycombsfeat,1
nonsenseoutro,1
losfrikis,1
pinkfridaytour,1
lifeandstyle,1
artsandculture,1
pikriadarchi,1
voterregistration,1
honoredaumier,1
irannews,1
colmandomingo,1
nonsense,1
redflaggreenflag,1
miamifilm,1
stabbing,1
miamifilmfestival,1
stalking,1
johnlegend,1
resy,1
boyroom,1
damonalbarn,1
barrykeoghan,1
giveanx,1
womendirectors,1
trentreznor,1
clones,1
miriamrivera,1
encampments,1
tvseries,1
effectivecommunication,1
nineinchnails,1
lanadelreylive,1
theoutsiders,1
atticusross,1
hol,1
emiliogarcia,1
pinkfriday,1
traitors,1
deborahsnyder,1
alisonbrie,1
hannahguttierezreed,1
lianemoriarty,1
yixuanchang,1
russcook,1
ashleegood,1
bojack,1
influencernews,1
usapolitics,1
lanadelreyfan,1
challengersedit,1
annieleibovitz,1
clownchella,1
freedomofwriting,1
antiageing,1
dearengland,1
hoarders,1
donaldtrump2024,1
sprint,1
stuartmartin,1
challengersfancam,1
ttpda,1
antiwrinkle,1
taylorswiftkarma,1
colinjost,1
ritamarley,1
cubanamerican,1
reneerapcoachella,1
coachellaweekend2,1
generalnews,1
daumier,1
tcslondonmarathon,1
womeninfilm,1
frafee,1
keshatiktok,1
iraqnews,1
rebelmoonparttwothescargiver,1
girlsandboys,1
recount,1
counselforthedefense,1
lashanalynch,1
cubaninmiami,1
stalker,1
rust,1
ts12,1
sexandrelations,1
sofiaboutella,1
lanadelreyedit,1
bojackhorseman,1
jadeyoung,1
jamaicanculture,1
israelhamas,1
aiclones,1
jonahhill,1
therapyspeak,1
mahsaamani,1
fivethemusical,1
nicholasgaltizine,1
patois,1
gymtimidation,1
zacksnydermovie,1
knowyourmeme,1
bobmarleyonelove,1
technicaldifficulties,1
dawnsingleton,1
disabilitysport,1
lanadelreystans,1
detention,1
standupagainstsexualviolence,1
westfieldbondijunction,1
sportsnews,1
gymgains,1
lanaozempic,1
littlehavana,1
cocogauff,1
theoutsidersmusical,1
polobar,1
harryclark,1
bestsupportingactor,1
carmensmith,1
parasport,1
womenequality,1
bclass,1
hovercraft,1
guinessworldrecords,1
gotham,1
roughsea🌊🌊,1
lifeguardsoftiktok,1
seatraining,1
stdavids,1
charitymembership,1
helicopterrescue,1
somethingcool,1
roughsea,1
lifeguards,1
southendonsea,1
steve,1
emergencyservices,1
savinglivesatsea,1
floattolive,1
calshot,1
winching,1
lifeboatstationofthefortnight,1
thirdwheel,1
lbsotf,1
rnlirescue,1
lifeboats,1
savinglivesatsea?,1
crewtraining,1
lifeboat,1
rescuefootage,1
shannonclass,1
watersafety,1
savinglives,1
imbatman,1
isleofman,1
lifeboatcrew,1
curfewtower,1
ballyliffin,1
fermanagh,1
dergarms,1
mullofkintyre,1
gapofmamore,1
coleraine,1
elliotsbistro,1
limavegas,1
spanisharmada,1
mabubba,1
robertthebruce,1
fairhead,1
ruairiog,1
donegal,1
lighthouses,1
lagganvalley,1
madmanswindow,1
inverpark,1
12apostles,1
blagh,1
binenevagh,1
weaver,1
crosses,1
carrickarederopebridge,1
torrhead,1
tinnies,1
ballycastle,1
ballygallycastle,1
cycleway,1
searovers,1
bendhu,1
portstewart,1
angriananhotel,1
martello,1
magilliganpoint,1
youme,1
mallettfineart,1
henrymccullough,1
pollanbay,1
cushendall,1
cslewis,1
pinkypunky,1
glenarmcastle,1
dunlucecastle,1
martinmallett,1
sionmills,1
portrush,1
larne,1
strand,1
castlederg,1
watercolour,1
benone,1
causewaycoast,1
torhead,1
hurling,1
roadworks,1
fivefingerstrand,1
benonestrand,1
massrock,1
walledcity,1
pettigo,1
tyrone,1
peacefountain,1
antrimcoast,1
bellarena,1
peatbogs,1
timmysfield,1
goldtreasure,1
lodgehotel,1
irishblessing,1
signsofspring,1
innishowen,1
tunnel,1
glenariff,1
burt,1
ossiangrave,1
rathinisland,1
wacaday,1
norniron,1
mallettsmallet,1
dolphons,1
belfast,1
carnlough,1
redcastlehotel,1
europahotel,1
muff,1
cushendun,1
stpatrick,1
limavady,1
pinkfloyd,1
carndonagh,1
bannsiders,1
staidans,1
dannyboy,1
manorhousehotel,1
rathlinisland,1
beachcombing,1
brandywell,1
nametag,1
castlerock,1
narnia,1
marconi,1
finnmccool,1
westindiescricket,1
dundalk,1
malin,1
clonmany,1
greencastleferry,1
lisburn,1
carrickfergus,1
strabane,1
harbourrats,1
ww1,1
bayviewhotel,1
reachourpotential,1
dalerrowney,1
tenmilestraight,1
swingingbridge,1
portballintrae,1
ballyliffinlodge,1
ballintoy,1
dobbinsinn,1
stevenbartlett,1
menstrualcycletiktok,1
menstraulcycle,1
sleeptracker,1
garybrecka,1
diaryofaceo,1
redwatch,1
wholetime,1
tiktokfirefighter,1
closingsoon,1
999,1
cddfrs,1
tiktokfirefighters,1
lastchance,1
chelseawfc,1
visapeptalks,1
magdaeriksson,1
rolfo,1
soccergirl,1
foreverfaster,1
weuro,1
erincuthbert,1
footballskills,1
ingridengen,1
lottewubbenmoy,1
lucybronze,1
katiemccabe,1
fcbfemení,1
fridolinarolfö,1
cfcw,1
arsenalwfc,1
barclayswsl,1
adobewomensfacup,1
aitanabonmati,1
marenmjelde,1
stinablackstenius,1
footballphotos,1
tekkers,1
onabatlle,1
arloroberts,1
cockerspanielsoftiktok,1
spoilt,1
loved,1
cameraroll,1
cockerspaniel,1
cocker,1
40sclub,1
mygym,1
ditchday,1
summergoals,1
classicmoviescene,1
hardworkpaysoff,1
germanshepherdsoftiktok,1
workingman,1
billymadison,1
dadbod,1
weirdpets,1
puppydog,1
digging,1
diggingtochina,1
stormy,1
ikeepforgetting,1
weineedog,1
fakehomelesspeople,1
itistime,1
demoday,1
bluecollarboys,1
coyotepup,1
waterboy,1
constructionlife,1
exerciseathome,1
melatonin,1
sleeptok,1
snoring,1
huberman,1
478,1
breath,1
sleepapnea,1
hubermanlab,1
stopsnoringweek,1
insomnia,1
naps,1
fireengine,1
abetterwaytostay,1
generations,1
tortureddjsdepartment,1
jamieoliverxyeschef,1
airfryerrecipes,1
toastie,1
airfryertiktok,1
QuickandEasy,1
prawntoast,1
lookingback,1
cannelloni,1
seasonal,1
easycooking,1
makingof,1
prawntoastrecipe,1
inseason,1
pastalover,1
newbrunswick,1
bridgeportct,1
politico,1
infectedbloodinquiry,1
cancerresearch,1
alba,1
headlines,1
spiking,1
skynews,1
fishingline,1
tubestation,1
politicshub,1
dictatorship,1
resignation,1
skynewsdaily,1
masaamini,1
showbiz,1
sirkeirstarmer,1
theking,1
londonstabbing,1
tiwasavage,1
albaparty,1
cardiff,1
alexsalmond,1
oxfordshire,1
londoncrime,1
moralitypolice,1
frontpages,1
ashregan,1
sharialaw,1
sophyridge,1
salford,1
telsa,1
travelwithmoyo,1
weatherman,1
airbnbpartner,1
valthorens,1
roadtorecovery,1
apresski,1
libertines,1
livinonaprayer,1
johnnymarr,1
jaredfollowill,1
kol,1
doctorwhoclips,1
doctorwhotiktok,1
direstraits,1
whoniverse,1
davidbryan,1
rubysunday,1
shiver,1
petedoherty,1
kingsofleonfans,1
rockmusic,1
doctorwhofans,1
morrissey,1
kingsofleon,1
brits,1
martinfry,1
richiesambora,1
thelibertines,1
jonbonjoviedit,1
ticotorres,1
idris,1
noelgallaghershighflyingbirds,1
bonjoviforever,1
carlbarat,1
daveberry,1
newmovies,1
peterdoherty,1
noelgallagher,1
80sthrowback,1
timburgess,1
kylemaclachlan,1
glennmoore,1
00smusic,1
absoluteradio,1
thedoctor,1
iliketheway,1
bathurst,1
nuclearpower,1
waggawagga,1
ladieslounge,1
chikoroll,1
israelgazawar,1
australianews,1
medialaw,1
auspolitics,1
violenceagainstwomen,1
bondijunctionstabbings,1
lehrmann,1
bondijunctionattack,1
lanina,1
australiapolitics,1
bondistabbings,1
supermarkets,1
aunews,1
womensspaces,1
cockatoo,1
channelten,1
northsulawesi,1
indigenousaustralia,1
australianschools,1
nuclearenergy,1
theproject,1
australianbirds,1
bendigo,1
metoomovement,1
ausnews,1
cambridge,1
encryption,1
privateschools,1
ruang,1
nuclearweapons,1
taiwantiktok,1
yousaf,1
kijabedam,1
kenyadamcollapse,1
countywicklow,1
censorship,1
galeana,1
tamilnadufarmers,1
goodsamaritans,1
oceansidepier,1
burningcar,1
europolitics,1
swordattack,1
deaths,1
motorsport,1
lostcat,1
walesnews,1
kremlin,1
channel4newssandiego,1
zanzendegiazadi,1
renters,1
channelboats,1
vampirefacials,1
indiaelection,1
hainaultattack,1
defencespending,1
horizonscandal,1
sandiegoc4news,1
schoolstabbing,1
sánchez,1
dowden,1
tbilisi,1
stabbings,1
femaleracers,1
catposted,1
motorsports,1
currentaffairs,1
foreignnews,1
connorsparrowhawk,1
georgethepoet,1
operation,1
jamiechadwick,1
stormdaniels,1
danielanjorin,1
womenlifefreedom,1
ukdefence,1
pedrosánchez,1
allies,1
rwandadeportationscheme,1
donetsk,1
catnews,1
carolinelucas,1
channel4news,1
indianews,1
dyfedpowyspolice,1
aharonhaliva,1
germanfarright,1
timurivanov,1
rwandaflights,1
cosmectics,1
markmenzies,1
sadiqkihan,1
gazaaid,1
pierfire,1
belarus,1
israelisoldier,1
nationalstatistics,1
connor,1
rayner,1
disrepair,1
markrowley,1
alcoholdeaths,1
rescuevideo,1
amazingescape,1
scottispolitics,1
newdelhiprotest,1
spainnews,1
c4news,1
tenants,1
nofaultevictions,1
stuttgart,1
shoigu,1
inquest,1
laughingboy,1
blackmusic,1
asylumbacklog,1
spanishpm,1
passwords,1
c4localelex,1
chinafloods,1
germanytrial,1
reichsbuerger,1
drinkingculture,1
rachelreeves,1
newtownmountkennedy,1
alsharpton,1
smarterinseconds,1
opill,1
hindhall,1
camilla,1
charles,1
universityprotest,1
cardiffuniversity,1
jacobreesmogg,1
bansoff,1
pageantnews,1
grapes,1
smartphoneaddiction,1
britishfood,1
waitinglist,1
lassie,1
prognosis,1
youngpowerlist2024,1
israelprotests,1
24hours,1
frenchpresident,1
mice,1
japanblossoms,1
beautyindustry,1
scotlandnews,1
delay,1
labmice,1
princessbeatrice,1
cherries,1
pageant,1
gazaprotest,1
usdruglaw,1
frenchpolitics,1
presidentoffrance,1
fried,1
laboratory,1
mouse,1
thefutureisnow,1
brigitteauziere,1
israelpalestineconflict,1
khanyunis,1
cookedbreakfast,1
missfrance,1
davidbeckam,1
sue,1
weatherwarning,1
reportinglive,1
pageantry,1
tracktok,1
prosthetic,1
friedbreakfast,1
uslaw,1
housefire,1
patient,1
japancherryblossom,1
politicsexplained,1
fryup,1
dronestagram,1
presidentmacron,1
learner,1
mouselab,1
thefuture,1
mariupol,1
mattymatheson,1
joshuaweissman,1
cleaver?,1
nigelng,1
butterchicken,1
uncleroger,1
thaigreencurry,1
cultureshock,1
germans,1
signlanguage,1
protectwomen,1
genderinclusivelanguage,1
sinti,1
germantrain,1
internationalromaniday,1
lifeingermany,1
wwii,1
neuschwanstein,1
dwtravel,1
fabricworkshop,1
figuredrawing,1
atomicterrain,1
newyorkcloseup,1
johannamaierski,1
rosebsimpson,1
baskets,1
art21,1
artinnyc,1
artbook,1
minidoc,1
artistatwork,1
artbooks,1
inthestudio,1
printedmatter,1
portraitpainting,1
drakecarr,1
onview,1
dazgel,1
openabaya,1
abayagirls,1
