Hashtag,Frequency
sloth,3
supernatural,2
nerd,2
spyxfamilycosplay,2
hostedbydisney,2
ultrasound,2
notes,2
wolvesoftiktok,2
spacefacts,2
creadoconadidas,1
antarcticseaspider,1
amazonanimals,1
antarticcircumpolarcurrent,1
hugeanimals,1
kangaroocare,1
cosmology🌌🔭,1
electriceel,1
preemiecare,1
largestinvertebrate,1
giantstarfish,1
prematurebaby,1
antarcticbluewhale,1
treescience,1
animalfact,1
puns,1
southernocean,1
colossalsquid,1
artassignment,1
crashcourse,1
renaissanceart,1
johngreenbooks,1
aztec,1
guerrillagirls,1
theartassignment,1
katiemack,1
brainscoop,1
cicada2024,1
coverart,1
enron,1
insidertrading,1
microwaverecipes,1
vibration,1
noise,1
rikidosato,1
oldtvshows,1
thatshimofficer,1
filtergame,1
fatphobia,1
theradiancehollowknight,1
thisaintitchief,1
idhavetwonickels,1
sistersofbattle,1
paradox,1
aangslander,1
jamaicansbelike🇯🇲,1
earlyedition,1
pinnochio,1
fatphobiaisnotcute,1
bnhasato,1
bokunohiroacademia,1
hollowknightsteelsoul,1
creasehisjordans,1
riceandpeas,1
dreaminterpretation,1
bnha,1
blackdiscourse,1
neptune,1
pun,1
planet9,1
firebending,1
cme,1
horsegirlprobs,1
ottbsoftiktok,1
foal,1
equestrianproblems,1
racehorse,1
horsegirlcheck,1
warmblood,1
equestriansoftiktok,1
buckskin,1
thoroughbredsoftiktok,1
thoroughbred,1
equestrian,1
foalsoftiktok,1
appaloosa,1
thoroughbreds,1
horsetok,1
hunterjumper,1
horsegirlvibes,1
equestrianprobs,1
ottb,1
horsegirlproblems,1
palamino,1
equine,1
bestof,1
titleix,1
demands,1
postsecret,1
intentions,1
part2,1
disrespect,1
presidentbiden,1
braces,1
downballot,1
taylirswift,1
legaltok,1
1a,1
miltok,1
mos,1
whathappens,1
rochesterny,1
happythings,1
littleshopofhorrors,1
exoticplants,1
monroecounty,1
askaboomer,1
axios,1
nikkihaley,1
commongroundfilm,1
dreamguestonmypodcast,1
howitworks,1
noncompete,1
americanfeverdream,1
rochester,1
scotusnews,1
starlings,1
citynaturechallenge,1
skylark,1
dawnchorus,1
invertebrates,1
chiffchaff,1
springwatch,1
starling,1
greatamericaneclipse2024,1
astronomer,1
dcbombshellscosplay,1
epicopenarms,1
sneaklegion,1
scottpilgrimcosplay,1
ladydeadpoolcosplay,1
scotrpilgrimvstheworld,1
sneakenergytiktok,1
sophiehatter,1
dcbombshell,1
howlsmovingcastlecosplay,1
howlsmovimgcastle,1
envyadamscosplay,1
sylviecosplay,1
spidergwencosplay,1
spidergwen,1
openarms,1
howljenkins,1
sneakenergy,1
sophiehattercosplay,1
cosplayphotoshoot,1
underworldsaga,1
ramonaflowerscosplay,1
epicunderworld,1
howljenkinscosplay,1
howlcosplay,1
sneakvision,1
envyadams,1
dcbombshells,1
ksp2,1
kerbalspaceprogram,1
ksp,1
postphdlife,1
phdone,1
lifeafteracademia,1
jeffhephner,1
sasheerzamata,1
michaelstrahan,1
elizabethbanks,1
wordgames,1
leahremini,1
chainreaction,1
cardsharks,1
bachelorinparadise,1
25wordsorless,1
wheeloffortune,1
jennafischer,1
wordgame,1
whammy,1
splitsecond,1
masterminds,1
fullepisodes,1
goldenbachelorette,1
peoplepuzzler,1
melissapeterman,1
janelynch,1
joelmchale,1
classicgameshows,1
johnmichaelhiggins,1
100kpyramid,1
nationalbeerday,1
catch21,1
americasays,1
triviagames,1
apoloohno,1
pressyourluck,1
joeyfatone,1
racheldratch,1
matchgame,1
familyfeud,1
generayburn,1
gameshownetwork,1
mariolopez,1
vannawhite,1
coachellaweekend1,1
gameshows,1
personplaceorthing,1
patsajak,1
blankslate,1
safestreaming,1
kingtut,1
lioness,1
gamingclips,1
tankee,1
puzzlegames,1
kidsmotivation,1
futureinnovators,1
animefan,1
astroneer,1
valdez,1
gamingjourney,1
kidshows,1
showsforkids,1
elephantlover,1
catchthewave,1
powerup,1
thnxcya,1
lionpride,1
hikes,1
bakuganbrawlers,1
actionpacked,1
tutenstein,1
saltwatertherapy,1
gameplay,1
explorealaska,1
gameplayclips,1
rubikcube,1
maxsteel,1
surfinglife,1
kirbyandtheforgottenland,1
turbopower,1
motivateandinspire,1
empowerthefuture,1
solvethis,1
ancientegyptians,1
rubiks,1
inspirationforkids,1
leahashe,1
alaskaadventures,1
naturevibes🌿,1
crackthecode,1
familytravels,1
słodziak,1
zwierzęta,1
sowy,1
zoologia,1
maluch,1
szczury,1
ciekawostka,1
nauka,1
ptaki,1
ciekawostki,1
atomicbomb,1
illustrationart,1
kurzgesagt_inanutshell,1
doomsdaytok,1
astronomytok,1
spaceart,1
chemicalromance,1
futureofhumanity,1
endofhumanity,1
hyperdonut,1
outerspace,1
biologytok,1
reptiletok,1
natureismetal,1
sciencebehindlove,1
tattooartists,1
factchecking,1
infiniteuniverse,1
humansurvival,1
spacetheories,1
doomsday,1
inanutshell,1
posters,1
biologyclass,1
collonizingvenus,1
earthhistory,1
universescience,1
tattooscience,1
extraterrestrial,1
astronerds,1
universetok,1
kurzgesagt,1
nuclearawareness,1
alientok,1
doomsdaypreppers,1
learnbiology,1
romancetok,1
terraformingvenus,1
spacenerds,1
alien👽,1
disneyfamily,1
teamsun,1
badgalbang,1
beachwedding,1
pedspt,1
anatomyclass,1
goodnotes5,1
digitalnotes,1
firstlook,1
nursingstudent,1
lulus,1
ptschool,1
ptstudent,1
cadaverlab,1
rotations,1
simlab,1
itsgivingjuryduty,1
clinicals,1
skillchecks,1
physicaltherapystudent,1
weddingdance,1
digitalnotetaking,1
npte,1
dptschool,1
yerbae,1
doctorofphysicaltherapy,1
prpackage,1
dissection,1
boards,1
medtok,1
dollartree,1
decluttering,1
h5,1
h7,1
hpai,1
homologousstructures,1
digfieldschool,1
hardyweinberg,1
mitochondria,1
eukarya,1
highscholl,1
thegreatcladerace,1
analogousstructures,1
quizizz,1
apbiology,1
apbio,1
bottleneckeffect,1
archaea,1
classificstion,1
scienceeducation,1
theevolutionofgod,1
eatnpark,1
naturalselection,1
lessonplan,1
admin,1
dichotomouschart,1
coffeemugsunday,1
hardyweinbergequation,1
repressor,1
charlesdarwin,1
sciencr,1
cladogram,1
mdma,1
syglass,1
fruitfly,1
iq,1
drosophila,1
psychedelics,1
ripped,1
nukacola,1
loidforger,1
purahcosplay,1
purah,1
spyxfamilyyor,1
spyxfamilyloidforger,1
totkpurahcosplay,1
totkpurah,1
loidforgercosplay,1
shadowheart,1
cosplaycraft,1
shadowheartbg3,1
zapthatthirst,1
lozpurah,1
designtok,1
tiktokviews,1
voiceovers,1
fiverrservice,1
200views,1
nysync,1
ugcfiverr,1
ugccontentcreator,1
bookauthor,1
ihiredfiverr,1
30under30,1
fiverrproduct,1
ugc2024,1
webdeveloper,1
voiceoverchallenge,1
topratedseller,1
fiverr,1
fiverrtips,1
200viewjail,1
freelancelife,1
teleprompterchallenge,1
myspace,1
fiverrseller,1
briefing,1
learntoedit,1
fiverrugc,1
newsanchorchallenge,1
ugcforbeginners,1
myspacedays,1
forbes30under30,1
freelancehumor,1
labhack,1
sciencehack,1
blimptok,1
donkeys,1
finditinfortnite,1
epicpartner,1
radiotelescope,1
ncsu,1
youngestsibling,1
memorize,1
accidentshappen,1
hamsterandgretel,1
margaritaville,1
shoebill,1
inflightentertainment,1
gretelgrantgomez,1
ididnotcreatetheminions,1
brandicarlisle,1
bigcitygreens,1
georgelucasshreds,1
workplaceantics,1
dallasaquarium,1
theminions,1
glowsticks,1
doofenshmirtz,1
emmynominated,1
doofen,1
familyguy,1
riseoftheshmirtz,1
ambidextrous,1
firstfans,1
annie,1
lesserbirdsofparadise,1
doofenshmirtzevilincorporated,1
tomorrow,1
milomurphyslaw,1
bigmacsong,1
flounder,1
80stvladies,1
foxtvanimation,1
drummergirl,1
mrpotatohead,1
sydniechristmas,1
jimmybuffet,1
pbseons,1
pterosaur,1
premedlife,1
anki,1
liveloveliver,1
goutta,1
medicaldchool,1
60seconds,1
200,1
imaging,1
foryiuoage,1
radiology,1
learnign,1
cd4,1
strabwerry,1
howtoloseaguyin10days,1
routines,1
resident,1
prep,1
vein,1
ir,1
dextrosedaddy,1
vain,1
stemgirl,1
er,1
foryiupage,1
miller,1
foryouoage,1
uworld,1
salads,1
neuro,1
shiitake,1
ucsc,1
bananaslugs,1
slimemoldsunday,1
exploratoriumsf,1
slimemold,1
growyourownmushrooms,1
northspore,1
ariolimaxcalifornicus,1
exploratorium,1
inkcap,1
asmrtapping,1
geopyxiscarbonaria,1
wildmushrooms,1
morels,1
bananaslug,1
amanita,1
mollusca,1
pimplepopping,1
mushroomhunter,1
mushroomcultivation,1
sluglove,1
wolfsmilkslimemold,1
pennybun,1
sluglife,1
lorchell,1
sarcosphaeracoronaria,1
amanitamuscaria,1
slugtok,1
mushroomhuntingtips,1
morelseason,1
mendocino,1
foragetok,1
clathrusruber,1
blacktrumpets,1
pimplepop,1
carboncups,1
cuteslug,1
amanitagemmata,1
fungusfriday,1
fomitopsismounceae,1
porcini,1
ucsantacruz,1
morelrecipe,1
coprinellus,1
wildlifevideos,1
goslugs,1
cepes,1
naturespimple,1
kingbolete,1
gyromitraesculenta,1
opinel,1
morelhunter,1
poppingasmr,1
ariolimax,1
purplecrowncup,1
myxomycetes,1
carmenopera,1
ascomycota,1
spreadthespore,1
slimemolds,1
mushroomidentification,1
plugspawn,1
lentinulaedodes,1
lycogalaepidendrum,1
mushroomasmr,1
coltricia,1
morchella,1
porcino,1
tappingasmr,1
mushroomedu,1
pimplepopper,1
pimplepoppingvideos,1
logcultivation,1
drpimplepopper,1
fascinatedbyfungi,1
alanrockefeller,1
redbeltedconk,1
boletusedulis,1
predatorprey,1
bearormaninthewoods,1
polarbears,1
sundayvibe,1
beartok,1
cruelty,1
prey,1
peguin,1
scienceclass,1
animalbehavior,1
seacreature,1
ursus,1
theinternet,1
bigdipper,1
antiscience,1
lionsoftiktok,1
dontfeedthetrolls,1
yuck,1
coyotetok,1
predators,1
evolutionarybiology,1
chickenortheegg,1
chuckdarwin,1
seahare,1
naturetok,1
conspiracytheorytiktok,1
projecting,1
thechickenortheegg,1
sundaymorningvibes,1
bearattack,1
babybirds,1
lablife,1
gayscientist,1
sterilize,1
diseaseecologist,1
myofficespace,1
diseaseecologisttiktok,1
wildlifebiologisttiktok,1
labmanager,1
scientisttiktok,1
standingdesks,1
tiktokshopspringsale,1
sweetfurniture,1
lgbtqinstem,1
arsenic,1
weekendproject,1
appdeveloper,1
mlx,1
jarvis,1
phi3,1
companion,1
macmini,1
artificelintelligence,1
artficialintelligence,1
wesaveus,1
charitytiktok,1
boisestate,1
doctok,1
femininecare,1
uidaho,1
doctor?,1
awomanwhoate,1
periodsbelike,1
birthcontrolpills,1
morningafterpills,1
idahocheck,1
pregnantintexas,1
floridacheck,1
morningafter,1
houstontiktok,1
tampon,1
informedconsent,1
beprepared,1
letstalkabout,1
dogood,1
summerseve,1
healthclass,1
threeforfreedom,1
houstoncommunitycollege,1
blackmaternalhealth,1
polls,1
hindex,1
whatisthat,1
javantiger,1
bleekerstfilmspartner,1
naturalhabitat,1
naturalhabitok,1
naturalhabitatshorts,1
trypophobia,1
trypophobiawarning,1
drkarlkruszelnicki,1
drkarl,1
trypophobiameme,1
trypophobiachallenge,1
stinkyteenagers,1
sciencealert,1
chickensoftiktok,1
chooksofinstagram,1
dogsofinstagram,1
dogtrainingtricks,1
bsfl,1
bestdecisionever,1
homesteaderhaven,1
dogphotography,1
moomunchesdogtreats,1
freerangechickens,1
freerange,1
chickenfood,1
homesteader,1
freezedriedsalmon,1
happydog,1
dogloversoftiktok,1
grubterrareview,1
chickentreats,1
dogsvideo,1
farmlifeisthebestlife,1
crazychickenlady,1
furmom,1
usamade,1
doggos,1
urbanchickens,1
backyardflock,1
chickenkeeping,1
grubterrablacksoldierflylarvae,1
pawsome,1
globalwarmingisreal,1
mealworms,1
chickensofinstagram,1
raisingchickens,1
smallshopsdreambig,1
grubterradogtreats,1
salmonsnackdogtreats,1
hen,1
backyardchickensofinstagram,1
bullybites,1
freezedriedbeef,1
homesteadeverafter,1
petchickens,1
bestdeals,1
freerangechickensoftiktok,1
dogstagram,1
dailyfarmlife,1
fatherdaugher,1
chickenfeed,1
simplehappyfarmlife,1
grubterra,1
furmomma,1
americanmade,1
chooks,1
farmlifeisbest,1
backyardchickensoftiktok,1
bullybitesdogtreats,1
backyardpoultrymag,1
instadog,1
chickenfarm,1
chem,1
cicadashell,1
hikingbag,1
sciencetoys,1
alchemy,1
crystallized,1
bugplush,1
i,1
cicadabackpack,1
chemist,1
cicadaplushie,1
crystallove,1
standwithblackwomen,1
joelbervell,1
canceralley,1
getclinicalwhite,1
bansoffmybody,1
standwitharizonawomen,1
gilletteskinguard,1
protectourearth,1
medicalmythbuster,1
nowincewhitening,1
medfluencer,1
rotaryinternational,1
gillettepartner,1
sensodyneclinicalwhite,1
fableticsambassador,1
racialbiasinmedicine,1
kidsfun,1
manedwolf,1
funforkids,1
lazyriver,1
asmreating,1
familyfuntime,1
activitiesforkids,1
audubonzoo,1
cuteanimalsoftiktok,1
tenrec,1
audubonaquarium,1
playtimefun,1
hog,1
tortoisesoftiktok,1
redriverhog,1
pigsoftiktok,1
sloths,1
redfootedtortoise,1
babychicks,1
americasfavoriteteacher,1
candling,1
hatching,1
embryology,1
moreyouknow,1
pufferfish,1
opossum,1
parks,1
phdnd,1
neoboards,1
neopets,1
friendsofthelibrary,1
naturewalks,1
snailjoke,1
snailtok,1
molluskmonday,1
jammiedodger,1
ballinbucknaked,1
thesouth,1
webbyaward,1
stemloft,1
stembesties,1
puremaths,1
woodchuck,1
missionunstoppabletv,1
groundhog,1
whistlepig,1
forging,1
metalcarving,1
miniatureart,1
steelcarving,1
bowieknife,1
metalsmith,1
woodcarving,1
bowie,1
sandiegozoo,1
positivequotes,1
junglejordan,1
zookeeper,1
jewelryorganization,1
organizationtok,1
organizationhacks,1
medicinecabinetmakeover,1
shoeorganization,1
getorganized,1
showerorganization,1
shoeorganizer,1
kidsorganization,1
purseorganization,1
officeorganization,1
nytimesbestseller,1
thehomeedit,1
getorganizedwiththehomeedit,1
swimsuitorganization,1
homehacks,1
sanofichcpartner,1
cordorganization,1
travelmusthaves,1
savechandra,1
electromagnet,1
letusknow,1
goldplaybutton,1
dodgeball,1
acetic,1
catapult,1
youtubeawards,1
spangler,1
omanrise,1
adventureseries,1
modernmirage,1
continental,1
unchartedroutes,1
yemencrisis,1
mapmagic,1
irishhistory,1
middleclasseconomics,1
historymeetsfuture,1
newcapitalegypt,1
roaduntraveled,1
portugalplans,1
panamericanhighway,1
growthspurt,1
britishhistory,1
dariengapmystery,1
newcapital,1
irelandtiktok,1
historyunveiled,1
mirage,1
globalawareness,1
potatopower,1
bedtimeprocrastination,1
taichi,1
takeabreak,1
shamimabegum,1
catchmeifyoucan,1
thabobester,1
kimjongnam,1
denalibrehmer,1
staceycastor,1
menendezbrothers,1
balloonboy,1
karenmatthews,1
frankabagnale,1
shannonmatthews,1
blackwidow,1
ftcollins,1
taylorparker,1
menendezcase,1
nasim,1
burundi,1
noelarokundo,1
picturetoburn,1
thetourturedpoetsdepartment,1
irealizedyouloveyourself,1
ididntgetmyperfectfantesy,1
mybaby,1
sure,1
anything,1
sprays,1
statetheobvious,1
macandmilo,1
hostbydisney,1
letsmakesomelunchformykids,1
pixarinspired,1
ourapartner,1
ouraring,1
cocomeloncanhelp,1
rosedumplings,1
bento,1
letsmakelunchformykids,1
carsland,1
whatdoyouwanttoeat,1
sulheejessica,1
letsmakesomelunch,1
kungfupandalunch,1
ratedpg,1
dogcompetition,1
optic,1
stevemould,1
ringsofpower,1
lotr,1
dogshow,1
funscience,1
interestingthings,1
londonevent,1
lopwertloves,1
lopwert,1
meoky,1
plouise,1
infinitygardenproject,1
infinitygarden,1
urbangarden,1
bonnietyler,1
galapagosislands,1
drakepassage,1
1yearago,1
galapagos,1
view,1
expedition,1
mapfacts,1
dailyfacts,1
womeninengineering,1
kidsbooks,1
flatearth,1
seasonalproduce,1
greekish,1
goodeggs,1
cityguide,1
cookbooks,1
illbringdessert,1
benjaminaebuehi,1
otkrecommends,1
renard,1
oppressionolympics,1
applyingtocollege,1
visitmuseums,1
watcherentertainment,1
colliesoftiktok,1
webbcitycardinals,1
movietrivia,1
joplinmo,1
voiceactorquiz,1
kansascitymo,1
artmuseumtiktok,1
teachingassistants,1
triviaduet,1
campustour,1
tvcommercials,1
sicitaliancategories,1
cartoonsquiz,1
sadiethecollie,1
youtubeislife,1
funnyyoutubevideo,1
triviatiktok,1
quizchallenge,1
animatedcharacter,1
academicbowl,1
waltenfiles,1
groomsman,1
artstuff,1
ustrivia,1
ihatethiscommercial,1
educatorsoftiktok,1
academiatiktok,1
gradschoolproblems,1
watchingsports,1
votethemout,1
videogamemusic,1
zeekyboogydoog,1
triviatok,1
meteorologytiktok,1
quiztok,1
dementedcartoonmovie,1
generalknowledgequiz,1
arttrivia,1
academictiktok,1
joplin,1
ghostfiles,1
educationpolicy,1
annoyingtv,1
uspresidents,1
musictrivia,1
phdstudentlife,1
professor,1
webbcitymo,1
mikemaddenwx,1
atmosphericscience,1
tiredofit,1
applecommercial,1
historytriviaquiz,1
turnitoff,1
phdproblems,1
triviatime,1
neilpatrickharris,1
2000sinternet,1
goingtocollege,1
knowledgequiz,1
sarcoxiemo,1
callcongress,1
kode,1
collie,1
fourstateshomepage,1
chuckecheeses,1
quiztiktok,1
collegestruggles,1
usatrivia,1
albinoblacksheep,1
gradstudentunions,1
southwestmissouri,1
ihatethis,1
cartoontiktok,1
cardinals,1
campustours,1
atmosphericchemistry,1
adjunctprofessor,1
gradstudentproblems,1
southwestmo,1
joplinmissouri,1
politicstok,1
fourstatessports,1
artistquiz,1
sportsfan,1
presidentsoftheunitedstates,1
ushistorytrivia,1
museumtiktok,1
cartoontrivia,1
prospectivestudent,1
historytrivia,1
gradschooltiktok,1
cardinal,1
artchallenge,1
weathermodification,1
dontletmego,1
flashanimation,1
scipol,1
webbcitysoccer,1
wxtiktok,1
politicsquiz,1
koam,1
videogamepiano,1
nelsonatkins,1
cartoonquiz,1
artquestions,1
artquiz,1
analoghorror,1
fourstatesweather,1
politiciansoftiktok,1
teachingassistantlife,1
presidents,1
quizgame,1
fourstates,1
academicsoftiktok,1
tvquiz,1
northeastoklahoma,1
ancientinternetreference,1
adjunctlife,1
drmikemadden,1
drmadden,1
scholarbowl,1
politicaljunkie,1
knowledgebowl,1
northwestarkansas,1
chuckecheese,1
graduateschool,1
gradstudentunion,1
collies,1
tvcommercial,1
kansascitymissouri,1
colliedog,1
highereducationtiktok,1
ksnf,1
animationtrivia,1
triviaquestions,1
tvtrivia,1
wxreport,1
metroid,1
triviagame,1
metroidnes,1
scienceiscool,1
whereisjackwalten,1
musiciansquiz,1
webbcity,1
animatedcharacters,1
gradstudentsoftiktok,1
voiceactor,1
quizbowl,1
nelsonatkinsmuseumofart,1
museumofart,1
highered,1
meteorologistsoftiktok,1
fourstatesmo,1
southeastkansas,1
musictrivianight,1
happysaturday,1
waltenfilestiktok,1
webbcitymissouri,1
atmosphericscientist,1
sciencepolicy,1
missouriweather,1
mowx,1
gothykendoll,1
lagrandedame,1
mayhemmiller,1
chorizamay,1
arantxacastillalamancha,1
marinasummers,1
scarletenvy,1
hannaconda,1
dentistswouldbepissed,1
sternzeichen,1
deutschamarbeitsplatz,1
büro,1
businessgerman,1
germancourse,1
prüfungsvorbereitung,1
prüfungsangst,1
germanschool,1
typischdeutsch,1
urlaub,1
germanonline,1
prüfung,1
büroalltag,1
horoskop,1
goetheinstitut,1
zertifikat,1
reise,1
