Hashtag,Frequency
sscs,1
ageofunion,1
stopiuufishing,1
exposekrillproducts,1
poachersbeware,1
seaeagle,1
stoptheplunder,1
fortheocean,1
illegalfishing,1
brandenburgertor,1
parlamentaufmischen,1
fossile,1
urteil,1
parlament_aufmischen,1
staatsanwatschaft,1
anklage,1
elefantimraum,1
zivilbevölkerung,1
euwahl,1
letztegeneration,1
positiveaction,1
climatecampaign,1
coalmine,1
keepitintheground,1
insureourfuturesnotpolluters,1
stopfossilfuels🌍,1
canbill,1
natureuk,1
deborahmeaden,1
greatbiggreenweek,1
swaptogether,1
sendreformengland,1
solidarityseason,1
gz4cpartner,1
savingalifeonedayatime,1
endoscopynurse,1
banding,1
histoacryl,1
margate,1
goldprobe,1
qpr,1
airports,1
rubbishbin,1
attacks,1
honeytrap,1
rubbish,1
suellabraverman,1
nerineskinner,1
benhabib,1
meghan,1
fritzl,1
talktv,1
alexphillips,1
marches,1
reformuk,1
ukpolice,1
joseffritzlcase,1
stgeorgesday,1
bin,1
vandalism,1
clash,1
jameswhale,1
unitedstatesofamerica,1
labourhq,1
mikegraham,1
controversy,1
juliahartleybrewer,1
protester,1
attacker,1
channelcrossings,1
cheshire,1
narinderkaur,1
criminalcase,1
israeliran,1
parkingfines,1
livstruss,1
summerholidays,1
joseffritzl,1
stgeorgescross,1
elisabethfritzl,1
royalty,1
talk,1
jso,1
injuries,1
princeharry,1
spudman,1
harryandmeghan,1
channelmigrants,1
conflicts,1
jet,1
grind,1
month,1
olivetrees,1
hidingevidence,1
abbymartin,1
workdpolitics,1
worldpolitics,1
rishi,1
joshwiddicombe,1
workington,1
nishkumar,1
fyfyp,1
sadiq,1
cumbria,1
banthebatistas,1
naturesfyndpartner,1
blackgirlenvironmentalists,1
boohoohaul,1
boohoo,1
campaigns,1
susty,1
ethical,1
toon,1
shutdownrafael,1
notogenocide,1
draxmustfall,1
reparationsnow,1
axedrax,1
topsurgery,1
genderaffirmingcare,1
a22network,1
freethedegastwo,1
stoprosebank,1
revivenieo,1
debtforclimate,1
cancelthedebt,1
deudaxclima,1
80yearsareenough,1
debtcancellation,1
spink,1
leicestersquare,1
funnybooktok,1
indianrebellion,1
auction,1
silkmap,1
spies,1
princessdiana,1
agathachristie,1
paddingtonbear,1
thelondonspy,1
medalofhonor,1
sekhmet,1
ranjitsingh,1
greatfireoflondon,1
henrymoore,1
royalairforce,1
raf,1
cavaliers,1
specialoperations,1
altar,1
1857,1
rheingold,1
secretintelligenceservice,1
galleryguide,1
londonpub,1
medal,1
ringcycle,1
kohinoor,1
onenewchange,1
goldmedal,1
wagner,1
royalhistory,1
banquetinghouse,1
spying,1
olivercromwell,1
royalwedding,1
cityoflondon,1
bondstreet,1
romanbritain,1
escapeandevasion,1
mi9,1
specialagent,1
aircraft,1
gavinturk,1
sothebys,1
17thcentury,1
crownjewel,1
kingcharles1st,1
londontourguide,1
blackdog,1
secondworldwar,1
royaloperahouse,1
mi6,1
charliechaplin,1
panorama,1
englishhistory,1
tudorhistory,1
henryviii,1
eastindiacompany,1
soe,1
elizabeth1,1
laurelandhardy,1
monarchy,1
catherineofaragon,1
roundheads,1
theringcycle,1
davidharry,1
historicdocuments,1
whitehall,1
romanarchitecture,1
mysterypainting,1
viewingplatform,1
victoriacross,1
queenvictoria,1
stpaulscathedral,1
nogloves,1
royalsignature,1
charles1,1
horizon22,1
romanlondon,1
kenlivingstone,1
englishcivilwar,1
espionage,1
tourguide,1
wellingtonbarracks,1
wrenchurch,1
tudors,1
