Hashtag,Frequency
finanzen,1
nomeat,1
energiewende,1
wirsinddiebrandmauer,1
nachhaltigessen,1
mitmachen,1
artenschutz,1
wissing,1
fahrverbot,1
sadhamster,1
zukunftsfitmitklimafit,1
welthamstertag,1
natürlichwählen,1
umweltverschmutzung,1
votefutureeu,1
hamstermeme,1
kanzler,1
insektenliebe,1
gestaltenstattkürzen,1
kreislaufwirtschaft,1
bundeskanzler,1
meatexhaustionday,1
plastikflut,1
politok,1
buckewahl,1
bundestag,1
demokratieverteidigen,1
naturpur,1
euwahl2024,1
worldhamsterday,1
tempolimit,1
rechtsextremismusstoppen,1
climatebreakdown,1
highwaytohell,1
climatehell,1
tippingpoints,1
globalboiling,1
thereisnoplanetb,1
listentoscience,1
blahblahblah,1
endfosslfuels,1
greta,1
boxxe,1
maklelan1996,1
maklelan2006,1
maklelan1998,1
maklelan1954,1
maklelan1984,1
maklelan1953,1
maklelan2002,1
maklelan1986,1
maklelan1995,1
maklelan1962,1
maklean1961,1
maklelan2000,1
maklelan1992,1
maklelan1990,1
maklelan1959,1
maklelan1964,1
maklelan1967,1
maklelan1960,1
maklelan2007,1
maklelan1982,1
maklelan1975,1
maklelan1999,1
maklelan1987,1
maklelan1969,1
maklelan1965,1
maklelan1952,1
maklelan1980,1
maklelan1997,1
maklelan1977,1
maklelan1979,1
maklelan1973,1
maklelan2003,1
maklelan1956,1
maklelan1978,1
maklelan2004,1
maklelan1988,1
maklelan1971,1
maklelan1976,1
maklelan1994,1
maklelan1955,1
maklelan1989,1
maklelan1974,1
maklelan1981,1
maklelan1970,1
maklelan2005,1
dataoverdogma,1
maklelan1972,1
maklelan2001,1
maklelan1963,1
maklelan1951,1
maklelan1957,1
maklelan1958,1
maklelan1991,1
maklelan1985,1
maklelan1968,1
maklelan1983,1
maklelan1966,1
