Hashtag,Frequency
crocerossaitaliana,2
كوميديا,2
شغل,2
cursosgratis,1
ypi,1
باب_الحارة,1
chefmarwan,1
lebanesecuisine,1
غيث_الهايم,1
منه_بهجت,1
التقيل_تقيل,1
محمد_اسامه,1
أحدث_اغاني_عيد_الفطر_2024,1
اللعب_احلو,1
on_stream,1
شكر_خاص,1
trust_mayar_emad,1
روما,1
vmmusic,1
لميس_كان_يا_شغلاهم,1
احمد_شعبان_خلاويص,1
terabox,1
يا_شغلاهم,1
eltwins_markting,1
راغب_علامة,1
راغب_علامة_التقيل_تقيل,1
صاحبه_قلم_الروج_الاحمر,1
اغاني_عيد_الفطر_2024,1
لميس_كان,1
ناي_لحظة_نزفزة,1
cri,1
criacireale,1
per,1
unitaliacheaiuta,1
perte,1
neipertee,1
amar_rim,1
كوميدي,1
عمو_سامي,1
elenomar,1
تلشعب_الصيني_ماله_حل😂,1
ههههه,1
indiantrend,1
نصيحة,1
ايلانا_الصباغ,1
sheglamliquidfam,1
sheglamblush,1
elenaelsabbagh,1
هههه,1
سكتش,1
سمير_ابو_النيل,1
أفلام,1
بنك_الحظ,1
روتانا,1
محمد_رجب,1
محمد_سعد,1
سيد_العاطفي,1
حمادة_هلال,1
ظرف_طارق,1
البدلة,1
الباشا_تلميذ,1
رامز_جلال,1
اكرم_حسني,1
تامر_حسني,1
أحلام_الفتى_الطايش,1
كريم_عبدالعزيز,1
صبايا,1
رضاالبحراوي,1
رضوى_الشربيني,1
اجازة,1
مصر🇪🇬,1
يوميات_ست_بتسوق,1
ارتباط,1
عبدالفتاح_السيسى,1
فريش,1
يومياتي_مع_زوبه,1
انا_مديرة_فرفوشة,1
السيسي,1
هري_ديانا,1
_دكتورعمادسلامه,1
🥰,1
رامي_جمال,1
🤣🤣🤣,1
شريهان,1
oh,1
remember,1
رقص,1
فرحه,1
السعوديه,1
guerlain,1
كارن_وازن,1
abeilleroyale,1
beautifulpeople,1
karenwazen,1
bykarenwazen,1
guerlainskincare,1
crocerossa,1
crilomazzo,1
ironia,1
soccorritore,1
volontariato,1
special,1
gators,1
with,1
mantis,1
poisonous,1
raining,1
feisty,1
feeding,1
tiktokanimals,1
anacondas,1
rattlesnake,1
tik,1
shed,1
cuties,1
borns,1
awesome,1
prayingmantis,1
orphan,1
swallow,1
nice,1
shedding,1
day,1
bite,1
beast,1
herping,1
eye,1
albino,1
little,1
massive,1
zoolife,1
momma,1
feed,1
tok,1
