Hashtag,Frequency
idulfitri1445h,4
mudikceriapenuhmakna,4
zakat,3
perú,3
inclusión,3
DiIndonesiaAja,3
pesonaindonesia,3
wonderfulindonesia,3
harikartini2024,3
msnbc,2
livingroominspo,2
meloni,2
sanità,2
salute,2
standwithukraine,2
equipedesfrançais,2
nihaochina,2
fujian,2
bringthemhome,2
פוריו,2
hunger,2
สงกรานต์2024,2
stopiran,2
humanitarian,2
dublin,2
diplomacy,2
discovereu,2
díadeldeporte,2
welcome,2
agenda2030,2
chine,2
sichuan,2
greatwall,2
huacho,2
ue,2
banggabuatanindonesia,2
belikreatiflokal,2
banggaberwisatadiindonesia,2
santridigitalpreneur,2
sobatparekraf,2
10thworldwaterforum,2
selasapapua,2
waterforsharedprosperity,2
tipsmudik,2
sostenibilità,2
unioneeuropea,2
lavoro,2
swapparty,2
secondhandshop,2
travelgram,2
londonlandmarks,2
volunteerweek,2
aussieanimals,2
volunteeropportunities,2
walkingday,2
disabilitas,2
hkb2024,2
חילהאוויר,2
צהל,2
voluntario,2
crj,2
cruzrojajuventud,2
worldmalariaday,2
worldvision,2
endchildhunger,2
digitaldiplomacy,1
justintrudeau,1
digitalproducts,1
startyourbusiness,1
tiktokplan,1
creatoryips,1
growyoursoci,1
contentschedule,1
contentplan,1
tiktoktops,1
tiktoksound,1
monetize,1
contentidea,1
digialproducts,1
postnow,1
digitalproduct,1
growsocials,1
woodwall,1
woodupp,1
akupanel,1
mywodupp,1
aluwood,1
acousticpanel,1
outdoorpanels,1
foyer,1
gallerywall,1
frametv,1
capriguide,1
sorrento,1
newhotels2024,1
italytraveltips,1
palmspringshotel,1
italyitinerary,1
amanhotel,1
ischia,1
capriitaly,1
vacationstyle,1
californiahotel,1
croatiahotel,1
mallorcahotel,1
spainhotels,1
procida,1
sftok,1
madridhotel,1
spahotel,1
capriitalyguide,1
hvar,1
nutallergy,1
newhotel,1
southoffrancehotel,1
watercolor,1
procreatetutorials,1
procreate,1
abstract,1
procreatetutorial,1
abstractart,1
brushes,1
3dart,1
opticalillusion,1
biggestsale,1
exclusivedeals,1
euelections2024,1
useyourvote,1
amazonhomedecor,1
neutralhomeinspo,1
amazonhomefavorites,1
amazonhomefinds,1
beautifulbydrewbarrymore,1
neutralstyling,1
neutralhomestyle,1
targethome,1
affordablehomestyling,1
interiordesignideas,1
arearugshopping,1
neutralhomeedit,1
homedecoronamazon,1
targetcircledeals,1
organicmoderndesign,1
livingroominspiration,1
neutralstyledhome,1
organicmodern,1
texturedesign,1
organicmoderninteriors,1
homedecoration,1
neutralhomelove,1
decoratingonabudget,1
texturedrug,1
bestjute,1
amazonhomehacks,1
transitionaldecor,1
walmartdeals,1
betterhomesandgardens,1
homedecoronabudget,1
affordablehomedecor,1
tvstand,1
uttermost,1
homestyle,1
trendingdesigns,1
walmarthomefinds,1
walmartmusthaves,1
texturedecor,1
livingroomrug,1
amazondeals,1
outdoorstyle,1
transitionaldesign,1
designerhomedecor,1
arearug,1
walmartdecor,1
homedecorating,1
homedecorsale,1
mediaconsolestyling,1
tvstandstyling,1
homedecorfindsonabudget,1
budgetfriendlydecor,1
trendingstyle,1
walmarthomedecor,1
neutralstyle,1
livingroomideas,1
mediaconsole,1
targetdeals,1
walmarthome,1
homedecorsales,1
trendingdecor,1
neutralrug,1
lookforless,1
organicmoderndecor,1
budgetfriendlyhomedecor,1
decorideas,1
homedecoronabuget,1
juterug,1
couplestravel,1
rawfed,1
austinblogger,1
traveldog,1
travelcouple,1
austinevents,1
nileriver,1
travelingwithdogs,1
jsx,1
eurostar,1
qsuites,1
darwinspetfood,1
m5s,1
armi,1
movimento5stelle,1
basilicata,1
ospedale,1
amstaff,1
homeimpovement,1
thriftstorefind,1
contactpaper,1
peelandstickwallpaper,1
craftpaint,1
designdilemma,1
peelandstick,1
homeideas,1
spookyvibes,1
momhacks,1
kitchenideas,1
loveswater,1
peelandsticktile,1
ghostcaughtoncamera,1
pitbullpuppy,1
wimberleytx,1
texassolareclipse,1
eclipsecocktail,1
wimberleytexas,1
thebygonehotel,1
ltkcreatorday,1
frenchembassy,1
worldbank,1
imf,1
normandie,1
justtrustmeyoullbefine,1
washingtonwizards,1
claudemonet,1
djo,1
moonpie,1
twilighteclipse,1
bilalcoulibaly,1
springmeetings,1
presidentialelections,1
disabled,1
visuallyimpaired,1
aiwriter,1
websitesyouneed,1
metaads,1
googleads,1
simplifiedpartner,1
paidads,1
aidesign,1
designinspiration,1
graphicdesigntools,1
aiautomation,1
freewebsites,1
graphicdesigner,1
caringforyou,1
communitydevelopment,1
avfja,1
craftedinjamaica,1
educationtransformation,1
caringforoureconomy,1
stthomastransformation,1
morantbaytowncentre,1
effectiveapril2024,1
artisanvillageja,1
brightfuture,1
progressinmotion,1
morefor2024,1
artisanadventureja,1
buildingforyou,1
itsbetterinaunion,1
donmario,1
santacruzdelasierra🇳🇬,1
mariocronembold,1
bolivia🇧🇴,1
cronembold,1
funciona,1
charlamotivacional,1
reduno,1
exparejas,1
amigodetuex,1
padrinodepromo,1
nofunciona,1
cervezacorona,1
berner,1
bernerlove,1
treat,1
bernesemountaindog,1
berners,1
documentari,1
viaggioinitalia,1
elcambiosigue,1
chinaculture,1
travelchina,1
大运河,1
rioamarillo,1
tradición,1
dunhuang,1
culturachina,1
敦煌,1
lianyungang,1
patrimoniocultural,1
兰亭雅集,1
grancanaldechina,1
福建,1
黄河,1
civilizaciónchina,1
turismodechina,1
甘肃,1
conocerchina,1
descubrirchina,1
gansu,1
río,1
historiachina,1
你好中国,1
quanzhou,1
montaña,1
yellowriver,1
书法,1
viajeachina,1
פליטיםבישראל,1
מדינתישראל,1
1לספטמבר,1
ממשלתישראל,1
פורי,1
צפוןישראל,1
7באוקטובר,1
28aporelcauca,1
armerotolima,1
pazrock?,1
leridatolima,1
abrazamosalcauca,1
lachanchamuda,1
gillman,1
thecasualities,1
pactocultural,1
comprarlibros,1
culturacolombiana,1
unidaddevictimas📝👀,1
maganguebolivar,1
víctimas,1
hondatolima,1
lamuchacha,1
plazadebolívar,1
filbo2024?,1
kchiporros,1
presidenciadelarepublica,1
memoriahistórica,1
montelíbano,1
culturarock,1
panteónrococó,1
ayapel_cordoba_colombia,1
wonderfox,1
puertoresistencia,1
sanmarcos,1
plazadebolivar,1
centrodememoriapazyreconciliacion,1
vicepresidencia,1
paulgillman,1
lavorágine,1
juandavidcorrea,1
magangué,1
rockargentino,1
sanbenitoabad,1
sonidosparalaconstruccióndepaz,1
bullenrap,1
laculturaenunminuto,1
culturacolombia,1
rock?,1
franciamárquez,1
centenariovorágine,1
elpropiojunte,1
veritoasprilla,1
bibliotecanacional,1
pactosculturales,1
músico,1
territoriobioculturales,1
sombrerovueltiao,1
culturadepaz,1
thecasualties,1
montelibanocordoba,1
lturadepaz,1
pluconpla,1
culturaenunminuto,1
sanpelayo,1
28abrilenpaz,1
veritoaprilla,1
sanjosédeuré,1
pactoculturalporlavidayporlapaz,1
gustavopetro,1
librosbaratos,1
tuchín,1
sanpelayocordoba,1
armerotolima🌄,1
córdoba,1
lavoragine,1
vicepresidenciacolombia,1
lamuchachayelpropiojunte,1
ayapel,1
lapestilencia,1
pueblozenú,1
franciamarquez,1
vicepresidenciadelarepublica,1
tuchíncordoba,1
laspoker,1
pazrock,1
sanmarcoscordoba,1
ramadanmubarak🌙,1
united4survival,1
คาซัคสถาน,1
สะพานมิตรภาพไทย,1
ignitethailand,1
mfathai,1
แม่สอด,1
เมียนมา,1
jcbc,1
expatriateorientationprogram,1
ปีใหม่ไทย,1
unhabitat,1
กระทรวงการต่างประเทศ,1
เอสแคป,1
mfa,1
รัฐมนตรีว่าการกระทรวงการต่างประเทศ,1
แอฟริกา,1
สงกรานต์ปีใหม่ไทย,1
thailandvision,1
thailandfoundation,1
mfathailand,1
เวียดนาม,1
mlc,1
netzerostrategy,1
กต,1
มองโกเลีย,1
นิวซีแลนด์,1
สรงน้ําพระ,1
ไทย,1
ทอล์กกับทูต,1
สื่อสารการทูตไทยเชื่อมไทยสู่สากล,1
หุ้นส่วนทางยุทธศาสตร์,1
การทูตเพื่อประชาชน,1
eop,1
communicatexconnect,1
mekonglancang,1
สหประชาชาติ,1
การเยือนไทยอย่างเป็นทางการ,1
yihad,1
pesaj,1
letthemgonow,1
nuncamás,1
líbano,1
liberenlos,1
hamás,1
jerusalén,1
libérenlos,1
gutsworldtournyc,1
headcount,1
votetok,1
nasihatkkm,1
tiktipsihat,1
kkm,1
pesankkm,1
malaysiamadani,1
kementeriankesihatanmalaysia,1
aseefabhutto,1
mna,1
firstlady,1
salamshaheedbhutto,1
bilawalbhuttozardari,1
benazirbhutto,1
smbb,1
hotmeals,1
state,1
businesses,1
monaghan,1
carlow,1
susi,1
carrickmacross,1
outandabout,1
studentgrant,1
finegael,1
portlaoise,1
horserace,1
firstday,1
irishfarmer,1
irishpolitics,1
castleblayney,1
westofireland,1
lastweek,1
walkabout,1
stardust,1
irish,1
goodtomeetyou,1
hostages,1
busy,1
judge,1
kilenny,1
unitednations?,1
womeninpolitics,1
armsembargonow,1
survivalsunday,1
unite4survival,1
banfossilfuelsubsidies,1
uyghurs,1
taiwancanhelp,1
greenhouse,1
unsg,1
survivalsundays,1
climateaction?,1
megaelection,1
internationalcourtofjustice,1
armsembargo,1
dasabalasena,1
tangalle,1
srilankan,1
nr,1
tempel,1
srilankan_tik_tok🇱🇰,1
namalrajapaksa,1
gangaram,1
namal,1
hambantota,1
kurunagala,1
slpp,1
kurunagala_squad🔰,1
kurunagala__අපි,1
දසබලසේනා,1
srilankan_tik_tok,1
permis,1
nopasaran,1
mons,1
siep,1
wallonie,1
fiu,1
40hrsescalidaddevida,1
trenesparachile,1
enade2024,1
educacióncívica,1
másseguridad,1
preparémonosparaelinvierno,1
leytea,1
micsur2024,1
díadelacocinachilena,1
40horas,1
guíaciudadana,1
chiletieneroyalty,1
gobiernodechile,1
cambiodehorachile,1
metrodesantiago,1
cenabast,1
quesesepa,1
vacúnatenoduele,1
chileavanzacontigo,1
diadeldeporte,1
leycenabast,1
díamundialdelautismo,1
quechivoaqui,1
dronefpv,1
amapulapa,1
plancontrolterritorial,1
lactanciamartena,1
seguridadsv,1
renta2024,1
ichanmichen,1
leyamorcomvertidoenalimento,1
accióncoatepeque,1
salvadoreños,1
binaes,1
emergenciaambiental,1
censo2024,1
cercosdeseguridad,1
censo204,1
biblioteca,1
ทําเนียบรัฐบาล,1
นานกรัฐมนตรี,1
สถานีขนส่งหมอชิต,1
เกษตรกร,1
อร่อยมาก,1
รัฐบาลเศรษฐา,1
ชาวสวน,1
สนามหลวง,1
siam,1
digitalwallet,1
รัฐบาล,1
ขึ้นห้าง,1
ฟุตบอลไทย,1
สื่อ,1
อีเว้นท์,1
siamparagon,1
ราคายาง,1
พิธีต้อนรับ,1
ไทยคู่ฟ้า,1
มี,1
เหตุเพลิงไหม้,1
รอบคอบ,1
เกณิกาอุ่นจิตร์,1
รองโฆษกประจําสํานักนายกรัฐมนตรี,1
ยางพารา,1
มีมติ,1
งบประมาณ,1
ดอกลําดวน,1
วิสัยทัศน์,1
อสม,1
ยกระดับคุณภาพชีวิต,1
อุตสาหกรรม,1
ตํารวจไซเบอร์,1
พี่น้อง,1
เเกงไตปลา,1
นายกรัฐมนตรีนิวซีแลนด์,1
กลับบ้าน,1
เงิน10000บาท,1
นายกเศรษฐาทวีสิน,1
งบ,1
newzealand🇳🇿,1
สื่อมวลชน,1
หมอชิต,1
กระตุ้นเศรษฐกิจ,1
fcbayernmünchen,1
songkranfestival,1
พ่อเเม่,1
เกาะสมุย,1
สวัสดีปีใหม่ไทย,1
เอกชน,1
ร้านค้า,1
ปิดทอง,1
นําทีม,1
เชิญชวน,1
รองโฆษกรัฐบาล,1
mahasongkran2024,1
การประชุม,1
เล่นน้ํา,1
รองผึ้ง,1
เย็นทั่วหล้ามหาสงกรานต์,1
แก้ไขปัญหาจราจร,1
ขอบคุณ,1
ไม่ทิ้งกัน,1
ปัญหาขยะ,1
เงื่อนไข,1
วัดเจดีย์ไอ้ไข่,1
เที่ยวไทย,1
10000,1
ปลอดภัย,1
นายก,1
สภาพคล่อง,1
การใช้เงิน,1
องค์พระบรมธาตุเจดีย์,1
ตรวจราชการ,1
ตลาดกลางยางพาราสุราษฎร์ธานี,1
ชัยวัชรงค์,1
เศรษฐาทวีสิน,1
ฟังข้อเสนอ,1
โก้เมืองเพชร,1
ผู้มีสิทธิ,1
รัดเกล้าสุวรรณคีรี,1
อย่าง,1
นายกรัฐมนตรี,1
สิ่งศักดิ์สิทธิ์,1
ภูเก็ต,1
รัดกุม,1
นวลทองจันทร์,1
ไอ้ไข่เด็กวัดเจดีย์,1
อสมเกาะสมุย,1
ประชาชน,1
ผู้สูงอายุ,1
ร้านโชห่วย,1
เยือน,1
songkran,1
คู่เมือง,1
roymakaay,1
สวนนวลทองจันทร์,1
พม,1
นายกทํางาน,1
softpower,1
siamcenter,1
โฆษกรัฐบาล,1
10000บาท,1
จังหวัดระยอง,1
จังหวัดจันทบุรี,1
กฎหมาย,1
suratthani,1
รัก,1
ปราบปรามผู้มีอิทธิพล,1
รองโฆษก,1
ดูงาน,1
เติมเงิน10000,1
รองโฆษกเนเน่,1
บน,1
ประเทศไทย,1
ตาม,1
สวนทุเรียน,1
สาธารณรัฐประชาชนบังกลาเทศ,1
ราชดําเนิน,1
กวาดล้างสิ่งผิดกฎหมาย,1
ผ้าขาวม้า,1
วัดเจดีย์,1
ส่งออก,1
เติมเงิน,1
เป็นไปตามกฎหมาย,1
ขยะ,1
ถูกต้อง,1
นายกเศรษฐา,1
เดินทาง,1
ปาล์ม,1
2567,1
สักการะ,1
บาเยิร์นมิวนิก,1
สื่อสารรัฐบาลไทย,1
concept,1
วันผู้สูงอายุแห่งชาติ,1
เห็นชอบ,1
สุราษฎร์ธานี,1
พอใจ,1
เมืองนคร,1
บังกลาเทศ,1
นครศรีธรรมราช,1
ไอ้ไข่,1
อย่างเป็นทางการ,1
ยืนยัน,1
เพื่อประชาชน,1
เเสดง,1
แปรรูปผลไม้,1
ตรวจเยี่ยมชาวแฟลตดินแดง,1
ราคายางขึ้น,1
วันสงกรานต์,1
เข็มกลัด,1
ประเทศไทย🇹🇭,1
ชาวสวนยาง,1
ห่มผ้า,1
ในโอกาส,1
เมืองคอน,1
ชาวสมุย,1
เที่ยวงาน,1
bangladesh🇧🇩,1
thailandtourism,1
กรมทางหลวง,1
กองบัญชาการตํารวจสืบสวนสอบสวนอาชญากรรมทางเทคโนโลยี,1
มีพอ,1
กฎหมายปราบปรามอาชญากรรมไซเบอร์,1
ทุเรียน,1
อวยพร,1
รองผึ้้ง,1
ความเป็นอยู่ให้ดีขึ้น,1
บังคับใช้กฎหมายอย่างเคร่งครัด,1
แฟลตดินแดง,1
โรงงานสารเคมี,1
9juin,1
parcoursup,1
lemaire,1
unionpopulaire,1
racisme,1
deficit,1
francoisruffin,1
standwithisrael🇮🇱,1
trabalhodecente,1
ods15,1
contraterefugiados,1
ods8,1
indígenasrefugiados,1
objetivosglobais,1
saúde,1
primeirodemaio,1
ajaagora,1
diadotrabalhador,1
ods11,1
strasbourg,1
santé,1
impots,1
infarctus,1
inondation,1
equipedesfrancais,1
bouge30minutes,1
doubledutch,1
européennes2024,1
droitdevote,1
meteofrance,1
toutesettouségaux,1
cequichange,1
relaisdelaflamme,1
démocratie,1
crues,1
zhejiang,1
guizhou,1
sayram,1
glace,1
kongfu,1
renaijiao,1
diplomatie,1
astrologie,1
xiamen,1
neimenggu,1
huairou,1
muséeguimet,1
yannicklintz,1
hangzhou,1
wangwentao,1
fantastic,1
montargis,1
commémoration,1
bayanhar,1
gastronomie,1
chinoise,1
cinéma,1
kuomingtang,1
calligraphie,1
surcapacité,1
中央民族乐团,1
salar,1
automobile,1
pla,1
industrie,1
huzhou,1
chenjialing,1
firefly,1
kunming,1
jeu,1
allemand,1
chongqing,1
勤工俭学,1
xijinping,1
xihu,1
coopération,1
gastronomy,1
aukus,1
innovate,1
paix,1
erhu,1
kongfupanda,1
paysages,1
gdp,1
overcapacity,1
lunaire,1
mayingjeou,1
traditionalorchestra,1
唐峰,1
arts,1
cyberattack,1
wangyi,1
langue,1
célébration,1
guangan,1
jeune,1
dengxiaoping,1
viennaconvention,1
dynamique,1
amis,1
1994,1
poème,1
guyu,1
bortala,1
diaoyutai,1
tongjiuniversity,1
musulman,1
peinture,1
civilization,1
xining,1
peoplesliberationarmy,1
montagne,1
yunnan,1
diplomat,1
blossoms,1
bronze,1
qinghai,1
precision,1
二胡,1
围棋,1
janetyellen,1
xinjiang,1
purple,1
poètes,1
artistes,1
write,1
pacifique,1
bois,1
anniversaire,1
worldheritage,1
maonan,1
allemagne,1
1949,1
superleague,1
chinois,1
bijie,1
artiste,1
weapon,1
meishan,1
retrouvaille,1
tangfeng,1
scholz,1
céramique,1
riyadmansour,1
resolution,1
esthétique,1
doublestandard,1
borisjohnson,1
caligraphy,1
forbiddencity,1
lng,1
lune,1
génocide,1
陈家泠,1
davidcameron,1
lushaye,1
artisanat,1
changsha,1
batangmakabansa,1
matatag,1
depedphilippines,1
nstf2024,1
bansangmakabata,1
irmkongsi,1
leicester,1
cakes4syria,1
gaza📍,1
somalia,1
shareramadan,1
découverte,1
travelinchina,1
guilin,1
porcelain,1
故宫,1
yangshuo,1
cultureduthé,1
citéinterdite,1
musee,1
paysage,1
photographie,1
mutianyu,1
travellovers,1
voyageursdumonde,1
patrimoinemondial,1
slowtravel,1
jiuzhaigou,1
grandemuraille,1
桂林,1
guangxi,1
porcelaine,1
perdanamenteri,1
pusara,1
allahyarham,1
johor,1
johordarultakzim,1
makampahlawan,1
alamakrayalagi,1
keluarsekejap,1
sembrongkita,1
terawih,1
h20,1
allahswt,1
hishammuddinhussein,1
amalandoa,1
hishammuddin,1
jdt,1
maghrib,1
maafzahirdanbatin,1
bonda,1
ibu,1
alfatihah,1
salamaidilfitri,1
syawal,1
amalanbaik,1
menteribesar,1
husseinonn,1
solatmaghrib,1
tarawih,1
tunhusseinonn,1
kj,1
sembrong,1
ks,1
bukapuasa,1
sahabat,1
rayarayaraya,1
solatterawih,1
sembahyang,1
menteribesarjohor,1
bekasperdanamenteri,1
allah,1
moreh,1
kahang,1
harirayaaidilfitri,1
pemimpin,1
tunabdulrazak,1
shrmzb,1
kawan,1
paloh,1
akrab,1
tunsuhailah,1
masjidnegara,1
onnhafiz,1
aidilfitri,1
ziarah,1
khairy,1
amalan,1
ayahanda,1
allahyarhamah,1
khairyjamaluddin,1
rayakansebulan,1
biomasa,1
barco,1
producealminuto,1
bailecito,1
anchoveta,1
producción,1
daleplay,1
acuicultura,1
prevenciónvih,1
recuperación,1
essalud,1
urgencia,1
cardiología,1
corazón,1
órganos,1
prevención,1
urgenciasvsemergencias,1
zancudo,1
médico,1
donación,1
desfibriladores,1
atención,1
parkinson,1
sociedad,1
conmovedor,1
especialidades,1
malestar,1
sintomas,1
preparación,1
fiebre,1
emergencia,1
huara,1
riñón,1
cuidados,1
cardiopatía,1
cirugía,1
bebé,1
enfermedad,1
información,1
gagauzia,1
moldova,1
pentrureferendum,1
quijote,1
dragones,1
patrimonioculturalinmaterial,1
lenguadesignosespañola,1
museosestatales,1
18deabril,1
lenguadesignos,1
filmoteca,1
culturasorda,1
jano,1
díainternacionaldeldiseño,1
díadellibro2024,1
revolucióndelosclaveles,1
pablobustinduy,1
celebraciónpicasso,1
consejodeministros,1
museodeltraje,1
grândolavilamorena,1
ernesturtasun,1
donquijote,1
cbamadrid,1
migueldecervantes,1
urtasun,1
gratuita,1
círculodebellasartes,1
derechossociales,1
revolución,1
república,1
cervantes,1
ministeriodecultura,1
díainternacionaldelosmonumentosysitios,1
lse,1
iirepública,1
archivosestatales,1
kitabikinromantis,1
kreatifindonesia,1
karismaeventnusantara,1
labuanbajo,1
ken2024,1
untourism,1
diindonesiaaja?👇🏻,1
ramadhankareem,1
blueoceanstrategy,1
diindonesiaaja?,1
silahturahmi,1
persaudaraan,1
merawatnegeri,1
mudikminimsampah,1
timmarves,1
tajembmy,1
kalsel,1
urangbanjar,1
impetigore,1
diplomasipendidikan,1
idulfitri2024,1
kbriastana,1
megawati,1
komunikasipolitik,1
eatlovepray,1
diplomasisastra,1
dubesrikazakhstantajikistan,1
rintiskemajuan,1
garudamuda,1
kbriastanatheservingembassy,1
wismaindonesiaastana,1
belajarbahasa,1
banjar,1
jokowidodo,1
dokumentasiriset,1
siksakubur,1
gurusekumpul,1
sejarahlaritergesa,1
duahatibiru,1
undergroundnotes,1
bahasaindonesia,1
diplomasifilm,1
perempuantanahjahanam,1
wijithukul,1
bungfadjroel,1
diplomasiolahraga,1
kelasbahasaindonesia,1
inidiplomasi,1
diplomasipariwisata,1
diplomasibudaya,1
catatanbawahtanah,1
ticketstoparadisemovie,1
kbriastanamajuindonesiamaju,1
pinggirjalan,1
penjagagawang,1
papua,1
pansela,1
inpresjalandaerah,1
diskontol,1
lembahanai,1
uangkita,1
timnasday,1
sigapmembangunnegeri,1
jagaasetnegara,1
AreYouReadyToWear,1
spotwisata,1
sarhunta,1
jalandaerah,1
sty,1
gorontalo,1
tobalake,1
padang,1
ijd,1
jalannasional,1
sumbar,1
worldwaterforum10,1
papuaselatan,1
sahabatpupr,1
jatim,1
diskontariftol,1
lebaran2024,1
danautoba,1
timnas,1
pakbas,1
attyharry,1
spoxharry,1
spoxhour,1
thespoxhour,1
harryroque,1
attyharryroque,1
blackgirlscode,1
wearebgc,1
codealong,1
chimaltenango,1
guatemalasaleadelante,1
🌙,1
islamicrelief,1
empowerigindonesia,1
balaibesarsurveidanpemetaangeologikelautan,1
ngabuburitberkah,1
sobatenergi,1
belajarbarengminergi,1
energipunyasemua,1
tinggalkankerumah,1
ramadantiba,1
siksakuburfilm,1
ngabuburitsobatenergi,1
penerimaanmahasiswabaru2024,1
kabargeologi,1
hematenergi,1
aman,1
empoweringindonesia,1
pemudamajuolahragajaya,1
funvolleyball,1
kemenpora,1
inisaatnyavoli,1
funvolleyball2024,1
antofagasta,1
fach,1
skycostanera,1
algoritmos,1
fidae2024,1
minam,1
residuossólidos,1
lagunasyglaciares,1
huaura,1
emprendedorespornaturaleza,1
economíacircular,1
díainternacionaldelatierra,1
nono,1
yopromotorambiental,1
voluntariadoambiental,1
ambiente,1
menosplásticomásvida,1
minamteinforma,1
hijosdelamadretierra,1
menosplásticomasvida,1
6months,1
beret,1
second,1
sirenhead,1
statement,1
aerial,1
prepared,1
rawfootage,1
brigade,1
empty,1
explosive,1
loreto,1
proyectos,1
bailando,1
minem,1
arequipa,1
huánuco,1
velille,1
hidrocarburos,1
agricultura,1
en,1
dameluz,1
mineria,1
chino,1
eficienciaenergética,1
lote8,1
regalías,1
galacticos,1
líder,1
minemeduca,1
minería,1
fusion,1
حماس,1
داعش,1
settimanacorta,1
belgio,1
caricabatterie,1
notiziadelgiorno,1
ministerosovranitaalimentare,1
tradizioni,1
4daysweek,1
cotone,1
soldi,1
giornatanazionaledonazioneorgani,1
giovani,1
dirittidelledonne,1
protesta,1
centronazionaletrapianti,1
carcereminorile,1
concorrenza,1
inquinamento,1
regolamentodidublino,1
rifiuti,1
cartadidentità,1
donne,1
psicologodibase,1
politicaestera,1
caffè,1
funzionari,1
unsìincomune,1
diplomatici,1
antonioscurati,1
ospedali,1
nove,1
ministeroagricoltura,1
istat,1
aiutiumanitari,1
eu2024,1
ivg,1
unioneruopea,1
under30,1
ciboitaliano,1
scurati,1
ue2024,1
alcol,1
elezionieuropee2024,1
hugodecripte,1
giovanisalute,1
truppe,1
contestazione,1
fondazionegimbe,1
settimanadiquattrogiornii,1
arresti,1
cibo,1
spettroautistico,1
wolrdearthday,1
ssn,1
cura,1
notizie,1
bonuspsicologo,1
affitto,1
istatbes,1
ticket5euro,1
sindromedellavana,1
fondieuropei,1
serviziosanitarionazionale,1
lollobrigida,1
salutementale,1
evasione,1
buonenotizie,1
interruzionevolontariagravidanza,1
caricatoreunico,1
inchiesta,1
paradisifiscali,1
vestiti,1
cucinaitaliana,1
parlamentoeuropeo,1
listedattesa,1
5eurovenezia,1
giornatadelbacio,1
carbonaraday,1
podcastitalia,1
leggi,1
euipo,1
comprarecasa,1
ritiro,1
bigliettotreno,1
usbc,1
imparacontiktok,1
mondo,1
unioneuropea,1
g4z4,1
mediordiente,1
viktororban,1
trasportopubblico,1
havana,1
havanasyndrome,1
tvitaliana,1
scontrini,1
virtuale,1
pesca,1
israele,1
carcere,1
pattomigrazioni,1
comune,1
feltrinelli,1
votofuorisede,1
istitutopenitenziario,1
tasse,1
legge194,1
università,1
germania,1
studenti,1
intelligenzaartificiale,1
treni,1
ticket,1
fondidicoesione,1
censis,1
democrazia,1
closer,1
discovereurope,1
mediaset,1
disturbidellospettroautostico,1
venezia,1
bacio,1
rai,1
emendamento,1
esteri,1
fuorisede,1
samaltman,1
pnrr,1
medici,1
royalties,1
contributodaccesso,1
elezionieuropee,1
donare,1
carboday,1
stipendio,1
migranti,1
statiuniti,1
concerti,1
storia,1
sceglididonare,1
loopt,1
dirittodautore,1
amadeus,1
ticketvenezia,1
beccaria,1
rinnovabili,1
diritto,1
trasporti,1
europeanelections,1
vinitaly,1
usailtuovoto,1
legge,1
riuso,1
pattoeuropeo,1
transizioneecologica,1
oxfamsuperstore,1
holywood,1
dublintiktok,1
superstore,1
ceasefirenow🚨,1
endtheviolence,1
hereforyou,1
saam,1
saapm,1
supportsurvivors,1
actwithrainn,1
sport4sdgs,1
thegirleffectpodcast,1
thegirleffect,1
sportday,1
mobilitymatters,1
inthefield,1
hpvvaccine,1
srhr,1
idsdp2024,1
tujibebe,1
idsdp,1
voteforhumanrights,1
brooklyncommunity,1
emergingartists,1
unitedmasters,1
teacherspotlight,1
audioproduction,1
teachertoker,1
localnonprofits,1
musiceducation,1
musicsaves,1
bandtok,1
localpartners,1
studentsuccess,1
dreamgapproject,1
savethemusic,1
bandclass,1
soundengineering,1
jdilla,1
professionaldevelopment,1
educators,1
safechildhood,1
teddyruxpin,1
firstcellphone,1
ncmectakeitdown,1
ncmec,1
40yearsofhope,1
podcastepisode,1
hispanicheritageexperian,1
ellenochoa,1
fritangapodcast🎙️,1
greenlatinos,1
semanadellibro,1
valledelcauca,1
proyectomásalládelasfronteras,1
aguaparalaguajira,1
niñezsaludable,1
cesar,1
sanmartín,1
mesdelaniñez,1
alimentaciónsanta,1
derechosdelaniñez,1
suficiente,1
niñezconcorazónnaranja,1
bucaramanga,1
basketballcl,1
bclasia,1
fiba,1
internationalasmrday,1
gilaspilipinas,1
freethrow,1
bobanmarjanovic,1
justinbrownlee,1
3x3asia,1
wheelchairtennis,1
nationalpetsday,1
la28,1
daredevil,1
thrillseeker,1
coolpup,1
headbanger,1
cementmixerfun,1
snowwhite,1
pastrylove,1
ciucasmountains,1
gianthorse,1
mountainviews,1
tiktokpets,1
armasari,1
romanianmusic,1
armasariromania,1
instatravel,1
majestic,1
fluffy,1
animalovers,1
cozyhomes,1
biketricks,1
summerready,1
throwbackskills,1
diyqueen,1
mountainadventure,1
strongesthorse,1
romaniancuisine,1
animalfriends,1
tiktokeats,1
gardeninggoals,1
outdoorfun,1
rapchallenge,1
grandmasrecipe,1
cutenessoverload,1
transfagarasan,1
shipspotting,1
rams,1
drivethruchallenge,1
musicmemes,1
adobebricks,1
balkantiktok,1
mici,1
horsesontiktok,1
reallifecartoons,1
balkandad,1
mustard,1
mountainbike,1
caigrei,1
dopey,1
grillseason,1
epicfail,1
riverlife,1
piatracraiului,1
chase,1
danube,1
heartwarming,1
bighorses,1
kidschallenge,1
traditionalfood,1
babushka,1
besthorses,1
disneymagic,1
musclememes,1
scythe,1
brokenhearted,1
rnbsinger,1
songwritersoftiktok,1
f2,1
niallhoranvids,1
1d,1
bigjohngk,1
joecole,1
billywingrove,1
stuartbroad,1
socceraid,1
liampayne,1
davidjames,1
romankemp,1
tomgrennan,1
blindranking,1
robbiewilliams,1
beyondcleanbeauty,1
ogee,1
stateofsocial24💡,1
stateofsocial24,1
centrodeculturacaipira,1
sppratodos,1
afroturismo,1
marilia,1
sãopaulosãotodos,1
indaiatuba,1
turismosp,1
roteiro,1
jaguariuna,1
rotulagem,1
sãopaulo,1
altoem,1
industriacriativa,1
acervodopalacio,1
mis,1
dudafuça,1
ghostbustersexpo40anos,1
cultsp,1
tudoviracultsp,1
museudaimigração,1
biztips,1
leadershipdevelopment,1
enterpriseadvance,1
healthandsocialcare,1
theprincestrust,1
gethired,1
getajob,1
enterprise5things,1
investinyourself,1
princestrust,1
entreneurslife,1
startyourcareer,1
soholondon,1
harrypotterlondon,1
londonexperiences,1
theo2,1
londoner,1
londongreenwich,1
londonrecommendation,1
uniquethingstodo,1
harrypotterstudioslondon,1
tulip,1
cinematiktok,1
hamptipncourtpalacetulips,1
londonlandmark,1
greenwichlondon,1
londonhistoryspots,1
soanemuseum,1
aprilthingstodo,1
londonwalkingtours,1
londoncocktailbar,1
springtiktok,1
londontravel,1
houseofminalima,1
londonthingstodo,1
londonwalks,1
londonartist,1
hiddemgems,1
londonfoodguide,1
harrypotterstudios,1
whattodoinlondon,1
wheretoeatlondon,1
spencerhouse,1
filmtiktok,1
walkingroutelondon,1
londonmuseums,1
thecinemamuseums,1
harrypotterfan,1
cinemamuseum,1
londonbarscene,1
londoners,1
londontodolist,1
harrypotterstories,1
freethingstodoninlondon,1
oldroyalnavalcollege,1
historybuff,1
uniquethingstodoinlondon,1
harrypotterstudiotour,1
harrypotterfilm,1
harrypottertok,1
cuttysark,1
tulipdisplay,1
londontravelguide,1
letsdolondon,1
londontravels,1
filmlover,1
londonrecommendations,1
londonartscene,1
londonwalking,1
londonattraction,1
regentspark,1
regentscanal,1
londonactivity,1
londonfun,1
thelinelondon,1
hogwartshouses,1
hiddengemsinlondon,1
londonartexhibition,1
museumsinlondon,1
londonrestaurantscene,1
harrypotterartwork,1
londonwalkingroutes,1
strartford,1
londonroyalpalaces,1
harrypottermovies,1
londonfoodplaces,1
londontraveltips,1
londonhotspot,1
londontravelblogger,1
walkingroutes,1
forbiddenforest,1
londonattractions,1
sirjohnsoanemuseum,1
cinemamuseumlondon,1
londonhiddengem,1
londontraveldiaries,1
londonwalkingroute,1
cocktailbarlondon,1
thewallacecollection,1
greenwich,1
harrypotterart,1
hogwartsismyhome,1
londonart,1
londonhistoryfacts,1
londonshellco,1
londontraveler,1
nationalportraitgallery,1
londonwhatson,1
londonsoho,1
londonhistorichomes,1
rovaniemi,1
nightlessnight,1
meanwhileinrovaniemi,1
arcticcirclehikingarea,1
visitrovaniemi,1
midnightsun,1
blockedbrows,1
blockedbrowsmakeup,1
clothinghacks,1
clearstemskincare,1
eyecolor,1
giftingsuite,1
rainbowbridgedog,1
dryskintips,1
petloss,1
seoul,1
seoulplaza,1
hanriver,1
whatsinseoul,1
gwanghwamun,1
visitseoul,1
yongsan,1
recommended,1
seoultrip,1
nowtrending,1
seoulfesta,1
photospot,1
서울페스타,1
filmlocation,1
seoulfesta2024,1
서울페스타2024,1
seoultravel,1
hangang,1
malaysiatrulyasia,1
vitmhanoi,1
sarawak,1
jalanjalanperak,1
tempatmenarikipoh,1
greentea,1
visitperakyear2024,1
travelperaklah,1
tempatmenarik,1
visitperak2024,1
airterjun,1
rotibakar,1
visitperak,1
tourismperak2024,1
makanmakanperak,1
ipoh,1
promisingperak,1
tehtarik,1
vpy2024,1
latakinjang,1
cuticutimalaysia,1
pahamiceritanya,1
worldrelays,1
laureus24,1
worldcrosscountry,1
relay,1
sva2024,1
goretumbes,1
protegesufuturo,1
actogether,1
saludmentalinfantil,1
vacúnalos,1
unicefthxkorea,1
entrenoclimaunicef,1
tmjunicef,1
paratodosverem,1
youngadvocate,1
youngpeople,1
youngactivist,1
joinourteam,1
internationaldevelopment,1
dcjobs,1
meettheboard,1
youthadvisoryboard,1
equity,1
youthactivist,1
rijobs,1
board,1
acticism,1
youthadvocate,1
bestteamever,1
openroles,1
dayofsilence,1
cessateilfuoco,1
pace,1
unicefitalia,1
avgeek,1
ivanjica,1
oceanrescue,1
rafale,1
kušići,1
dassault,1
srbija,1
akatsukijapan,1
鈴木歩佳,1
maketu,1
バスケットボール,1
あいらあい,1
yudaibaba,1
メイク術,1
コスメ,1
フェアリージャパン,1
アイライナー,1
練習メニュー,1
メイク,1
半顔メイク,1
bリーグ,1
make,1
がんばれニッポン,1
新体操,1
teamjapan,1
ハウツー,1
すずかき,1
馬場雄大,1
マスカラ,1
creativejobs,1
povstories,1
musicfunding,1
artistfunding,1
musicjobs,1
careersupport,1
jobsinmusic,1
creativeindustry,1
creativeopportunities,1
spportodas,1
apache207,1
ayliva,1
haareschneiden,1
balou,1
jaronsteve,1
verrückt,1
wunder,1
ciidmubarak,1
cuacaekstrem,1
gerhanamataharitotal,1
sobatbmkg,1
beritabmkg,1
bmkgoneminute,1
mudiklebaran,1
infobmkg,1
kontenhumasbmkg,1
unoceandecade,1
gerhana2024,1
gobiernoenlagasca,1
apoyointegralfamiliar,1
acciónporecuador,1
historiasdevida,1
mies,1
gsdesarrollosocial,1
kunst,1
kinderkunsthaus,1
kreativtipp,1
happyweekend,1
artwithkids,1
muenchen,1
makeyourvoicecount,1
blueshirt,1
givingback,1
voiceyourchoice,1
nightofpower,1
nvw,1
everyvotecounts,1
irusavotes,1
nvm,1
teamblue,1
voteforchange,1
rockthevote,1
櫻満開,1
さきく満開,1
さくら坂,1
欅坂46,1
truecolorsunited,1
truecolors,1
victoriaforests,1
marsupial,1
quoll,1
whaletok,1
rewildlingaustralia,1
oceanvibe,1
wwfaustralia,1
tiktokgood,1
platypus,1
wildliferecovery,1
bluewhale,1
australiananimals,1
greatforestnationalpark,1
unitedbymusic,1
settimanadelpodcast,1
colori,1
montesacro,1
circomassimo,1
matildegioli,1
edoardoferrario,1
romics32,1
natalediroma2024,1
giorgiomariadaviddi,1
docnelletuemani,1
portuense,1
sangiovanni,1
rosetocomunalediroma,1
natalediroma,1
roseto,1
orachecipenso,1
francescodecarlo,1
stefanorapone,1
viecce,1
worshop,1
marefuori,1
legionari,1
tuscolano,1
romacapitale,1
nicolalagioia,1
amentelibera,1
triomedusa,1
matteopaolillo,1
festadellaresistenzaroma24,1
cultureroma,1
gladiatori,1
quartieri,1
fiori,1
festadellaresistenza,1
costituzione,1
macromuseoroma,1
valeriolundini,1
garbatella,1
martafilippi,1
bibliotechediroma,1
nationalhighfiveday,1
rescuepet,1
nationaldogfightingawarenessday,1
adopt,1
happytail,1
aspca,1
antibullying,1
usmexicoborder,1
earthdaynetwork,1
safetyonset,1
friendshippark,1
gunsafety,1
campuscontroversy,1
arizonaabortionlaw,1
codyroberts,1
howardu,1
risinghearts,1
maulikpancholy,1
notiktokban,1
1864abortionlaw,1
peggyandmolly,1
howarduniversity,1
endplastics,1
usborder,1
kylerittenhouse,1
wolfhunting,1
barkleymarathons,1
turningpointusa,1
القمة_العالمية_للحكومات,1
worldgovsummit,1
wgs24,1
السياحة_في_دبي,1
عساكم_من_عواده,1
يوم_الصحة_العالمي,1
mohap_uae,1
صحتي_حقي,1
myhealthmyright,1
who76,1
وزارة_الصحة_ووقاية_المجتمع_الإمارات,1
swipeouthunger,1
careerpath,1
jewishjobs,1
jewishcareers,1
ownyourstar,1
pesach,1
newcareer,1
mayimbialik,1
galgadot,1
hillel,1
iact,1
griefawareness,1
mentalhealthtiktok,1
mentalhealthmemes,1
hospitaltiktoks,1
dailyaffirmations,1
legotiktok,1
rainforestfoundation,1
volunteerhours,1
blackmomsmatter,1
minorityhealthmonth,1
whyiwalk,1
maternitycaredesert,1
itstartswithmom,1
healthequity,1
marchofdimespartner,1
maternalhealth,1
23weeker,1
healthypregnancy,1
nicudad,1
babysprinkle,1
marchofdimes,1
prenatal,1
babygifts,1
marchforchange,1
rsvvaccine,1
jeopardytheme,1
nicufamily,1
maternitycare,1
folicacid,1
nicumom,1
wellwomancare,1
nationalwalkingday,1
marchforbabies,1
blanketchange,1
babyshower,1
preganancytips,1
tdapvaccine,1
jeopardy,1
ignitingimpacttogether,1
fluvaccine,1
babysprinkleidea,1
alisonbetts,1
fundraisingideas,1
babyshoweridea,1
gazainourhearts,1
تبنى_مدرسة,1
adoptaschool,1
غزة_في_القلب،,1
volunteeremirates,1
volunteerglobally,1
التطوع_حول_العالم,1
التطوع_في_الامارات,1
communityservice,1
دبي_العطاء,1
callsforvolunteer,1
impactmatters,1
انضم_الينا,1
تطوع,1
متطوعين_الامارات,1
joinustoday,1
dubaicares,1
متطوعي_الامارات,1
beasiswakominfo,1
beasiswas2,1
perempuanberdaya,1
kemenpppa,1
bpsplpadang,1
menterikkp,1
2024kkpbeyond,1
bijakmengelolalaut,1
ekonomibiru,1
sailbeyondwithblueeconomy,1
sahabatbahari,1
djpkrl,1
kkpgoid,1
25tahunkkp,1
indonesiatangguh,1
antinarkoba,1
pena,1
tagana,1
siapuntukselamat,1
atensi,1
responkasus,1
indonesiahebat,1
layanandukunganpsikososial,1
sobatsosial,1
longsortanatoraja,1
tanahlongsor,1
krisnabali,1
lumbungsosial,1
gunungmeletus,1
berdikarisejahtera,1
harikesiapsiagaanbencana,1
prayforgunungruang,1
pemberdayaansosial,1
kurangirisikobencana,1
berdikarisejatera,1
kemensos,1
lansia,1
kemensosri,1
rst,1
penangananbencana,1
budayasadarbencana,1
bencanalongsortoraja,1
rcceid,1
indonesiavisa,1
visaindonesia,1
imigrasikupang,1
penindakankeimigrasian,1
imigrasiyogyakarta,1
hyoyeonsnsd,1
indonesiaimmigration,1
kantorimigrasi,1
halalfair2024,1
ditakarang,1
hyoyeon,1
imigrasi,1
apink,1
myskincareroutine,1
pickmetripinbali,1
infoliburlebaran,1
hotlineimigrasi,1
layananpercepatanpaspor,1
jelajahramadan,1
avoidoverstay,1
layanankeimigrasian,1
immigrationindonesia,1
penegakkanhukumkeimigrasian,1
staypermit,1
uruspaspormudah,1
buatpaspor,1
immirationservice,1
staypermitindonesia,1
pengawasankeimigrasian,1
bridgingvisa,1
pasporindonesia,1
evisaimigrasi,1
evisa,1
imigrasiindonesia,1
wasdakim,1
pelayananpaspor,1
paspor,1
infovisa,1
bomi,1
yogyakarta,1
risetinovasi,1
circlesubi,1
3tahunbrinteraksi,1
kawanbrin,1
1445h,1
brinteraksiuntukindonesiamaju,1
brin,1
halalbihalal,1
3tahunbrin,1
reformasibirokrasi,1
womenempowermentintourism,1
anugerahdesawisataindonesia2024,1
enhaii,1
sobatparekraf🙏,1
lombok,1
adwi2024,1
dipoltekparaja,1
dipoltekparnhiaja,1
diindonesiaaja✅️,1
ntb,1
enhaiiers,1
katakreatif,1
indonesiakini,1
2nduntourismregionalconference,1
geoparkmerangin,1
sbmpoliteknikpariwisata,1
rekomendasimimin,1
diindonesiaaja🇮🇩,1
poltekparpalembang,1
poltekparnhibandung,1
kartiniday,1
sobatparekraf👋ingin,1
tanyasobatparekraf,1
desawisata,1
wonderwomenuntourism,1
מסוק,1
הגנה,1
f35,1
protectthiskid,1
askmof,1
sgbudget2024,1
cdcvouchers,1
mofsupportforyou,1
mofanswers,1
knowdiabetesbyheart,1
saludcardiovascular,1
comunidadhispana,1
nationoflifesavers,1
queenbey,1
healthyheart,1
warblers,1
plantsforbirds,1
hummingbirds,1
springmigration,1
actfearlessly,1
actfearlessyforchange,1
trevorproject,1
lgbtqpride,1
nonprofitorganization,1
thingsthatjustmakesense,1
justmakesense,1
nokidhungry,1
endchildhoodhunger,1
nonprofitlife,1
nationalvolunteermonth,1
thedaythatmusiccares,1
gettogetherdogood,1
straykittens,1
catexpert,1
craftcattoys,1
savethemall,1
findingkittens,1
skateboardingdog,1
diycattoys,1
kittensoutside,1
ifoundakitten,1
nokill2025,1
bringlovehome,1
helpcatsfromhome,1
quieroservoluntario,1
encuentroscre,1
wtoat30,1
stödchatt,1
engagemang,1
rödakorsetsungdomsförbund,1
rkuf,1
medlem,1
mhpss,1
youthleadership,1
frivillighet,1
ineedswitzerland,1
matterhorn,1
dejadefumar,1
helflove,1
puntovioleta,1
ambulancias,1
socorros,1
voluns,1
díamundialdelasalud,1
esie,1
emergencias,1
planesdiferentes,1
pideayuda,1
stopacoso,1
cruzrojamadrid,1
haztevolulundecrj,1
crjmadrid,1
prevencióndeincendios,1
soledadnodeseada,1
infanciahospitalizada,1
planesdivertidos,1
vals,1
lmao,1
domquartier,1
salzburg,1
winterinaustria,1
heights,1
feelaustria,1
tracht,1
myzillertalarena,1
lebensgefühl,1
museumdermoderne,1
lederhosenwedelwochenende,1
lebensgefuehl,1
springsounds,1
lwp2024,1
austriandessert,1
arenafuntastisch,1
salzburgernockerl,1
artoraliens,1
zillertalarena,1
wienerprater,1
fearofheights,1
wedelparty,1
wienliebe,1
wlday,1
espaciopropio,1
ot,1
ocio,1
diamundialdelocio,1
crjmola,1
onestepahead,1
znlive,1
onestepahead?,1
languageexchange,1
beerspoliticseu,1
foodindustry,1
desertfestival,1
greatbarrirreef,1
dandenongranges,1
coralcoast,1
eden,1
centralaustralia,1
comeandsaygday,1
parrtjima,1
goldcoast,1
puffingbillyrailway,1
traveldiaires,1
puffingbilly,1
seeaustralia,1
sapphirecoast,1
operaaustralia,1
tqueensland,1
sunshinecoast,1
operaharbour,1
outback,1
westsidestory,1
steamtrain,1
thisisqueensland,1
noosa,1
alicesprings,1
aussiebeach,1
travektok,1
globalhealth,1
eswatini,1
healthworker,1
healthcareheroes,1
cervicalcancer,1
mazzystar,1
melomanos,1
noalodio💙,1
noalodio💙para,1
feelthefield,1
childsponsorship,1
humpday,1
smiles,1
humpday🐪,1
macarena,1
enoughisenough,1
cambodia,1
shishishi,1
aosta,1
alps,1
cocktailhour,1
sostenibilitá,1
pandas,1
naturerestorationlaw,1
ilpandasiamonoi,1
leggenda,1
ufficio,1
cosafare,1
cucina,1
ideeweekend,1
animali,1
oasiwwf,1
eyecontact,1
bici,1
bruxelles,1
liberazioneanimali,1
cosafareweekend,1
wwfitalia,1
sprechi,1
abbigliamentosostenibile,1
palazzochigi,1
forestbathing,1
attivitàperbambini,1
zerosprechi,1
earthday2024🌱🌍,1
loveearth,1
reduceplastics,1
enoughchildhunger,1
saveourplanet🌎,1
malawi🇲🇼,1
climagechange,1
enoughclimatechange,1
youthvoices,1
aspenideasclimate,1
iamunicef,1
pentrufiecarecopil,1
hotmilk,1
schoolstrikeforclimate,1
cubadupa,1
asiapacific,1
youthconference,1
40hourchallenge,1
regreenourfuture,1
eastercamp,1
wellington,1
youthempowerment,1
mapaverde,1
unicefuruguay,1
ponetelacamiseta,1
comunicaciónambiental,1
participaciónjuvenil,1
acciónambiental,1
acciónclimática,1
diegoforlán,1
eligeincluir,1
crc35,1
olimpiadasespeciales,1
gruposocialonce,1
cdn35,1
iidienred,1
alimentacioncomplementaria,1
vacúnate,1
alimentaciónsaludable,1
يوم_الأرض,1
worldimmunizationweek🌍💉👶🏽,1
vaccinations,1
تغير_المناخ,1
الشباب_والمناخ,1
egyouth4climate,1
leptospirosis,1
derechosdelosniños,1
paludismo,1
fenomenodelniño,1
fenómenodeelniño,1
bprm,1
cop3,1
diversidad,1
acuerdodeescazú,1
tinistoessel,1
vocesporescazu,1
escuelasresilientes,1
cambiaelchip,1
nuestrasvocescuentan,1
adayinalife,1
mpasi,1
pendekaranak?,1
berkahuntuksetiapanak,1
berbagi,1
untuksetiapanak,1
hariautismesedunia,1
unicefindonesia,1
setiapanakberhak,1
girlinictday,1
globalvolunteermonth,1
nourishingcommunity,1
liveunited,1
undpmoldova,1
blutspende,1
blutspenden,1
dauerhorn,1
montag,1
sozialesengagement,1
time4friends,1
helfen,1
fakten,1
roteskreuz,1
chatberatung,1
sanitäter,1
jugend,1
rettungsdienst,1
beratung,1
cruzrojagt,1
vzla,1
cruzrojave,1
cruzrojavenezolana,1
rednoseday,1
innovatie,1
toekomst,1
rodekruis,1
weekvandeteek,1
womanauthors,1
planetpostcode,1
empowerwomen,1
fypuk,1
thedatingplan,1
ethicalproducts,1
glastonburyfestival,1
secondhandshopping,1
middlegradenovels,1
cowboyaesthetic,1
disabilityrepresentation,1
humanitarianaid,1
ethicalitems,1
feministbooktok,1
bookchallenge,1
thriftyfinds,1
intersectionalbooks,1
sustainableclothing,1
oxfamreadingchallenge,1
cowboystyle,1
intersectionalitymatters,1
womannovelists,1
feministhistory,1
sustainablebride,1
glastofest,1
glastoresale,1
readingchallenge,1
granolastyle,1
intersectionalreading,1
oxfambookchallenge,1
gardenmakeover,1
festivaltickets,1
romancenovels,1
oxfam,1
easygardeningtips,1
cowgirlaesthetic,1
housemakeover,1
addyourvoice,1
booktokuk,1
romancefiction,1
secondhandclothing,1
rosiejones,1
womenwriters,1
feminismhistory,1
foundinoxfam,1
glastonburyresale,1
glastonburyfest,1
easygardenideas,1
easygarden,1
granolaaesthetic,1
romancebooktok,1
bridaldress,1
cowboycore,1
easygardening,1
middlegradefiction,1
thepowerofpostcodes,1
naturegirl,1
disabilityrepresentationmatters,1
cowgirlfashion,1
sarahdesai,1
secondhandhomewares,1
comediansoftiktok,1
cowgirlstyle,1
intersectionalreads,1
hopeforfuture,1
resale,1
naturegirls,1
secondhandseptember,1
appeal,1
stopsellingarms,1
malorieblackman,1
booktokromance,1
postcodelottery,1
petpreparedness,1
socialmediateam,1
nonprofitwork,1
turtlesupplies,1
concretelife,1
worktiktok,1
petsupplies,1
lightningstrike,1
cardiacarrest,1
momentsbeforedisasters,1
weatherchaser,1
nycquake,1
turtleday,1
firesafety,1
lightningbolt,1
firstaidsteps,1
weatherstorm,1
summerstorms,1
petbirds,1
predictions2024,1
mythbusted,1
aed,1
survivaltips,1
predictions,1
groundcurrent,1
drivingsafety,1
birdcarrier,1
emergencykit,1
sensizolmaz,1
gazze,1
3x3wt,1
3x3wtutsunomiya,1
orika,1
قطار,1
ستي_فاطمة,1
سكة_سفر,1
berrechid,1
ballon,1
newexperience,1
بالون,1
أوريكا,1
sitifadmavalley,1
sitifatma,1
مراكش,1
airballon,1
marocco,1
cruzrojasiempreestá⛑️❤️,1
voluntariado?⛑️,1
respiracióndiafragmatíca,1
الهلال_الأحمر_القطري,1
صندوق_قطر_للتنمية,1
الأردن,1
peoplesclimateaction,1
openupgaza,1
stopsendingarms,1
ceasefirenowand,1
siege,1
haripuisinasional2024,1
merdekabelajar,1
infodikbud,1
sahabatdikbud,1
asahasuhdikbud,1
กรมควบคุมโรค,1
ไทยรู้สู้โควิด,1
ไทยรู้สู้โรคและภัยสุขภาพ,1
dmht,1
โควิด19,1
ไทยรู้โรคและภัยสุขภาพ,1
pueblo,1
maduropodcast,1
ahívienemaduro,1
araure,1
21abr,1
hechoenvenezuela,1
elpuma,1
nicolásmaduro,1
democracia,1
4abr,1
pueblovenezolano,1
pazyalegría,1
solhermoso,1
venezuelahermosa,1
nicolasmaduro,1
nicolásmadurom,1
mujeresvenezolanas,1
movilizaciondelpueblo,1
venzuela,1
pueblomovilizado,1
apoteosicomaduroenportuguesa,1
13deabril,1
chávez,1
cristoteama,1
portuguesa,1
nicolasmadurom,1
conmaduromás,1
caracasvenezuela,1
doctorswithoutborders,1
sanitation,1
tuberculosis,1
talkaboutsudan,1
timefor5,1
psychiatrist,1
boatrescue,1
londonrunner,1
testicularcancer,1
testicles,1
bobbyhill,1
testicularcancerawarenessmonth,1
hearmeouttrend,1
llhm,1
testicularcancerawareness,1
movember,1
testicularecancer,1
knowthynuts,1
petewicks😱,1
artisanal,1
motorcycles,1
cheeseboard,1
гуморукраїнською💛💙,1
життя_як_воно_є,1
україна🇺🇦,1
українськийтікток,1
сон,1
врек,1
festadellaliberazione,1
controvento,1
21e22aprilevotolega,1
g7italy,1
belve,1
פסח,1
צבא,1
ישראל,1
מצטיינינשיא,1
חטיבה188,1
מרגש,1
דוברצהל,1
גדוליםבמדים,1
הגנהאווירית,1
מתעדמבצעי,1
מלחמה,1
הנדסה,1
שריון,1
לוחמים,1
צמה,1
חידון,1
דוברצה״ל,1
חילהים,1
גולני,1
פיקודהעורף,1
כיפהימית,1
כפיר,1
גיוס,1
מגל,1
הפתעה,1
צה״ל,1
קורסמכים,1
נחל,1
givingtok,1
generosityinaction,1
aidforgaza,1
bringthemhomenow,1
bringthemhomennow,1
wewilldanceagain,1
deathtoamerica,1
pediatrimss,1
igualesenderechos,1
donarsangresalvavidas,1
giza,1
worldwaterday,1
charitywater,1
watercrisis,1
cannabisgesetz,1
abhängigkeit,1
legalisierung,1
cannabiskonsum,1
