Hashtag,Frequency
🌎🌍🌏,2
passoverearthdaychallenge,2
worldcreativityday,1
freefree,1
اليوم_العالمي_للإبداع,1
thegoodproject,1
lapd,1
thegoodnewms,1
internationallabourday,1
فلسطين🇵🇸,1
egyptianuniversities,1
افراح,1
انكور_جين,1
americanuniversities,1
امطار,1
إعلام,1
كفر_الشيخ,1
سيول,1
thegoodnewsms,1
projects,1
seimpactrunners,1
thisisegypt,1
مليردير,1
جامعات,1
ankurjain,1
ikr,1
runforanimpact,1
visitegypt,1
جامعات_مصر,1
egyptian_tik_tok,1
فرح,1
whenimbackinchicago,1
masscomm,1
رفح,1
fyo,1
hidengem,1
thisisegypt🇪🇬,1
ankurjainwedding,1
ramadan2030,1
successtogether,1
alshifaa,1
رمضان٢٠٢٤,1
lifeison,1
creativeblocks,1
nujoud,1
auc,1
bloat,1
bloater,1
fishes,1
bombayduck,1
gradschoo,1
bloated,1
scifiwriter,1
lifeextention,1
battery,1
cultivatedmeat,1
mathtok,1
brainimplant,1
mediacompany,1
engineeringlife,1
dogsontiktok,1
techgadgets,1
techexplained,1
consumertech,1
magneticfield,1
biohacking,1
brainwaves,1
braincomputerinterface,1
unconciousmind,1
labgrown,1
diytech,1
reverseaging,1
artificialreef,1
agingbackwards,1
dietchallenge,1
sciencebooks,1
30daychallenge,1
astranis,1
traumatherapy,1
processor,1
arthurcclarke,1
geostationaryorbit,1
tastetesting,1
medicalresearch,1
internetconnection,1
analog,1
scarcitymindset,1
aspinity,1
cityplanning,1
loyalbiotech,1
marscolonization,1
eeg,1
computerprogramming,1
visitamsterdam,1
batterylife,1
analogcomputer,1
veterinariansoftiktok,1
parrotai,1
protectoceanlife,1
mediaecosystem,1
geo,1
ces,1
cheesesteak,1
popdaddypopcorn,1
ham,1
commentary,1
joshsmom,1
itaintgonslidedowneasyifitaintcheesy,1
dica,1
chunknibbles,1
husbandmeals,1
alfredo,1
everybodyssocreative,1
sustainablehaircare,1
cartonshampoo,1
projectdandelion,1
gbv,1
ster,1
concerttour,1
concertmerch,1
hospitality,1
taxsavings,1
bartending,1
carfreeamerica,1
inforgraphic,1
fungifact,1
naturesfynd,1
askyourfriends,1
fungifactfriday,1
spokane,1
netplus,1
boulder,1
pct,1
mtb,1
stuff,1
trailrunning,1
patagoniabooks,1
shoulderseason,1
slc,1
patagoniafilms,1
alifelivedwild,1
snakeriver,1
yvonchouinard,1
banplastic,1
hpevomore,1
yogaretreat,1
treehouselife,1
earthmont,1
hppartner,1
surfergirl,1
greatpacificgarbagepatch,1
cleancars,1
methane,1
protectfamily,1
cleanride4kids,1
cleanschoolbus,1
homemadebroth,1
scrappy,1
buffaloexhange,1
toiletcleaner,1
🌳🌳,1
howtomakebroth,1
springthrifting,1
veganbroth,1
cleaningtherapy,1
bambootoiletpaper,1
clothesseller,1
spring2024trends,1
circularity,1
dairyfreedessert,1
extremelyfashionable,1
mustwatch,1
communityorganizing,1
sharingeconomy,1
plantingtrees,1
leopardshoes,1
regeneratinglife,1
sustainablekitchen,1
takeoutfood,1
🌳🌳🌳,1
homemadejam,1
ellenmacarthurfoundation,1
takebackbag,1
passoverrecipes,1
chocolatelover,1
cleantoilet,1
diycleaner,1
adidasbeyonce,1
thredupambassador,1
moussecake,1
wheretothrift,1
broth,1
ecoeducation,1
sustainablecleaning,1
veggiescraps,1
buildcommunity,1
yellowcardigan,1
passoverfood,1
ecomonth,1
earthtorebecca,1
pomelogirls,1
decluttersustainably,1
🍓🍓🍓,1
dontthrowthatout,1
makeyourowncleaningproducts,1
heybamboo,1
beaconscloset,1
onlinethrift,1
instyle,1
rentmy,1
makeityourself,1
terminal4,1
pomeloskin,1
🍫🍫,1
igotfood,1
endfoodwaste,1
forestplanet,1
🧻,1
aquafaba,1
whylivesustainably,1
toiletbombs,1
🥦,1
chiajam,1
ecolifestyle,1
plagues,1
lesswaste,1
jamrecipe,1
findyourwhy,1
airportfood,1
thriftedshoes,1
bestbroth,1
repairtheworld,1
collegeadvice,1
collegetips,1
traditional,1
mybrondell,1
homemadekitchen,1
showerhead,1
milkmeansmore,1
milkmeansmore_partner,1
homemadeyogurt,1
subpod,1
livingplanetfriendly,1
pantrymix,1
cakestand,1
onionsoup,1
ecoswap,1
ecowedding,1
minimalistish,1
pressurecanning,1
preventfoodwaste,1
homemaderestock,1
celebrateearthday,1
vegogarden,1
tacoseasoning,1
canningwater,1
nobuyyear,1
lowbuyyear,1
howtostoreproduce,1
canning,1
homemadetacoseasoning,1
raisedgardenbed,1
bunnyseeds,1
storingproduce,1
ecoswaps,1
cheerchoiceawards,1
onionsoupmix,1
12hobbiesin2024,1
denalicanning,1
greekyogurt,1
littlefreelibraries,1
eco101,1
stoplittering,1
sourdough101,1
waterbathcanning,1
communities,1
siliconebakingmats,1
littlefreelibrary,1
restocks,1
packingsustainably,1
backtothebasics,1
fromscratchrestocksandrecipes,1
sourdoughstarter,1
reducingfoodwaste,1
foodpreservation,1
sourdoughbread,1
uaeflooding,1
murmuration,1
cloudinversion,1
recordrain,1
stormpierrick,1
icemelt,1
mexicowildfires,1
atmosphere,1
criticallyendangered,1
albatross,1
greatblueheron,1
attwatersprairiechicken,1
franceflooding,1
southafricaflooding,1
wetlands,1
blackbears,1
sandiegocalifornia,1
parrotsoftiktok,1
parrotslover,1
eugreenwashing,1
oceanoptimism,1
microsoftsurface,1
junkkouture,1
studentvoices,1
climatecouncil,1
transportpollution,1
saveourreef,1
fixtheact,1
seizethedecade,1
farewellfossilfuels,1
slashclimatepollution,1
forourkids,1
climatepollution,1
epbc,1
nationalenvironmentlaw,1
nonuclear,1
goal13,1
goal14,1
goal10,1
globalgoals,1
goal7,1
goal3,1
waterpollution,1
raingarden,1
beelawn,1
schmooka,1
stormwater,1
cloverlawn,1
lakes,1
adoptadrain,1
mnlakes,1
lawns,1
lawnalternatives,1
sustainablearchitecture,1
vegantravel,1
goinggreen,1
ecodesign,1
landback,1
immediateceasefire,1
resistance,1
endtheoccupation,1
freepesrine,1
bikinis,1
cleanborderwaternow,1
theoceanneedsmorefriends,1
tijuanariver,1
friendoftheocean,1
mostendangeredrivers,1
oneoceantouchesallshores,1
animeriverside,1
veggiegirl,1
earthmonth?,1
recycleeverything,1
worldheritageday,1
naturewords,1
dayofthemushroom,1
goldmanprize,1
worldtapirday,1
internationaldayformomumentsandsites,1
oneearth,1
savetheamazon,1
earthdayresolution,1
iconicspecies,1
indigenouswisdom,1
internationalbeaverday,1
floridapanther,1
savethewhales,1
batappreciationday,1
nationaldandelionday,1
goldmanenvironmentalprize2024,1
fascinatingfungi,1
peopleandplanet,1
citizensciencemonth,1
cicadas,1
exbf,1
therapydupe,1
workaway,1
forgottonworldhighway,1
pickuptrash,1
🌎,1
dontlitter,1
doyourpart,1
🇳🇿,1
♻️,1
cantshutupaboutthis,1
tuesdaysfortrash,1
bondirescue,1
piha,1
boxbraids,1
wooldryerballs,1
gardenjoypartner,1
snoozetoslay,1
mindbodyplanet,1
sustainableorgreenwashing,1
bridesmaidproposal,1
nationalarborday,1
ecoonabudget,1
wildplanetpartner,1
mustela,1
solidshampoo,1
wildplanet,1
powdershampoo,1
ecotools,1
bridesmaidproposalboxes,1
homemadecleaners,1
weddingdiaries,1
mustelapartner,1
plasticfreebathroom,1
smallwonderpartner,1
brittanyhiggins,1
mybodymychoice,1
ایران,1
endviolenceagainstwomen,1
donaldtusk,1
polish,1
مهسا_امینی,1
توماج_صالحی,1
windeurope,1
babyanimal,1
foruou,1
savedbythebell,1
remora,1
bunnies,1
cicadaseason,1
cicadas2024,1
naturehikes,1
solareclipse?,1
natureviews,1
taxrefund,1
hrtiktok,1
resuemgap,1
salarynegotiation,1
401k,1
payday,1
paychecktopaycheck,1
intern,1
hire,1
wahm,1
sahp,1
strawman,1
hysa,1
rto,1
strawmanfallacy,1
invest,1
sixfigures,1
strawmanargument,1
beyondpetrochemicals,1
stophate,1
saveoursusquehana,1
peopleoverpollution,1
turnoffthetap,1
californiacreatorfornature,1
naturalhistorymuseumla,1
earthtodezz,1
californiaacademyofscience,1
toiletpaper,1
savethebirds,1
forestservice,1
hiketok,1
longleafpine,1
nationalforests,1
holes,1
nff,1
nationalforestfoundation,1
sustsinable,1
indigenousrights,1
ashes,1
roughdiamond,1
eterneva,1
thriftedfitcheck,1
secondhandissexy,1
crowinabox,1
humanesociety,1
basiloil,1
earthgang,1
missionblue,1
pilinakanaloa,1
oceangang,1
oceansolutions,1
woods,1
zoos,1
farmersalmanac,1
lyrids,1
redwoods,1
urbanforestry,1
naturetiktok,1
whenyourealize,1
