Hashtag,Frequency
عيد_الفطر_المبارك,4
werthersoriginalarabia,3
ellendegeneres,2
نودلز,2
wheretoeatdubai,2
dubaicafe,2
spicynoodles,2
dubaifood,2
dubaifoodie,2
brownparents,2
maheramadan,2
whatieayinaday,2
فلوق,2
ميكب,2
lashesflyskyhigh,2
adidasgazelle,2
funnytok,2
lunchboxideas,2
الرياض,2
الكويت,2
indianmakeup,2
بحرين,2
ترند,2
hairserum,2
dubaibakery,2
dubaieats,2
foodasmr,2
اكسبلورexplore,2
chocolatebar,2
حب,2
فاشن,2
الحمدلله,2
ليبيا,2
eidglam,2
happyeid,2
مكياج,2
levion,2
nyxcosmeticsarabia,2
hudabeautyeasybake,2
hotnews,1
yelling,1
reveals,1
shambles,1
just,1
fights,1
diddya,1
travis,1
newsabout,1
footageof,1
claims,1
madefreestyle,1
groomed,1
leakby,1
missed,1
newtrialevidence,1
thebahamas,1
tapes,1
justexposed,1
newinformation,1
leaks,1
newheights,1
panics,1
rappersreact,1
kattwilliams,1
ends,1
oday,1
diddys,1
_shewas,1
50cents,1
ynw,1
tupacs,1
ciaragoes,1
lawsuitincoming,1
s3x,1
trying,1
released,1
yungmiami,1
shares,1
jcolediss,1
blackbews,1
his,1
shakur,1
hertoo,1
startscrying,1
p1mp,1
exposes,1
leakedaudio,1
chrisean,1
herout,1
10thingsyou,1
freak0ff,1
ricocrimes,1
afternew,1
startsbeef,1
crimes,1
breaksdown,1
ynwmelly,1
from,1
speak,1
snitches,1
countyjail,1
officialaudio,1
drakereacts,1
releasedate,1
michaeljaiwhite,1
hereswhy,1
exposed,1
5minutesago,1
freakoff,1
abused,1
confirmshim,1
freaksout,1
redleather,1
aubrey,1
insults,1
carters,1
offafter,1
starts,1
التطوع_اسلوب_حياة,1
الحرب,1
abdulmajeedabdullah,1
ليندا_حرب,1
abdulmajeed,1
linda_harb,1
fybシviral_,1
iamaseyat,1
graduationspeech,1
grad2022,1
grad2024,1
friendlyreminder,1
fireramen,1
celebrityblinds,1
bradpitt,1
eidvibes,1
smartshopping,1
hollyweird,1
ryanseacrest,1
menbaka,1
dango,1
djkhaled,1
زوجة_واحدة_لا_تكفي,1
menbakaichidai,1
coreygamble,1
pdiddyexposed,1
hoteltour,1
thethousandkyoto,1
kylemarisaroth,1
diddydoit,1
queenpins,1
eidglam🌟,1
yakhayen,1
onlinemarketing,1
birthdaywish,1
nouakchott,1
mauritanie,1
esmkne,1
esma,1
culturegenerale,1
bmci,1
masrvi,1
mauritania,1
melehfa,1
rim,1
esmakane,1
carrank,1
فطور_الصباح,1
وجبات_صحية,1
فطور_عالي_البروتين,1
koreancake,1
كافيهات_دبي,1
بانكيك_صحي,1
lunchboxcake,1
فطور_بروتيني,1
نودلز_كوري_حار,1
pancakerolls,1
cubecake,1
matchastrawberry,1
وصفات_لذيذة,1
وصفات_بروتين,1
كيك_كوري,1
نودلز_مريم_جمال,1
وصفات_صحية,1
strawberrymatcha,1
koreancafe,1
ماتشا_فراوله,1
buldakramen,1
وصفات_سهله,1
وصفات_صحيه,1
ماتشا_لاتيه,1
koreanramen,1
gatodubai,1
حلو_بارد_و_سريع,1
حلى_سهل,1
حلى_لذيذ,1
حلو,1
حلى_سريع,1
حلويات_سهلة_وسريعة,1
حلويات_سريعه,1
حلويات_رمضان,1
buyingland,1
realestatebeginner,1
shariacompliant,1
mansion,1
constuction,1
situation,1
realestateinvesting,1
quadbiking,1
footballtricks,1
azerbaijan,1
sportsontiktok,1
shahdag,1
ركوب_الخيل,1
الرضا_سر_السعادة,1
guba,1
gabalashootingclub,1
clayshooting,1
mountainhorse,1
ayaallsports,1
horserding,1
whattodoinazerbaijan,1
dubaitravel,1
مقولات,1
gabala,1
gudauri,1
sportontiktok,1
universalstudiosbeijing,1
familytrip,1
milkyice,1
dessertlove,1
chillanddance,1
yummytreats,1
operationolivebranch,1
therealoverloadcomedy,1
passiveincomelifestyles,1
overloadcomedy,1
nandos,1
lowcarb,1
periperichicken,1
lowcarbrecipes,1
chickensalad,1
spicybeef,1
chickenrice,1
feta,1
periperi,1
eathealthy,1
lowcalorie,1
beefnoodles,1
sourire,1
mariage,1
grosmots,1
complicite,1
souvenirs,1
realife,1
cequenousommes,1
tomyum,1
thaifoodlover,1
dubaifoodies,1
thaifood,1
steamedfish,1
dubaifoodbloggers,1
krabifood,1
friedbanana,1
yellowcurry,1
dubaifoodguide,1
krabithailand,1
dubaiinfluencer,1
challenges,1
womenpodcasters,1
freewebinar,1
quietquitting,1
jumma,1
iphoneshortcut,1
allvideodownloader,1
mobilechargingalarm,1
vlog2024,1
northernphuket,1
tgh,1
mobilecarge,1
ওয়াচ,1
tiktokvlog,1
katanoi,1
mobiletemperature,1
daddysong,1
pahelabaishakh,1
hireflow,1
hotweather,1
travvlogbyrobinrafan,1
balam,1
thecottagehouse,1
techvideobyrobinrafan,1
rajkumar,1
banglanewyear,1
জিবনটা_এত_সহজ_না,1
resortneardhaka,1
hokbidnam,1
eshwar,1
iphonevideodownload,1
jummamubarak,1
eidshooping,1
howtorecordcall,1
mylifeisinthistown,1
kidsgame,1
imstagram,1
mibileantitheft,1
dims,1
panjabi,1
bangladeshbank,1
tumichayahoye,1
techvlogbyrobinrafan,1
leo,1
izaan,1
eidmunarak,1
noboborsho,1
speakingenglish,1
howtogivesignonmobile,1
eidday,1
dhaka,1
salami,1
ঘড়ি,1
wipeitwithmrbrasso,1
shakibkhan,1
eidsalami,1
travelvlogbyrobinrafan,1
khushireid,1
illeyen,1
impianaprivatevillas,1
eidi,1
metarayban,1
newnote,1
monthofgood,1
robinrafanplayz,1
ঈদ,1
dadson,1
securityalarm,1
স,1
robinrafan,1
stitchkindness,1
sobaighuretakarpichu,1
সি,1
hokbodnam,1
whatsappcallrecord,1
hridoykhan,1
sunglass,1
howtoreaddeletedmessage,1
shuvonoboborsho,1
lhr,1
darkjokes,1
rak,1
desitransition,1
dancecover,1
weightlossjouney,1
didikrishna,1
jindkadhke,1
wadishowka,1
teachthemyoung,1
pushyourself,1
dilbara,1
deepthoughts,1
whiteshirt,1
ocrf,1
saree,1
whiteshirtcampaign,1
dezi,1
aglimpseofus,1
bilingualkids,1
homeinterior,1
purpose,1
bilingualparenting,1
vitamind,1
leavingtheuk,1
touchedout,1
turkishcoffee,1
iquitmyjob,1
leavinglondon,1
homecookingshow,1
ashwagandha,1
ميكب_خفيف,1
تجهزوا_معي,1
تمارين,1
روتين,1
روتيني_قبل_النوم,1
العناية_بالبشرة,1
تجهزوا_معاي,1
صبحية_مع_ليلى,1
يوم_في_حياتي,1
روتيني_اليومي,1
escuadron_tigre🐾🐾,1
atifaslam,1
rafsanthechotobhai,1
ceravemy,1
developedwithderms,1
warnerbrosme,1
podtok,1
سمية_سالم,1
centurytunasuperbodsaudition,1
centurytunasuperbods,1
centurytunasuperbodsbestyouever,1
woodsvillecrest,1
711romanticbaboy,1
711chefcreations,1
lysol,1
vo,1
nohanabilambassador,1
صباح_النور_بيسو,1
arabfamily,1
matcharun,1
orangepeeltheory,1
maintenanceday,1
italianbeirut,1
lashlift,1
ilovelebanon❤️,1
3arab,1
bestcookies,1
imdevastated,1
baba,1
wheretoeatbeirut,1
marioemario,1
arabdad,1
arabparents,1
datenightlook,1
hijabistruggles,1
avenuebydaytoday,1
allwhitetawas,1
mazayacenter,1
fashionaddict,1
bellezoneuaeofficial,1
taptapsendph,1
fashionable,1
taptapsend,1
avenue,1
msgren,1
daytoday,1
allwhiteskinblendphilippines,1
allwhiteskinblend,1
dubaiofw,1
singaporetamil,1
padalove,1
levelupstyle,1
tawas,1
singaporelayover,1
stylish,1
taptapsendphilippines,1
fashionlover,1
tulolaway,1
recitewithme,1
ramadansweets,1
برك,1
خيار,1
مخلل,1
زعتر,1
قدرة_قادر,1
ramadanrecipes,1
وصفات,1
antartica,1
تسلق_الجبال,1
كوكيز,1
mrrogers,1
icdiwabh,1
worthy,1
bruh,1
boosiefade,1
pooltime,1
publicspeakingtip,1
englishasasasecondlanguage,1
nonnativeenglishspeakers,1
presentationtraining,1
publicspeakingtraining,1
babyoutfit,1
toddlerfashion,1
thingstodoqatar,1
eidqatar,1
proudmum,1
ootdkids,1
ramadaninqatar🇶🇦,1
eiddoha,1
qatarinfluencer,1
matchingtattoos,1
coupletattoo,1
syrianmen,1
comedyconcert,1
comedytok,1
justjokes,1
arabmen,1
lebanesemen,1
filipinowomen,1
egyptianmen,1
imahcomedy,1
filipina,1
filipinotalents,1
dubaicomedyfestival,1
dubaicomedy,1
حمض_الساليسيليك,1
salicylic_acid,1
فاست_كلير,1
الحبوب,1
غارنييه,1
حب_الشباب,1
clearer_skin_in_30_days,1
fast_clear,1
eidteansition,1
ayshasultan,1
poohawhatisthisbehaviour,1
nate,1
brownmoms,1
lambo,1
fooddelivery,1
chicking,1
جدة,1
SHEINeid,1
makeupviral,1
qatar🇶🇦,1
ميكب_مع_نادين,1
ميكاب_تتوريال,1
ksa🇸🇦,1
ترند_تيك_توك,1
itcosmeticsme,1
sheinunboxing,1
barbiemovies,1
disneyunboxing,1
koreansweets,1
12dancingprincesses,1
collectibles,1
childhoodtoys,1
koreanfoods,1
samsungs24ultra,1
icecreamoliveoil,1
theordinary,1
silentbookreviews,1
mangoicecream,1
kfood,1
beautifulskin,1
tahajud,1
aftershower,1
tblisigeorgia🇬🇪,1
nailtransition,1
asokamakeuptrend,1
tblisi,1
deaf,1
cochlearimplant,1
onlinesinging,1
cherylporter,1
miasanchez,1
voiceteacher,1
naturalface,1
thevoicebrasil,1
onlinesingingcourse,1
mimamu,1
vocaltraining,1
vocalwarmup,1
singingfromscratch,1
brandnew,1
isabellamofficial,1
nathankessel,1
singingbaby,1
cherylportermethod,1
vocalexercise,1
deafsinger,1
course,1
newcourse,1
iao,1
girllikeyou,1
onlinesinginglessons,1
cherylportervocalcoach,1
cherylportervocalmethod,1
singingcourse,1
brasiliansinger,1
dariusbrooks,1
dubaiblogger,1
dubairestaurants,1
dubaisalon,1
dubaifoodblogger,1
salonservices,1
dubaidesserts,1
housewifelife,1
arabmomcheck,1
languagechallenge,1
eidcelebrations,1
zanzibardestination,1
muslimcommunity,1
zanzibar🇹🇿,1
sneezes,1
postpartumweightloss,1
solidaritywithpalestine,1
muslimcomedy,1
africanwoman,1
yachtlife,1
breastfedbabyprobs,1
arabmom,1
muslimcouple,1
stonetown,1
fauxfillergloss,1
ramadanmemes,1
cakedcorating,1
eidcookies,1
chocolatecake,1
bakerylife,1
cookiedecorating,1
travels,1
bakeryowner,1
cookiesoftiktok,1
lebaneseabroad,1
viralfood,1
tiktokmademedoit,1
dubaimall,1
citycentremirdif,1
tinythings,1
eatforless,1
dubaishopping,1
nashvillehotchicken,1
tinyfood,1
رمضان_کریم,1
القرية_العالمية,1
abayastyle,1
karting,1
globalvillage,1
globalvillagedubai,1
burgertok,1
fries,1
fixdessertchocolatier,1
asiangrocery,1
samyang,1
smokedbrisket,1
mirdif,1
bigfoodfest,1
trafficdubai,1
عمرو_دياب,1
رياضة,1
مغنية,1
لعب,1
عبد_الحليم_حافظ,1
الله_يحمي_الجميع,1
الهضبة,1
تيكتوك,1
اغاني,1
tribute,1
holymonth,1
originalcover,1
emiratiartist,1
foodhasnevermadeyouhappier,1
eidmoubarak,1
لعبة_حب,1
شهر_زي_العسل,1
arabcouples,1
arabcouple,1
vichyhaircare,1
vichyskincare,1
dff,1
شهر_زي_العسل❤️,1
fawazirahal,1
kitushwari,1
takechargewithnote40,1
delicacie,1
moneyheist,1
chefalimandhry,1
coast,1
muhogo,1
infinixnote40series,1
pilipili,1
infinixnote40serieske,1
muhogowanazi,1
samosa,1
dijalartiste,1
sisinidola,1
sambusa,1
proffesor,1
benz,1
pikanarina,1
wadirumjordan🇯🇴,1
aroundtheworld,1
desertsafari,1
jordania,1
visitjordan,1
wadirum,1
merveilledumonde,1
beautifulview,1
petra,1
مشاعر,1
ربي,1
هدف,1
شخصية,1
powergirl,1
مغرب,1
رؤية,1
حبيبتي,1
تنمية_ذات,1
زواج,1
وعي,1
امرأه,1
speaker,1
هو,1
حُب,1
فوق,1
ليلة_القدر,1
اصاله,1
قول,1
حاضر,1
حقيقي,1
حديثك,1
احترام,1
dr_ramahjjawi,1
تنمية,1
تطوير,1
انجاز,1
علم,1
تعلق,1
قادر,1
صحة,1
قطر,1
حلم,1
نفسية,1
عمل,1
انتبه,1
رب,1
تنمية_بشرية,1
صداقه,1
نعم,1
ذات,1
خوف,1
عرب,1
علاقة,1
وعي_بالذات,1
باب,1
قلب,1
تحدي,1
realationshipquotes,1
دعاء,1
تحفيز,1
كل_عام_وانتم_بخير,1
عناد,1
الذات,1
impower,1
فراق,1
dr_ramahijjawi,1
ناس,1
انسان,1
انت,1
يارب,1
كلام,1
رزق,1
سعاده,1
تحفيز_الذات,1
حبيبي,1
الرحمن,1
تطوير_الذات,1
صدق,1
نفس,1
قدر,1
تنمية_الذات,1
اجتماع,1
اصحاب,1
حديث,1
نجاح,1
الحاضر,1
صديق,1
حياة,1
علاقه,1
الله,1
تركيا,1
كبرياء,1
اهتمام,1
جزائر,1
admaniexplains,1
filipinofoodmonth,1
jimhalpery,1
pambeesly,1
jimhalpert,1
وكالة_الفضاء_السعودية,1
الفضاء_مداك,1
ريانة_برناوي,1
nizoral,1
sheglamramadan,1
eidmakeu,1
sheglamhaul,1
ramadanmakeup,1
laifenen,1
smoothsilkyhair,1
laifenhair,1
bossthecollectionz,1
mcmwearablecasa,1
bossenigmaticsaffiano,1
مابحط,1
عشان,1
هاشتاق,1
يعرف,1
شرب_الحليب_سر_اللبيب,1
نايس,1
عمري,1
لاحد,1
بيكو,1
عالسحور_زيدها_حبة,1
مرام_بيكو,1
راني_رمضان,1
هلال_راني,1
philipscoffeeworld,1
yourhomecafe,1
philipslattego,1
philips,1
walaaswissarabian,1
fragrancelovers,1
oud07swissarabian,1
swissarabian,1
smellingamazingseries,1
soragissah,1
gissahperfumes,1
yaralattafa,1
uaeperfumes,1
imperialvalleygissah,1
rossogissah,1
ishqswissarabian,1
emiratiperfumes,1
caprigissah,1
lattafaperfume,1
ramadanmath,1
elloragissah,1
gccperfumes,1
musk01swissarabian,1
swissarabianperfumes,1
arabperfume,1
velvetoudlattafa,1
oneandonlygissah,1
baddeealoudlattafa,1
shumoukhalghutraswissarabian,1
gissahsky,1
lattafareview,1
kuwaitiperfume,1
giallogissah,1
ramadanhumor,1
lalunagissah,1
hudsongissah,1
azzurogissah,1
uaeperfume,1
eiddubai,1
smellingamazing,1
fakharlattafa,1
jewelrymaking,1
godsandgodesses,1
wirewrapping,1
persephone,1
macramelove,1
macrame,1
coquettefashion,1
eidpreparations,1
missdouaa,1
championscircle,1
cccl22anniv,1
patients,1
ilovecccl,1
cancerpatients,1
cancersurvivors,1
unitedagainstcancer,1
cccl,1
savinglives_celebratinghope,1
mafimetlo,1
ulissesworld,1
chupachups,1
foreverfun,1
fruitrollup,1
staygold,1
chorizotortillas,1
tortillas,1
pitabread,1
brotherlove,1
princesses,1
koreanskincareuk,1
musiccreator,1
timbajd,1
allofme,1
تمبا,1
earthquak,1
thatsram,1
مستشفى_الموسى_للتأهيل,1
الأحساء,1
أنا_لها,1
somalitiktok,1
jadihebat,1
mumbai,1
indiancooking,1
fishcurry,1
mdmelle,1
mdmelleteaches,1
صالون_تيك_توك,1
امارات,1
اسوارة,1
charlottetilburyarabia,1
tiktok_salon,1
benefitcosmetics,1
eswaratti,1
nudestix,1
ميمي,1
فلوقات,1
candiedfruit,1
سانت_ريجيس,1
سيفورا,1
مشروع_البحر_الاحمر,1
جزيرة_أمهات,1
تيم_خدوج,1
عم_شلتت,1
وهمي_برجر,1
narsissit,1
glowsosweet,1
haircoloration,1
املج,1
مسكرة,1
مكياج_عيون,1
nadiamneimne,1
موضة_وجمال,1
jeddonabil,1
fixchocolatierdessert,1
fixchocolate,1
capcur,1
relaxingasmr,1
slimetutorial,1
whipcreamsunscreen,1
cloudslime,1
eidtransformation,1
درع_السوبر,1
وليد_يري,1
فلتر,1
eucerinmesquad,1
eucerinmiddleeast,1
شباب_الأهلي,1
نادي_الدحيل_القطري,1
thiamidol,1
مشاهير,1
activeskinandmind,1
eucerinme,1
super_shield,1
ramadankindness,1
eucerinskincare,1
سرايفو,1
رحله,1
بلوتو,1
مشاريع_جدة,1
كراميل_باث_اند_بودي,1
البوسنه,1
سفريات,1
سراييفو_البوسنه,1
البوسنة_و_الهرسك🇧🇦,1
سراييفو,1
سوق7,1
جدة_الان,1
سياحه_سفر,1
sarajevo,1
سياحه,1
الهرسك,1
ajmalkhan,1
فهد_الكبيسي,1
ماكي,1
rotanamusic,1
مخور,1
القوة,1
duckplump,1
2000caloriemascara,1
daretoduck,1
النصر,1
الهلال,1
2000calorielipglaze,1
fragrancelayering,1
overspraying,1
riyadh🇸🇦,1
ghawali,1
christineabraham,1
liveyoursweetestfantasy,1
vanillacandyinspired,1
sotd,1
chocolategloss,1
glossreview,1
monakattan,1
scentgasm,1
overspray,1
eidlayering,1
kayalioudgasm,1
hairbakhoor,1
foratalhaider,1
azramian,1
oudgasmcollection,1
middleeasternthings,1
ghawaliofficial,1
riyadh,1
kayalivanillacandyrocksugar,1
vanillacandyrocksugar,1
madeforyou,1
aishamian,1
dubaifestivalcity,1
viu,1
easportsfc24,1
بطولة_fc_رمضان,1
podtiktok,1
noorstars,1
tiktokpodcast,1
بودكاست,1
بنفت,1
ستارزبودكاست,1
شيرين_بيوتي,1
macximal,1
مطبخ_بنفت,1
سيدرا_بيوتي,1
نورستارز,1
marblerun,1
diylashes,1
fragrancefree,1
arabictiktok,1
hbfamisthebest,1
povs,1
reactions,1
extraaf,1
rannat_khilkhal,1
makeuporganization,1
makeupexpert,1
liptutorial,1
contactlenses,1
sonyg,1
sel1625g,1
withgalaxy,1
اسلامآباد,1
nathiagali,1
ميلس_موزة,1
islamabad,1
iholdmycards,1
abbottabad,1
pakistantravel,1
abbotabad,1
gulabjamun,1
جورجينا,1
kikomilano,1
مكياج_العيد,1
صيف,1
kikofullcoverage,1
تتوريال,1
عيدك_اجمل,1
deepikapadukone,1
ديبيكا_بادكون,1
yatch,1
