Hashtag,Frequency
ayudahumanitaria,2
unhcr,2
nsw,2
system,2
caravan,1
ドローン,1
ひろゆき,1
ロードトリップ,1
ワーホリ,1
1周,1
キックボード,1
旅,1
ハプニング,1
車,1
バックパッカー,1
シドニー,1
guardian,1
オーストラリア,1
cairns,1
初心者,1
ロン毛,1
アウトドア,1
キャンプ,1
縦断,1
bradford,1
seniors2024,1
promposal2024,1
lebanon🇱🇧,1
albo,1
refugeewomen,1
sexualabuse,1
vegetariancookbook,1
terrorism,1
welcomerefugees,1
asrc,1
dv,1
vaw,1
maleentitlement,1
yesallmen,1
whatwereyouwearing,1
familyviolence,1
deporation,1
rape,1
maleviolence,1
vegetariancookbooks,1
sexualassault,1
dutton,1
prawnpasta,1
adoodleaday,1
mindfulart,1
easyart,1
learntodraw,1
trueorfalse,1
darksideofthe2000s,1
potatoeseveryday,1
celebrityguest,1
janisjoplin,1
stanleytucci,1
childactors,1
ramadannightmarket,1
reclaimingamy,1
sherpa,1
sbseurovision,1
salamfest,1
sneakpeek,1
courtneyact,1
basecamp,1
potatotok,1
lakemba,1
swiftstreet,1
friendstvshow,1
gogglebox,1
aloneaustralia,1
anzacday,1
qantas,1
sydneynews,1
shaunjohnson,1
horsevideo,1
budgetairline,1
neilperry,1
zoefosterblake,1
illawarradragons,1
australianchampion,1
nrltiktok,1
sydneyroads,1
wikileaks,1
nrl2024,1
julianassange,1
bulldogs,1
australianreporter,1
transportnsw,1
quantumcomputing,1
sydneymetro,1
liveauction,1
sydneyincident,1
legomasters,1
newcastleknights,1
australiantravel,1
sydneytransport,1
musicpodcast,1
bailreform,1
nswpolice,1
australianactors,1
kokodatrack,1
australiantour,1
southsydneyrabbitohs,1
racehorses,1
angourierice,1
canterburybankstownbulldogs,1
stockexchange,1
martinplace,1
easternsuburbs,1
sydneyroosters,1
sydneytrains,1
culturepodcast,1
crossword,1
sydneyhousingcrisis,1
gamingcommunity,1
sydneyfloods,1
latrellmitchell,1
afi,1
asio,1
jasondemetriou,1
australianhousing,1
nrlnews,1
lestweforget,1
giantwave,1
sydneyrent,1
lukekeary,1
rabbitohs,1
northamerica,1
inquiry,1
sydneycbd,1
roosters,1
tugboat,1
margaretdoublebay,1
investigativejournalism,1
wakeley,1
nrl,1
sydneypodcast,1
nswgovernment,1
nswfloods,1
doublebay,1
afp,1
kickstreaming,1
nswcrime,1
sportforequality,1
sportforpeace,1
womeninsport,1
sportsforall,1
welcominginteractive,1
найкраще,1
друзі,1
ігри,1
мама,1
длядітей,1
батькам,1
песпатрон,1
юнісеф,1
хвороба,1
дружба,1
заспокоєння,1
хтоти,1
онлайн,1
агресія,1
травма,1
ментальнездоровя,1
залізниця,1
вправи,1
лікування,1
колцентр,1
лікар,1
всесвіт,1
мамам,1
грип,1
імунітетдитини,1
вайб,1
ми,1
підтримка,1
тіктокукраїнською,1
корисно,1
здороватарілка,1
білівмі,1
степ,1
міннабезпека,1
друг,1
дитина,1
знак,1
підлітки,1
вірусебе❤️,1
малеча,1
булінгвшколі,1
малюк,1
гра,1
руханка,1
небезпека,1
пх,1
believeme,1
поради,1
сімя,1
турбота,1
знаквсесвіту,1
щастя,1
правилабезпеки,1
приліт,1
навчання,1
мем,1
рекомендації,1
афірмації,1
щеплення,1
настрій,1
школа,1
kyiv,1
вчителька,1
весна,1
день,1
ти,1
міна,1
надихайте,1
село,1
афірмація,1
виховання,1
любовдосебе,1
імунітет,1
укриття,1
психолог,1
міни,1
подруга,1
чарівно,1
харчування,1
рятувальникиукраїни,1
кудипітикиїв,1
булінг,1
порадипсихолога,1
гумор,1
завтра,1
jerryheil,1
правильнехарчування,1
безпека,1
прикол,1
уроки,1
тривога,1
дснс,1
вогонь,1
добро,1
багаття,1
імунізація,1
садочок,1
влучання,1
всевийде,1
гратисяінебоятися,1
любишвакцинуй,1
освіта,1
українс,1
літо,1
дозвілля,1
вибухи,1
котик,1
утебевсевийде,1
афірмаціяукраїнською,1
розваги,1
мультфільми,1
вакцина,1
дніпро,1
повітрянатривога,1
емоції,1
порадибатькам,1
психологія,1
віраусебе,1
кава,1
радість,1
овочі,1
ліс,1
вакцинація,1
патрон,1
книжковакраїна,1
любов,1
стосунки,1
кудипіти,1
лікарня,1
мотивація,1
g20,1
integridadedainformação,1
penseantesdecompartilhar,1
desinformação,1
verificado,1
redessociais,1
mudançaclimática,1
youthlead,1
prometopausar,1
povosindígenas,1
cop30,1
nãoaoódio,1
juventude2030,1
acordodeparis,1
juventudelidera,1
combaterapoluiçãoplástica,1
mãeterra,1
defendaosdireitoshumanos,1
plástico,1
resíduozero,1
belém,1
pelanatureza,1
açãoclimática,1
agentesdoverificado,1
ambiçãoclimática,1
biodiversidade,1
pelaspessoas,1
youth2030,1
bmopartner,1
bmogrowthegame,1
lgbtrights,1
transgenderrights,1
quizshow,1
senegalelection,1
khartoum,1
humanrightswatch,1
foreignagent,1
taliban,1
escazu,1
bassiroudiomayefaye,1
intersex,1
pressfreedom,1
planb,1
garage,1
onamission,1
minimal,1
chaseandstatus,1
jungle,1
festivals,1
doof,1
beatbox,1
pieces,1
medics,1
internationaldayofhumanspaceflight,1
wiw,1
mines,1
skills4girls,1
unisat,1
acappella,1
buildingharmony,1
headhighdojacat,1
headhigh,1
harmonies,1
harmonybuilding,1
rbc,1
deurteriumoxide,1
deuterium,1
h2o,1
immune,1
heavywater,1
d2o,1
germs,1
oxide,1
wbc,1
immmunology,1
maxtonhall,1
victoryroyale,1
nathanlust,1
grease,1
enhypen,1
matzahballsoup,1
foodblog,1
macsalad,1
passoverrecipe,1
vegetariansoup,1
airecipe,1
loadedlasagna,1
cocacolaspaghetti,1
crabrangoon,1
apatridia,1
hogarlejosdecasa,1
refugiadas,1
médicos,1
plastico,1
votar,1
nacionalidad,1
scottishmusic,1
highlandgirl,1
scottishhighlands,1
scottishtiktok,1
миразом,1
впо,1
106,1
мипоруч,1
безтебеніяк,1
106українськийчервонийхрест,1
прихисток,1
волонтери,1
міннанебезпека,1
redcrossukraine,1
thanksvolunteers,1
106redcrossukraine,1
учхволонтери,1
papilomavirus,1
patripsicologa,1
lasvacunassalvanvidas,1
unicefespaña,1
participacioninfantil,1
vacunacion,1
inmunizacion,1
infanciaenelcongreso,1
participacionciudadana,1
plataformadeinfancia,1
vacuna,1
diainternacionaldellibro,1
saracarbonero,1
lasvacunasfuncionan,1
supervivenciainfantil,1
regaloazul,1
ot2023,1
nereapediatra,1
hellogyn,1
sudán,1
martinurrutia,1
papiloma,1
paza,1
deducciones,1
altoelfuego,1
regaloscreativos,1
donaciones,1
sarampion,1
sudanese,1
rotavirus,1
regalosoriginales,1
rompeolas,1
soudan,1
ethiopie,1
วันอีฎิ้ลฟิตริ,1
งานสถาปนิก67,1
เจ้าหน้าที่ประชาสัมพันธ์,1
everydayblueblood,1
unhcrthailand,1
รอมฎอน,1
cholera,1
littleastronomer,1
sportsday,1
nationalsuperheroday,1
diseaseprevention,1
nextgen,1
cricket,1
endchildmarriage,1
danschneider,1
tenderloin,1
powerball,1
offtheshoulder,1
guards,1
pants,1
skier,1
controversial,1
bullterrier,1
warrant,1
facetattoo,1
bling,1
procedure,1
adoptabledogs,1
jordanluca,1
headdress,1
venicebeach,1
mikeday,1
breakaleg,1
biltrewards,1
drakeedits,1
aircanada,1
nearmiss,1
cops,1
germanshepherd,1
kamalharris,1
camplejeune,1
robbery,1
skijump,1
grandmadroniak,1
lac,1
paragliding,1
kendricklamaredit,1
hospitalised,1
priest,1
maddison,1
policechase,1
complete,1
fatality,1
parachute,1
ryoyukobayashi,1
brinteyspears,1
carcrash,1
abandoned,1
100,1
oompaloompa,1
devastated,1
chief,1
seige,1
fashiontrend,1
beavisandbutthead,1
oceanside,1
piercings,1
criminalreform,1
nycpd,1
wonka,1
pitmaneuver,1
candycrush,1
payitforward,1
joeyswoll,1
treatmentcenter,1
fashionnees,1
theunknown,1
routinecheckup,1
champion,1
futuristic,1
janedoe,1
royalnews,1
noahpresgrove,1
tribalchief,1
racist,1
mental,1
unicefaustralia,1
switchingoff,1
