Hashtag,Frequency
stopdrillingstartpaying,3
einkaufen,2
díamundialdelatierra,2
otroplaneta,2
bilbao,2
afrocolectiva,2
blackjesus,2
pandawara,2
laborday,2
ashkalra,1
ab2924,1
sometypeofskin,1
trackstar,1
planeteer,1
coraecoikotcenter,1
corollacrosshybrid,1
ecolkotcenter,1
fornature,1
philkofa,1
coracleanups,1
planetcora,1
planetpossible,1
planeteers,1
myoseanmission,1
coracircularcenter,1
beatwastepollution,1
crosspowerwithstyle,1
corollacross,1
wearecora,1
cleanseaspilipinas,1
usaid,1
forpeopleforplanet,1
coraecolkotcenter,1
osean,1
newcorollacross,1
koica,1
circularcenter,1
sustainablemobility,1
coraplaneteers,1
cleancitiesblueocean,1
ecoikotcenter,1
ecoikotsustainablecities,1
margaretriverpro,1
jordysmith,1
caioibelli,1
hirotoohhara,1
stephgilmore,1
mickfanning,1
surftok,1
kellyslater,1
markocchilupo,1
johnjohnflorence,1
gabrielabryan,1
boostmobile,1
joelparkinson,1
bonsoygoldcoastpro,1
jacobwillcox,1
bonsoy,1
mysharkteachers,1
exploretheunknown,1
sharkbook,1
coexist,1
rfkjr,1
sharknets,1
sharkbehavior,1
freedivewithsharks,1
sharetheoceanwithsharks,1
sharkeducation,1
drumlines,1
coexistence,1
sharkencounters,1
netsoutnow,1
sharkfishing,1
divewiththelocals,1
adapt,1
divewithsharks,1
redlisted,1
oceanpredators,1
haleiwa,1
helpsavesharks,1
oahu,1
helpus,1
sharkteachers,1
turnfearintofacts,1
sharkdive,1
weneedsharks,1
learnaboutsharks,1
apexpredatornotmonster,1
sharkid_alyssa,1
oneoceandiving,1
fuvahmulah,1
evolve,1
sharkisland,1
sharksafety,1
sharkdivingadventure,1
adrenalinerush,1
deepseaadventure,1
marinelifeencounters,1
hawaiishark,1
kennedyshanahan24,1
oneocean,1
fearlessexploration,1
respectfulinteraction,1
raisedbysharks,1
kennedy24,1
underwaterthrills,1
climatechane,1
profits,1
climateyouth,1
heatwaves,1
typhoon,1
ottawa,1
privatejets,1
clinatechange,1
trekkie,1
saturn,1
vulcan,1
earthlight,1
spock,1
astrophotography,1
ilovefood,1
newengland,1
nondairy,1
growingfood,1
bedrotting,1
pillowpet,1
presidentialimmunity,1
kidney,1
kagan,1
gomeroi,1
strongertogether,1
schoolstrike4climate,1
movebeyondcoal,1
nomorecoal,1
riseup,1
nomoregas,1
lemonpeels,1
plantforpollinators,1
loudouncounty,1
winchesterva,1
artsandcrafts,1
bigbendnationalpark,1
nativemeadow,1
nativenursery,1
cliftonva,1
solidwaste,1
rva,1
refillmarket,1
virginiamercantile,1
bigbend,1
rewildingwinchester,1
kantamanto,1
harrisonburgva,1
ocotillo,1
makingtrashbloom,1
nativeplant,1
mrf,1
vote16,1
gz4climatejustice,1
abolishthepolice,1
genzforchange,1
gz4freepalestine,1
dumbcomments,1
americanlife,1
mountainvalleypipeline,1
babs,1
disposablesociety,1
influencersbelike,1
environmentalprotection,1
chineselanguage,1
myviralvideo,1
authorlife,1
repairdontthrowaway,1
greekhistory,1
ausvsusa,1
greenoutfit,1
factoryworker,1
nichetea,1
altruism,1
australianstatistics,1
occupywallstreet,1
corruptgovernment,1
facelessprofilesbelike,1
theunicorn,1
bidenadministration,1
lifeinchina,1
notsofunfacts,1
ranaplaza,1
stupidcomments,1
lifeinamerica,1
uselections,1
wompwomp,1
shibainu,1
americansbelike,1
emilysavesamerica,1
aussiesabroad,1
democraticparty,1
stayinschool,1
usvstheworld,1
casholloway,1
mitchmcconnell,1
knowledgeispower,1
socialconsciousness,1
virality,1
sbti,1
americavsaustralia,1
americabelike,1
dontlie,1
ustaxes,1
lifeinkorea,1
laborparty,1
mandarin,1
trustingovernment,1
americanproblems,1
barbrastreisand,1
usexpats,1
fastfashionfacts,1
viralversary,1
americaisthebadplace,1
stitich,1
handm,1
mustache,1
coolkids,1
enviormentalist,1
recesstherapy,1
dontforgetme,1
popular,1
stopandsmelltheroses,1
fashionstatement,1
hotoneschallenge,1
iceicebaby,1
swagger,1
flowerchild,1
firstwefeast,1
mayarudolph,1
pakistani_tik_tok,1
madinah,1
piareus,1
whalesoftiktok,1
hindrajab,1
philippine,1
turkish,1
sorbonneuniversity,1
arabspring,1
ajestarthere,1
economies,1
goldengate,1
ajstarthere,1
bassemyoussef,1
denmark🇩🇰,1
iranians,1
dohaqatar,1
academics,1
voters,1
slovakian,1
chennai,1
canadatiktok,1
naval,1
malaysian,1
watercannons,1
omanflood,1
chuckschumer,1
daniellevy,1
hawaii?,1
rains,1
turkeytiktok,1
montreal,1
flashfloods,1
eastjerusalem,1
omantiktok,1
unsc,1
digitaldilemma,1
lahore,1
uaeflood,1
mcgilluniversity,1
unitedarabemirates,1
reporters,1
senator,1
ajstream,1
indonesiavolcano,1
medina,1
texasuniversity,1
crane,1
georgewashingtonuniversity,1
holyquran,1
mountruang,1
ontario,1
chinaflood,1
cameron,1
medicalworkers,1
unmute,1
guterres,1
bisan,1
jordanian,1
ajupfront,1
dunsborough,1
spire,1
malaysiantiktok,1
ankara,1
mediator,1
quotable,1
canadiantiktok,1
ajcentrestage,1
scoopability,1
mensmentalhealth,1
lifeafterloss,1
kellyrichmondpope,1
lonelinessepidemic,1
lisafeldmanbarrett,1
secretkeeping,1
morganlevine,1
scienceofsecrets,1
triunebrain,1
michaelslepian,1
forensicaccounting,1
michellethaller,1
companytime,1
lisamiller,1
lyndagratton,1
lauriesantos,1
briancox,1
aristotle,1
womeninfinance,1
intuitpartner,1
boo,1
altkleider,1
nachhaltigeperiode,1
urbanjungle,1
essenkochen,1
mikroplastik,1
selbstständigkeit,1
windelfrei,1
produktvergleich,1
wassertrinken,1
uniköln,1
müllsparen,1
frühlingsputz,1
stoffwindeln,1
wasdalos,1
gedankenkarussell,1
wasserverbrauch,1
badmom,1
fensterputzen,1
menstruationsfreiheit,1
slipeinlage,1
mompreneur,1
sandkasten,1
komischalleschemisch,1
minimalismus,1
spass,1
karpaten,1
leitungswasser,1
frühstück,1
gemüseanbau,1
zugfahren,1
trinkwasser,1
eigenewohnung,1
saatgut,1
sportlich,1
riechen,1
duscheputzen,1
hochverarbeitetelebensmittel,1
kinderkleiung,1
fairfinance,1
plastikfrei,1
closingshop,1
mombelike,1
ehrlichkeit,1
elternleben,1
startupclosure,1
fscsiegel,1
möbelkaufen,1
kaffeeliebe,1
autofrei,1
putztipps,1
gemeinsam,1
freebleeding,1
nachhaltiginvestieren,1
kurvendiskussion,1
vegangeutschland,1
zimmerpflanzen,1
putzen,1
urwald,1
keineahnung,1
kommentarebeantworten,1
inhaltsstoffe,1
vegankosmetik,1
schulkind,1
stuntmom,1
nachhaltigerleben,1
schlafmangel,1
resilienz,1
workingdad,1
gründerin,1
mamaleben,1
selbstständigefrauen,1
littleones,1
kinderbeschäftigung,1
startupend,1
aussortieren,1
feierdich,1
neuemöbel,1
womanpreneur,1
mikroplastikfrei,1
periodtalk,1
samenfestessaatgut,1
vegandeutschland,1
mamapapa,1
sonntag,1
spaß,1
frühjarhsputz,1
haushaltstipp,1
kindergarten,1
nachhaltigermitkind,1
kitakind,1
faktencheck,1
erfolg,1
fastfurniture,1
carearbeit,1
fashrionrevolution,1
wurst,1
fuckups,1
waschmaschine,1
frühjarsputz,1
baskingshark,1
pocketshark,1
april16,1
april9,1
weekreview,1
april25,1
april22,1
april11,1
april24,1
april30,1
april18,1
gethopeful,1
april5,1
goodstories,1
april15,1
goodmood,1
april23,1
april17,1
april19,1
april26,1
april12,1
may1,1
freegan,1
donatedontdump,1
sangabrielmountainsforever,1
molokluyuk,1
foundingfathers,1
civicslesson,1
thirdparty,1
tphjournal,1
qa,1
collegeprotests,1
ralphnader,1
tomcotton,1
documentaryfilm,1
scotusupdate,1
minorityrule,1
bravenglenn,1
davidcorn,1
transhealthcare,1
uva,1
studentactivism,1
crowreservation,1
americanrevolution,1
motherjones,1
oy4c,1
ouryouth4theclimate,1
ouryouthfortheclimate,1
forestcore,1
vanconversion,1
vanlifestyle,1
vanlifeconversion,1
girlswhohike,1
vanlifediaries,1
fairycoreaesthetic,1
defundnaturedestruction,1
diepzeemijnbouw,1
natuur,1
samenvoorschonelucht,1
deepseamining,1
gezondheid,1
klimaatcrisis,1
zuidasmars,1
klimaatmars,1
klimaatmarsmei2024,1
mensenbovenwinst,1
diepzee,1
tatasteel,1
naturenow,1
oceanen,1
climatedamagestax,1
queenofversailles,1
rv,1
ifalltopieces,1
tonybennett,1
patsycline,1
hotyoga,1
onesizexwicked,1
alimentacion,1
bosques,1
puntatombo,1
educaciónambiental,1
hongosfuncionales,1
mundoanimal,1
consecuencias,1
intoxicación,1
testimonios,1
witness,1
atanor,1
lágrima,1
pinguinosdetiktok,1
buenosaires,1
deforestación,1
llanto,1
pinguinos,1
celestegiardinelli,1
delitosambientales,1
juntos,1
federicoamador,1
micelio,1
politicas,1
ambientales,1
quevibrasdoy,1
yaguarete,1
petrolera,1
peninsulavaldes,1
delitoambiental,1
agrotóxicos,1
mariposasflama,1
explosión,1
free99,1
followtheparty,1
djjavs,1
todoelrato,1
afroparty,1
vitoria,1
freedomday,1
endoil,1
stopfossilgas,1
greenpeace_socialbakers,1
protectourforests,1
endfossilcrimes,1
realsolutions,1
txapeldunak,1
copadelrey,1
rdcongo,1
danzaafricana,1
africandance,1
bailesafricanos,1
freecongo,1
sanmames,1
congolibre,1
athleticclub,1
estadoespañol,1
quinndy,1
etiopia,1
athletic,1
islascanarias,1
cristianismo,1
euskadi,1
panafricanismo,1
koala,1
protecttheoceans,1
stopwoodside,1
savescottreef,1
veloislamico,1
afrofeminismo,1
mujeresnegras,1
interseccionalidad,1
decolonialidad,1
colonialidaddegenero,1
regularizacionya,1
francescaameudahrivers,1
ripoll,1
sisas,1
teligion,1
hiyab,1
antirracismo,1
impactodigital,1
descriminacion,1
afrodescendientes,1
dalemasafro,1
catalunia,1
frontera,1
islamofobia,1
mujermusulmana,1
migrantes,1
ilpregularizacion,1
angetsari,1
baygon50tahunmelindungi,1
8etterlife,1
omodae5,1
onedayonetrashbag,1
baygonpandawara,1
olymplast,1
baygon50tahun,1
hangatnyajaheemprit,1
driveefuture,1
wildbiene,1
österreich,1
wildbienenwien,1
wien,1
wissen,1
aktivismus,1
memetok,1
jedeblütezählt,1
rettetdiebienen,1
pinguine,1
tierschutz,1
wildbienenschutz,1
garten,1
wildbienen,1
unverpackt,1
biene,1
reclaimtiktokat,1
plastikabkommen,1
machsnachhaltig,1
bienen,1
wildbienenambassador,1
korallen,1
korallenriff,1
lövetheförest,1
nachhaltig,1
tiere,1
wandern,1
balkon,1
rumänien,1
naturecrime,1
wälder,1
overshoot,1
natur,1
wald,1
lebensmittel,1
tomaten,1
charityekezie,1
africancountries,1
livinginafrica,1
africankids,1
ramadhanhijau,1
ngamdenganalam,1
ummahforearthmy,1
weddingspeech,1
tube,1
privateschool,1
أزمة_المناخ,1
تلوّث_الهواء,1
غرينبيس,1
البلاستيك,1
العدالة_المناخية,1
تلوث_الهواء,1
البيئة,1
صوت_للشباب,1
greenpeacemena,1
تلوث_البلاستيك,1
صوت_للتغيير,1
breathablenorthafrica,1
sawt,1
عُمان,1
الحياة_البرية,1
روبيمار_نكبة_اليمن,1
صوت,1
plasticos,1
océanossinplásticos,1
tratadoglobaldeplásticos,1
futuroéancestral,1
bancandoaextinção,1
amazônialivredegarimpo,1
direitosindígenas,1
atl2024,1
marcotemporalnão,1
petroleonaamazônianão,1
demarcaçãojá,1
petróleonaamazônianão,1
muisc,1
immersograu,1
moritzjahn,1
fyyyyyyyyyyyyyyyy,1
soliloquy,1
disko76,1
papu,1
gegendieangst,1
hamperslebaran,1
shimmershimmer,1
pajak,1
ekonomihijau,1
kalimantantimur,1
greenpeaceid,1
pajakkarbon,1
ofc,1
hampers,1
sungai,1
timbulsloko,1
multilayers,1
hampersramahlingkungan,1
bajulebaran,1
timbulslokobangkit,1
masyarakatadat,1
florafauna,1
alam,1
ngobrollingkungan,1
bursakarbon,1
polusi,1
kendaraan,1
penggusuran,1
krisisiklim,1
ikn,1
banjirrob,1
udara,1
kebakaran,1
lebaran24,1
kalimantan,1
relokasi,1
pupr,1
plasticfreefuture,1
sachetaway,1
reuseyoustay,1
biniverse_thefirstsoloconcert,1
bini,1
quitsachets,1
fightdance,1
biniverse,1
santamarta,1
generación98,1
garzacuca,1
juancarlosbodoque🐰,1
glaciares,1
bajemoslosbronces,1
cordilleradelosandes,1
mapocho,1
faunanativa,1
pingüinosdemagallanes,1
diadelpinguino,1
astros,1
humedal,1
ministeriodemedioambiente,1
poraquíno,1
protegeelagua,1
pintué,1
roberttson,1
chiloe,1
terepaneque,1
aculeo,1
gatoandino,1
pudu,1
aculeohumedalurbano,1
lagunadeaculeo,1
humedalurbano,1
losbronces,1
osopolar,1
protegeaculeo,1
tuliotriviño31minutos,1
canterbury,1
aotearoa,1
nzpol,1
toomanycows,1
safedrinkingwater,1
nitrate,1
albratross,1
albatros,1
protegeelpacificocolombiano,1
jungla,1
deforstacion,1
arbol,1
sofiagomezuribe,1
tiburones,1
protegeelpacíficocolombianob,1
sonidosdelanaturaleza,1
breakfreefromplasticnomásplásticos,1
elpacificocolombiano,1
protegeelpacíficocolombiano,1
pacificocolombiano,1
tiburonesmartillo,1
api,1
cleanupbitcoin?,1
richmond,1
walkingdead,1
natureisamazing,1
stopcp2,1
cleanupbitcoin,1
stoplng,1
wandering,1
cryptonews,1
thoughtprovoking,1
seniorcat,1
gracevandien,1
youthtopia,1
circleofyouth,1
dyi,1
couplesquestions,1
carljung,1
scapegoat,1
families,1
italians,1
asianaccent,1
italianaccent,1
heckler,1
libsoftiktok,1
blahaj,1
occult,1
greenhouseeffect,1
benshapiro,1
stupid,1
leeanderson,1
dumb,1
paleoclimate,1
denier,1
