Hashtag,Frequency
climatemajority,1
climatetok,1
bluebells,1
rupertread,1
pileofshit,1
norfolk,1
williamblake,1
mandascott,1
ecospirituality,1
somedarecallitconspiracy,1
accidentalgods,1
climatemajorityproject,1
gwleidyddiaeth,1
goggleddcymru,1
welshpolitics,1
gwleidyddiaethcymru,1
northwales,1
ynysmon,1
walestiktok,1
anglesey,1
gazaisstarving,1
torychaos,1
privatisation,1
brexitreality,1
le2024,1
chemicalregulation,1
changeeverything,1
problemadvertising,1
poisonedplanet,1
postgrowth,1
novelentities,1
gambling,1
levellingup,1
ruleoflaw,1
postgrowtheconomics,1
financialisation,1
freedomofmovement,1
righttobuy,1
planetaryboundaries,1
votegreen,1
wealthtax,1
generalelection2024,1
