Hashtag,Frequency
iphonetips,2
iphonephotography,2
photoediting,2
gamma,2
videographer,2
learnitontiktok,2
collegues,2
entretien,2
astuce,2
canvahacks,2
businessenglish,2
actu,2
powerpointtutorial,2
presentationtips,2
templates,2
entrepreneuriat,2
recrutement,2
canvatip,2
canvahack,2
magicswitch,2
canvapro,2
cnews,2
tpmp,2
zonedebzzz,2
jetlag,2
socialmediamanagement,2
enfance,2
amourdesoi,2
astuces,2
francoiscivil,2
reussite,2
shouldermobility,2
lifeisgood,2
maman,2
nigeriatiktok,1
reston,1
restinpeace,1
portugal🇵🇹,1
germany🇩🇪_tik_tok,1
africancupofnations,1
officetiktok,1
southafrican,1
tiktokeastafrica🇺🇬🇷🇼🇧🇮🇰🇪🇹🇿,1
prisonbreak,1
afrobeat,1
genocideawareness,1
childrights,1
eidtransition,1
wizkidfc🦅,1
africanculture,1
digitallearning,1
workersday,1
tiktoktanzania🇹🇿,1
babyfactory,1
davidofans,1
certifications,1
healthcareworkers,1
afcon2023,1
chinesesupermarket,1
bobrisky222,1
nigeriamovie,1
africacupofnations,1
afrofusion,1
tribalism,1
stigma,1
botswana🇧🇼tiktok,1
nigerianculture,1
dabarbie,1
naijatiktok,1
tiktokkenya,1
cubanachiefpriest,1
botswanatiktok,1
tundeonakoya,1
kenyaschools,1
namibiantiktok🇳🇦,1
fireboydml,1
chess,1
onlineschool,1
nestlebaby,1
cubanachiefpriest🔑,1
ripjuniorpope,1
teenhealth,1
tiktoknigeria🇳🇬,1
tiktoknigeria,1
afcon2024,1
abujatiktok,1
africans,1
efcc,1
slaverydays,1
fashionbusiness,1
germanytiktok🇩🇪🇩🇪🇩🇪,1
juniorpope,1
burna,1
teamscall,1
germanyberlin,1
🇳🇦,1
davidoofficial,1
chesstok,1
nigeriatiktok🇳🇬🇳🇬🇳🇬,1
wizkidayo,1
slaveryhistory,1
certification,1
namibiantiktok,1
senegambian🇸🇳🇬🇲,1
slaveryfacts,1
onlineschooling,1
clickiteasy,1
tiktoksouthafrica,1
rwandagenocide,1
mayorkun_official,1
powerupsa,1
bobriskychallenge,1
namibia🇳🇦,1
drugabuse,1
namibiatiktok,1
tiktokkenya🇰🇪,1
nestlecrunch,1
nickiedarbarbie,1
wizkidfc,1
mayorkun,1
africahistory,1
burnaboyofficial,1
namibian,1
blackaxe🇹🇹,1
portugaltiktok,1
botswanatiktok🇧🇼🇧🇼,1
botswana🇧🇼,1
zambiafootball,1
zambiantiktok🇿🇲🇿🇲,1
bouboudesign,1
nigerianlaw,1
africacup,1
botswanaelephants,1
socialmediabranding,1
onlinelearningplatform,1
afrobeatsmusic,1
nma,1
elephantsoftiktok,1
streetdebate,1
abujatiktokers,1
fela,1
namibiantiktok🇳🇦🇳🇦🇳🇦🇳🇦,1
worldrecords,1
africafootball,1
zambiantiktok🇿🇲🇿🇲🇿🇲❤️,1
chesstiktok,1
nigeriacelebrities,1
workerslife,1
nomoreblackouts,1
gambia,1
southafricatiktok,1
african,1
afcon,1
floormats,1
iphoneography,1
celsius,1
zeniko,1
djimavic,1
hansshow,1
androidauto,1
model3,1
frontofface,1
weddingphotos,1
backgroundiskey,1
softbox,1
fiommaker,1
oem,1
brightandversatile,1
magneticattachment,1
installationtutorial,1
modely,1
teslaaccessories,1
portablelighting,1
teslaowners,1
creatiai,1
upgradeyourcar,1
lantern,1
poosh,1
nikonz8,1
phonephotography,1
9inchdisplay,1
inflatabledesign,1
hansshowdisplay,1
usbpowered,1
professionalportrait,1
refrigerator,1
lightingsolution,1
obsplug,1
linkedinphoto,1
airvent,1
armaniwhite,1
portraitmode,1
iphonography,1
accessory,1
fusionmotorsport,1
onebuttonediting,1
shadedareas,1
teslaaccesories,1
sidepanel,1
iphonetipsandtricks,1
ifootage,1
interestingbackgrounds,1
plasticwedgetrimtool,1
amazingphotos,1
diyinstallation,1
carplay,1
businessphoto,1
lightweightled,1
marketingautomation,1
aitech,1
nocode,1
aiformarketers,1
entrepreneurtools,1
aiimagegenerator,1
tldv,1
wonderdynamics,1
digitaltransformation,1
photoshopmagic,1
blazeai,1
mindblowingeffects,1
smartworking,1
creativevideo,1
techtools,1
productivitytools,1
aiassistant,1
digitalstorytelling,1
oneclickmarketing,1
efficiencyhack,1
boostyourbusiness,1
personalizedproposals,1
mymarkyai,1
aiimage,1
digitaldesign,1
vegaspro,1
socialmediacontent,1
aleditingtools,1
pixverseai,1
aimarketing,1
videoai,1
futureofwork,1
cloneyourself,1
claidai,1
transformativecreativity,1
photographymagic,1
viralcontent,1
airecruitment,1
meetingautomation,1
aivoiceover,1
innovativetools,1
texttospeech,1
techinnovation,1
invideo,1
aiforfreelancers,1
aijobs,1
audioediting,1
gammaapp,1
clientproposaltips,1
airevolution,1
aipresentation,1
aivideoediting,1
creativetechnology,1
creativecontent,1
ecommercetips,1
productphotography,1
micro1,1
freeaudiotools,1
voiceclone,1
britishaccentcoach,1
rp,1
tonguetwister,1
accenttraining,1
victorianwriters,1
rpaccent,1
coffeebeans,1
videomaker,1
commercialvideo,1
fantasty,1
chicphoto,1
movieset,1
scifiart,1
visualart,1
tabletop,1
nanlite,1
al,1
davinciresolve,1
autoeditor,1
offcameraflash,1
basicphotography,1
everydayphotography,1
flashphotography,1
beachutv,1
trifidmedia,1
hackoftheday,1
formationenligne,1
difficultésentrepreneuriales,1
ceolemlist,1
défislivraison,1
ouverturedesprit,1
ceofrançais,1
rachatentreprise,1
litigefamilial,1
contenussponsorisés,1
échecentrepreneurial,1
mindsetentrepreneurs,1
lempireceo,1
rdvenligne,1
lemlistceo,1
contenupayant,1
respectdesopinions,1
stratégieentreprise,1
réalisersesrêves,1
planifiersesposts,1
realiteentrepreneuriale,1
partenariatsponsorisé,1
croissanceentreprise,1
visionceo,1
déterminationabsolue,1
lempod,1
paulle,1
réseausociauxvsréalité,1
calendly,1
visionentrepreneuriale,1
podslinkedin,1
lescryptosdecaro,1
rémunérationenligne,1
sacrificesentrepreneur,1
labellevie,1
communitymanagement,1
lemlist,1
convictionsdemarché,1
domaineexpertise,1
rêvergrand,1
businessenligne,1
successtartup,1
carolinejurado,1
objectifsentrepreneuriaux,1
échecetréussite,1
formationcrypto,1
stratégiedecontenu,1
diversificationportefeuille,1
guillaumemoubeche,1
lemcal,1
inspirationentrepreneur,1
monterunbusiness,1
gestionactifs,1
réalitéentrepreneuriale,1
mindsetentrepreneur,1
marchéb2c,1
cryptotips,1
entrepreneur2024,1
solutionemailing,1
internationaliser,1
dialogueconstructif,1
freinàlacroissance,1
parcoursentrepreneurial,1
ledger,1
contenurémunéré,1
stratégiefinancière,1
levéedefonds,1
contenusponsorisé,1
philosophieentrepreneuriale,1
andreabensaid,1
avancersansregrets,1
astucecrypto,1
dépassementdesoi,1
échecsfoodtech,1
partenariatdigital,1
salairecrypto,1
entrepreneuriatinnovant,1
licornesfrançaises,1
marquepersonnelle,1
croissancestratégique,1
réalitévsapparence,1
défientrepreneurial,1
entrepriseunique,1
passifagressif,1
paie,1
wori,1
entretiendembauche,1
conges,1
corportelife,1
4dayworkweek,1
tristanlopin,1
micro,1
reseauxsociaux,1
rh,1
salaire,1
semainede4j,1
semainede4jours,1
congespayes,1
negociationsalariale,1
licenciement,1
4dayweek,1
embauche,1
augmentation,1
teletravail,1
eboueur,1
taf,1
fichedepaie,1
ringtone,1
fiberoptics,1
sonnerie,1
clearwave,1
ringtones,1
whatsapphacks,1
astuceiphone,1
savagefenty,1
arianator,1
rembeauty,1
selena,1
airjordan,1
retournementdesituation,1
lightinghack,1
photohacks,1
videohacks,1
mobilephotography,1
transitionideas,1
thehotelseiryukyotokiyomizu,1
coupleshoot,1
iphoneonly,1
mtfuji,1
canvacoach,1
canvateacher,1
texteffects,1
canvaswag,1
canvassador,1
aaap,1
withengie,1
partenariatremuneré,1
lifehacksviamarketing,1
businessgrowth,1
illustrations,1
aidetection,1
openlibrary,1
competitormarketing,1
contentgrowth,1
ailogo,1
imageediting,1
rankcaddy,1
growthtools,1
freebooks,1
englishera,1
email,1
quillbotpartner,1
disparition,1
educationnationale,1
handicap,1
maladierare,1
soutien,1
baccalauréat,1
malformation,1
petitemile,1
insolite,1
charliehebdo,1
vieillesse,1
grandmere,1
reportages,1
appelatemoin,1
premiererush,1
arcadian,1
becomethepremierepro,1
videooftheday,1
videoproduction,1
videoedits,1
sharescribe,1
scribehow,1
ppttemplate,1
powerpointtutorials,1
powerpointparty,1
powerpont,1
microsoftpowerpoint,1
googleslides,1
powerpointanimation,1
funnypowerpoint,1
downloadpowerpoint,1
schoolpresentation,1
microsoftppt,1
powerpointtips,1
powerpointpresentation,1
investissement,1
immobilier,1
entreprenariat,1
createurdecontenu,1
recruter,1
couvreurs,1
bouyges,1
véhiculepro,1
microentreprise,1
gestionentreprise,1
camion,1
chefdentreprise,1
batiment,1
xavierniel,1
entreprise,1
statutjuridique,1
réussite,1
autoentreprise,1
formationgestion,1
savoiretre,1
vidéos,1
clients,1
chantier,1
btp,1
entreprendre,1
artisans,1
premiersalarié,1
conseils,1
conseil,1
autoentrepreneur,1
propreté,1
trouverdesclient,1
resize,1
createananimation,1
canvafonts,1
canvatok,1
elementcollections,1
canvalove,1
canvapresentation,1
bespokegift,1
studentpresentation,1
finalsweek,1
canvadocs,1
canvaprint,1
canvacreate,1
madewithcanva,1
studynotes,1
beginnerphotographer,1
djifpv,1
videographerlife,1
videographers,1
djirs4pro,1
freemusic,1
dronepilot,1
learnphotography,1
djiglobal,1
reelstips,1
dronelife,1
aitool,1
interviewinenglish,1
conversationpractice,1
ภาษาอังกฤษวันละคํา,1
inglesfluente,1
英語フレーズ,1
anglaisfacile,1
tiengan,1
fluentjoy,1
ingleseperitaliani,1
adjectivesinenglish,1
tienganh,1
olibrius,1
doublepascal,1
kapla,1
boomerz,1
renflement,1
doute,1
onenagros,1
gpa,1
bouleau,1
klimaseniorinnen,1
swissgovernment,1
hanche,1
cervicales,1
anatomie,1
douleur,1
fleurs,1
c8,1
biodiversite,1
taxezlesriches,1
bombesagraines,1
plantes,1
commissiondenquete,1
virychatillon,1
classeaffaires,1
cyrilhanouna,1
agirpourlenvironnement,1
taxerlesriches,1
jeunes,1
assembleenationale,1
bollore,1
bombeagraine,1
abeilles,1
tnt,1
vegatation,1
hanouna,1
elysee,1
quentinbataillon,1
autorite,1
vincentbollore,1
airfrance,1
bresil,1
publicspeakingtips,1
publicspeakingcoach,1
persuasion,1
meridithspeaks,1
keynotespeaker,1
calltoaction,1
cta,1
sethgodin,1
mockup,1
texthack,1
designtips,1
designhacks,1
designhack,1
canvaforcollege,1
canvaforcampus,1
canvaph,1
philsmeexpo,1
mockups,1
photoeditor,1
negosyante,1
negoys,1
freecanva,1
brandkit,1
gradients,1
instagramcoach,1
instagramforbusiness,1
instagramcoaching,1
servicebasedbusiness,1
carbonechallenge,1
labanquepostale,1
empreintecarbone,1
dépression,1
univers,1
relationstoxique,1
laurentbaffie,1
loidattraction,1
relationstoxiques,1
troubleanxieux,1
succès,1
carrière,1
santementale,1
santémentale,1
anxiete,1
maladiementale,1
angoisse,1
charisme,1
repartie,1
createur,1
trendsetter,1
smallbusinesstok,1
creatorlife,1
smallbusinesstol,1
jtbarnett,1
4444,1
educationtok,1
freecomedy,1
longbeachgrandprix,1
themannii,1
trynottosmile,1
dessinanime,1
essaiedenepasrire,1
f🇫🇷,1
marietemme,1
🇧🇫🇲🇱,1
🇲🇱,1
🇧🇫,1
relationamoureuse💔💔🥺,1
accadeoggi,1
speakenglish,1
impro,1
videodrole,1
champagne,1
videodudimanche,1
infirmiere,1
costume,1
piecesjaunes,1
changementspositifs,1
talents,1
mnms,1
consommation,1
lesjeunes,1
gagnerplusdargent,1
diner,1
étatsunis,1
aventure,1
traveleat,1
opportunite,1
gagnerplus,1
délice,1
changementdevie,1
americain,1
veganpride,1
épatant,1
veggie,1
labelleauboisdormant,1
travailalamaison,1
methodegagnante,1
sleepingbeauty,1
justlanded,1
generationy,1
beurredecacahuète,1
armeafeu,1
consommateur,1
studiosuniversal,1
ghormehsabzi,1
cendrillon,1
blancheneige,1
effortconstant,1
tiktokfrance,1
détermination,1
frenchtiktok,1
downtowndisney,1
changerdevie,1
enorme,1
depenses,1
habitudes,1
consommationdesménages,1
futureleaders,1
cryptoarena,1
pistolets,1
libertéfinancière,1
robesderêve,1
disneyprincesses,1
revenupassif,1
vraidevrai,1
18ans,1
incroyable,1
lagunabeach,1
labelleetlabete,1
californie,1
krustyburger,1
pepite,1
jeunesentrepreneurs,1
économie,1
magasinmagique,1
jurasicworld,1
objectifs,1
explorez,1
tropbon,1
indépendancefinancière,1
marinelepen,1
sarahatcho,1
recette,1
sprinter,1
montreuxjazzfestival,1
telerealite,1
patagonie,1
manontanti,1
pleinelune,1
deficuisine,1
antarctique,1
swissmilk,1
tempete,1
top3outfitchallenge,1
influenceurs,1
lausanne,1
summerhit,1
secretstory2024,1
watsonactu,1
europapark,1
jeuxolympiques2024,1
barcelone,1
ouchy,1
cuisine,1
fiasco,1
patinsaroulettes,1
pollen,1
pierreniney,1
lucienlaviscount,1
pleinelunerose,1
tenniscore,1
watson,1
monpetitrenne,1
tf1,1
lavoix,1
papillomavirus,1
extremedroite,1
montagnesrusses,1
profilpic,1
skidefond,1
odermatt,1
manchot,1
astronomie,1
suisse,1
alexisjandard,1
athletisme,1
voltronnevera,1
argentine,1
milieufermer,1
fashionista,1
videoaleatorio,1
comedienne,1
vivementlete,1
phobie,1
sergelama,1
societe,1
manque,1
princesdisney,1
sortir,1
devine,1
ausecours,1
hater,1
maison,1
secretstory,1
doublage,1
voix,1
mannequinat,1
filmdhorreur,1
cejour,1
pieds,1
reponse,1
stopmechancetegratuite,1
grandetaille,1
larafabian,1
homme,1
chant,1
edithpiaf,1
mamie,1
curvy,1
retourmatchofficiel,1
jesuismalade,1
stophater,1
tokenization,1
nftrevolution,1
globalphenomenon,1
bitcoinrevolution,1
futureoffinance,1
cryptocurrencymarket,1
digitalcurrency,1
financialrevolution,1
liquidityandvalue,1
cryptoinvestment,1
blockchaininnovation,1
scarcecurrency,1
bitcoinoriginality,1
bitcoinvalue,1
blockchaintechnology,1
bitcoinmining,1
bitcoinmarket,1
scarcity,1
decentralizedfinance,1
cryptomining,1
innovationandexpansion,1
digitalgold,1
bitcoinevolution,1
memeculture,1
cryptocurrencyadvances,1
economicshift,1
adaptingtochange,1
bitcointechnology,1
investmentopportunity,1
balls,1
deals,1
trimmer,1
cleanteeth,1
waterflosser,1
mouthwash,1
manscaped,1
mensessentials,1
nomad,1
sportstape,1
exercisereview,1
worldsbestkinesiologytape,1
physio,1
neckpaintreatment,1
rangeofmotionwithaurorawillows,1
poorposture,1
kinesiologytape,1
healimedical,1
posturalexercises,1
thoracicmobility,1
cervicalspine,1
healitape,1
walgreens,1
exerciseknowledge,1
optimizedtraining,1
exercisescience,1
movementmedicine,1
injuryprevention,1
neckcrack,1
uppertrapstretch,1
effectivetraining,1
entreprenuer,1
copywriting,1
adobesummit,1
creativecloud,1
madewithcc,1
adobeacrobat,1
adobefireflys,1
hipstretch,1
pigeonstretch,1
exerciseformoms,1
musclebuilding,1
fitnessover30,1
quickworkouts,1
stretchingroutine,1
strengthtrainingformoms,1
fitnessformillenials,1
achillesexercise,1
hipstrength,1
kneemobility,1
kneexercise,1
mobilityroutine,1
powerbowl,1
kneerehab,1
tendons,1
staibility,1
kneestability,1
peterattia,1
over30fitness,1
healthyaging,1
sarcopenia,1
outlive,1
resistancetraining,1
hipflexor,1
fitnessover50,1
fitnessfordads,1
sarcopeniaprevention,1
anklemobility,1
knees,1
kneepainrelief,1
dumbbells,1
prehab,1
fullbodystretching,1
personaltraining,1
achillestendon,1
fitnessformoms,1
deadlifts,1
fitnessover40,1
fullbodymobiltiy,1
sittingallday,1
flexibilityroutine,1
fitnessforall,1
longevitytraining,1
calftightness,1
backmobility,1
strongatanyage,1
knee,1
hipmobility,1
kneestrength,1
kneeexercises,1
exerciseismedicine,1
mobilitytraining,1
kneeprehab,1
isometrics,1
achillespain,1
kneesovertoes,1
achilles,1
mobilityexercises,1
easyexercise,1
functionalfitness,1
symmetricalpattern,1
personalitytypes,1
dopaminestacking,1
helpeachother,1
feelbeautiful,1
loveismagic,1
controlyouremotions,1
holdmyhand,1
symmetry,1
selfleadership,1
psychologicalexperiment,1
smilemore,1
createchange,1
presentationcoach,1
mindhack,1
psychologicaltest,1
motivationdaily,1
highonlife,1
oxytocin,1
makethechange,1
takecare,1
happinessbegins,1
simplelifehacks,1
stressreduction,1
lovefacts,1
brainchemistry,1
readthisbook,1
psychologicalhealth,1
mindgame,1
hackyourdepression,1
anxietyreducer,1
foodforthought,1
changeperspective,1
challengeyourself,1
woundhealing,1
endorphins,1
holdinghands,1
conversionrate,1
websiteoptimization,1
returns,1
businesswebsite,1
smallbusinesswebsite,1
2024socialmediatips,1
growapodcast,1
startapodcast,1
podcasting,1
podcastgrowth,1
podcastmarketing,1
soodingrepairtoningserum,1
sin,1
mixsoon,1
bestserum,1
dermafirm,1
crazyhowtheveryfirstsinwasawomanwhoate,1
mixsoonbeanessence,1
anastasia,1
marketingplan,1
metrics,1
wtfmemes,1
worry,1
watchtime,1
instagramhacks,1
tiktokseo,1
socialmediamarter,1
businesstools,1
weekendcleaning,1
marketingstrategist,1
strategy,1
askkohi,1
digitalmarketingcareer,1
agencyfounder,1
socialmediaanalytics,1
marketingcareer,1
weekendreset,1
peachmakeup,1
japchae,1
tiktokfod,1
savoirfaire,1
parisien,1
nathalie,1
parisienne,1
m83,1
sérénité,1
acceptationdesoi,1
sentiments,1
trentenaire,1
ruptureamoureuse,1
nouveaudepart,1
lovecoach,1
celibataires,1
saimersoimeme,1
femmeforte,1
coachlover,1
chemindevie,1
coachlove,1
coachdeviepositive,1
etreheureuse,1
devpersonnel,1
dependanceaffective,1
heureuse,1
citationmotivante,1
coachinglove,1
citationinspirante,1
drague,1
coachfrance,1
acceptation,1
toutestpossible,1
pleineconscience,1
devperso,1
citationcouple,1
etatdesprit,1
coachlovers,1
loidelattraction,1
citation,1
citationpositive,1
relationamoureuse,1
vivremieux,1
estimedesoi,1
persévérance,1
etreheureux,1
heesay,1
murdermystery2,1
surannejones,1
judelaw,1
hollywoodlife,1
irishwish,1
drfoster,1
postursematters,1
seniors,1
chestopener,1
shoulderopener,1
functional,1
upperback,1
foothealth,1
herniadedisco,1
footalignment,1
posturefirst,1
lowback,1
preventativehealth,1
kyphosis,1
herniateddisc,1
stretchingtips,1
lowbackpainrelief,1
plantarfascia,1
backbrace,1
painfreeliving,1
sciatica,1
healthyfeet,1
improveposture,1
spinehealth,1
forwardheadposture,1
neck,1
footpainrelief,1
posturefix,1
posturebrace,1
roundedupperback,1
postureexercises,1
betterposture,1
lowbackpain,1
spinemobility,1
posturematters,1
brief,1
fearful,1
wise,1
microbiome,1
seeker,1
muslimworld,1
isahfoundation,1
bharat,1
shoonya,1
psychological,1
nofather,1
ishafoundation,1
allergy,1
spiritualprocess,1
nomother,1
suicide,1
perception,1
wisdome,1
offering,1
sashguru,1
existential,1
childrens,1
samyama,1
wounded,1
trapped,1
shiva,1
adiyogi,1
devotee,1
pleasure,1
savesoil,1
sadhguru,1
sadhana,1
hanuman,1
gut,1
mahavir,1
individuality,1
weddingprep,1
ohmy,1
beginnertiktokcourse,1
funnycomment,1
over70,1
getpackingwithme,1
themuthership,1
stopmotioneffect,1
stopmotiontutorial,1
vacationtime,1
duettutorial,1
poof,1
nycstylist,1
stitchtutorial,1
disappearingtrend,1
over60,1
fatherdaughterlove,1
girltime,1
newbies,1
trendtalk,1
tiktokhelp,1
reportfakeaccounts,1
weirdtalent,1
fashionstyling,1
swipetransition,1
phonejumptrend,1
happyvibes,1
over80,1
liveyourbestlife,1
phonejumptutorial,1
podcasttips,1
weddingstyle,1
trendtok,1
tiktokcollab,1
motherdaughterlove,1
viralairdance,1
creatorcollab,1
reportimposteraccounts,1
doyouboo,1
fatherdaughterdance,1
trampolinetrend,1
commentreply,1
tiktokcourse,1
hiwtotiktok,1
comeoneileen,1
jumptrend,1
dancewithstrangers,1
beginnertiktok,1
beginnertutorial,1
airdance,1
stopmotionanimation,1
vacationtrend,1
learnfromkhaby,1
ginosko,1
cadeau,1
bookscience,1
prof,1
coupdegueule,1
loops,1
handstand,1
islande,1
tutosurexcel,1
catoftiktok,1
astucesamsung,1
apprendreavectiktok,1
tiktokacademie,1
abril24,1
vivemomentosiconicos,1
marzo24,1
noticiasespaña2024,1
xiaomifanfestival2024,1
ac2novedad,1
doctomatic,1
danielsancho,1
stopbullying,1
kerastase,1
quevivanlospueblos,1
josecuervofresapicosa,1
finanzasdescomplicadas,1
edwinarrieta,1
koeln,1
köln,1
seattlecreator,1
seattlewa,1
instatrick,1
creatorculture,1
instatips,1
instagramtricks,1
instahacks,1
refylipgloss,1
roozengaarde,1
instagramtipsandtricks,1
instatip,1
mountvernon,1
instagramcourse,1
milkblush,1
influencerlifestyle,1
instastorys,1
skagitvalley,1
rozengaarde,1
seattleinfluencer,1
skagitvalleytulipfestival,1
yeezy20dollars,1
posingtipsandtricks,1
influencerlife,1
skagit,1
roozengaardetulipfarm,1
instagrammanagement,1
smmlife,1
socialmediamanagementtips,1
socialmediamanagementbusiness,1
instagramgrowthstrategy,1
southeastasiatravel,1
withcoramarie,1
byob,1
instagrammanager,1
poledance,1
smmbusiness,1
contentthatconverts,1
balitravel,1
femaleceo,1
socialmediamanagementservice,1
fakeaway,1
tidying,1
eatwitheden,1
teachable,1
aquarius,1
businessideas,1
abundancemindset,1
lifepurpose,1
northnode,1
onlinecourses,1
millionairemindset,1
photographytricks,1
couplesphotos,1
couplesposes,1
sydneyphotographer,1
sydneyweddingphotographer,1
couplephotos,1
weddingphotographer,1
tatoueur,1
nikonz9,1
appel,1
asterix,1
soutiens,1
détresse,1
parodie,1
celibataire,1
rencontre,1
rendezvous,1
enfant,1
edouardbaer,1
copine,1
asterixeobelix,1
cuite,1
tipetope,1
conflit,1
voituresanspermis,1
copines,1
