Hashtag,Frequency
consultapopular,4
guayaquil,2
cuenca,2
ecu,2
arbitrajesinternacionales,2
noalarbitrajeinternacional,1
nonviolent,1
citizensassemble,1
coderedfornature,1
civildisobidience,1
stopdeportations,1
insuringclimatechaos,1
directaction,1
positiveclimatenews,1
donatenow,1
stockholmfashion,1
latinasineurope,1
nordiccountires,1
lastday,1
wearyourcloset,1
shortgurlproblems,1
skioutfitcheck,1
wearyourclothes,1
stockholmstyle,1
stockholm,1
standinginacrowededroom,1
shortgirl,1
skitrip,1
skioutfit,1
culturaldifferences,1
comidaespañola,1
mihistoria,1
relojespersonalizados,1
votano,1
landyparraga,1
polloasado,1
datosquenosabias,1
quevedo,1
colonpico,1
cuartodeescape,1
cronicanegra,1
latacunga,1
calderon,1
surdequito,1
datospertubadores,1
mamichelaypatito,1
relojes,1
animalesenpeligro,1
tumbaco,1
altacocina,1
noticiasextrañas,1
universidadtecnicadelnorte,1
carcelen,1
ibarra,1
diarioextra,1
mamichela,1
cronica,1
condor,1
datosconalejo,1
losrios,1
avenidasimonbolivar,1
foodiequito,1
teloexplico,1
terrorifico,1
cumbaya,1
personalizado,1
chimborazo,1
puertoquito,1
ambato,1
pizzasquito,1
manabi,1
ecaudor,1
influencersecuador,1
escaperoomquito,1
escaperoom,1
chubs,1
telocuento,1
polloalvino,1
quitumbe,1
napo,1
tiktokecuador,1
noticiasecuador,1
quehacerenquito,1
suspenso,1
uio,1
nortedequito,1
diario,1
cineterror,1
actividadesenquito,1
sur,1
tulcan,1
hamburgesadecalidad,1
imbabura,1
abigailpelicula,1
quitovalle,1
axeblackbzrp,1
axeespañol,1
aleagullosm,1
caracuadrada,1
happybirthdaymashi,1
niñasmecheros,1
comorecuperaratuex,1
minerascanadienses,1
amazonia,1
exnovios,1
interno,1
noalaconsulta,1
nonoboa,1
preguntae,1
mecheros,1
pablocentralino,1
laminaelarbitrajeylafamilia,1
lagoagrio,1
noarbitrajeinternacional,1
sialyasuni,1
consultapopularnoboa,1
consulta,1
estudiantedemedicina,1
noboa,1
yasuni,1
texaco,1
noconsultapopular,1
minerasnoboa,1
internadorotativo,1
mineras,1
noalosarbitrajes,1
noconsulta,1
uce,1
dileno,1
exnovia,1
helenagualinga,1
preguntadconsulta,1
teexplotanylespagas,1
nosevende,1
isabelnoboa,1
novis,1
arbitrajeinternacional,1
contaminaciin,1
fyñシ,1
ateticamente,1
endometroisis,1
endowarrior,1
endometrio,1
adenomiosis,1
runnercommunity,1
fakebodyy⚠️,1
endobelly,1
prohibición,1
inmigración,1
acnudh,1
huelga,1
ruanda,1
protestasestudiantiles,1
okupas,1
siria,1
papelesdepanamá,1
medicos,1
combustiblesfósiles,1
puente,1
departamentodeestado,1
territoriosocupados,1
taiwán,1
panamapapers,1
brutalidadpolicial,1
ayudamilitar,1
activistas,1
citigroup,1
jewishvoiceforpeace,1
convoy,1
hrw,1
paraisosfiscales,1
derechosreproductivos,1
carpool,1
fútbol,1
fichaje,1
tiktokespana,1
opporeno11f,1
vivirviajando,1
alimentacionsaludable,1
bajadepeso,1
acrilycpainting,1
vidasaludable🏋️‍♀️💪🏻🥑🥦🍓☕,1
cristo,1
pancakesrecipe,1
estofado,1
saludableyrico,1
almuerzosaludable,1
chocolaterecipe,1
cristianos,1
foodlover,1
desayunosaludable,1
biblia,1
jesusart,1
chickenrecipe,1
cristovive,1
pancakessaludables,1
chocolatepancakes,1
paintingart,1
cristianostiktok,1
fitnessgirl,1
nutricionsaludable,1
healthynutrition,1
ensaladadeatun,1
ecuatorianosporelmundo🇪🇨🌏💫,1
recetasconpollo,1
eeuu🇺🇸,1
hotcake,1
cenasaludable,1
estilodevidasaludable,1
bombonera,1
bocajuniorsoficial💛💙,1
superclasico,1
buenamusica,1
buscareotroamor,1
videolyrics,1
nofilter,1
edsheeranspottedinstockholm,1
yquebonito,1
musictiktok,1
ponds,1
latinflowfest,1
naturalmentefresh,1
voguemakeup,1
fruityhydrafresh,1
paff,1
voguelatinflowfest,1
decolonizeunesco,1
otd,1
