Hashtag,Frequency
parisianstyle,3
risotto,3
tunisie,3
youngmom,3
seamoss,3
steviewonder,3
singingchallenge,3
parisjetaime,2
neoncarnival,2
dakar,2
breadlover,2
onepotmeals,2
breadbaking,2
sandwichtok,2
focaccia,2
x3,2
livingroom,2
alaia,2
meshki,2
lifelately,2
minimalstyle,2
aestheticedits,2
capripants,2
couplehumor,2
outfittransition,2
trinix,2
sushis,2
colorwheel,2
blindkaraoke,2
kyliecosmetics,2
musicmarketing,2
whatibought,2
hazeleyes,2
easyoutfits,2
momanddad,2
burberrygoddess,2
newartist,2
theweeknd,2
contour,2
katemossagency,2
lilamoss,2
tiffanyandco,2
diprecipe,2
fool,2
abuse,2
ukfashion,2
loveinthedark,2
🇨🇮,2
cameroun,2
abidjan,2
aïd,2
nyxcosmetics,2
myheartwillgoon,2
pucci,2
lifeinlooks,2
voguefrance,2
beautysecrets,2
halalparis,2
restoparis,2
restohalal,2
restaurantparis,2
makeupover50,2
over40club,2
monochrome,2
makeupbymario,2
waterproofmakeup,2
skincareover40,2
makeupover40,2
lorealpariscosmetics,2
cotedivoire,2
motherandson,2
singwithme,2
coachny,2
pradamakeup,2
diorfall2024,2
clarinslipoil,2
doubleserum,2
tiffanypartner,2
rougedior,2
toktokmusic,1
ck,1
siankaan,1
cenote,1
aaronburr,1
milkchocolate,1
hotmama,1
gentleparentingtips,1
michealangelo,1
romevlog,1
carrie,1
biagiodecesena,1
sistinechapel,1
colosseum,1
plantsongs,1
elizajumel,1
mickeymouseclubhouse,1
speakeasy,1
bourgogne,1
burgundy,1
parisrestaurant,1
publicite,1
invitation,1
modegrandetaille,1
femmeronde,1
ibilola,1
cheveuxnaturels,1
curvytiktok,1
frenchcurves,1
robe,1
nailedit,1
ghetto,1
whoisshe,1
perimenopause,1
problem,1
whodis,1
thisisme,1
militarylife,1
how,1
ohnono,1
wakeup,1
perfection,1
alldayeveryday,1
bambam,1
latenightthoughts,1
myday,1
rnbtiktok,1
fypsounds,1
gwrm,1
donttellmomthebabysittersdead,1
yova,1
paristhememoir,1
thisiswhywespeakup,1
cutesiecrew,1
trappedintreatment,1
protectouryouth,1
tanqueen,1
starsareblind,1
coachellaqueen,1
whereisrandycook,1
popstarparis,1
atlantisleadershipacademy,1
childabusepreventionmonth,1
iseeyousurvivor,1
slivingmom,1
thesimplelife,1
tarayummy,1
breakingnewstoday2024,1
slivinginthedesert,1
stopinstitutionalchildabuseact,1
sb1043,1
absolut,1
theprogram,1
tti,1
popstarparis💖✨,1
capmonth2024,1
unicorntrot,1
sliving,1
lovesit,1
thatshot,1
famewontloveyou,1
reviensinox,1
jedusor,1
rubycrown,1
newt,1
jordanbardella,1
tropjeune,1
hamiltonmusical,1
rebelle,1
dystopianguys,1
inoxtag,1
whiteboys,1
pidi,1
pashumour,1
pasdebbsvp,1
dystopie,1
inoxtunousmanque,1
aled,1
lesh,1
hword,1
relaxedheadshot,1
nikonzf,1
onemoreshot,1
girlssupportinggirls,1
14mm,1
fisheyelens,1
modelsbelike,1
phototok,1
blackfemalephotographer,1
photographersbelike,1
generativefill,1
buckin,1
fitnessphotographer,1
makeagif,1
lastshot,1
nikoncreator,1
blackwomanphotographer,1
lightpainting,1
beachphotoshoot,1
photographyideas,1
modeltok,1
actorheadshot,1
headshotclient,1
nikonkeepinspiring,1
harrypotterandthecursedchild,1
thebwhagency,1
retouching,1
itsawrap,1
ruchirai,1
photographertok,1
bwhagency,1
candidphotography,1
londonheadshot,1
howtomakeagif,1
photographerproblems,1
photographytok,1
shootideas,1
campaignshoot,1
nikoncampaign,1
shutterspeed,1
howtousegenerativefill,1
photographerhumour,1
movementshots,1
keepcalmandcarryon,1
keepontruckin,1
beachphotography,1
japanhaul,1
blackprints,1
tokyoshopping,1
tokyohaul,1
bienetre,1
bouye,1
oslo,1
hapsatousybeaute,1
fayiida,1
khamare,1
hapsatousy,1
antikod,1
outifts,1
editingskills,1
portfolioshoot,1
fyy,1
fyyyy,1
parisphotographer,1
capresetoast,1
foodiefeature,1
farmtotable,1
homechef,1
comfortfoo,1
gourmetcooking,1
homemadecheese,1
sürk,1
peynir,1
dürüm,1
yoğurt,1
hataysürk,1
limonata,1
coctailbar,1
mozarellacheese,1
icelatte,1
chiapet,1
tencere,1
magnum,1
ciğer,1
meybuz,1
whey,1
busezeynep,1
freezies,1
dondurma,1
filiz,1
chia,1
karpuz,1
tutmayanyoğurt,1
dalganocoffee,1
çilek,1
blackmenmagic,1
eatwell,1
healthydiet,1
onepotrecipes,1
cashews,1
eatyourgreens,1
30minutemeal,1
meatlessmondays,1
30minutemeals,1
piccata,1
meatless,1
tacotuesday,1
skilletmeals,1
vegansoftiktok,1
whatveganseat,1
blackbeans,1
ramennoodles,1
vegansoftt,1
menwithbeards,1
breadmaking,1
veganmeals,1
meatlessmeals,1
quickbite,1
breakfastlover,1
eatmoreveggies,1
asianinspired,1
breakfasttime,1
asianrecipes,1
blackmencook,1
blackmenwithbeards,1
panzanella,1
pizzasandwich,1
asmrcommunity,1
chocolatefrenchtoast,1
sweetfocaccia,1
minifocaccia,1
wildgarlicpesto,1
chocolatecoveredstrawberries,1
weekendfood,1
chocolatebread,1
panzanellasalad,1
tomatosandwich,1
minipizza,1
pizzatok,1
jalapenocheddarbread,1
breadtutorial,1
halloumicheese,1
breadtutorinal,1
breadrecipe,1
weekendbreakfast,1
wildgarlic,1
cheesepull,1
wekeendbrunch,1
breadtur,1
softsandwichrolls,1
chocolatefocaccia,1
loftapartment,1
slowdays,1
nitendo,1
goveetvbacklight,1
fujifilmsg,1
sghome,1
eames,1
platycerium,1
nitendoswitch,1
ambience,1
akari,1
loft,1
homeespressobar,1
motovlog,1
eamesloungechair,1
homeespresso,1
homecoffeebar,1
homecoffee,1
staghornfern,1
espressobar,1
longboard,1
longboarddancing,1
longboarding,1
insta360ambassador,1
mallorcaspain,1
finedininglondon,1
altea,1
princessfuerteventura,1
spanishtown,1
kotor,1
kotorbay,1
canaryisland,1
uberboat,1
mayfairlondon,1
calperestaurant,1
calperestaurante,1
visitmontenegro,1
visitspain,1
fuerteventurarestaurants,1
barcelonahotel,1
thenedlondon,1
mallorcarestaurant,1
baleares,1
fuerteventurahotels,1
mayfair,1
barcelonahotels,1
montenegro🇲🇪,1
datenightlondon,1
fuerteventura🇮🇨,1
montenegrotravel,1
visitespaña,1
montenegro,1
londonsunset,1
andalusia,1
traveldestinations,1
balearicislands,1
montenegrotiktok,1
malaga,1
fuerteventuraprincesshotel,1
alicante,1
almarabeachclub,1
portomontenegro,1
londonbrunch,1
canarias🇮🇨,1
tivat,1
calpe,1
calp,1
fuerteventuraisland,1
canaryislands,1
travelcontent,1
montenegrorestaurants,1
barcelonaguide,1
ltkfamily,1
lashextentions,1
ltkstyletip,1
afloral,1
momsover40,1
ltkseasonal,1
lilysilk,1
knitdress,1
ltkhome,1
womenover40,1
1nightstan,1
amazontrousers,1
whitedress,1
ltkvideo,1
leeks,1
springishere,1
scallops,1
chickenthighs,1
nystrip,1
spritz,1
breakfastrecipe,1
risottorecipe,1
surfandturf,1
steakrecipe,1
seafoodrecipe,1
blackberry,1
lemonrisotto,1
rigatoni,1
tomatobasil,1
ricottatoast,1
guanciale,1
mushroomseason,1
yuliawave,1
warponline,1
thefrankieshop,1
miumiuclub,1
tiktokitalia,1
ballare,1
gioielli,1
AirPodsJUMP,1
parigi,1
diamanti,1
neiperte,1
lookdioggi,1
mare,1
sole,1
milkwhite,1
todaylook,1
kikkomania,1
piusoiamenonoia,1
elevatingoutfits,1
reflections,1
teashop,1
blackgirlskincare,1
nycbagels,1
mermaidnails,1
corporatejob,1
easymakeuproutine,1
ukvsusa,1
consilting,1
apollobagels,1
halalcart,1
wellnessvlog,1
girltherapy,1
britahub,1
bananarepublicpartner,1
newapartment,1
skyhome,1
rimowa,1
tokyofoodguide,1
southpffrance,1
costabrava,1
helsastudio,1
preppy,1
staudclothing,1
venise,1
influencertrip,1
sainttropez,1
victoriabeckhamxmango,1
springsummer,1
mangogirls,1
vinylcheck,1
ilhagrande,1
runafteryourdreams,1
carioca,1
pordosol,1
interiortips,1
travelreset,1
goldjewelry,1
londonhomes,1
tidywithme,1
coffeerecipe,1
colourfulfashion,1
colourfulhome,1
eventplanning,1
thingspeoplelove,1
menstreet,1
NeverStopExploring,1
blackoutfit,1
pilatesball,1
pilatesinspiration,1
pilatestotalbody,1
pilatesonline,1
onlineworkouts,1
pilatesinstructor,1
wellnessgirlie,1
massimoduttifinds,1
hmhaul,1
tweedjacket,1
trenchcoatoutfit,1
fashionmoodboard,1
handbagslover,1
luxurywishlist,1
classyoutfit,1
stylingjacket,1
classyoutfits,1
gisoulipoil,1
virtualstylist,1
priceincrease,1
corporateoutfits,1
aritziatryon,1
aeyde,1
moodboard,1
chylak,1
springedit,1
handbags,1
minimalfashion,1
destree,1
parisianoutfit,1
twistout,1
shoppingguide,1
rhodeliptreatment,1
handbagtrends,1
designerhandbags,1
lipjunkie,1
classystyle,1
lipswatch,1
chicoutfit,1
artitziahaul,1
handbaglover,1
mirae,1
virtualstyling,1
hmdress,1
guccimarmont,1
insandouts,1
mangooutfits,1
europeasummer,1
parisiennestyle,1
aritziaoutfits,1
styleboard,1
nsfw,1
theuglytruth,1
strategie,1
travaillertue,1
pierregaubil,1
agenda2024,1
odyssey399,1
kodak,1
kodakportra,1
sonya7cii,1
sfx,1
create,1
insta360flow,1
spon,1
lens,1
pickleballoutfits,1
transitionidea,1
anniversarygift,1
miamilifestyle,1
slingerbag,1
outfitchange,1
pickleballtiktok,1
lettinggo,1
styleover30,1
findingmystyle,1
notetoself,1
homebirth,1
thirdtrimester,1
pregnancycravings,1
bumpdate,1
fulldayofeating,1
englishmuffins,1
birthstory,1
slide,1
speedramp,1
clone,1
anaambassador,1
aveclasse,1
avecclasse,1
corneille,1
zhiyun,1
turkiye,1
travelthailand,1
cinematicvideography,1
travelturkiye,1
travelturkey,1
cinematicvideo,1
travelvideo,1
feiyutech,1
citizenpartner,1
proart,1
ecodrive,1
asusseetheunseen,1
pa279crv,1
hbd,1
bracketschallenge,1
hotgirl,1
homecoming,1
actii,1
functionalart,1
ar,1
recordplayer,1
beychella,1
womeninar,1
filterforgood,1
blackgirlsintech,1
filtercreator,1
creativetech,1
ad21,1
heinekenhouse,1
dogchowpartner,1
deltapartner,1
lightacademia,1
outfitpreview,1
doubledenimoutfits,1
athlesuirestyle,1
riverisland,1
jariatudanita,1
vodkapasta,1
publicité,1
safran,1
chocolat,1
ossobuco,1
tunavocado,1
mousseauchocolat,1
couscous,1
letsdosomecooking,1
joeandjuice,1
couscousroyal,1
happn,1
crowdcontrol,1
baiana,1
emorio,1
threelittlebirds,1
artfilm,1
artbaselhongkong,1
opus,1
directorstalk,1
artbasel,1
meettheartists,1
nowness,1
curatedby,1
hongkongart,1
filmstills,1
baloji,1
tongo,1
japanesefilm,1
experimentalfilm,1
ryuichisakamoto,1
sofiacoppolaedit,1
tongoleseart,1
filmstowatch,1
parfumviral,1
froid,1
marathondeparis,1
nichefragrance,1
cryotherapy,1
courseapied,1
photogallery,1
canonr,1
raphacontent,1
iamcreative,1
applevsandroid,1
switchcamera,1
canon5dmark3,1
weddingphotoshoot,1
bridedress,1
iosvsandroid,1
samsungvsiphone,1
bridemakeup,1
lightsetup,1
lacapturevisuals,1
8dayswithz8,1
filmtips,1
lacaptureproductions,1
lacapture,1
z8,1
nikoncreators,1
filmbloopers,1
bunheads,1
eileenfisherpartner,1
aritziapartner,1
atiyawalcott,1
chicagovlog,1
ibizarocks,1
craigdavidtour,1
ibiza,1
craigdavid7days,1
craigdavidlive,1
thefinalshow,1
craigdavid,1
saturdaynighttakeaway,1
7days,1
clr,1
lamp,1
youtubecreator,1
homecontent,1
chairdesign,1
smalllight,1
interiordecorator,1
apartmentmakeover,1
danishpastel,1
pendantlight,1
recasetify,1
interiorinspiration,1
interiordecorating,1
dayvsnight,1
ikeausa,1
lampshade,1
interiorideas,1
stylewithme,1
aestheticblanket,1
kirby,1
darkmode,1
upcycledproject,1
aestheticlamp,1
lightmode,1
chair,1
airdryclay,1
marketingnotiktok,1
billieeilishfan,1
reneerappsupremacy,1
beautycreator,1
bodyroutine,1
shavingroutine,1
productsoftheweek,1
moisturiser,1
thesinglefriend,1
liquidpeptides,1
bikinilineroutine,1
skincareroutin,1
lasereyesurgery,1
factsaboutme,1
olepartner,1
medik8,1
lasik,1
flightskincare,1
auchansopastel,1
2tassesparjour,1
decoinspiration,1
auchan,1
diyideas,1
lipton,1
qilive,1
lumiere,1
whatifound,1
kimgordon,1
rapping,1
inside,1
frontrow,1
incubator,1
nothingtohide,1
lvmhprize,1
entrancenyc,1
igbo,1
alekwek,1
pinkpantheressedit,1
stormzy?,1
idmeets,1
prefall,1
franklebon,1
soldierboyfriend,1
vocaleffects,1
casatiktok,1
annisse,1
singingtips,1
vocaltechnique,1
womanhood,1
wokroutroutine,1
oilyhairhacks,1
parisshopping,1
cookingwithemilie,1
homeowners,1
airplanegrwm,1
freepeople,1
firsthome,1
amazonfavs,1
boating,1
agolde,1
daughtersoftiktok,1
travelstroller,1
hotmonwalk,1
schooldropoff,1
dirtyhairhairstyle,1
unfilteredvlog,1
pantryorganization,1
frenchpharmacyfavorites,1
tropicofc,1
nexxus,1
parisootd,1
bridalnails,1
momworkouts,1
competativedance,1
boatday,1
haileybeibernails,1
carkaraoke,1
blondehacks,1
mommorningroutine,1
whatueatinaday,1
frenchpharmacy,1
girlygirl,1
specializedbicycles,1
hairoilhack,1
longtravel,1
eiffeltowersparkle,1
parispharmacy,1
nexxuspartner,1
palaceofversailles,1
skimsdress,1
frankiesbikinis,1
aloyoga,1
carpack,1
swig,1
daehairstylingcream,1
bananamuffins,1
whatsinmycar,1
bugaboobutterfly,1
carcleanout,1
guccijackie1961,1
errandswithemilie,1
sockcurlstutorial,1
brazilianlaser,1
nexxuslevelstrength,1
boatingday,1
aprilparis,1
europeoutfits,1
momnightroutine,1
cardetailing,1
unfilteredmorningroutine,1
easyhairtutorial,1
vacationootd,1
slickedbun,1
corememories,1
overstimulation,1
bugaboo,1
denimswimwear,1
bikerides,1
redeyeflight,1
pinteresaesthetic,1
icedvanillalatte,1
travelvlogs,1
dadsandals,1
skinceuticals,1
ganniballerinaflats,1
weekdayvlog,1
sexxyred,1
firsttimehomebuyer,1
letsdomymakeup,1
letsdressmeup,1
superdry,1
burberry,1
wardrobestylist,1
mangomood,1
mubarak,1
aidanbissett,1
snowonthebeach,1
carmax,1
mileyandmandyshow,1
concertvlog,1
disneylore,1
hellisadancefloor,1
dylanmulvaney,1
guerrillamarketing,1
comewithcoco,1
loveyoufromadistance,1
daysofgirlhood,1
thingstodola,1
hondaclarity,1
hmhas,1
honeymoonave,1
popculturemoments,1
wisdm8,1
lanadelerey,1
filipinosnacks,1
lizzygrant,1
coastalcowgirl,1
chamberlaincoffee,1
dontcallmeangel,1
dykttatutob,1
westhollywood,1
creatormarketing,1
drybar,1
trendpredictions,1
hondaaccordsport,1
shareyouscreen,1
ashleykutcher,1
ameliadimoldenberg,1
middlerow,1
shareyourscreen,1
goodluckbabe,1
tiktokalgorithm,1
hairrollers,1
bleachers,1
cococomewithme,1
cartour,1
tummyhurts,1
daviddobrik,1
horizontalvideo,1
minicooper,1
landelrey,1
towabird,1
lizziegrant,1
tearsforfears,1
radioheadcreep,1
interpolation,1
delasoul,1
samplebreakdown,1
dystax,1
skinlongevity,1
lauramercierpartner,1
visibleagereversal,1
renutriv,1
translucentsettingpowder,1
asiancomedy,1
atsukookatsuka,1
asiangrandma,1
mikebirbiglia,1
bowlcut,1
supergooppartner,1
supergoopsunscreen,1
paintedbyspencer,1
gloss,1
makeupprimer,1
sephoracollection,1
futurefluid,1
cooltonedeyeshadow,1
scpartner,1
milkmakeuppartner,1
liveyourlook,1
MyShadeMyStory,1
palmspring,1
futuristmakeup,1
AerieREAL,1
aeriepartner,1
ipsypartner,1
rossydepalma,1
safemgmt,1
tarekmawaad,1
hubemagazine,1
communaute,1
gamberge,1
yard,1
westilldonttrustyou,1
jamesblake,1
campagne,1
parisfashionweek,1
tapisrouge,1
edc,1
davinhor,1
mojixsboy,1
4batzmusic,1
lejuiice,1
idmagazine,1
duferme,1
devinelapersonne,1
ceremonie,1
tidal,1
jhonniblaze,1
grammyawards,1
sexyyred,1
agencedemannequins,1
4shootersonly,1
booskap,1
zidane,1
dailypaper,1
mannequin,1
deezer,1
etatdelaculture,1
buffalony,1
christophercolumbus,1
columbusday,1
badboy,1
unhoused,1
buffalo,1
takethat,1
shocked,1
davidoffcoolwater,1
davidofffragrances,1
tenuedujour,1
wt5show,1
arnaudtsamere,1
baptistelecaplain,1
jeremyferrari,1
scarftutorial,1
diorfragrance,1
blackdress,1
scarfstyles,1
midiskirts,1
melbournefood,1
cauliflowerrecipes,1
peanutsauce,1
cosmiccookwareau,1
sphynxtok,1
highproteindinner,1
veganproteinballs,1
bigveganmarket,1
silkentofu,1
looksgoodcooksgood,1
melbournefoodie,1
udonnoodles,1
sphynxcat,1
feijoa,1
imeldamarcos,1
sprinoir,1
freddiegibbs,1
0,1
comum,1
robin,1
fatoumatadiawara,1
solchyld,1
nterini,1
kulosa,1
ashaimuno,1
oxlade,1
zequin,1
douwannabehigh,1
liannelahavas,1
bondeja,1
reflectyouroriginalité?,1
psatheintroduction,1
fakenames,1
princewaly,1
brokemiroir,1
acolorsmoment,1
solomon,1
bondéjà,1
reflectyouroriginalité,1
hideout,1
facesoul,1
ucheyara,1
christineandthequeens,1
jewelusain,1
avua,1
acolorsshow,1
borabora,1
àvuà,1
sprinoirchico,1
zuu,1
better,1
peopleivebeensad,1
grow,1
pipmillett,1
bleumarine,1
aznavour,1
patrickwatson,1
olympia,1
readthisentirecaption,1
7minutedrill,1
spittasaturdays,1
7minutesoffunk,1
keepitsimple,1
neckcare,1
sculptedjawline,1
marula,1
standout,1
faceyogasuccess,1
allskintypes,1
breathewell,1
dailydiscipline,1
goodmorningroutine,1
dailydetox,1
morningstretch,1
naturallift,1
facialmassage,1
allyoucanface,1
confidentlynatural,1
smoothsmile,1
wakeupwithyoga,1
jaderoller,1
squalane,1
consistentpractice,1
agegracefully,1
cheekplumping,1
freshstart,1
hydrate,1
handmassage,1
facialoil,1
empoweryourself,1
healthierposture,1
jointhemovement,1
holisticbeauty,1
postureimpact,1
lymphatichealth,1
routinematters,1
techniquematters,1
realresults,1
detoxyourskin,1
consistentcare,1
jawlinegoals,1
beinspired,1
jaderollerbeauty,1
jojoba,1
brighteyes,1
skinhydration,1
cloversonomacrew,1
unsaltedbutter,1
grassjelly,1
dealsandsteals,1
fatigue,1
tiredness,1
seamossbenefits,1
adhdawareness,1
spinchallenge,1
braincuriosities,1
adhdtest,1
adhdcuriosities,1
officialazz,1
azzeats,1
adlibazz,1
musicchallenge,1
upperhalfduets,1
relate,1
upperhalfduet,1
whiteboy,1
onpurpose,1
jayshetty,1
drinkjuni,1
stylingmysister,1
womensfashion,1
formalwear,1
sundayoutfit,1
gymnasticstiktok,1
nativewear,1
yeshua,1
victorthompson,1
carrymelikebaby,1
lightsdownlow,1
afrohiphop,1
theprisonsongchallenge,1
clarioncall🇳🇬✅,1
findingmessiahmovie,1
gnarlsbarkley,1
arabe,1
baobab,1
jjpc,1
ouesso,1
compagnie,1
agriculteur,1
enfants,1
essentielles,1
tortues,1
sonko,1
emmanuel,1
ouvrages,1
agricole,1
🇰🇪,1
illages,1
kolda,1
bilyf,1
vente,1
cotonou,1
paludisme,1
déguerpissement,1
belmadi,1
éléphant,1
rdc,1
bamoun,1
ftour,1
gesco,1
tunisair,1
ouganda,1
ouest,1
maladie,1
comores,1
senghor,1
politiques,1
kalomaman,1
prisonniers,1
maillot,1
🇬🇦,1
1960,1
lagos,1
sénégal,1
zaïre,1
changenow,1
feu,1
mozambique,1
🇲🇦,1
can,1
casamance,1
millionnaires,1
programme,1
ivoiriens,1
camerounais,1
tunisien,1
kongo,1
fecafoot,1
emmes,1
spatial,1
bibliothèque,1
congolais,1
algérie,1
prière,1
éthiopien,1
télévision,1
kalulu,1
caïmans,1
drogba,1
tiktokeur,1
nationale,1
biama,1
m23,1
ziguinchor,1
togo,1
match,1
brazzaville,1
adjalé,1
tazco,1
cosplayeuse,1
lunga,1
🇰🇲,1
faye,1
vie,1
repas,1
bénin,1
cobras,1
yopougon,1
paradis,1
partis,1
🇩🇿,1
motard,1
handicapées,1
kényans,1
vandalisme,1
sénégalais,1
agencylife,1
thisis58,1
over50style,1
edgychic,1
stylingmenswear,1
theelegantstylist,1
styleisageless,1
chicstyleover50,1
lvrarchives,1
stazioneleopolda,1
fashionarchives,1
shoppingevent,1
hairscarftutorial,1
frenchcurlbraids,1
gina,1
whotfdidimarry,1
alexiscarey,1
lightsummerpalette,1
truesummerpalette,1
warmundertone,1
albinism,1
nuetralundertone,1
blackgirlmagic🖤,1
brekauptok,1
hairscarf,1
vitaminwater,1
truesummer,1
classicsummer,1
blackgirltiktok✨,1
bestcolors,1
eavesdropping,1
coolundertone,1
worstcolorstowear,1
savagexfenty,1
tiffanyhaddish,1
coeurdelocean,1
ninaricci,1
privatetour,1
vittoriaceretti,1
christyturlington,1
vetements,1
unhommeunstyle,1
officesiren,1
carolinetrentini,1
constantinbrancusi,1
emiliopucci,1
portobelloroad,1
louisbaines,1
barbiecore,1
dolcegabbana,1
exposition,1
anyataylorjoy,1
anewdayhascome,1
sophiemarceau,1
iloveparis,1
celine24,1
trendswipe,1
chopard,1
vintagehotspot,1
célinedion,1
mayissue,1
johngalliano,1
getreadywith,1
maisonalaia,1
boucheron,1
camillecharrière,1
aprilissue,1
oneofakind,1
vittoria,1
heartoftheocean,1
isabellarossellini,1
prozac,1
brainhealth,1
arfid,1
mampaka,1
recitation,1
mots,1
poeme,1
eloquence,1
laetitiamampaka,1
djipocket3,1
belgique,1
cameroon,1
letmypeoplego,1
wewantpeace,1
stopwar,1
deaththreats,1
letthemgo,1
charities,1
cameroontiktok🇨🇲,1
endnglophonecrisis,1
libesties,1
letgo,1
foryouindia,1
abusesurvivor,1
abuseawareness,1
aliveness,1
forgive,1
ceoofcounseling,1
extremetaker,1
teens,1
selfactualization,1
counseling,1
caring,1
soulwork,1
rebel,1
guru,1
foruyou,1
forgiveness,1
spirit,1
godsplan,1
enlightenment,1
badass,1
flotte,1
anthracite,1
penelopecruz,1
rougeàlèvres,1
50ans,1
tendancemode,1
sandwichdressing,1
sexisme,1
tiktokinfos,1
masque,1
merefille,1
collagène,1
monoparentalite,1
jenniferpan,1
conseilmode,1
mibas,1
petitrenne,1
antiage,1
jenner,1
beautytrend,1
tiktokmusique,1
richporn,1
ellemagazine,1
chiaraferragni,1
templesolaire,1
simonedebeauvoir,1
kadarshian,1
microféminisme,1
tiktokevent,1
dollsmakeup,1
tendancebeaute,1
collagèneàboire,1
elleastro,1
créateur,1
grossoutfitforwork,1
lesvéritésdejennifer,1
thejinx,1
covergirl,1
mascaratubing,1
middleton,1
richesses,1
pyjama,1
antiâge,1
hydrobob,1
grainesdelin,1
tendance,1
robertdurst,1
mercureretrograde,1
documentaire,1
ellefrance,1
charlottegainsbourg,1
tiktokinfo,1
tiktokpeople,1
blacktheatre,1
offbroadway,1
comedyindia,1
columbus,1
jax,1
duval,1
bloomington,1
imreasonable,1
afriquetiktok,1
africanfoodparis,1
bmkparisbamako,1
delhibazaar,1
cuisineafricaine,1
collabparis,1
fussyeaters,1
kidssnack,1
blwrecipes,1
whatmytoddlereats,1
svezzamento,1
kidsbreakfast,1
babylunch,1
kidsfood,1
autosvezzamento,1
2ingredientdough,1
toddlerfood,1
kidsmeals,1
babyledweaningrecipes,1
mrshinchhome,1
ricettefacili,1
bakedoatmeal,1
babydinner,1
bakingwithkids,1
bananapancakes,1
whatmybabyeats,1
toddlerlunch,1
mrshinch,1
easyrecipeideas,1
blwjourney,1
toddlerbreakfast,1
breakfastbar,1
toddlermeals,1
kidsdinner,1
ricetteperbambini,1
toddlerlife,1
pinweels,1
puffpastry,1
toddlerfoodideas,1
blueberry,1
kidspasta,1
kidssnacks,1
toddlerdinner,1
bananabar,1
kidsbreakfastideas,1
healthylunches,1
bananapeanutbutter,1
kidsrecipes,1
omelette,1
babyledeating,1
blweggfreerecipe,1
familymeals,1
kidsparties,1
foodforkids,1
toddlerrecipes,1
blwinspiration,1
easylunch,1
firstfoods,1
carote,1
babyledweaningideas,1
ingredientdough,1
startingsolids,1
oatbars,1
weaningideas,1
mrshincharmy,1
kidsfoodideas,1
fingerfood,1
merenda,1
vegetariankids,1
walkingaway,1
godslove,1
toxicity,1
dougbenson,1
lorenarussi,1
loganguntzelman,1
lizzwinstead,1
leasbian,1
judahfriedlander,1
concealerroutine,1
glossierconcealer,1
beautyhasnoage,1
accesories,1
traininggoals,1
momanddaughterdress,1
motivatedmindset,1
womeninfashion,1
skincarelineup,1
athletapartner,1
skincareover50,1
nofoundationmakeup,1
powerofshe,1
nycbillboard,1
fitover60,1
runningroutine,1
fashionover60,1
skincarejunkie,1
outfitchallenge,1
blindoutfitchallenge,1
daytonight,1
beautyover60,1
fitnessaddict,1
fitnesshasnoage,1
findyourmovement,1
fitnessinspiration,1
activelifestyle,1
fitatanyage,1
positiveenergy,1
nyctimessquare,1
livingroomtour,1
makeupbaseroutine,1
concealerhacks,1
fitnessover60,1
racetraining,1
limitless,1
stylehasnoage,1
momswhorun,1
getfitstayfit,1
concealeronlymakeup,1
styleover60,1
fashionover50,1
styleover50,1
dreamsdocometrue,1
runnerscommunity,1
tower28concealer,1
skincarereccomendations,1
springlookbook,1
momanddaughteroutfit,1
spinmop,1
marketplacefinds,1
auraborapartner,1
billybookcase,1
lgcinebeamq,1
maximalistdecor,1
homelighting,1
ikeahacks,1
lgpartner,1
messyhouse,1
homegadgets,1
chromefurniture,1
naturallighting,1
versechallenge,1
booksforselfgrowth,1
emotionallyintelligentexamples,1
standingupforyourself,1
giftofdiscernment,1
lifestoryinterview,1
arcwarrior,1
standupforyourself,1
whatsanarcissist,1
lifeofparents,1
lifestoryinterviewkit,1
familyinterviewcards,1
crucialforparents,1
familyideas,1
lovebombingmeaning,1
emotionallyintelligent,1
bewhoyouare,1
annaprzy,1
youcomefirst,1
mentalhealthcomedy,1
thisishard,1
thursdaythoughts,1
lifeishard,1
mentalhealthadvocate,1
yourenotlost,1
jumping,1
vacuumtherapy,1
burnoutrecovery,1
lazinessdoesntexist,1
ineedanap,1
brainsareweird,1
chaoticmotivation,1
imsoproudofyou,1
akprzy,1
improudofmyself,1
allyouhavetodoisstay,1
improudofyou,1
keepitupcutie,1
funinthesun,1
exhaustedmillennial,1
youreasuperstar,1
ivemissedyou,1
kickasslittlehottie,1
changeyourlife,1
iamtired,1
itscalledmanifesting,1
askpapaswolio,1
pullupgang,1
eventplanner,1
veryangeria,1
looseyladuca,1
moreverydelta,1
deltawork,1
verydelta,1
itsrainingmen,1
verriere,1
nouveaugrandpalais,1
monument,1
grandpalais,1
andmfundo,1
bikostar,1
bkmn,1
taulion,1
taulionandbigsis😘,1
mannahero,1
bikosmanna,1
lovesong,1
oneonone,1
familyfashion,1
familyownedbusiness,1
outfitinspo🔥,1
theampedfamily,1
familybusinesss,1
gourmetpopcorn,1
therealmashujaa,1
perimenopausal,1
womanownedbusinesss,1
womanownedbusiness,1
theampedhouse,1
over40skin,1
over50ontiktok,1
generationalwealthbuilding,1
zzzero,1
zenlesszonezero,1
orangedrinkifyouknowyouknow,1
gwendolinechristie,1
michaelacoel,1
francesmcdormand,1
ambervalletta,1
luar,1
julezsmith,1
lala,1
lupitanyongo,1
nowserving,1
fearless,1
ashleygraham,1
time100,1
florencepugh,1
ellefanning,1
therunthrough,1
erykahbadu,1
anokyai,1
karllagerfeld,1
priyankachopra,1
harrisreed,1
moschino,1
houdini,1
solange,1
erl,1
dolceandgabbana,1
73questions,1
brandonmaxwell,1
christopherkane,1
daddygang,1
givenchy,1
badgleymischka,1
offthecuff,1
haiderackerman,1
lupita,1
zoekravitz,1
selmablair,1
lorde,1
cookingoutside,1
daywithme,1
travelfails,1
karentribe,1
maasai,1
indiginous,1
travelhair,1
liberiancalypso,1
remindme,1
sinnerman,1
ifonlyfortonight,1
ieverseen,1
oreos,1
cuntry,1
timemanagement,1
whenthefoodhits,1
cptime,1
blackhairstylist,1
okayjt,1
whewchile,1
finestpeople,1
momentvsphoto,1
platinumblonde,1
auntieera,1
processedsugar,1
saveyourmoney,1
blackpeople,1
ravensimone,1
leavewomenalone,1
celebritycouple,1
modelingtips,1
uglybouls,1
ramadam2024,1
muslimtiktoks,1
demaquillage,1
joyeusespâques,1
portugaise,1
kimpossible,1
eastermakeup,1
maxtonhallonprime,1
motovationalspeaker,1
facezoom,1
songofthesummer,1
classicstyle,1
chicstyle,1
colourfulshoes,1
visitbarbados,1
dayoutinlondon,1
brightonandhove,1
silentunboxing,1
ebubedike,1
africaninnovators,1
badaagnes1,1
ajebohustlers,1
taxes2023,1
workstress,1
dietplan,1
doomscrolling,1
emailetiquette,1
herewegoagain,1
workproblems,1
mondayvibes,1
tuesdayvibes,1
lazyweekend,1
britneyspearsedit,1
mondayblues,1
diethumor,1
wednesdayvibes,1
jobapplication,1
jointheclub,1
tuesdaymood,1
lazysunday,1
workmemes,1
coffeeaddicts,1
workmeeting,1
icedcoffeeaddict,1
fridayfeeling,1
everythinghappensforareason,1
softskills,1
lovelanguages,1
lazysundaymorning,1
sleepin,1
newhire,1
workmotivation,1
coffeetime,1
wordsofaffirmation,1
dontleaveme,1
relatablememes,1
mondayfeels,1
weekendmood,1
workvibes,1
lazysundays,1
bestiesbelike,1
officelifebelike,1
tiredaf,1
emails,1
lovemejeje,1
borninthewild,1
leclubdeslecteurs,1
nederland,1
hanjisung,1
bealright,1
golfergirl,1
cadence,1
newtech,1
golfers,1
golfersoftiktok,1
adobepremierepro,1
playalongwithme,1
interaction,1
wackytobaccy,1
festivalfits,1
confidencequeen,1
onepieceswimsuit,1
bigsisteradvice,1
dogmum,1
outfitoftoday,1
privatedownloads,1
egwuchallenge,1
kitale,1
datasaving,1
operamini,1
privatebrowsing,1
howimadethis,1
osas,1
frankitom,1
rosacea,1
makeuepover40,1
hoodedeyesmakeup,1
smokeyeyes,1
undereyehollows,1
concealertutorial,1
easyeyeshadow,1
ericataylor,1
creasingconcealer,1
eyeliner101,1
largepores,1
powderfoundation,1
imagrownasswoman,1
peachcorrector,1
iwastodayyearsold,1
eyebag,1
moneybundle,1
easyeyeliner,1
grownasswoman?,1
cakeymakeup,1
ainash,1
blushlaunch,1
bottomliner,1
physiciansformula,1
drugstore,1
genxtiktokers,1
skincaremusthaves,1
makeupbymariopalette,1
yourwelcome,1
wingedeyeliner,1
waterliner,1
lauragellerpartner,1
puffy,1
liquideyeliner,1
liplinerhack,1
faceliftmakeup,1
camoflauge,1
hoodedeyesmakeuptips,1
over35,1
newfilter,1
sweetfragrance,1
easymakeuptutorial,1
sweatproofmakeup,1
cateye,1
undereyecircles,1
browpencilreview,1
lipliner,1
adhdmakeup,1
eyeshadowhack,1
translucentpowder,1
ainashparfums,1
colorcorrector,1
cheeklift,1
kohgendomoisturefoundation,1
dosanddonts,1
millenialmakeup,1
pinkpowder,1
wingedliner,1
makeupfacelift,1
facelift,1
liquidliner,1
biggereyes,1
anastasiabeverlyhills,1
funnymakeup,1
pores,1
eyebrowtutorial,1
eyelineraid,1
creasefree,1
matureskin,1
openeyes,1
newlipstick,1
perimenopausehealth,1
moneymist,1
nosecontour,1
makeupmistakes,1
blackeyeliner,1
eyelinertutorial,1
beginnermakeup,1
over40makeup,1
eyecontour,1
innbeautyproject,1
darkundereye,1
smokeyeye,1
injectables,1
lauragellerambassador,1
facialanatomy,1
colorselector,1
fragrancehaul,1
laurageller,1
powdermust,1
ericataylor2347,1
smokeyeyeshadow,1
voluminousmascara,1
eyelinerhack,1
makeupover30,1
iwasthismanyyearsold,1
genxmakeup,1
foundationhacks,1
nudeeyeliner,1
undertone,1
lauragellernmwd24,1
jowls,1
HausLabsFoundation,1
tomfordlostcherry,1
kohgendo,1
makeup101,1
corrector,1
updatedmakeuproutine,1
filterfree,1
tirtir,1
hotflashes,1
makeupmom,1
creasingundereyes,1
over40makeuptips,1
newlipgloss,1
thinbrows,1
makeuplife,1
eyebrowpencil,1
lipstickhack,1
mindbodyconnection,1
somatichealing,1
modelcoach,1
modeltips,1
creativedirector,1
treeclimber,1
photograher,1
fineartist,1
troyesivan,1
gaypop,1
mlbbcreatorbase,1
mlbbtiktok,1
mlbb,1
roselatte,1
naturalrecipe,1
hormone,1
balancedenergy,1
whatidrinkinaday,1
hormoneimbalance,1
stressregulation,1
mindfulnessmeditation,1
cleaneating,1
proteinbreakfast,1
healthyrice,1
thyroidhealth,1
cleanfood,1
posingtricks,1
poseideas,1
posetothis,1
posingflow,1
posingideas,1
posingtipas,1
posingcoach,1
posing,1
repeatafterme,1
neverenough,1
ukfood,1
duncanlaurence,1
swedishsausage,1
loreen,1
ifallapart,1
tomking,1
singingvideo,1
photoshootchallenge,1
mrbraindead,1
sadsong,1
karmajojosiwa,1
macdonalds,1
englishfood,1
outfittok,1
perfect10,1
hollow,1
tennesseewhiskey,1
loreentattoo,1
chrisstapleton,1
menscurlyhair,1
sayyouwontletgo,1
menswavyhair,1
fooltomking,1
songersongwriter,1
hollowtomking,1
mumandson,1
thegirlivealwaysbeen,1
jacketpotatowithcheeseandbeans,1
tomkinghollow,1
yourpower,1
honesttomking,1
alkaline,1
custard,1
americasgp,1
bigbear,1
groovybasketball,1
crissaandalexis,1
kerastaseclub,1
publicitémensongerejaiunfiltre,1
bashmuse,1
nycsightseeing,1
bach,1
nycbestfood,1
nycsights,1
balancedmeals,1
newyorktips,1
mealinspo,1
bacheloretteparty,1
nycfoodguide,1
bloatingtips,1
miamibachelorette,1
toastideas,1
bodylove,1
nyctravel,1
dateyourself,1
matchatips,1
yogurtbowl,1
mealinspiration,1
nourishbowl,1
romerecs,1
italylife,1
umbria,1
waitingforsummer,1
mindsetmatters,1
holisticremedy,1
remedy,1
abroad,1
mindsetgrowth,1
recipesforyou,1
romerecommendations,1
naturalremedy,1
bluezone,1
italytiktok,1
beautytutorial,1
peurs,1
prisedeconscience,1
monstres,1
thomasdansembourg,1
christianesinger,1
approfondissement,1
communicationnonviolente,1
intérioritécitoyenne,1
developpementpersonnel,1
connaissancedesoi,1
cnv,1
choix,1
bienveillance,1
relations,1
extrait,1
inconscient,1
interioritecitoyenne,1
changement,1
consciencenonviolente,1
lien,1
vivre,1
conscience,1
consciencebienveillante,1
nonviolentcommunication,1
developpementhumain,1
enchantement,1
lafindupeoplepleasingcestmaintenant,1
jveuxpaslaviequonveutpourmoi,1
selfliberation,1
jeveuxpaslaviequonveutpourmoi,1
perfectionnisme,1
pourtoiiiiiiii,1
soytietnumbersong,1
soytietnumbersong2024,1
ytietoffcial,1
duracell,1
sponsoredbysharkbeauty,1
duracellpowersafely,1
bitterisbetter,1
sharkflexstyle,1
thailandais,1
pascher,1
batboot,1
brasserie,1
egypte🇪🇬,1
93,1
indien,1
saltbeef,1
baoburger,1
restosolidaire,1
algerie🇩🇿,1
restoitalien,1
restauranthalal,1
japonais,1
pakistanais,1
restohalalparis,1
ramadanmoubarak,1
boucherie,1
halalfoodparis,1
dz,1
nouveau,1
bonplan,1
oumangeraparis,1
falestine,1
deco,1
onmangequoi,1
evenements,1
caribeen,1
parishalal,1
buffetavolonte,1
livraison,1
egypte,1
resto,1
halal,1
turquie,1
riseoftheronin,1
aidalfitr,1
gomu,1
lip,1
outfitidea,1
barbs,1
shopwithgooglepartner,1
shopwithgoogle,1
mevshydration,1
mineral89,1
vichylaboratoires,1
enzolefort,1
marinafois,1
lvbeyondmusic,1
kimchaewon,1
amberliu,1
nicolasghesquiere,1
xuminghao,1
guokeyu,1
lvmenprefall24,1
loicprigent,1
hoyeon,1
lvmh,1
lvlibrairie,1
reginaking,1
victoriasong,1
zhuangdafei,1
espacelv,1
jinchen,1
paulbettany,1
chloegracemoretz,1
lvprefall24,1
jenniferconnelly,1
hongeunchae,1
zhoudongyu,1
zhaolina,1
collectionflv,1
liuyifei,1
ouyangnana,1
dujuan,1
kazuha,1
lvvoyager,1
elainezhong,1
annawang,1
lvextended,1
shoppingaddict,1
boysdad,1
momandsons,1
ukcouple,1
ukmomsoftiktok,1
tiktokdad,1
familyrestaurant,1
unogame,1
interracialfamily,1
momamdson,1
spongebobsong,1
6thsense,1
grwus,1
spongebobchallenge,1
ukfamily,1
spongebobafroremix,1
familyskit,1
spongebobremix,1
motherandteenager,1
moneysaving,1
familyvideo,1
familychallenge,1
ukspring,1
onlygirlinthehouse,1
familydance,1
relatablefamily,1
momandsonduo,1
matchingcouple,1
tealover,1
tiktokmom,1
fatherandsons,1
tiktokfamilys,1
tealoutfit,1
ukmum,1
familyholiday,1
tealovers,1
dancecouple,1
fashionfamily,1
momskits,1
coupledancechallenge,1
coupledance,1
leréseau,1
lopez,1
cocovoit,1
btc,1
monicavinader,1
katespadeny,1
katespadebloom,1
ootdinspiration,1
nordicstyle,1
cosyhome,1
overforty,1
makeupreel,1
wellnessaesthetic,1
winteraesthetic,1
lifestylebloggers,1
kitcheninspiration,1
homewares,1
ruglove,1
romantizeyourlife,1
openplanliving,1
weekendstyle,1
weekendroutine,1
vlogreel,1
ootdstyle,1
creativeliving,1
everygirl,1
sezanelovers,1
modernhome,1
neutraloutfits,1
homedecoruk,1
powerofchrist,1
runchallenge,1
4you,1
challengeaccepted,1
popularsong,1
leak,1
nelsong,1
LiveInLevis,1
tommyhilfiger,1
hellostranger,1
vocalproduction,1
handsoffme,1
noisacompletesentence,1
yebba,1
burp,1
emmymeli,1
dearlittleme,1
overload,1
spin,1
yay,1
vocalstacking,1
phat,1
pigeontoe,1
goldrecord,1
cuteness,1
popstar,1
profil,1
montréal,1
monteal,1
laval,1
québec,1
ahossè,1
tiktokfrance🇨🇵🇨🇮,1
tiktokcreole🇭🇹,1
newalbumcomingsoon,1
tiktokguadeloupe,1
kizombadance,1
lakinda,1
newalbumoutnow,1
abidjan225🇨🇮,1
guéré🇨🇮,1
soyonsfous,1
nowavailable,1
kompa,1
toutlaisse,1
onestlà,1
tiktoklondon🇬🇧,1
vibrationuniverselle,1
tiktokguyana,1
1984xaudible,1
longchamp,1
acquadiparma,1
bulgaristudio,1
bzero1,1
eidgala,1
eid2024outfits,1
happy16thbirthday,1
narcanpartner,1
mothersdayideas,1
spoilmom,1
kohlsfinds,1
mamaandme,1
brody,1
kevinhart,1
newshow,1
kohlspartner,1
looms,1
birthdayvibes,1
nyhiltonmidtown,1
sweet16,1
surpriseandseek,1
chickfilasauce,1
amazonkids,1
tiktokviralvideo,1
jumanji,1
hyundaipalisade,1
bookflights,1
bestgifts,1
bolechudiyan,1
crymeariver,1
fupシ,1
mysician,1
reallovechallenge,1
berklee,1
polyphonicsinging,1
berkleecollegeofmusic,1
allstars,1
roxxxyandrews,1
winningmoment,1
q,1
mirageamuro,1
xunamimuse,1
planejane,1
donnasummer,1
morphinelovedion,1
malaysiababydollfoxx,1
sapphiracristal,1
shady,1
padampadam,1
teamplanejane,1
clapback,1
untucked,1
teamnymphia,1
crowning,1
whatchapackin,1
shannel,1
teamsapphira,1
traderjoesrecipe,1
nycmanicure,1
sullivantwins,1
flexibilitychallenge,1
gifted_by_drunkelephant,1
chocolatestrawberrybites,1
drunkelephantskincare,1
russianmanicure,1
lunchrecipe,1
nycfitness,1
lifewear,1
patientlywaitingforsummer,1
spzeroexcuses,1
sppartner,1
karaokechallenge,1
tiktokfatigue,1
fraserandthompsonwhiskey,1
premiosplatinos2024,1
proud,1
toothtok,1
dontforgettofloss,1
jamescordon,1
michaelreviewsmusic,1
failedtrend,1
whiskey,1
dogwhisper,1
dynasty,1
suitstyle,1
alexiscolby,1
metiersdexcellence,1
kiehlsfranceskincare,1
kiehlsfrance,1
dontbethisparent,1
happybirthdaysong,1
servicedaccommodationuk,1
whathorrormovieareweinrightnow,1
taketheplankoutofyourowneyefirst,1
whatisthenameofthishorrormovieweareinrightnow,1
womensncaachampionship,1
timeslikethese,1
notmysound,1
headtoheart,1
itunescharts,1
arranger,1
maman20ans,1
wê,1
mouvement,1
spaguetti,1
menage,1
myson,1
maman40ans,1
quellevoix,1
forypu,1
maintenantcasevoit,1
mereetfils,1
saucetomate,1
venven,1
petitfrere,1
lesgaragistes,1
zouglou,1
fourire,1
amoutati,1
actiondegraces,1
cotedivoire🇨🇮225,1
acre,1
grossesse,1
louange,1
mercimondieu,1
humoriste,1
aerialist,1
😭,1
miversionia,1
priority,1
bellakeo,1
johannesburg,1
jrm,1
lyra,1
90,1
autismfamily,1
autismisbeautiful,1
onthespectrum,1
autismvolumes,1
autismparent,1
autismspectrum,1
blackautismawareness,1
autistickids,1
autismsupport,1
autismmom,1
hometok,1
pradamonochrome,1
rosyglow,1
diorbackstage,1
loveispatientloveiskind,1
loveispain,1
howdoyoudescribelove,1
ibelovetoyou,1
faceage,1
thevoicebe,1
vismavie,1
getyourlullon,1
kristencruz,1
kp,1
matmutatlantique,1
féminine,1
psgol,1
dunkerque,1
ligue2,1
smileypot,1
xyba,1
indoorgrill,1
energysupplement,1
hosanna,1
moringapowderpills,1
jointstrength,1
shameiacrawford,1
vegansandwich,1
fete,1
holypillow,1
weofly,1
instareels,1
itonlycosteverything,1
victorray,1
laymedown,1
fallingintoplace,1
devinvelez,1
overjoyed,1
alte,1
liberiangirl,1
iwasoverlove,1
summerwalker,1
wowangelwigreviews,1
dasilva,1
beginnerfriendly,1
independent,1
oqhairglueless,1
dasilvadakid,1
wowangelwig,1
wowangel,1
luvrgrl,1
wowangelaliexpress,1
notimetodie,1
papediouf,1
momodiengofficiel,1
supermanelove,1
goordayamdollé,1
aspikine❤️💚🔥,1
❤️❤️❤️❤️❤️❤️❤️❤️❤️❤️❤️❤️❤️❤️❤️,1
senegalaise_tik_tok🇸🇳pourtoichallenge,1
generationconsciente,1
mbeuguelchallenge,1
yayesamaseytane,1
albumecoutez,1
mbeuguel♥️♥️♥️néxna,1
kileubeugeu,1
yayeboyechallenge😍,1
luxembourg🇱🇺,1
marichylajoie,1
touly🍷,1
eidmubrak,1
touly,1
bellepeau,1
jennites,1
jennifrank29,1
riffs,1
adele21,1
runs,1
caromioben,1
dollyp,1
blackbiird,1
blackbirdduet,1
operasinger,1
lovewastheexcuse,1
tiktoksinger,1
randb,1
equalizer,1
autotune,1
karaokeapp,1
drescot,1
africanwedding,1
summerwishlist,1
summertrend,1
frenchgirl,1
howtodresslikeafrenchgirl,1
carbonne,1
partywear,1
dailyoutfit,1
capferret,1
boxe,1
famebyrabanne,1
fametwilightcall,1
rabanneparfums,1
miuwander,1
chanelpartner,1
tommyfamily,1
mamastillgotit,1
mamaskitchen,1
tiktokfrance🇲🇫,1
224🇬🇳tiktok,1
223🇲🇱🕊️💪🏿,1
tiffanywonder,1
goodgirlcarolinaherrera,1
lexuselectrified,1
experienceamazing,1
customersbelike,1
ibetyoucantootd,1
tygmix,1
siblingsbelike,1
blackfoodtruckfestival,1
issacookout,1
bftf,1
maaaanguesswhatiwant,1
dustydorito,1
spotifypartner,1
kpoppersona,1
truematchpearlskin,1
gymsharkpartner,1
truematchtintedserum,1
lumiglotion,1
rockstarenergypartner,1
nailtrends,1
rockstarfocus,1
sustainmindbodyenergy,1
karinavigierintunis,1
lookoftheday,1
lookdusoir,1
punchline,1
overfiftywithstyle,1
etnique,1
colorblock,1
karinaornada,1
liftstory,1
over50whitstyle,1
karinavigier,1
karinaetcarole,1
fullblack,1
lookdujour,1
fashionwalking,1
extraitajewelery,1
italiantradeagency,1
madeinitaly,1
snugsofa,1
blondewig,1
snuginabox,1
singlegirlmovingdiaries,1
mercerlabsnyc,1
t3micro,1
16thbirthday,1
nycmuseum,1
iihandsiiheaven,1
youngmum,1
peakyblinders,1
peakyblindersedits,1
peakyblindersedit,1
tiktokshortfilm,1
onregardequoi,1
thomasshelby,1
makeupforblackwomen,1
arttransition,1
sheinsxy,1
saveinstyle,1
watercoloreyeshadow,1
creativemakeuplooks,1
lochairstyles,1
birthdaytheme,1
flooring,1
paintingwalls,1
dreambedroom,1
homeprojects,1
bedroomremodel,1
momdiy,1
secondbirthdaythemes,1
diybirthday,1
bemindful,1
collegetour,1
sauna,1
themarkhotel,1
pantrytour,1
powderblushstick,1
mcshemcomedian,1
africanhome,1
mamashem,1
springcapsule,1
modaentiktok,1
wardrobe,1
invitadaperfecta,1
bymyownself,1
g580,1
biscuitdough,1
blueberrymuffinrecipe,1
easysaladdressing,1
orzorecipes,1
easypotatosalad,1
dinerrecipes,1
levainbakerycookies,1
diprecipes,1
thebiggame,1
buttercreamrecipe,1
burgerrecipe,1
copycatrecipes,1
cagefreeeggs,1
chocolatefrosting,1
scallionpancakes,1
crispymushrooms,1
gamedayfood,1
pickletok,1
easydiprecipes,1
copycatrecipe,1
bolognese,1
creamcheesestuffedbagel,1
appetizers,1
homemademarinara,1
chocolatefudgefrosting,1
bolgoneserecipe,1
creamychickenpasta,1
potatosaladrecipe,1
pretzelrecipe,1
gamedayappetizer,1
springveggies,1
lemonchickenorzo,1
mushroomrecipes,1
highproteinmeal,1
blueberrymuffins,1
chocolatechipcookies,1
springvegetables,1
chocolatefrostingrecipe,1
potatosalad,1
smashedpotatosalad,1
pickles,1
pretzelbites,1
creamycajunpasta,1
birthmonth,1
onepotpasta,1
trendingtuesday,1
onepan,1
highproteinpasta,1
caesarsandwich,1
easydip,1
frostingrecipe,1
armenianfood,1
onepandinner,1
redgoldtomatoes,1
scallionpancake,1
mantuh,1
thinkrice,1
marinararecipe,1
mustardvinaigrette,1
thenaughtyfork,1
buttercream,1
gamedaysnack,1
pretzelrecipes,1
innoutrecipe,1
caesarsaladsandwich,1
glutenfreerecipe,1
turkeybolognese,1
onepotrecipe,1
plantbasedfriedchicken,1
fodtok,1
onepot,1
baketok,1
focacciabread,1
bakingcookies,1
frosting,1
focacciarecipe,1
whippedhoney,1
levainbakery,1
onepanmeals,1
chocolatebuttercream,1
onepotorzo,1
saladdressingrecipe,1
chickencaesarsaladsandwich,1
dumplingrecipe,1
icing,1
innoutburger,1
granolamuffins,1
croissantsandwich,1
eggplantparm,1
cornfritter,1
bestsaladdressing,1
dillpickle,1
bolgonesepasta,1
tuttorossotomatoes,1
taiwanesefood,1
cornfritters,1
springproduce,1
srirachamayo,1
chickencaesar,1
armenian,1
usagrown,1
stuffedbagel,1
familydinnerideas,1
bakingbread,1
ricerecipes,1
tomatochallenge,1
armenianrecipes,1
cheeseburgerrecipe,1
martinidip,1
homemadeinnout,1
hothoney,1
picklegrilledcheese,1
armenianrecipe,1
cajunalfredo,1
garlic,1
garlicbagel,1
chickencaesarsandwich,1
scallionpancakequesadilla,1
dijonvinaigrette,1
croissants,1
onepanrecipe,1
dirtymartinidip,1
armeniancuisine,1
bakingmuffins,1
lemonorzo,1
leekumkee,1
bolognesepastarecipe,1
whippedhoneyrecipe,1
potatopancake,1
cascadianfarm,1
buttercreamfrosting,1
homemadepretzels,1
chickenpasta,1
focacciarecipes,1
copycatlevain,1
calicbagel,1
olivedip,1
leekumkeecanada,1
highproteinsauce,1
marinarasauce,1
greenonionpancake,1
eggplantparmesan,1
cajunchickenpasta,1
tatertots,1
onepandinners,1
onepotdinner,1
blueberrymuffin,1
marinara,1
react,1
softlitglow,1
asianmakeup,1
spot,1
zicochallenge,1
olaysuperserum,1
pearlskin,1
buickenvista,1
buickambassador,1
madeinafrica,1
madeinmali,1
part3,1
syntheticwig,1
lorvae,1
sparkjoyintheeveryday,1
tanzania🇹🇿,1
zambeziriver,1
zanzibar,1
knotlessboxbraids,1
naturalmakeuproutine,1
tiffanyicons,1
teambach,1
staywithme,1
latch,1
handbag,1
beberexha,1
maquiagem,1
vsling,1
ttcontentcamp,1
flattummypartner,1
cuts,1
bullatwins,1
versacefw24,1
princessetamtam,1
lately,1
virginiedarbon,1
parisianvibe,1
parislife,1
dailylook,1
wanbowonderfulworld,1
lingerie,1
veryversace,1
versacemedusa95,1
saywho,1
newcollection,1
thomaslevylasne,1
rendezvous15placevendome,1
nutriplenish,1
routinebeaute,1
galeriefillesducalvaire,1
parisianchic,1
parisianlife,1
ritzparis,1
labonnebrosse,1
brush,1
diorlipstick,1
redlips,1
cooljunkproductions,1
xpsoccer,1
xpmaker,1
calamardo,1
alejoyvalentina,1
yosoybettylafea,1
congelar,1
univertogolais🇹🇬,1
univertogo🇹🇬🇹🇬🇹🇬po,1
pourtoii,1
pourtoiiii,1
univertogo🇹🇬🇹🇬🇹🇬,1
disporatogo🇹🇬🇺🇸,1
