Hashtag,Frequency
raptors,3
roadtoparis2024,2
tedtalks,2
aipin,2
hunt,2
hippo,2
sketching,2
jontayporter,2
popquiz,2
dashcam,2
doorbell,2
rivermonsters,2
alligator,2
caughtoncamera,2
indigenousart,2
dustdevil,2
discoverycollab,2
haikyuu,1
olgakorbut,1
olympicposters,1
canoe,1
olympicqualifiers,1
100dtg,1
rantakahashi,1
guessthesport,1
handballresin,1
smoothoperator,1
sportedit,1
stockholm1912,1
fencing,1
rimini2024,1
highjump,1
curling,1
karate,1
casperruud,1
agassi,1
mariasharapova,1
rafaelnadal,1
berrettini,1
mansourbahrami,1
kyrgios,1
leonmarchand,1
mensfashionwear,1
countrystyle,1
giantsquid,1
naturalhistory,1
chemteacherphil,1
yuvalnoahharari,1
cognitivescience,1
tedaudiocollective,1
teded,1
standardizedtest,1
parrotfish,1
nfts,1
tedmembership,1
suleikajaouad,1
ideaschangeeverything,1
worldevents,1
ted2024?,1
employeeownership,1
riverreporter,1
medicalhistory,1
delewareriver,1
monopolygame,1
sullivancounty,1
knitteddoll,1
magazinetiktok,1
postivenews,1
pensylvania,1
digitalnews,1
firststopnews,1
milford,1
lizziemagie,1
obituary,1
goodnewspaper,1
landlordsgame,1
albanyny,1
microsoftpartner,1
publiclibrary,1
newsreporter,1
charlesdarrow,1
newyorkstate,1
jeffersonville,1
newsforkids,1
thelandlordsgame,1
delawareriver,1
libertyny,1
kidsnews,1
harrisburgpa,1
printmedia,1
adriennefranklin,1
whatwomencreate,1
broadcastjournalism,1
twentiesadvice,1
americanmedicalassociation,1
printisnotdead,1
gaeul,1
accuracy,1
leeseo,1
theabandons,1
paleoanthropologist,1
girlgroup,1
princessmononoke,1
lupefiasco,1
yujin,1
tiktoknotes?,1
riverdale,1
justiceleague,1
cavemen,1
newtechnology,1
extendedversion,1
fallouts,1
buynow,1
rei,1
23andme,1
snydercut,1
camilamendes,1
hoteltiktok,1
streetcarnameddesire,1
hobbsandshaw,1
wiredautocompleteinterview,1
nas,1
diveintoive,1
rudymancuso,1
ghouls,1
heimdall,1
unsaflok,1
krall,1
amazonprimevideos,1
yuka,1
liz,1
aaroncliftonmoten,1
shawnmendesits,1
wiredpoliticslab,1
wiredtechsupport,1
personalities,1
abandons,1
watchesoftiktok,1
upgraded,1
playingcards,1
músicapv,1
ouraringreview,1
illmatic,1
grocery,1
ella,1
lubridermpartner,1
proceramide,1
lubridermyoulove,1
proudbisdak,1
educator,1
phdcandidate,1
transwoman,1
teacherathena,1
cebuana,1
firstwatchpartner,1
changingenvironment,1
processvideo,1
jellybean,1
photomode,1
maritime,1
sugarcandy,1
heinz,1
fighterjets,1
hairstandingup,1
candymaking,1
unconsciousmind,1
warmingup,1
factoryasmr,1
braintraining,1
howitsmadevideo,1
circadianrhythm,1
chocolatetok,1
manufacturing,1
shawl,1
phobias,1
inventions,1
warfare,1
factsabout,1
2024solareclipse,1
pashmina,1
onceinalifetime,1
zombieland,1
fortunes,1
goosebumps,1
fears,1
themakingof,1
mastercraft,1
planetfacts,1
radartechnology,1
twinkie,1
medicalfact,1
galloping,1
newstudy,1
lifeinjapan,1
ronaldreagansjellybeans,1
manufacturingprocess,1
nose,1
poptok,1
makingcandy,1
outnumbered,1
kashmir,1
mummiesoftiktok,1
fearof,1
jellybeans,1
factorywork,1
thenile,1
spacethings,1
weaving,1
weatherfact,1
mainsail,1
tardigrade,1
longwords,1
cantswim,1
woodyharrelson,1
nationaltwinkieday,1
articair,1
pharaoh,1
polarvortex,1
shipinabottle,1
selectiveattention,1
allodoxaphobia,1
parasites,1
candyfactory,1
nationalday,1
foodsafety,1
poscapaintpens,1
timessquarenewyorkcity,1
posca,1
uniball207,1
notebooksketch,1
sketchingpeople,1
uniballpens,1
pensketch,1
pentok,1
gelpen,1
uniball,1
amazondeal,1
momentofcalm,1
momentofstillness,1
takeamoment,1
wpix,1
fopo,1
benzodiazepíne,1
glennondoyle,1
rushing,1
thedailystoic,1
dontrush,1
panicattack,1
patriciakarpas,1
josephgoldstein,1
metitation,1
panicdisorder,1
untangle,1
drjennytaitz,1
meditationforkids,1
panic,1
ryanholiday,1
michaelgervais,1
intention,1
ipmf,1
disabiltiy,1
puppytiktok,1
memorial,1
protectyourpeace,1
sportmode,1
strugglecare,1
parasocial,1
theskillofchill,1
forcefree,1
roomresetboards,1
asktheaudience,1
neurodivergentfamily,1
katchakid,1
poolnet,1
poolsafety,1
annualreview,1
giannisantetokounmpo,1
heisman,1
blackstudents,1
nicksaban,1
treylance,1
luckycharms,1
falcons,1
trophy,1
educationequity,1
ajbrown,1
2021,1
trevorlawrence,1
duke,1
sportsbet,1
james,1
alleniverson,1
disrespectful,1
statue,1
greatness,1
rockets,1
philadelphiaeagles,1
uncomfortableconversations,1
mackjones,1
intuition,1
zackwilson,1
michaelpenixjr,1
breakfastcereal,1
uncomfortableconvos,1
politicstikok,1
tedvancouver,1
namethatcity,1
swag,1
swagbag,1
hotelview,1
vancouver,1
broomba,1
baconeggandcheese,1
digitalillustration,1
digitalartist,1
komkom,1
pumice,1
ancientchina,1
hieroglyphs,1
vesuvius,1
terracottaarmy,1
dnatesting,1
ancientbattle,1
pompei,1
familyhistory,1
plinianeruptions,1
salem,1
salemwitchtrials,1
girlhistorians,1
saynotodrugs,1
realitygays,1
gobeyond,1
bcgcareers,1
kingbaldwin,1
alexaroutines,1
puppytax,1
alexaplaytaylorswift,1
amazonalexa,1
smartlights,1
alexacallforhelp,1
alexaemergencyassist,1
cheesetax,1
justscored,1
chickenfight,1
bellbottoms,1
paintdate,1
runninghome,1
danceydance,1
pitchermethod,1
tallestman,1
bananaball,1
wipeout,1
wrestler,1
littleleague,1
savannahgeorgia,1
aaronburrsir,1
takeittotheground,1
mmmbop,1
wop,1
promtransition,1
highjumpchallenge,1
sportscenter,1
bananasplit,1
foodfight,1
twerk,1
thick,1
shaniatwain,1
baseballtiktok,1
laineywilson,1
feellikeawoman,1
hanson,1
bizzle,1
baseballmoms,1
laurenalaina,1
guitarherostyles,1
sillygoofy,1
softballlife,1
savannahbananas,1
2000skids,1
walkupsong,1
marketers,1
businesssolutions,1
spring24spotlight,1
growyourbusiness,1
commercehub,1
contenthub,1
saleshub,1
producitivityhack,1
crm,1
spotlight2024,1
hubspot,1
chimepartner,1
familee,1
doordashpartner,1
foodcritic,1
pizzahut_partner,1
parentsofadultchildren,1
familyrelationships,1
lmft,1
familydysfunction,1
adultchild,1
adultchildren,1
familyestrangement,1
emotionalimmaturity,1
toxicpositivity,1
emotionalmaturity,1
toxixposivity,1
familycyclebreakersclub,1
emotionallyimmatureparents,1
familydynamics,1
adultsiblings,1
estrangement,1
goingnocontact,1
callinghome,1
positivethinking,1
chaotichome,1
grandparent,1
courage,1
pygmalianeffect,1
whotels,1
marriotthotels,1
takeadip,1
cebu,1
worldclasspools,1
sblviii,1
marriottbonvoymoments,1
lemeridienhotels,1
traveldupe,1
fern,1
muffy,1
prunella,1
cootiecatcher,1
francine,1
fortuneteller,1
librarylife,1
binky,1
george,1
dw,1
davidread,1
blackgirlsgolf,1
jazzfest,1
danceparty,1
hairbonnet,1
sightseeing,1
frenchquarter,1
neworleansjazzfest,1
sweatitout,1
kennyburns,1
goodmusic,1
yakamein,1
mardigrasindians,1
harlemtoile,1
sleepmask,1
10000steps,1
harlemnights,1
redmapleleaf,1
porkchopsandwich,1
treme,1
laescuelitadelcacao,1
nationalaslday,1
elmo,1
deaftok,1
internationaljazzday,1
oscarthegrouch,1
grover,1
bertandernie,1
familywellness,1
oldschoolsesame,1
seeamazing,1
furryfriendsforever,1
americansignlanguage,1
merengue,1
unwrapping,1
dodge,1
lake,1
cracking,1
bone,1
icebreaking,1
things,1
cellphone,1
nativehistory,1
mentalhealthmonth,1
genzfeedback,1
awkwardkiss,1
complaining,1
virtualmeeting,1
managerproblems,1
baddriver,1
milennials,1
multitasker,1
awkwardinteraction,1
friendgroup,1
performancereview,1
overshare,1
girlsdinner,1
allergyseason,1
exhumed,1
lesterholt,1
universalmusicgroup,1
glasglow,1
harveyweinsteins,1
wapatolake,1
dreamliner,1
missile,1
kharkiv,1
donda,1
callherdaddy,1
bodies,1
tacoma,1
chocolateexperience,1
rasheerice,1
alroker,1
alexcooper,1
specialneeds,1
kansascitychiefs,1
bronnyjames,1
doinggood,1
gooddeedsday,1
nationalwildlifeweek,1
4oceanrescue,1
4oceanbracelets,1
globalcleanup,1
4ocean,1
pledgegood,1
oceanheroes,1
cleantheocean,1
countdown,1
sipsustainably,1
cleanupwithcaptainkate,1
newwhip,1
kiatelluride,1
parkingticket,1
autobody,1
easyfix,1
carfax,1
carboot,1
nyctraffic,1
driversed,1
carmaintenance,1
carfox,1
firstcar,1
scatpackcharger,1
carrecall,1
flooddamage,1
floodcar,1
scatpack,1
dogfriendlyworkplace,1
vwjetta,1
bmw3series,1
jeepwrangler,1
whydidyouswipe,1
buffing,1
vwbug,1
writingprocess,1
lunchladycomics,1
artisticjourney,1
creativejourney,1
memoiral,1
jjkdailysketch,1
yalit,1
artistontiktok,1
livedrawing,1
remembering,1
sketchbooks,1
buffalowildwings,1
edtok,1
summerreading,1
sketchbookdrawing,1
chapterbooks,1
heykiddobook,1
observationaldrawing,1
schoollunchheroday,1
artsistsoftiktok,1
bereavement,1
livesketch,1
expressivearts,1
acrylicpaintings,1
arttherapy,1
stuffedanimals,1
teacherproblems,1
schooldays,1
universalpartner,1
isabelamerced,1
lisafrankenstein,1
abigailthemovie,1
felixmallard,1
creecicchino,1
kathrynnewton,1
johngreen,1
goalball,1
paraequestrian,1
judo,1
paracycling,1
bipride,1
bisexualman,1
lgbtqthoughts,1
queerhistory,1
biman,1
queerchameleon,1
bierasure,1
gotmilk,1
spacejunk,1
luckyfish,1
extremeheat,1
derail,1
youthforclimate,1
ohiotraincrash,1
pinholecamera,1
eastpalestine,1
climatelawsuit,1
circleofsecrets,1
theone,1
oddoneout,1
splitdecision,1
pmgd2024,1
retrograde,1
nprshortwave,1
publicmediagives,1
mycoplasmas,1
whatonearth,1
roman,1
masterstournament,1
unearthed,1
foodchain,1
smallestmanwhoeverlived,1
howtheuniverseworks,1
techwithsinead,1
pumba,1
greatgreyowl,1
warthog,1
monarchbutterfly,1
baldeagle,1
goldeneagle,1
honeybuzzard,1
elephantseal,1
falconet,1
burrowingowl,1
secretarybird,1
eagle,1
bumblebee,1
dung,1
caracara,1
shirleynetflix,1
ericschlosser,1
tricks,1
participantambassador,1
kimberlyrenee,1
hammermuseum,1
foodinc,1
shirleychisholm,1
michaelpollan,1
melissarobledo,1
pullupachair,1
foodinc2,1
coalitionofimmokaleeworkers,1
robertkenner,1
letsdothis,1
nationalroboticsweek,1
sciencegoseek,1
fanfic,1
ao3,1
duolingogiveaway,1
doitforduo,1
affordablehousing,1
antiableist,1
disabilityinclusion,1
universaldesign,1
antiableistbook,1
inclusivedesign,1
antiableism,1
yourfirstmillionlive,1
mosaicart,1
bookbts,1
brachialplexusinjury,1
firsttimeauthor,1
hotelportofino,1
kenburns,1
pbskids,1
henrylouisgatesjr,1
findingyourroots✨,1
gershwinprize,1
jamestown,1
hotelportofinopbs,1
mychalthelibrarian,1
poetrytok,1
thisoldhouse,1
perioddramaseries,1
normabrams,1
greatperformancespbs,1
webbyawardwinner,1
portofino,1
findingyourrootswithhenrylouisgatesjr,1
periodpiece,1
winningwithwinston,1
immarollwithit,1
esa,1
myfirstdog,1
servicedogteam,1
ariel,1
theb,1
puppyinterview,1
saintandrew,1
thirsttweets,1
springbaking,1
blackberries,1
steel,1
lasso,1
worldsurfleague,1
dozen,1
bleach,1
beaforceofnature,1
learnedontiktok,1
bearcubs,1
goodthing,1
cooloff,1
woops,1
wildflower,1
auroraborealis,1
neighborhood,1
wearher,1
virtex,1
mountainlion,1
caught,1
jordanspieth,1
landing,1
dronefootage,1
celestial,1
telescope,1
west,1
doublerainbow,1
rorymcilroy,1
warming,1
farmstead,1
outrage,1
tornadosiren,1
kitesurf,1
carfails,1
sicily,1
aninal,1
draining,1
westvigrinia,1
snowboardseason,1
stargazing,1
skiseason,1
mastersweekend,1
lavaflow,1
outlook,1
destructive,1
alta,1
theweatherchannel,1
statepark,1
golfswing,1
powder,1
golfing,1
close,1
debris,1
rickiefowler,1
healthytips,1
prediabetes,1
takeonalz,1
professionaltroublemaker,1
nytbestseller,1
imjudgingyou,1
humorbook,1
orphanedanimal,1
skimming,1
brittneygrineronabc,1
centralparknyc,1
pinkmoon,1
lukebryan,1
oceansideca,1
gymanstics,1
fine,1
thepowerofus,1
capitolhill,1
popefrancis,1
moscow,1
gorillas,1
saharadesert,1
chrisley,1
israelhamaswar,1
districtattorney,1
morphew,1
larrynassar,1
otters,1
savingspecies,1
aquariumofthepacific,1
magellanicpenguin,1
seaottters,1
babybird,1
usinanotheruniverse,1
expeditionbigfoot,1
blindfrogranch,1
paranormalcaughtoncamera,1
bigfoot?,1
nasasunexplainedfiles,1
northwestcoastart,1
snuneymuxw,1
gems,1
northwestcoast,1
mkbhd,1
siliconvalley,1
girljams?,1
steminist,1
bravenotperfect,1
aieducation,1
ailiteracyday,1
failforward,1
girlswhocode,1
reshmasaujani,1
girljams,1
makers,1
alumniapril,1
girlsinstem,1
datascientist,1
marizzadelgado,1
recordingstudio,1
bemyguest,1
foodnetworkfinds,1
wildcardkitchen,1
unwrapped,1
chopped,1
24in24,1
beatbobbyflay,1
nakedandafraid,1
monstersinsideme,1
americasbackyardgold,1
vancouverisland,1
hautecouture,1
daniellismore,1
nyctattooartist,1
thestrain,1
montereybayaquarium,1
octopus🐙,1
tropicalfish,1
raft,1
sustainableseafood,1
africanpenguin,1
seaotter,1
hideandseek,1
kelpforest,1
pyrex,1
windowsinging,1
overcomingchallenges,1
nycdogs,1
vinestars,1
tiktokfamous,1
nycdating,1
fosteringsaveslives,1
muddypawspack,1
nomwah,1
dimsum,1
ilookinpeopleswindows,1
pittiesoftiktok,1
claireandaj,1
fosterdogs,1
ilikemyself,1
bigvineenergy,1
fosterdogsoftiktok,1
fosterdog,1
itslikeareward,1
bundleofjoy,1
mydays,1
etsyfinds,1
muddypawsrescue,1
coileray,1
metgalastyle,1
taylorswiftfan,1
jessicaalba,1
yoasobi,1
romcoms,1
redcarpetfashion,1
girlinred,1
angelabassett,1
maipham,1
jakeshane,1
girlinredconcert,1
sabrinacarpenteredit,1
prettyinpink,1
le_sserafim,1
fashiontiktoks,1
rosalia,1
gutstour2024,1
coichella,1
moesha,1
dualipachallenge,1
tiktokstyle,1
joelocke,1
kekepalmer,1
ayoedibiri,1
redcarpetlooks,1
fyi,1
locationsharing,1
cbs,1
calebwilliams,1
1830s,1
mercuryinretrograde,1
findmy,1
bridalparty,1
hateithere,1
elsbeth,1
snapmap,1
mercuryretrogradetips,1
mycatfromhell,1
piranha,1
toocute,1
lajollacove,1
spoileddog,1
trashpanda,1
antarcticadidthatforme,1
simplyantarctica,1
jwst,1
cosmology,1
earthshine,1
jameswebb,1
redsea,1
thinkuhi,1
marinebiologytok,1
bsc,1
universityonthebeach,1
redsea2024,1
livedelicious,1
bibigo,1
bibigogogo,1
scientistsontiktok,1
wildkingdom,1
dungbeetles,1
thescienceoflife,1
rainbowmafia,1
instascience,1
pridemonth,1
omega3,1
raventhesciencemaven,1
mononeon,1
eshutune,1
dropouttv,1
gamechanger,1
montypython,1
