Hashtag,Frequency
weweretheluckyones,1
addsong,1
transcore,1
caketok,1
nationalbrunchmonth,1
britishflowertok,1
uktok,1
recyclelife,1
musicdiscovery,1
tour2024,1
abudhabi,1
whatitslike,1
blindgirl,1
seasonaldepression,1
pinkbedroom,1
primarybathroom,1
breeganjane,1
paintcontractor,1
partyhouse,1
homevendor,1
breeganjanedesign,1
contractorappreciationmonth,1
housesupplies,1
primarybathdesign,1
buildingmydreamhouse,1
boysbedroom,1
kitchendesignideas,1
pinkbedroombarbie,1
breeganjanestyle,1
luxurybathroom,1
designerreacts,1
boysbedroomideas,1
luxurybathrooms,1
backyardpool,1
buildingmydreamhome,1
fcbrma,1
fcufcb,1
jamalmusiala,1
goretzka,1
packmas,1
arsfcb,1
legendchallenge,1
fcbsge,1
thefallguyfilm,1
ribéry,1
mathystel,1
sané,1
robben,1
tel,1
leroysane,1
miasanmia,1
neuer,1
efootball,1
thomasmüller,1
kimmich,1
manuelneuer,1
fcbars,1
fcbayernlegends,1
fishermansandals,1
jeansforever,1
marbella,1
zlatan,1
followtherossonere,1
okafor,1
bennacer,1
adli,1
sempremilan,1
yepes,1
dompig,1
youthleague,1
dietrolequinte,1
gabbia,1
acmilan,1
sportiello,1
warmup,1
leao,1
cattrend,1
hernandez,1
maignan,1
ibra,1
rafa,1
sassuolomilan,1
curva,1
serginho,1
musah,1
milantv,1
kjaer,1
scudetto,1
kaka,1
juvemilan,1
rl10,1
ibrahimovic,1
giroud,1
sansiro,1
thiaw,1
chukwueze,1
seriea,1
tiktokcalcio,1
romamilan,1
pioli,1
acm,1
calabria,1
spalletti,1
oliveira,1
tikrokfootball,1
seedorf,1
juventus,1
pulisic,1
