Hashtag,Frequency
southkoreanews,1
feminisminkorea,1
tiktokkorea,1
foreducation⚠️,1
ronjohnson,1
impeachment,1
randpaul,1
chrispappas,1
tomcarper,1
mikelawler,1
inpeachment,1
bobmenendez,1
joshhawley,1
laphonzabutler,1
glennivey,1
staceyplaskett,1
rickscott,1
mayorkas,1
queenbee,1
honeybee,1
troll,1
urbanbeekeeping,1
mikepence,1
vivekramaswamy,1
physicaltherapist,1
scars,1
rangeofmotion,1
mykneeandme,1
aclwarrior,1
cpm,1
crutches,1
gettingstronger,1
progressnotperfection,1
stationarybike,1
continuouspassivemotion,1
kneesurgery,1
postop,1
meniscus,1
aclclub,1
screentime,1
postreports,1
colorofmoney,1
bracket,1
envelopechallenge,1
creditcardrewards,1
dietitian,1
antidiet,1
trumptrialupdate,1
shadowbands,1
