Hashtag,Frequency
regeneration,2
latvia,2
marketinghacks,2
lamu,1
legalize,1
plantmedicines,1
kenyatravel,1
shelalamu,1
rhinoconservation,1
babymonkey,1
rasta,1
völliglosgelöst,1
gibberish,1
aboutlastweekend,1
deny,1
caredit,1
dynamicflexing,1
lockedaway,1
looksodivine,1
cptlevi,1
herethereandeverywhere,1
doiwannaknow,1
riverbed,1
herewithme,1
bestdayofmylife,1
kolohekai,1
majortom,1
cleaningvlog,1
poppincookinkit,1
haircarereview,1
chilis,1
addictioncomedy,1
richaddict,1
thephixskincare,1
jailnachos,1
jailtiktok,1
soberliving,1
recoveryskit,1
jailmail,1
recoverycomedy,1
addicriokskit,1
addictionskit,1
addicrionskit,1
mcobeautybronzingdrops,1
jailtattoo,1
boujie,1
kroger,1
jailskit,1
vacationvlog,1
contraband,1
olivegarden,1
thephix,1
jailcomedy,1
jailhygiene,1
candykit,1
sobercomedy,1
coolaunt,1
richinjail,1
skicare,1
coolauntvibes,1
thephixproducts,1
jailtok,1
recoveringaddict,1
cordlessscrubbrush,1
jailbeautyhacks,1
jailhair,1
poppincookin,1
jailescape,1
girlplugs🔌,1
jaildessert,1
jailbeauty,1
panerabread,1
jailvsprison,1
soberlivingskit,1
jaillife,1
dailyvlig,1
jailsecurity,1
indomienoodles,1
tinasrecoverytok,1
jailrecipe,1
kitsch,1
scrubber,1
commissary,1
jailstory,1
hairstylesinjail,1
jailrelationships,1
familystorytime,1
cleaningtok,1
jailrecipes,1
dinnervlog,1
jailfood,1
jailhacks,1
jaillove,1
saveme,1
patriot,1
rasselperson,1
mctetris,1
mirami_music,1
artro,1
rassel,1
mirami,1
maskachka,1
sarahbetshabaz,1
masterskaja,1
estonia,1
oneлав,1
musiqq,1
перемены,1
baltic,1
маскачкаlife,1
person,1
chorus,1
yul,1
патриоты,1
miravi,1
barz,1
betweenus,1
peremeni,1
dvizh,1
salaspīls,1
riga,1
andergam,1
narva,1
hit,1
palaguta,1
аввакум,1
caracas,1
🇻🇪,1
orinoco,1
canaima,1
venezolanosenelmundo,1
losroques,1
djimavicpro,1
lifechanges,1
seahorses,1
wetwipes,1
happyfacechallenge,1
thebuttface,1
vencerapoluiçãoporplásticos,1
smallactsmatter,1
sunnydays,1
greatglobalpellethunt,1
soldacaparica,1
microplastic,1
fujitsu,1
algés,1
caparica,1
rethink,1
tejo,1
beachdays,1
tedx,1
beatpelletpollution,1
healthissues,1
trafaria,1
ukulele,1
savetheseahorses,1
marinelitter,1
cigarettebutts,1
protectouroceans,1
broom,1
lisboa,1
buttfacechallenge,1
buttface,1
swarovski,1
swarovskiidyllia,1
swarovskihyperbola,1
vinivia,1
viniviacreatorcommunity,1
swarovskimillenia,1
doitlive,1
relaxingvideos,1
naturlover,1
hide,1
sonygenuine,1
wildanimal,1
nobotox,1
hoodedeyes,1
massagetutorial,1
facecare,1
slimnose,1
fullface,1
civilwarmovie2024,1
bringcloaksback,1
tabletopgames,1
knightwearco,1
cloakbrand,1
cloaks,1
pokemonfacts,1
aragorntok,1
lanadelray,1
redpill,1
allnight,1
bluepill,1
kissme,1
deathbed,1
gangnamstyle,1
intentionally,1
iyaz,1
thousandyears,1
safeplace,1
serena,1
blairwaldorf,1
smoothslowmo,1
smoothvelocity,1
livephotocapcut,1
aiautofill,1
kidsmusic,1
technoremix,1
loosingweight,1
technovibes,1
remixmusic,1
highproteinrecipe,1
techhousemusic,1
gymrats,1
ravers,1
proteinpizza,1
losingweigthjourney,1
listeningtomusic,1
musicplaylist,1
lowcalorierecipe,1
technomusicrevolution,1
technolovers,1
desire,1
gymrecipe,1
youandme,1
bangers,1
technogirl,1
partyplaylist,1
lowcaloriepizza,1
technoplaylist,1
techtokbrazil,1
andx,1
fitnessgoal,1
newdj,1
ravetokedmtiktok,1
hardtechnolovers,1
technotracks,1
lowcalorierecipes,1
flashbacks,1
hardtechnodj,1
technobangers,1
wheelsonthebus,1
crunchysalad,1
brusselssprouts,1
redpeppers,1
kidfriendly,1
healthysalads,1
quinoabowl,1
kalequinoasalad,1
brownieideas,1
plantbasedonbudget,1
recipeoftheday,1
saladbowl,1
healthysoup,1
easysalads,1
teriyaki,1
veganpasta,1
dressing,1
slaw,1
turmeric,1
bananacake,1
tofurecipes,1
plantbasedonabudget,1
sidesalad,1
marinade,1
zucchini,1
healthysalad,1
beansalad,1
stirfryrecipe,1
tofusticks,1
cincodemayo,1
soupson,1
mangosalad,1
tacosalad,1
recipeshare,1
blackbeanmeatballs,1
roastedredpeppers,1
vegansoup,1
blackbean,1
bigsalad,1
cakesofinstagram,1
peanutdressing,1
quinoasalad,1
dessertsofinstagram,1
campfirecooking,1
bushcraftuk,1
wildcamping,1
bodyweighttraining,1
bushcraftshelter,1
forager,1
foraginguk,1
ukforaging,1
campinghacks,1
ukbushcraft,1
foragingtips,1
createthelifeyouwant,1
obidos,1
weighttraining,1
potugal,1
exfoliate,1
erborian,1
rodialbeauty,1
orangeblush,1
rodial,1
makeupcommunity,1
skincarecommunity,1
weddingguesstoutfit,1
celebwedding,1
pashionfootwear,1
comfyboots,1
shoecloset,1
workhacks,1
thatsthatmeespresso,1
heelstoflats,1
nontraditionalwedding,1
haleypavone,1
innovativeproducts,1
alexcooperwedding,1
beyonceconcert,1
pettyqueen,1
convertibleheels,1
shoestorage,1
coworkersbelike,1
bridalstyle,1
customizableshoes,1
hotlikeyou,1
comfyshoes,1
storagehacks,1
highheelsshoes,1
fashiontech,1
crocodileprint,1
womensshoes,1
neutralaesthetic,1
bobbyapproved,1
costcobuys,1
ketosandwich,1
avocadooil,1
laundrydetergent,1
pbandj,1
costcodeals,1
eatthisnotthat,1
lipbalmaddict,1
loxbagel,1
avocadobread,1
costcosavings,1
pbj,1
extravirginoliveoil,1
costcomusthaves,1
evoo,1
aldihaul,1
tiktokrecipe,1
allulose,1
omega3s,1
robertwblove,1
robertloveneuroscientist,1
blueprint,1
inflammation,1
mctoil,1
brainsupplements,1
bryanjohnson,1
robertlove,1
antaging,1
weddinggifts,1
neurogenesis,1
sleepsupplements,1
polyphenols,1
bryanjohson,1
antiaing,1
paidsocial,1
advertisingtiktok,1
facebookads,1
dubaidesert,1
uaewildlife,1
snail,1
marellaandmart,1
endthecull,1
greenjacket,1
wildlifeartivism,1
druguse,1
sustainablebuilding,1
interrelations,1
braidingsweetgrass,1
reforestportugal,1
wwoofer,1
ecobuilding,1
plantworld,1
workawayadventure,1
refbeverlyhills,1
charlotteyork,1
lookaround,1
contentcreaortips,1
picsart,1
picsartambassador,1
subliminal,1
quotesaesthetic,1
amsterdamtips,1
socialmediafeed,1
hooks,1
2024energy,1
trendingsounds,1
amsterdamfood,1
kiko,1
trendalert,1
rarefish,1
cloning,1
venomoussnakes,1
howtodatebillywalsh,1
northwest,1
pitchperfect,1
ruggablexjustinablakeney,1
ruggablepartner,1
maitake,1
mushtok,1
ganoderma,1
dyerspolypore,1
fungiperfecti,1
latinbinomials,1
biodiversityisbiosecurity,1
mushroomeducation,1
funga,1
researchanddevelopment,1
mycophiles,1
mycobrew,1
scientificname,1
ganodermaapplanatum,1
polypores,1
poweredbymushroommycelium,1
scienceisfun,1
mycelialnetwork,1
chickenofthewoods,1
mycelium,1
deermushroom,1
turkeytail,1
paulstamets,1
abugslife,1
mushroomlovers,1
adhdsquad,1
adhdwomen,1
adhdhacks,1
adhdtips,1
adhdexplained,1
adhdproblems,1
adhdsupport,1
adhdstruggles,1
vetstudent,1
vetschool,1
ซากุรันโบะ,1
futuremobility,1
insta360thailand,1
ต่อขนตา,1
ร้านต่อขนตารัชดา22,1
รถไฟฟ้า,1
xpeng,1
xpengg6,1
evcar,1
cyclingkits,1
supercar,1
lotuscarsthailand,1
yallternative,1
redwolf,1
westernriding,1
dirtroad,1
riding,1
prioritizeyourself,1
groundingexercise,1
visualization,1
deepbreaths,1
jobseekers,1
mentalhealthcoaching,1
tunaguachile,1
roseypeach,1
musicinterview,1
patmcgrathmaisonmargiela,1
glassskinmakeup,1
lays_partner,1
polandisbeautiful,1
polska,1
londonbylondoners,1
polandiseverywhere,1
gdansk,1
gdanskcityguide,1
gdanskcity,1
londondiaries,1
trojmiasto,1
gdańsk,1
cityscape,1
keukenhof,1
poland🇵🇱,1
tricity,1
lennnie,1
ropebridge,1
forced,1
windyday,1
🇮🇪,1
northenireland,1
proguide,1
ireland🇨🇮,1
luckyduck,1
foxes,1
buncrana,1
wildireland,1
guinness,1
erikataughtme,1
nd,1
emokid,1
asd,1
bpd,1
aiprograms,1
adhdapps,1
stylemyhairwithme,1
stimming,1
thoughtexperiment,1
dsm,1
changingstyles,1
elderemo,1
forevertheweirdkid,1
curlyhairstyle,1
formspring,1
appsthatwork,1
goingnonverbal,1
neurodivergentproblems,1
bipittyfriends,1
puttingbthebinbpd,1
puttingthebinbpd,1
legobonsaitree,1
seasheperd,1
trekking,1
bikepacking,1
jwdrip,1
overfishing,1
friendstrip,1
welivetodiscover,1
mustseeplaces,1
dancetutorial,1
tellurgf,1
skillibeng,1
imageupload,1
motherfigure,1
pelacase,1
littleleaffarmssalad,1
fishtacosalad,1
babycrispygreenleaf,1
palomasaremagic,1
califlower,1
weddingsalad,1
michaeljordan23,1
woodbowls,1
greeksalad,1
madeintheus,1
cava,1
vegancobbsalad,1
woodsaladbowls,1
lacrema,1
llfpartner,1
kalesalad,1
cobb,1
birthdaysalad,1
brunchsalad,1
sauvignonblanc,1
smashedroastedpotatoes,1
whisktossenjoy,1
rosé,1
pomegranatemolasses,1
thesaladlab,1
dressings,1
drycreekvineyards,1
blanchedvegetables,1
solidwood,1
beetsalad,1
saladdays,1
bettybuzzgingerbeer,1
saladsoftiktok,1
madeintheusa,1
preorder,1
haburger,1
winecountry,1
thesaladlabbook,1
pomegranate,1
hamburgersalad,1
complexsalad,1
thesalaslab,1
bltsalad,1
citrusvinaigrette,1
handcradfted,1
mdw2024,1
treetales,1
alberi,1
treedom,1
giornatamondialedellaterra,1
letsgreentheplanet,1
periodpain,1
researchgap,1
earthfest,1
spinninglikeaballerina,1
cbdtampons,1
cramps,1
feminismtiktok,1
mytype,1
viagraresearch,1
cbdtampon,1
cbd,1
vagtok,1
discharge,1
inappropriate,1
periodcare,1
moneytaboo,1
thatmoneyshow,1
latinasoftiktok,1
where,1
glitterlips,1
bbcearth,1
fantail,1
findme,1
invisalignpartner,1
sheenainterrupted,1
okboomer,1
prankwars,1
reesescoffeecorner,1
baltics,1
brīvdienumāja,1
latvianblogger,1
atpūta,1
latvijasdaba,1
latviešiceļo,1
latviantiktok,1
kurpalikt,1
atpūtapiedabas,1
placestostay,1
vietaslatvijā,1
zaļaiszelts,1
katvaruliepas,1
latviannature,1
visitlatvia,1
kuratpūsties,1
visitbaltics,1
glempings,1
latvia_in,1
latvija,1
katvari,1
uniquestays,1
guessmyaccent,1
housesit,1
bookshop,1
detoxing,1
housesitting,1
housesitter,1
thirty,1
londongirl,1
surprisingfamily,1
brachydactyly,1
londondesserts,1
eyelashserum,1
surprisevisit,1
delhifood,1
thirdculturekid,1
blackwellsbooks,1
marketingcalendar,1
marketingupdates,1
searchengineoptimization,1
novelapp,1
novel,1
jomo,1
marketingnews,1
nancyharhut,1
eatingoutketo,1
smartmarketing,1
healthyfastfood,1
socialmediainfluencer,1
attentive,1
opal,1
wishuponastar🌟,1
marketingtricks,1
eatingout,1
sge,1
marketingideas,1
consumertrends,1
tiktokbrands,1
ChipotleSponsorMe,1
arc,1
consumerresearch,1
fermat,1
marketingtrends,1
perplexityai,1
postpilot,1
beehiiv,1
arcbrowser,1
behavioralscience,1
sms,1
perplexity,1
bangbangbang,1
星野源,1
잘자요아가씨,1
xxl,1
gackt,1
집사,1
yongposse,1
영파씨,1
엄마안잔다,1
김홍남,1
kimhongnam,1
콜드플레이,1
송하빈,1
춘봉,1
아일릿,1
예원,1
고양이집사,1
다같이오도로,1
언더월드,1
노빠꾸탁재훈,1
vivalavida,1
asmrz,1
댄스챌린지,1
tanaka,1
첨지,1
집사의하루,1
빅뱅,1
동내친구강나미,1
아이뽕,1
잘자요아가씨챌린지,1
뽕짝,1
강남,1
다나카,1
baptism,1
sacrifice,1
tarotcards,1
robotdog,1
wheretonext,1
destinationsrilanka,1
skyphotography,1
travelinspo,1
traveltips101,1
solotraveller,1
visitsrilanka,1
travelsrilanka,1
pidurangalarock,1
srilankatiktok🇱🇰,1
pregnantoutfits,1
toddlermumoutfits,1
mumdaughter,1
funnytoddler,1
magnetictiles,1
magnetictoys,1
mumdiary,1
thingstodolondon,1
sausagedog,1
plog,1
batistewithme,1
photodiary,1
reparentyourself,1
innerchildwork,1
innerchildconnection,1
livingwithintention,1
peoplepleasingrecovery,1
reparentingyourself,1
tring,1
noordermarkt,1
britishcountryside,1
traveltransition,1
kibbeling,1
intratuin,1
micadecorations,1
рекомендации,1
russiantiktok,1
brighton,1
реки,1
sciencetoddler,1
babyscience,1
season2,1
firsttimedad,1
pumpingmom,1
firststeps,1
guidance,1
ebf,1
pumpingmama,1
kofi,1
seasontwo,1
guarana,1
cutenewborn,1
sciencebaby,1
breastfed,1
