Hashtag,Frequency
trini_tiktoks,35
trinidadandtobago,34
caribbeantiktok,17
trini,14
trinitiktok,13
tobago,13
dancehall,8
pcosweightloss,7
trinidad🇹🇹,7
jamaicatiktok,7
poui,5
trinidadtiktok,5
naturalhaircare,5
pcosproblems,5
pcosdiet,5
grenada,4
thingstodointrinidad,4
consistency,4
ezekiel,4
infertility,3
naturalhairtiktok,3
westindian,3
sorvete,3
🇹🇹,3
guyanese,3
harvard,3
liarliar,3
pcossupport,3
guyana,3
caribbeanlife,3
yungfilly,3
harrypinero,3
tobagotiktok🇹🇹🇹🇹,3
impact,2
therapistsoftiktok,2
personalgrowthjourney,2
nelly,2
miscarriage,2
lifestylechange,2
pcostreatment,2
messytiktok,2
millennialfashion,2
caribbeanbrands,2
thefashionarchgallery,2
readcaribbean,2
caribbeanauthors,2
sewin,2
frontalwig,2
5amclubcoffee,2
5am,2
teething,2
xoduscarnival,2
whitesand,2
sunsets,2
sanfernando,2
stvincent,2
silkyhair,2
outnow,2
thatscrazy,2
eastafrica,2
victoriafalls,2
868,2
beaches,2
hikingadventures,2
exploring,2
whatevershewants,2
vybzkartel,2
caribbeantiktokeurs🇭🇹🇬🇾🇹🇹🇸🇷🇯🇲,2
caribbeantiktokeurs,2
csectionmom,2
sierraleonetiktok🇸🇱,2
healthcareworker,2
acmefools,2
teamlooneytunes,2
wash,2
guyana🇬🇾,2
guyanatiktok,2
guyanatiktok🇬🇾,2
withyou,2
2000srnb,2
puppet,2
believeinyourself,2
adultfriendships,2
yellow,2
styleguide,2
girlsgirl,2
jamaicantiktok🇯🇲viral,2
pcossymptoms,2
buckethat,2
danceworkout,2
zumba,2
watermelonrecipe,2
coconutmilk,2
pcosfacialhair,2
hideaway,2
washdayroutine,2
infertilityjourney,2
ttcjourney,2
healthcoach,2
spanishclassonline,2
daddyyankee,2
doggrooming,2
pouitree,2
learnspanishfast,2
easyspanish,2
tryguys,2
maryearps,2
angryginge,2
liverpoolfc,2
chutney,2
boatride,2
trinidadartist,2
sawine,2
fulham,2
puttingpeoplefirst,2
dancehallmusic,2
trinitok,2
glutes,2
trinitiktokers🇹🇹🆙️🔥,2
traumarecovery,2
trinigyal,2
betasquad,2
chunkz,2
filly,2
currygoat,2
jamaicacarnival,2
forfun,2
opp,1
fertilliser,1
seatour,1
herbgarden,1
pasirris,1
scope2emissions,1
scope3emissions,1
wegotchufam,1
sustainabilityfinance,1
oppbeachhub,1
worldaquaticday,1
zeroemissions,1
katinganmentayaproject,1
carbonsequestration,1
internopportunity,1
jamescookuniversity,1
seapollution,1
healthyrelationshipsonly,1
responsibility,1
toxicparent,1
selfrespect,1
boundaryup,1
iamenough,1
codependencyrecovery,1
healingprocess,1
beencouraged,1
advertisingagencylife,1
strategiccommunication,1
strategicthinkingtraining,1
commsstrategy,1
strategicthinking,1
creativestrategy,1
adagency,1
advertisingstrategy,1
communicationskill,1
massager,1
pizzachallenge,1
lifelessons101,1
personalgrowthtips,1
iodksimplifylife,1
knowyourvalueandworth❤️,1
manhoodpodcast,1
empoweryourself✨,1
trinitiktokers🇹🇹,1
therapysessions,1
trinitiktok🇹🇹,1
emotionalresilience,1
specialist,1
anxietyawareness,1
perfectlyimperfect,1
traumahealingjourney,1
embraceyourpower,1
empowermentjourney,1
therapists,1
healinganxiety,1
behaviourchange,1
trinitiktoker,1
tiktoktherapist,1
embracechallenges,1
mentalhealthmatter,1
bowwow,1
tatumchallenge,1
treysongz,1
breakmysoul,1
keyishacole,1
tatum,1
cheerup,1
encouargement,1
tatumtakeover,1
omarion,1
encouagement,1
affirmationsdaily,1
tatumtalks,1
marymary,1
myboo,1
kelly,1
fatheranddaughter,1
dadsdoittoo,1
lure,1
snook,1
carolinarig,1
icedmocha,1
kosmjigs,1
trinidrink,1
runningline,1
fishon,1
movietowne,1
artificialbait,1
pbfit,1
kosmfishing,1
chiller,1
kosm,1
startfishing,1
peanutpunch,1
dhalpuri,1
catchfish,1
landbasedfishing,1
experience,1
keepfishing,1
trinidadtruth,1
bankingrig,1
tackleshops,1
kosmjig,1
chickenrig,1
upanddownrig,1
fishingvideos,1
inshorefishing,1
snapperrig,1
parentmeme,1
mommemes,1
positiveaffirmations,1
tameramowry,1
tiaandtamera,1
tamera,1
nuancesolar,1
offgridfarming,1
solarwaterpump,1
solarcompany,1
automatictimer,1
letstalkaboutit,1
crescentcity,1
profee,1
wsj,1
stanley,1
ttscreatorbash,1
babyboom,1
wheremygirlsat,1
stayclassy,1
shortage,1
stanleywaterjug,1
nebraskafurniture,1
proteinicecream,1
thingstodoingeorgia,1
businesstrip,1
portablefan,1
pcospregnancy,1
tamlin,1
hormonalimbalance,1
crownroyal,1
diplo,1
yourlove,1
itsnotlinear,1
biocarepartner,1
saltedcaramelpopcorn,1
grwmchallenge,1
iwillalwaysloveyou,1
targetste,1
stdwm,1
hurricaneprep,1
budlight,1
premierprotein,1
sciaticarelief,1
bodycondress,1
americanairline,1
dramatok,1
amicrazy,1
4kcamera,1
feyre,1
explainit,1
okefenokeepastime,1
notopicisofflimits,1
worktrip,1
traderjoesfinds,1
campinggear,1
northflorida,1
edhardy,1
eyeserum,1
summerfun,1
tiktokmaddmebuyit,1
summerbestie,1
tiktokguidelines,1
miamifood,1
glasskin,1
theoutfield,1
questionandanswers,1
glowserum,1
almondmom,1
blacksuvmom,1
tiktokshopfind,1
90sculture,1
mixeddrinks,1
proteinhacks,1
tallgirls,1
wallstreetjournal,1
campground,1
guesswhatyear,1
saltair,1
gardengirly,1
shondarimes,1
cabincamping,1
seniorphotos,1
coralgables,1
okefenokeeswamp,1
ikeafinds,1
shapewear,1
ttsfinds,1
glowdeepserum,1
rhysand,1
yourpcosbestie,1
crownblackberry,1
hotgirlsummer🧚🏽‍♂️,1
carinsurance,1
polycysticovariansyndrome,1
moonface,1
idc,1
tog,1
TurboTaxAndRelax,1
godblesstexas,1
allamericanrejects,1
happierthanever,1
whatsayyou,1
homegoodsfinds,1
catchflights,1
minehle,1
orangesummerdress,1
stamps,1
notebook,1
snacksprincess,1
snackprincess,1
thesnacksprincess,1
juggling,1
serato,1
mix,1
djkai,1
madeforme,1
pioneer,1
boutiqueowner,1
clearandbrilliant,1
cosmeticdermatology,1
discoloration,1
dermaplaning,1
dermtok,1
coolgirls,1
microdermabrasion,1
pih,1
chemicalpeel,1
lipflip,1
writers,1
readersareleaders,1
saintkitts,1
conversationswithcoryn,1
viraltrinidaandtobago,1
explore_tt,1
lslandlife,1
islandreelhumor,1
islandadventure,1
mangrovesnapper,1
tiktokkayaking,1
lobster,1
spearfishing,1
islandfishing,1
kayakcomedycruise,1
kayakadventures,1
fishingfunnies,1
fishingmagic,1
kayakparadise,1
trinidadfishing,1
kayakvibes,1
caribbeananglerlaughs,1
tropicalfishtales,1
kingfish,1
livebaitfishing,1
paddlelife,1
trinidaddivers,1
wavesofadventure,1
discovertrinidad,1
counselingservices,1
startingtherapy,1
trinidadtherapy,1
psychologicalservices,1
dollyandassociates,1
mentalhealthtrinidad,1
anxietyhacks,1
tobagotherapy,1
therapytok,1
authorconference,1
booklaunch,1
authos,1
publisher,1
editors,1
underwaterworld,1
dogvlog,1
nusapenida,1
funnydog,1
divecenter,1
scubabali,1
sleekhair,1
virginhair,1
rateme,1
wavy,1
frontal,1
naturalgirlwigs,1
clipins,1
kinkyhair,1
lacewig,1
leaveout,1
ponytails,1
virginhairvendor,1
headbandwig,1
virginhairbundles,1
coilyhair,1
weftextensions,1
kinkystraight,1
upartwig,1
bun,1
3chair,1
fauxhair,1
straighthair,1
humanhairextension,1
naturalhairwigs,1
leaveoutsewin,1
frontalinstall,1
clipinhairextensions,1
wigvendor,1
kinkycurlyhair,1
wigtok,1
humanhairwigsforblackwomen,1
wigmaking,1
bobwig,1
sewins,1
btsedit,1
atlwigs,1
rateyourlooks,1
hairvendor,1
caribbeanparents,1
fathers,1
caribbeanmothers,1
coffeee,1
healthymarriage,1
multiculturalfamily,1
morekids,1
conradpartner,1
hammamspa,1
zaddy,1
sunblock,1
flyingwithkids,1
hardchild,1
cookoff,1
ollywellness,1
ollypartner,1
babyhack,1
meltdown,1
playdate,1
cookingchallenge,1
familyvacation,1
brownbaby,1
kidsclub,1
prankingmywife,1
bonnet,1
halohalo,1
jesussaidyes,1
vivavideo,1
auntiediaries,1
wigdiaries,1
liveattheapollo,1
lata,1
bacchanaljouvert2024,1
machelmontano,1
elektratribe,1
jouvert,1
maidencay,1
camparicarnival,1
carnival2024,1
trinijunglejuice,1
destinationcarnival,1
tjjdrone,1
genxsjamaica,1
malayapple,1
otaheiteapple,1
carnivallikewemad,1
tribecarnival,1
crabanddumpling,1
trinidadcarnival2024,1
tribecarnival2024,1
socakingdom,1
jouvertjumbeez,1
pommerac,1
carnivalinjamaica,1
yardmascarnival,1
tjjlive,1
wearecarnival,1
bacchanaljamaica,1
frenchcashew,1
jamaicacarnival2024,1
roundtrip,1
vehicles,1
tribe,1
travelmiles,1
pos,1
travelcaribbean,1
bay,1
travelcreditcards,1
naturals,1
affidavit,1
mastercard,1
flightdeals,1
orangesky,1
ilivewhereyouvacation,1
buytheplaneticket,1
miles,1
aadvantage,1
finance101,1
creditcardtrinidad,1
detanglemyhairwithme,1
chaguaramus,1
triathletes,1
bookthetrip,1
northcoast,1
softlocs,1
oceansunset,1
oceanlovers,1
openhouse,1
airfare,1
commissionerofaffidavits,1
untiedairilnes,1
traveldeals,1
exploretrinidad,1
orangeismycolor,1
caroniboardwalk,1
booktheflight,1
parasailing,1
greenery,1
pricealerts,1
triathlontrainingcoachkemya,1
travelcreditcard,1
samaanpark,1
hillclimb,1
pearsecco,1
maracas,1
caroni,1
caronibirdsanctuary,1
detanglehair,1
govermentworkers,1
financetiktok,1
fees,1
caribbeantravelers,1
travelcreditcardstravel,1
caribbbeantiktok,1
cays,1
boholocs,1
layover,1
commissioners,1
bakeandshark,1
travelrewards,1
cove,1
catchingonfire,1
republicbank,1
creditcardforbeginners,1
mortgagetips,1
caroniswamp,1
excursion,1
celebratinglife,1
wetland,1
mortgages,1
remoteworkers,1
annuities,1
horsebackriding,1
fyptraveling,1
starterlocs,1
locmaintenance,1
loctician,1
dreadhead,1
instantlocs,1
eastindian,1
scarletibis,1
loccare,1
thicklocs,1
4bhair,1
healthylocs,1
wicks,1
happyclient,1
loclife,1
locinstall,1
undercut,1
trinidadloctician,1
govana,1
genna,1
jadakingdom,1
pullover,1
twinkle,1
melb,1
centralamericatravel,1
explorebelize,1
belizeantiktokers,1
belizetravel,1
bubbletent,1
belizean,1
belize,1
travelbelize,1
bubble,1
cayecaulkerbelize,1
caye,1
adventuretravel,1
trinitravelfinds,1
chaquacabana,1
beautifulviews,1
visittrinidad,1
roadtrippin,1
laslapaslookout,1
craftmentship,1
bodabodas,1
canopy,1
travelfashion,1
blackfarmers,1
brainfood,1
bodaboda,1
reduceanxiety,1
rehillroad,1
antistress,1
baboon,1
obsidian,1
calivigny,1
dronevideography,1
naturaldisasters,1
islands,1
westindies,1
sandyisland,1
lasoufriere,1
carriacou,1
yachting,1
monks,1
coastline,1
weekendfun,1
mountainview,1
adventurevibes,1
coloringbook,1
markers,1
colorindo,1
ohuhuart,1
sitiodopicapauamarelo,1
colorwithme,1
satisfatorio,1
coloringbooks,1
emilia,1
coloringpages,1
coloring,1
milhouse,1
desenho,1
picapau,1
canetasdeglitter,1
bart,1
colorindocomglitter,1
glittercoloring,1
glitterpens,1
picolé,1
gnome,1
glittergelpens,1
alcoholmarkers,1
paintwithme,1
boilinglake,1
impossiblemile,1
tetchien,1
cloudedboa,1
natureisle,1
guiltless,1
morneanglais,1
rarefinds,1
mlbpartner,1
wigtiktok,1
laceclosurewigs,1
junoda,1
junodawig,1
acefrontalwigs,1
weargowigs,1
steevieandmonnie,1
gluelessinstall,1
prebleachedwig,1
weargowig,1
gluelesswigs,1
lacewigs,1
wiginstalltutorial,1
coloredwig,1
wiginstallation,1
hairwig,1
steevie,1
recoolhair,1
humanhairwigs,1
wigtransformation,1
badkidsteevie,1
weightlosscoach,1
fitnessmptivation,1
permanentweightloss,1
wegoodoverhere,1
bandedworkouts,1
iwillwaitforyou,1
smallchanges,1
otherfactorsmatter,1
sustainablefatloss,1
post10krace,1
absburn,1
perfectioninadress,1
caloriesour,1
ificansocanyou,1
legexercise,1
naturalbreastlift,1
coreerexercise,1
basicnothing,1
plateaus,1
lifeisafashionshow,1
eastermonday,1
caloriesout,1
musclesiskey,1
weightlossshocks,1
ddi,1
lifestyledesease,1
lookinglikeamannothing,1
shehasherphd,1
transformationtuesday,1
nogymnoproblem,1
happymoments,1
allbootymatters,1
restrictivedietsdontwork,1
post10k,1
fatlossmistakes,1
weightlossmistakes,1
birthdaythings,1
mealdesigns,1
weightlossmotivation,1
proofoflife,1
screwedsociety,1
backexercise,1
lovewhatyoudo,1
proseccoweekend,1
sundaytone,1
planking,1
fatburnsession,1
plankconvo,1
nomorequickfixes,1
myheartoutsidemybody,1
committeelime,1
shockingtruths,1
funfilledday,1
shoulderexercise,1
sheunderstoodtheassignment,1
armworkouts,1
womenruntheworld,1
sunandsea,1
myheartbeasts,1
homeworkouts,1
mealprepfridays,1
volumeeating,1
outdoorworkout,1
newchapters,1
caloriedout,1
resistancebands,1
mylunchdate,1
tinywaistseaso,1
thickthighstakeslives,1
sundayfunday,1
weightllossmotivation,1
secretstofatloss,1
nomoreexcuses,1
theboss,1
thebestofyou,1
eattolose,1
cardioburn,1
caurarace,1
saladsdonthavetobeboring,1
smallincrementalchanges,1
absaremadeinthekitchen,1
shinebright,1
losttribecarnivaë,1
transformyourbody,1
lifestylechanges,1
lamafashionshow,1
celebrateyousuccess,1
raftup,1
myfavlittlepeople,1
fastfoodathome,1
abwork,1
weightlossresults,1
consistencyiskey,1
prouddaddy,1
skilled,1
gluteworkouts,1
aperfectday,1
coreworkouts,1
absathome,1
shoulderworkouts,1
plankandtalk,1
dimlightnothing,1
gluteserexercise,1
iloveherwithmylife,1
liftingisamust,1
toomuchfindless,1
thickwomen,1
outdoorworkouts,1
ditchthedietculture,1
itsalifestyle,1
makemecare,1
mealprepmadeeasy,1
myrock,1
weightlosstips,1
fatlosstakestime,1
caura10k,1
committeeraftup,1
workforit,1
aginglikefinewine,1
shesaidpinkisaidok,1
bootyburn,1
waistlinecheck,1
tuesdayburn,1
saferskies,1
weightlosshabits,1
chestexercise,1
saturdaygoals,1
corestrength,1
nomoreexcuse,1
legworkout,1
myfavlittleperson,1
weightlossplateaus,1
doyou,1
weightlossdarkside,1
sustainableweightloss,1
legworkouts,1
naturalweightloss,1
yute,1
pointfortin,1
southwomen,1
southtrinidad,1
storityme,1
theshow,1
storitelling,1
blackfemininity,1
fairygodbrother,1
bbwdating,1
blackgirldating,1
femininityforblackwomen,1
singleblackwoman,1
bbwdatingproblems,1
datingadviceforblackwomen,1
singleblackfemale,1
blackwomendatingtips,1
bashment,1
lilbaby,1
lildurk,1
djtransition,1
djing,1
durkio,1
youthleader,1
atenas,1
elestuario,1
ouroceanconference,1
trinifoodie,1
resonatedreadings,1
spendingmoney,1
readwithme,1
villainera,1
airsigns,1
geminis,1
geminibelike,1
geminizodiac,1
gemini,1
victoralfred11,1
blackmango,1
teethingbaby,1
coparenting,1
afrolatino,1
labmix,1
hondurantiktok,1
garifuna,1
puntagarifuna,1
afroindigenous,1
singlemomsoftiktok,1
littlebrother,1
757tiktok,1
singlemoms,1
daycare,1
simmer,1
garifunasdehonduras🇭🇳🇭🇳🇭🇳,1
757,1
labmixesoftiktok,1
latinotiktok,1
msrachel,1
blacksimmer,1
disneykid,1
hamptonroads,1
blackmakeup,1
madreehijo,1
blackisbeautiful,1
afrolatina,1
babymilestones,1
mamazing,1
patpat,1
madresentiktok,1
babyregistry,1
deadbeatdad,1
borador,1
blackbeauty,1
bigbaby,1
hondurangirl,1
teenamarie,1
boymomlife,1
boymomma,1
honduran,1
sixmonths,1
boymama,1
islandfoodsystem,1
locust,1
trinidadagriculture,1
trinidadandtobagotiktok,1
foodsystems,1
trinidadoutdoors,1
postcard,1
dcitinerary,1
bucketliststays,1
allinclusiveresort,1
truebeachlover,1
dcstaycation,1
visitvabeach,1
marriottautographcollection,1
etias,1
lanternfestival,1
becavalier,1
liveaquapuntacana,1
puntacana,1
cavalierresortvb,1
cheapcaribbean,1
dctiktok,1
exactlylikenothingelse,1
bucketlisthotels,1
dcdateideas,1
cavalierhotel,1
roomtours,1
stopdoingthis,1
africatravel,1
caves,1
internationalfriends,1
romania🇷🇴,1
departmentoftransportation,1
freepassport,1
paranormalactivity,1
strangers,1
norseairlines,1
lowcostairline,1
guineenne224🇬🇳,1
americansleavingamerica,1
salonetiktokers🇸🇱🇸🇱🇸🇱🇸🇱,1
australiatiktok,1
guineeconakry,1
moveabroad,1
travelafrica,1
dontdothat,1
embarassing,1
creepystory,1
huntsmanspider,1
guinea,1
aussietok,1
travelstory,1
norse,1
conakryguinea🇬🇳🇬🇳🇬🇳,1
disnerds,1
pediatrics,1
emergencymedicine,1
pixarinsideout,1
doctordisney,1
familymedicine,1
pixarinsideout2,1
bway,1
hospitalworker,1
pediatricianreacts,1
thenotebookmusical,1
insideout,1
anesthesia,1
auditions,1
pediatrician,1
murse,1
thelondonfamily,1
bigchungus,1
tomyjerry,1
supermanday,1
parquewarner,1
parquetematico,1
bgce,1
bromasacme,1
soyfeliz,1
parqueacuatico,1
curiosidad?,1
parquewarnerbeach,1
atraccion,1
batmangothamcityescape,1
parquedeatracciones,1
newride,1
gothamcity,1
acuaticpark,1
batmobile,1
joyfulnoise,1
schoolofscale,1
rollsroyce,1
vusithembekwayo,1
scaleyourbusiness,1
thembekwayo,1
striplashes,1
fixingspray,1
dyingmyhairblack,1
finishingpowder,1
dressofthenight,1
dyingmyhair,1
neutraleyeshadow,1
foamingprimer,1
hairdyegonewrong,1
madebymitchell,1
sheamoisture,1
rawhair,1
dressoftheday,1
makeupdrugstore,1
silverjewellery,1
hairhair,1
halflashes,1
primer,1
blushswatches,1
15secondeyeshadowtutorial,1
bodycream,1
brownlipgloss,1
typ,1
destinationweddings,1
brides,1
hindubrides,1
indianbrides,1
bridalmakeup,1
srilankanbrides,1
atlantahairstylist,1
bobcut,1
tiktokhair,1
atlantabrows,1
hairtreatment,1
blondetoblack,1
brow,1
lashextensions,1
silkpressnaturalhair,1
twa,1
atlantaesthetician,1
atlhair,1
atlantalashes,1
atlhairstylist,1
refreshkuaföristanbul,1
refreshkuaförmaslak,1
refreshkuaför,1
erenavşar,1
crystalglobe,1
plays,1
cxc,1
cxcgeography,1
teachingonline,1
schoolofgeography,1
examtips,1
microtheatre,1
teachingontiktok,1
tailoredsuit,1
classic,1
mangoblazer,1
inpso,1
styl,1
womenswear,1
hmblazer,1
vestdress,1
elegantstyleofficial,1
zaraset,1
elegantstyle,1
saxpanama,1
paramissoldados,1
dangerman,1
saxcover,1
skycinema,1
10lives,1
kudade,1
canada🇨🇦,1
nairobitiktokers,1
senegalaise_tik_tok🇸🇳,1
beaded,1
maasaishoes,1
laptopsleeve,1
suriname🇸🇷,1
nyombo,1
surinametiktokers,1
kenyansinperth,1
frenchguiana🇬🇫,1
masaisandals,1
kenyansinusa,1
beadedbeltsinkenya,1
kenyansincanada🇨🇦🇰🇪,1
koito,1
maasaisandals,1
mamaurembo🥰🥰,1
dumaroni,1
kitaletiktokers,1
mombasa001,1
ruracio,1
wedgesandals,1
kenyans,1
dodomatanzania🇹🇿,1
perth,1
wholesale,1
traditionalwedding,1
moshitanzania🇹🇿,1
brassjewellery,1
shoeplugke,1
legit,1
cayenne,1
gothadance,1
luxuryshoeslover❤❤,1
mombasatiktokers,1
luopians🇰🇪🔥🥰,1
guadalupe,1
ugandatiktok🇺🇬,1
kenyansingulf,1
saintlucia,1
growmyaccount,1
ugandatiktok,1
tanzaniantiktok🇹🇿,1
kenyan,1
nakurutiktokers,1
kibango,1
nyomboceremony,1
unitedstatesofamerica🇺🇸,1
ruraciooutfit,1
madeinkenya,1
bonn,1
australia🇦🇺,1
kenyansinuk🇬🇧🇬🇧🇰🇪,1
madeinkenya🇰🇪,1
luonation🇰🇪🇰🇪🇰🇪,1
dhl,1
masaimara,1
gabon🇬🇦,1
dhlcargo,1
bolga,1
shippingworldwide🌍✈️,1
korom🔥,1
belts,1
leathercraft,1
guyanesetiktok🇬🇾,1
wholesalemarket,1
curio,1
vacationshoes,1
nairobigossipclub,1
leatherbelt,1
kenyansineurope,1
handmadeshoes,1
belgium🇧🇪,1
urembo,1
corksandals,1
joan,1
maasaitiktokers,1
suriname,1
urembocrafts,1
brassrings,1
africanfashion,1
brassjewelrykenya,1
growingbusinessowner,1
kikuyutiktok,1
africanshoes,1
kenyansingulf🇰🇪🇶🇦🇱🇧🇮🇹🇸🇦🇧🇭,1
ecommercebusiness,1
tanzaniatiktok,1
heelschallenge,1
luopeans♥️♥️🔥🔥,1
vanuatu,1
eastafrican,1
runwaymodels,1
beautifulthingsbensonboone,1
nairobitiktokers🇰🇪,1
masai,1
africanoutfitinspo,1
kikuyuisbae,1
duboishaul,1
shoeschallenge,1
joansandals,1
squadgoals🔥,1
africanbrand,1
madeinafricafortheworld,1
kenyansinaustralia🇰🇪🇦🇺,1
diamondplatnumz,1
africansandals,1
kudadechallange,1
kenyansindiaspora🇰🇪🇰🇪,1
itaara,1
kenyansindubai,1
kudonjokudunda,1
jewelrybusiness,1
handmadecraft,1
lavalava,1
urembosandals,1
beachshoesforwomen,1
braceletsoftheday,1
pitbullsoftiktok,1
mozambique🇲🇿,1
underwaterlife,1
uwphotography,1
leopardshark,1
paditv,1
zebrashark,1
lovetheoceans,1
itvnews,1
itnews,1
captcha,1
bodmin,1
smugglers,1
princewilliam,1
baldwin,1
therundown,1
cheslea,1
machester,1
itv,1
princelouis,1
peterkay,1
northampton,1
snackbreaks,1
millenialsoftiktok,1
stocks,1
markcuban,1
softskin,1
generationalwealth,1
tjmaxxhaul,1
over30club,1
girldinner,1
caution⚠️,1
wealthgap,1
coldbrew,1
stocktrading,1
publicschool,1
millennialsontiktok,1
hygge,1
socialsecurity,1
pedigree,1
financialsecurity,1
ghosted,1
syrup,1
officelifetiktok,1
investor,1
edcuation,1
affordablefinds,1
soft,1
longisland,1
badparenting,1
scent,1
customgifts,1
mbappedemola,1
poison,1
oneinamilliontour,1
turnoffthelights,1
oneinamillion,1
charlottenc,1
bbd,1
hiphopviolinist,1
demolaoneinamilliontour2,1
missindependent,1
neyo,1
gimmethat,1
bestieverhad,1
oneinamillionthealbum,1
oneinamilliontour2,1
ridewitme,1
demola,1
demolaoneinamilliontour,1
demolaoneinamillion,1
bellbivdevoe,1
tourexcerpts,1
mbappedemolachallenge,1
gunsnroses,1
demolaviolinist,1
theunderground,1
lova,1
atlviolinist,1
oaklynnandtruth,1
lakersnation,1
thewilliamsondad,1
barebellspartner,1
hearties,1
branchingout,1
kevinmcgarry,1
juapablodipace,1
danjeannotte,1
legendofthelostlocket,1
blinddatebookclub,1
hearties?,1
hallmarkchannel,1
jocelynhudon,1
erinkrakow,1
sarahdrew,1
natashaburnett,1
vivleacock,1
chrismcnally,1
kavansmith,1
jackwagner,1
whencallstheheart,1
pascalehutton,1
fallinginloveinniagara,1
bathandbodyworks_partner,1
madea,1
robinwilliams,1
jadensmith,1
iimostwanted,1
martinlawrence,1
mrsdoubtfire,1
lifeislikeaboxofchocolates,1
pieintheface,1
badboys4,1
eddiemurphy,1
findingdory,1
keepswimming,1
nuttyprofessor,1
badboys,1
coloncleanse,1
leanonme,1
entertainer,1
metime,1
tylerperry,1
thepursuitofhappyness,1
thenuttyprofessor,1
drphil,1
dreamgirls,1
homietheclown,1
jenniferhudson,1
ellen,1
homiedontplaythat,1
inlivingcolor,1
shoplocaltt,1
thefashionarchlifestyle,1
platoniclove,1
astrocartography,1
believeinyourdreams,1
thefouragreements,1
adviceforcreatives,1
chooseyourself,1
damplifestyle,1
doitscared,1
sobrietyjourney,1
tipsforcreators,1
chooseyou,1
adviceforartists,1
countdowntotokyo,1
rootingforyou,1
sobertips,1
wadadatwins,1
raspberry,1
howtowearcolor,1
effectivecolors,1
peruanos,1
blacklatinhistory,1
afroperuano,1
fentyskin,1
naturalhairstyle,1
goddessstrength,1
nudenails,1
headwrapstyle,1
carolsdaughter,1
spanishvideos,1
learnonthego,1
bilingueacademy,1
tiktokvideos,1
reelsvideos,1
latinogang,1
spanishcourses,1
teacherthings,1
bilingue,1
baddies,1
tommielee,1
slim,1
shy,1
et,1
cutevoice,1
fluttershy,1
mariahlynn,1
rollie,1
tommie,1
irl,1
billy,1
ahnamac,1
zeus,1
tesekhi,1
rolliepollie,1
scarface,1
baddieseast,1
rolliepolliesnackmealz,1
him,1
natalienunn,1
baddieswest,1
youfancyhuh,1
MoodBoost,1
comfortzonebreaker,1
stylesbyslimster,1
slimsterscomedy,1
stylesbylsimster,1
artbyslimster,1
plltc,1
voorsetsels☺️,1
afrikaanscomedy,1
houseoftiktok,1
break,1
afrikaans,1
gospelvideos,1
afrikaanstiktoks,1
kindvangod,1
SilenceTheAcne,1
teachkids,1
sama28,1
💆🏽‍♀️,1
blackteachersontiktok,1
vibecheck,1
harajuku,1
weddingfashion,1
kidstar,1
fashiondesignerlife,1
dressdesigner,1
fashionart,1
couturetothemax,1
sewingstudio,1
teammax,1
weddinggown,1
japanesefabric,1
fashionkids,1
fashionicon,1
dancewear,1
fashionstudio,1
fabricshopping,1
brodytiktok,1
dressmaker,1
runwayshow,1
kidscouture,1
dancecostume,1
kidsfashion,1
fabricstore,1
dressmaking,1
sewistsoftiktok,1
sewingmachine,1
kidfashion,1
kidinfluencer,1
handmadeintrinidadandtobago,1
polymerclaycreations,1
polymerclayearrings,1
easychocolatechipcookie,1
easycookierecipe,1
thebestchocolatechipcookie,1
chocolatechipcookie,1
howtomakecookies,1
greggs,1
cookierecipe,1
steakandcheese,1
bakerycookies,1
pasty,1
nigerianrecipe,1
cookie101,1
ricedishes,1
ghanarecipe,1
steakbake,1
mattprokop,1
alexrusso,1
rileymatthews,1
austinandally,1
thejonasbrothers,1
dezaustinandally,1
goodluckcharlie,1
ashleytisdale,1
bradleystevenperry,1
chinaannemcclain,1
mayahart,1
geekcharming,1
antfarm,1
corbinbleu,1
starstruck,1
arianagreenblatt,1
sarahhyland,1
girlmeetsworld,1
blackvlogger,1
coachellatems,1
fourmonthsdeep,1
tpainrevolvefest,1
havapoosoftiktok,1
dogmomstruggles,1
butterflyabaya,1
theoddity,1
temsbaby,1
politesocietyfoundation,1
gymday,1
youtubevlogger,1
2024recap,1
serenawilliamswyn,1
hifriends,1
njearthquake,1
theodditysofi,1
firstclassflight,1
abayafashion,1
coachella2022,1
meshkidress,1
psmorethanaprettyface,1
clearingmydrafts,1
furbaby,1
theodditty,1
june25,1
itsjustapril,1
gymwithme,1
blackyoutubevloggers,1
firstclass,1
saintlevantcoachella,1
glamchella,1
eggfoundation,1
daytwo,1
blackyoutuber,1
eastcoastearthquake,1
domesticflights,1
cometothegymwithme,1
jetbluemint,1
earthquakeinnj,1
havapoo,1
mikeyangelo,1
be100,1
ddadisney,1
pnp,1
womentiktok,1
donlees,1
portlandjamaica,1
familyofnomads,1
notagirlsgirl,1
jamaicans,1
mavado,1
panamafood,1
montegobay,1
babyraindeernetflix,1
kingstonjamaica,1
jamaicangovernment,1
derrickmorgan,1
doctorscavebeach,1
jlp,1
jamaicancomedy,1
puntachame,1
ecotourism,1
bestbeaches,1
oyster,1
poliqueto,1
panamaniancoffee,1
jamaicanfood,1
pacificoysters,1
nomadlifestyle,1
sorealnuhbloodclatt,1
bizarre,1
panamatravelideas,1
beachtok,1
coronadobeach,1
triptopanama,1
labendicion,1
panama🇵🇦,1
ecocabin,1
jps,1
panamacity,1
albrookmall,1
laslajaspanama,1
jamaicanmusic,1
dietitianhumor,1
buffalochickendip,1
weightlossfood,1
pcosmeals,1
pcoscommunity,1
polycysticovarysyndrome,1
pcosrecipes,1
funnymemes,1
pcosstrong,1
pcoslifestyle,1
pcoscysters,1
pcosdietitian,1
memestagram,1
dietitiantips,1
pcossucks,1
easybreakfast,1
pcosgirl,1
dietitiansofig,1
bakingvideo,1
everythingwillbejustfine,1
nevergiveup,1
veekativhu,1
honorarydoctorate,1
satinbuckethats,1
athleticwear,1
airportoutfits,1
hathair,1
satinlinedhats,1
satinlinedhood,1
waterproofhats,1
airportfit,1
mortalkombat,1
curvyworkoutsets,1
buckethats,1
satinlinedbuckethat,1
airportset,1
waterproofhat,1
satinlinedbuckethats,1
windbreaker,1
satinlinedsets,1
waterproofbuckethat,1
womensathleticwear,1
satinlinedpuffbeanie,1
satinlinedbeanies,1
satinlined,1
hatsforcurlyhair,1
kinflex,1
workoutsforwomen,1
satinlinedhoodies,1
airportoutfitinspo,1
satinlinedhodie,1
satinlineshoodie,1
kinapparel,1
airportfits,1
joggerset,1
satinlineshat,1
airportoutfitideas,1
satinlinedonesie,1
chaseforbusiness,1
mensathleisurewear,1
aerobics,1
cardiofitness,1
springintosoca,1
cardiodance,1
atlevents,1
dancefitness,1
mrvybes,1
livingindc,1
scooters,1
dchumor,1
d1,1
chatlatte,1
tazopartner,1
harvardmensvolleyball,1
wii,1
senators,1
retired,1
f1dc,1
hongsvlogs,1
mensvolleyball,1
dirtychai,1
workoutdrinks,1
mocktail,1
jalapeno,1
malibusunset,1
cranberry,1
cocktailbar,1
partnerwithkollea,1
auvodka,1
cocktailart,1
watermelonmargarita,1
aucocktails,1
coronacolada,1
chucklerum,1
junglejuice,1
summercocktails,1
tropicalcocktail,1
kolleawhiskeydecanter,1
limejuice,1
summerdrink,1
peachcocktails,1
tequilasunrise,1
pineapplejuice,1
creamofcoconut,1
tropicaldrinks,1
cocktailsrecipe,1
greenscrewdriver,1
rum,1
dragonfruitmartini,1
fruitrum,1
classiccocktails,1
bluecuracao,1
darkrum,1
bartenderlife,1
jamicanrum,1
exoticcocktails,1
dragonfruit,1
cockstailrecipe,1
coronabeer,1
bourbonsmash,1
freshdrink,1
bluecocktail,1
tropicaldrink,1
orangejuice,1
malibubaybreeze,1
kollea,1
coronasunrise,1
pinacolada,1
grenadine,1
bluehawaii,1
bourboncocktail,1
pineappledrink,1
limes,1
raspberries,1
lemonlime,1
mule,1
beercocktaul,1
everydaycocktail_,1
maitai,1
mosowmule,1
maplesyrup,1
torture,1
militaryspending,1
smithcollege,1
floodsinkenya,1
gazamassgraves,1
espana,1
rafahunderattack,1
tomhurndall,1
aaronbushnell,1
palestinian,1
warcrime,1
tweetyourthobe,1
palestinianchildrensday,1
israelisettlers,1
naelbarghouti,1
stateofpalestine,1
massgrave,1
apartheid,1
gazasiblings,1
nuseiratcamp,1
nurshams,1
spelmancollege,1
ilhanomar,1
nuseiratrefugeecamp,1
israeliraids,1
israeliforces,1
studentmovement,1
palestinianfood,1
poet,1
palestinianprisonerday,1
ism,1
starvation,1
shireenabuakleh,1
palestinianhistory,1
centralgaza,1
hungerstrike,1
palestinianprisoners,1
studentprotests,1
crimesagainsthumanity,1
gsu,1
studentsforpalestine,1
nasserhospital,1
palestinesolidarity,1
rwandangenocide,1
occupiedwestbank,1
worldcourt,1
icj,1
attackongaza,1
nakba,1
alaqsamosque,1
israelprisons,1
settlers,1
surveilance,1
gazababies,1
gazaorphans,1
alaqsa,1
gazamothers,1
upenn,1
sakaja,1
hurndall,1
caricom,1
israelioccupation,1
palestinianresistance,1
mizrahi,1
columbiaprotest,1
hornofafrica,1
warcrimes,1
occupy,1
thenewschool,1
internationalsolidaritymovement,1
worldpressphoto,1
alshifahospital,1
armstrafficking,1
israeliattacks,1
settlements,1
nelsonmandela,1
tulkarm,1
eidalfitr2024,1
gazasurvivor,1
mosque,1
iraqwar,1
gazachildren,1
palestinecongress,1
sudanwar,1
gazanewborn,1
tatreez,1
umich,1
makingmusic,1
musicproducertiktok,1
10000hours,1
trapmusic,1
kidzbop,1
milesmusickid,1
21savage,1
audioengineer,1
jackharlow,1
dilla,1
eeyayyahh,1
studioflow,1
logicpro,1
protools,1
producerlife,1
producergrind,1
hirsutism,1
pcostips,1
pcosfatigue,1
seborrheicdermatitis,1
inositolsupplement,1
stolendance,1
avicii,1
littletalks,1
johnvarvatosxxintense,1
guitarcover,1
naturaloils,1
allhairtypes,1
shampooconditioner,1
hairstyleinspo,1
trinidadbusiness,1
edgestutorial,1
washhairday,1
naturalingredients,1
dryhairtips,1
haircommunity,1
hairstylegoals,1
peppermint,1
hairstyleproducts,1
authenticcaribbeanvibes,1
lcmsystem,1
soscarbon,1
sargassum,1
bioeconomiacircular?,1
saveourseas,1
plansos,1
yospanish,1
safetyisserious,1
chestday,1
bodybuilder,1
eateggs,1
abbewcrew,1
healthfood,1
eddiabbew,1
learntocook,1
proprepmeals,1
wtfu,1
wftu,1
AbNoCompromise,1
eddieabbew,1
eatmeat,1
pressurewashing,1
guttercleaning,1
exteriorcleaning,1
softwashing,1
gutterguards,1
roofcleaning,1
makeuplovers,1
makeupguide,1
atlmua,1
atlmakeupartist,1
atlantamakeupartist,1
howtodomakeup,1
browtutorial,1
muaatl,1
softglammakeuplook,1
celebritymua,1
chicagomua,1
atlantamua,1
sorvetett,1
frenchtoasticecream,1
contentcreariontips,1
lavenderhazetaylorswift,1
honeycombrecipe,1
mangosorbet,1
uniqueicecream,1
honeycombintrinidad,1
maracuja,1
juliemango,1
icecreamcake,1
icecreamcakes,1
mangoseasonintrinidad,1
cerealicecreamsandwich,1
passionfruitpopsicles,1
howtopickfruit,1
topicecreamintrinidad,1
honeycombasmr,1
cocoapebbles,1
cerealicecream,1
icecreamcakesintrinidad,1
smallbusinesstips_,1
westindiantiktok,1
pancakeicecream,1
besticecreamintrinidad,1
passionfruitsorbet,1
howtopickpassionfruit,1
starchmango,1
fruitypebbles,1
lavendericecream,1
honeycombchallenge,1
icecreamcakeintrinidad,1
sorveteartisanfrozendesserts,1
icecreamintrinidad,1
trinidadicecream,1
honeycombcandy,1
passionfruitjuice,1
icecreamcakemelted,1
lavenderhaze,1
passionfruits,1
sorbet,1
healedfinelinetattoos,1
meetingfamouspeople,1
daintytattoos,1
sexeducationnetflix,1
finelinetattooartist,1
daintytattoo,1
tinytattoo,1
tattooinspo,1
shouldertattoo,1
aimelowood,1
healedfineline,1
ornamentaltattoo,1
healedfinelinetattoo,1
delicatetattoo,1
cutetattoo,1
flowertattoo,1
viralpt2,1
viraltattoo,1
helaedtattoos,1
childhoodteddybear,1
tattooing,1
minimaltattoo,1
johccrea,1
tat,1
meetingcelebrities,1
smalltattooideas,1
memorialtattoo,1
floraltattoo,1
finelinetattoo,1
femaletattooartist,1
flowertattooideas,1
tattooidea,1
smalltattoo,1
sentimentaltattoo,1
minimaltattoos,1
tattoofail,1
childhoodteddytattoo,1
connorswindells,1
tattootime,1
minitattoo,1
healedtattoo,1
greathall,1
nevillelongbottom,1
turtleseasing,1
frypgシ,1
africanmom,1
mymomisblack,1
norbit,1
rockpaperscissorschallenge,1
ghanaian,1
twi,1
bigbacks,1
rockpaperscissorchallenge,1
sponge,1
ghanatiktok,1
maimi,1
waistbeads,1
gari,1
trouble,1
apologize,1
officeoutfitideas,1
joggerpants,1
allblackoutfit,1
businesscasualoutfit,1
smartcasualoutfit,1
workwearstyle,1
officeoutfitinspo,1
sweaterdressesandboots,1
sneakersoutfit,1
1yearanniversary,1
histamine,1
malefactorinfertility,1
privatepractice,1
ovulation,1
wellnessgoals,1
healthandwellnessjourney,1
ttccommunity,1
stepdadgoals,1
menstrualcycle,1
bonusdad,1
hormonesupplements,1
periodhealth,1
pregancy,1
hormonereplacement,1
progesterone,1
pcosnaturaltreatment,1
unexplainedinfertility,1
histamineintolerance,1
naturalmedicine,1
hormonedoctor,1
eveningwalk,1
pregnancytrauma,1
hormonesupport,1
periodtracking,1
nationalinfertilityawarenessweek,1
estrogendominance,1
doctorreacts,1
fatshaming,1
moodchanges,1
childhooddream,1
seggseducation,1
ovulationtracking,1
pcossupplements,1
pcoshirsutism,1
pcoslife,1
pcosbelly,1
pcoscoach,1
volantin,1
gimnasia,1
dina,1
grecia,1
marperuano,1
descanso,1
trafico,1
mtwhitney,1
deathvalleynationpark,1
lonepine,1
deathvalley,1
timelaps,1
hundryritenow,1
foodismytruelove,1
hotmessespress,1
paigebueckers,1
sashaandnate,1
station19,1
howtomakedecisions,1
vulnerablepost,1
depressionanxiety,1
careertransition,1
ttcafterloss,1
overthinkingeverything,1
liveyourdreams,1
thebigleap,1
overwhelm,1
overcomingdepression,1
overcomelimitingbeliefs,1
fulfillment,1
anxiousthoughts,1
recoveringpeoplepleaser,1
lifestrategist,1
confessionsession,1
workforyourself,1
careerdesign,1
overthinker,1
depressionawareness,1
milkmocha,1
milkandmocha,1
milkmochabear,1
mochaandmilkbears,1
cuteanimation,1
soldejaneiropartner,1
reisssinghstudios,1
dont,1
problemsoverpeace,1
brysontillertour,1
philturner,1
saxsolo,1
mrsaxosingh,1
saxophonist,1
cufflinks,1
ovoarenawembley,1
thesardarco,1
encore,1
saxophinist,1
stormzy,1
bhangraclass,1
crowd,1
covers,1
pagh,1
exchange,1
freedfromdesire,1
patkha,1
dhol,1
premlata,1
turban,1
theapprentice,1
takeoverofficial,1
seasznclothing,1
tegipannu,1
brandbassador,1
seaszn,1
bhangra,1
studiosession,1
ekspresikandengancapcut,1
dastar,1
drpaulmidha,1
moorni,1
bookme,1
bipoic,1
threeyearanniversary,1
studiojam,1
singh,1
termsandconditions,1
virdimazaria,1
sikhmodel,1
diljitdosanjh,1
goragora,1
powerofapagh,1
3yearanniversary,1
desitikok,1
amarsinghchamkila,1
chamkila,1
kupreclothing,1
himmatsinghphotography,1
weddingszn,1
sardar,1
panjabimc,1
rajchohan,1
mannisandhu,1
brysontillerconcert,1
ekspresikan2023,1
saxosingh,1
coventrybhangraclasses,1
kalachashma,1
moshpit,1
promovideo,1
apdhillon,1
hyundaiusa,1
esteeselviajedetuvida,1
microblading,1
kuwtk,1
novababe,1
thesweetimpact,1
mbappé,1
parisiensetchampions,1
ligue1,1
fanspsg,1
ramos,1
psgfans,1
warren2029,1
zaireemery,1
champions,1
freediver,1
underwaterstunts,1
lejuanjames,1
teamlejuan,1
nissanpartner,1
nvtrain,1
paravoce,1
passinho,1
dancinha,1
9,1
stairmaster,1
dxinx,1
ghostface600,1
hangingfrommylip,1
orderingfoodinspanish,1
onlinespanishclass,1
onlinespanishteacher,1
trinidadspanishclasses,1
trinidadspanishteacher,1
venezolanosentrinidad,1
venezolanosporelmundo,1
profedeinglés,1
pedircomidaenespañol,1
venezolanosentrinidadytobago,1
eltrinivenezolano,1
languageteacher,1
trinidadcreator,1
polyglots,1
bilingualjourney,1
ttps,1
td47,1
trinidriver47,1
geoorood,1
viraljumpsuit,1
doggroomingvacuum,1
bulgariansplitsquat,1
fitnesschallenge,1
geooroodpet,1
donantedesangre,1
howtochoosedatenight,1
lovethethingsido,1
stillathug,1
peaseandhappyness,1
saltlife,1
calumnia,1
funnybaby,1
funnybabyvideos,1
footballtraining,1
ktreadzstyle,1
yellowpoui,1
ktreadzsocks,1
bestsocksever,1
ktreadzlife,1
pinkpoui,1
socksfetish,1
sockstyle,1
bestsocks,1
ponaflex,1
learnspanishonline,1
bestcomments,1
thegentlemencomedytour,1
lipsyncchallenge2024,1
beatcommentsection,1
bebetter,1
missingwork,1
brooklynn99,1
pepto,1
dubaiforreal,1
prodirect,1
niketiempo,1
mccabe,1
gusto,1
angryginge13,1
footballvideo,1
coys,1
trent,1
musiala,1
pumafootball,1
prodirectsoccer,1
bhafc,1
foord,1
adidasfootball,1
soccercleats,1
nikefootball,1
underarmour,1
ansufati,1
vandijk,1
trentalexanderarnold,1
premier,1
adidaspredator,1
hairloss,1
trichologist,1
hairrestoration,1
dadsontiktok,1
feedingmyfamily,1
bathroomgadgets,1
tastyfood,1
renterfriendlydecor,1
fivepoundmeals,1
trendingrecipes,1
stains,1
bathroomaesthetic,1
cleaninghacks,1
bathroomaccessories,1
costoflivingcrisisuk,1
cheapfood,1
budgetmeals,1
laundryhacks,1
cleaningvideos,1
amazonbestseller,1
foodshoponabudget,1
amazonmusthaves2024,1
tassa,1
baseballplayers,1
46brothers,1
prettylittledevil,1
itsyourworldwerejustspinninginit,1
players,1
juco,1
coolshirt,1
blueymom,1
happinesshas9letters,1
collegebaseball,1
ohmygoodlord,1
protectkids,1
howtotalktokids,1
babyvoiceover,1
baseballteam,1
missingchildren,1
childsafetytips,1
pictureframe,1
godsaysiam,1
requestverification,1
90srappers,1
childabuse,1
girlcop,1
bighie,1
wheredothegoodboysgo,1
nothotlist,1
coacheswife,1
youlooklike,1
90rappers,1
bearinthewoods,1
coachesdaughters,1
findvanessamorales,1
lassen,1
giftsformom,1
oliviabenson,1
keepkidssafe,1
tocatchapredator,1
immadelight,1
sportsfamily,1
mariskahargitay,1
doubleshotofwhiskey,1
savechildren,1
protectbabies,1
savethekids,1
sportfamily,1
parentsafetytips,1
coachesdaughter,1
growinguo,1
verifymetiktok,1
believekids,1
tiktikshop,1
verification,1
saprevention,1
hyperemesisgravidarumawareness,1
knowledgesharing,1
knowmebetter,1
csectionrecovery,1
csectionmommy,1
gynecologist,1
nauseainpregnancy,1
hyperemesisgravidarumpregnancy,1
expectingmamas,1
obstetrician,1
csectionawarenessmonth,1
caribbeandoctor,1
hyperemesisgravidarum,1
csectiondelivery,1
csectionscar,1
csections,1
lovewhatyoudodowhatyoulove,1
vomitinginpreg,1
pregnancyadvice,1
csectionmama,1
bumps,1
femaleobgyn,1
pregnancycomplications,1
obgyndoctor,1
csectionawareness,1
astt,1
worldartday2024,1
velocityfrequentflyer,1
virginaustralia,1
funnyreels,1
secondchild,1
didi,1
emojichallenge🤣,1
lilversachi,1
larobenz,1
zaeway,1
baby2024,1
alexabadini,1
mazamorra,1
arepa,1
24horas,1
scrubdaddy,1
perdonasimishijoslloran,1
vitmains,1
nylonpool,1
motherson,1
suckabag,1
redwomanchronicles,1
ridealong,1
mycostamoment,1
costamisecoffee,1
maquillajechallenge,1
masakatotheworld,1
sharjahchildrensreadingfestival,1
onanana,1
exploreuganda,1
reelsdance,1
masakakidsafricana,1
followforfollowback,1
instacool,1
dancereels,1
instamood,1
whatislove,1
followme,1
lfl,1
hakim,1
danceriseandshine,1
fcbarcelona🔵🔴,1
sharjah,1
bestoftheday,1
fcb,1
masakakids,1
instalike,1
likeforlikes,1
instalikes,1
fundaciofcb,1
likes,1
australianmuseum,1
animalloversoftiktok,1
thelittlemermaid,1
broadwaytiktok,1
mothersday2024,1
uwi,1
trini🇹🇹,1
photowall,1
trinievents,1
dearevanhansen,1
thegreatestshowman,1
868🇹🇹,1
uwistagustine,1
colorwords,1
flashbacktothe70s,1
eclipsefacts,1
justtobeclear,1
spacedebate,1
spacecast,1
tiktokeducation,1
iteach,1
facetious,1
antonym,1
ellteacher,1
grammarteacher,1
circumflexed,1
rllpart7,1
synonym,1
blase,1
learnnewwords,1
there,1
followinginstructions,1
thewhispers,1
refracting,1
plentiful,1
pewter,1
commas,1
grammarmistakes,1
saffron,1
englishquiz,1
engaging,1
cheatingonatest,1
myclassroom,1
hyphenated,1
learningenglish,1
04082024,1
didyoulearnsomethingnew,1
disneyteacherseries,1
msjamesteachertips,1
msjamesteachingtips,1
rootwordstudy,1
century,1
therm,1
grammarfun,1
adverb,1
ilovethismashup,1
eon,1
englishvocabularylearning,1
iamthatenglishteacher,1
visage,1
rllpart1,1
thuh,1
anewday,1
conjoin,1
englishreview,1
colleague,1
maternal,1
propernoun,1
teachermentor,1
commause,1
pastparticiple,1
wontlisten,1
spellcheck,1
jobtitles,1
grammarhelp,1
mentoringmatters,1
fuchsia,1
middleschoolers,1
showemoff,1
havehas,1
englishgrammarlesson,1
wearglasses,1
esllesson,1
pastelfashion,1
apathy,1
grammarrules,1
msjamesisateacher,1
verbtenses,1
teachingreallifelessons,1
englishlearning,1
grammarmistakestoavoid,1
studyvocabulary,1
firstannual,1
imalive,1
teachingvocabulary,1
iminlove,1
epigraph,1
customerserviceproblems,1
tipsforwriting,1
customercomplacency,1
studyingenglish,1
vocabularywords,1
etemology,1
its,1
englishgrammarquiz,1
businessterms,1
theceo,1
pronoun,1
inflexible,1
semicolon,1
musicterms,1
englishlanguage,1
viewingtgeeclipse,1
whatyoudonowmatters,1
are,1
donttellthemshowthem,1
ela,1
mycoworkers,1
englishlanguagetips,1
celadon,1
alot,1
teacherootd,1
commasplice,1
greeklatinroot,1
astronomers,1
vocabularycheck,1
drivethrough,1
latinrootwords,1
teacheroutfit,1
burningbridges,1
ateacherseries,1
paternal,1
skygazers,1
eclipsevocabulary,1
englishlessons,1
thebeatgoeson,1
wearprotectiveeyegear,1
imakeadifference,1
cheatingstudents,1
greekroots,1
learningcanbefun,1
pasttense,1
eslstudent,1
is,1
conjunctions,1
grammarquiz,1
engaginglessons,1
newword,1
msjamesteacher,1
triannual,1
interjection,1
commasmatter,1
esl,1
possessive,1
englishwritingtips,1
noun,1
iteachmiddleschool,1
figurativelanguage,1
cinnabar,1
grammarreview,1
msjames,1
plural,1
grammarcheck,1
clarity,1
socialmediagrammarmistakes,1
improvevocabulary,1
paternity,1
magenta,1
irregularverbs,1
middleschoolersbelike,1
adjective,1
their,1
nonenglishspeaker,1
triennial,1
preposition,1
followinstructions,1
latinroots,1
newvocabulary,1
defineclarity,1
mycoworker,1
learnsomethingnew,1
oxymorons,1
except,1
newvocab,1
usingcommas,1
decade,1
theyre,1
partsofspeech,1
greekandlatinroots,1
beverbs,1
accept,1
vocabularylesson,1
complacency,1
paleyellow,1
followdirections,1
usinghyphens,1
engagedstudents,1
cheesetoast,1
eponym,1
makingadifference,1
newwords,1
punctuation,1
define,1
elateacher,1
msjamesteach,1
englishvocabulary,1
inaugural,1
motivated,1
eslteacher,1
noviceteacher,1
itoldthemwhattodo,1
grammareducator,1
englishlanguagelearning,1
greekrootwords,1
comma,1
neverlookatthesun,1
rootwords,1
sciencevocabulary,1
middleschoolvibes,1
customerapathy,1
vocabularyquiz,1
teacherseries,1
pluralnouns,1
wordstudy,1
languageskills,1
corrupt,1
havebeen,1
whosthefather,1
abundant,1
hasbeen,1
bountiful,1
brunchgoals,1
maternityphotoshoot,1
huggies,1
tropicalescape,1
spicyfood,1
diapers,1
caribbeantiktoker,1
caribbeanparadise,1
trini_surfer,1
miamieats,1
islandboy🌴,1
whatsthat,1
eww,1
bistro,1
unforgettablejourneys,1
stickseaon,1
glücklich😍,1
dunloelodge,1
tanzen,1
findhim,1
killarney,1
mamatanzt,1
qualitycontent,1
nyla,1
metalic,1
nylabricknlace,1
relateornah,1
poweredbyhaverdash,1
homeopathic,1
hollisticlifestyletok,1
privateevents,1
anticipatoryanxiety,1
nadsupplement,1
momguilt,1
rentalsubscriptionservice,1
productdevelopment,1
nad,1
youthsupplement,1
londonnetworking,1
londonhobby,1
grantwriting,1
freddyt_smoove,1
toobadchallenge,1
kumalalasavesta,1
trendingdance,1
gf,1
warriors,1
waduh,1
kumalala,1
kumalalavssavesta,1
savesta,1
gotabs,1
️,1
nepali,1
fightcamp,1
palawantiktokers,1
palawan,1
pacquiao,1
siquijor,1
benchactive,1
bisaya,1
freedive,1
bikelife,1
tagafriend,1
benchbody,1
overcominglust,1
overcoming,1
jesusloveyou,1
deliverance,1
overcomingsin,1
4301,1
990,1
4577,1
lactoseintolerance,1
dairyfreeicecream,1
loaf,1
peppersteak,1
recipevid,1
terisfoodtherapy,1
foodsensitivities,1
quickmeal,1
foodvid,1
oatbread,1
flaxseed,1
goodfood,1
veganbutter,1
rolledoats,1
hindash,1
liner,1
taa,1
eveliv,1
klopp,1
whuliv,1
vvd,1
gravenberch,1
fulliv,1
calpaktravel,1
beistravel,1
carreset,1
beachbag,1
founditonamazon,1
jewelryorganizer,1
development,1
ontheground,1
rdlg,1
project,1
cepepsafetyweek2024,1
healthysummertoolkit,1
fyfy,1
frenchrestaurant,1
ldn,1
releaseday,1
swiftietok,1
fyfyfy,1
romeoandjuliet2024,1
ayrastarrbloodysamaritan,1
empoweringblackwomen,1
blackwomeneventsuk,1
mumguilt,1
takeover,1
blackindie,1
blackwomenevents,1
romeoandjuliettomholland,1
toxicenvironment,1
9to5job,1
dancehallasia,1
workingblackwomen,1
googlehq,1
blackindietiktok,1
mumguiltisnormal,1
blackwomenhealing,1
blackindiefan,1
blackwomenintheworkplace,1
blackwomenappreciation,1
ayrastarrrush,1
workoutgroup,1
londontips,1
wheretomovelondon,1
flathunting,1
thegirliesguide,1
wheretoliveinyourtwenties,1
londonworkoutclasses,1
makenewfriends,1
flattour,1
girlsmeetuplondon,1
movinghouse,1
londonworkoutgroup,1
londongirls,1
westlondon,1
girlsmeetup,1
howtomovetolondon,1
ratinglondon,1
rungroup,1
gettingmarried,1
battersea,1
stratford,1
wheretoliveinlondon,1
londonrungroup,1
londonareas,1
londonworkouts,1
housemates,1
londonmeetup,1
movingtolondon,1
londonrenting,1
dulwich,1
lonely,1
houseshare,1
howtofindaflat,1
girlmeetup,1
countrythunder,1
commentsection,1
candicebrathwaitewardrobe,1
candicebrathwaiteootd,1
candicebrathwaitestyle,1
candicebrathwaite,1
paintok,1
interiorpaint,1
colormatching,1
ladies2on1,1
partyharty,1
rebelrango,1
freedrinks,1
getlistednow,1
arenatrinidad,1
fruta,1
viva,1
colecold,1
stillsober,1
lastmanstanding,1
southside,1
lynxfinefragrance,1
g63amg,1
g63,1
ibew,1
powerrestoration,1
linework,1
lineman,1
sportscars,1
hondacivictyper,1
gt3rs,1
typer,1
faithtalk,1
faithjourney,1
athletesoftiktok,1
evangelism,1
cers,1
intentionalgod,1
abstinence,1
churchgirl,1
volleyballplayer,1
capbreton,1
christianathlete,1
alcoholfreejourney,1
faithtok,1
professionalathlete,1
milkshakes,1
freakshake,1
popsicles,1
nl,1
noticeme,1
interieur,1
talkingstage,1
peoplemanagement,1
h1b,1
fitgirlsoftiktok,1
blackdogparents,1
klarna,1
frenchiepuppy,1
girltattoo,1
caribbeaninfluencers,1
coralrestoration,1
coralnursery,1
landbasednursery,1
keywestflorida,1
trinitwitch,1
trinicosplay,1
trinitiktokers,1
maytagpets,1
dogshedding,1
samoyed,1
dink,1
dogbackpack,1
subarulovesearth,1
morethanacar,1
happinessreset,1
morethanacarcompany,1
weeklyhappinessreset,1
cleanclothes,1
subarusolterra,1
dogbath,1
dogtoy,1
homeappliance,1
stmaarten,1
stkitts,1
usvirginislands,1
socamusic,1
labiennale,1
shapedbywater,1
redminote13series,1
everyshoticonic,1
nikonphotography,1
zandithemermaid,1
caliweekend,1
vision2030,1
nuturingourgreatestassets,1
prosperity,1
pennyonthejob,1
realrepresentation,1
onthejob,1
glassblower,1
voztransformers,1
rhearipley,1
jesswiththemess,1
dotd,1
donkeyoftheday,1
trinitokers,1
horseshoecrab,1
trinitokers🇹🇹,1
lettergame,1
nataliejoy,1
cheatinggirlfriend,1
iowahawkeyes,1
thevalley,1
tomsandoval,1
raquelleviss,1
guerdyabraira,1
arianamadix,1
nickviall,1
pattistanger,1
summerhousebravo,1
larsapippen,1
monicagarcia,1
rhoslc,1
marriageproblems,1
lalakent,1
daisykent,1
iowabasketball,1
traviskelcetaylorswift,1
karmadancechallenge,1
jameskennedy,1
rhom,1
diddylawsuit,1
hypehouse,1
dogowner,1
popculturenews,1
gerryturner,1
rachelleviss,1
taylorswifttraviskelce,1
realityvontease,1
jaxtaylor,1
tomschwartz,1
neuter,1
summerhouse,1
taylorswifterastour,1
brittanycartwright,1
joeygraziadei,1
millionairematchmaker,1
alexwarren,1
firstdates,1
firsttimeparents,1
cheat,1
lovemefirst,1
stronggirl,1
movingon,1
angrycrabshack,1
visituk,1
places,1
royalnewss,1
placestogo,1
visitwales,1
dfds,1
princessofwales,1
londonbloggers,1
lymeregis,1
travelupdate,1
placestosee,1
londonblogger,1
dfdstravel,1
seafoodboil,1
etretat,1
visitbritain,1
prague,1
90srnb,1
rnbclassics,1
bizounce,1
rnbmusiclovers,1
rnblovers,1
olivia,1
oldschoolrnb,1
apurposedrivenlife,1
ingridpersaud,1
boysiesingh,1
caribbeanbookstoread,1
shortstorycollection,1
bookstoread,1
caribbeangirlreadingtheworld,1
bookofcinzreadingretreat,1
pouitrinidad,1
bookofcinzbookclub,1
africanwriters,1
bookofcinz,1
fauxlocs,1
drinkingfromgraveyardwells,1
blackreaders,1
trinidadauthor,1
birthdaynails,1
africanbooks,1
booksbycaribbean,1
littlerot,1
caribbeanbookrecommendation,1
flbeautyloungetrinidad,1
thelostlovesongsofboysiesingh,1
caribbeanbookclub,1
readingretreat,1
caribbeanbooktok,1
caribbeanreadingretreat,1
blackbookclub,1
theshomathelabel,1
actsofforgiveness,1
caribbeanbooks,1
successhacks,1
narcissisticabuse,1
emeshment,1
pmddandadhd,1
mentalhealthrecovery,1
eeriestories,1
feelgoodlookgood,1
videogamelore,1
danielleayoka,1
astigmatism,1
stevenuniversefuture,1
colormatch,1
thingsmyexdid,1
backon74,1
breakuprecovery,1
roxztok,1
codependency,1
bellagothhive,1
personalgrowthmindset,1
trendingtopics,1
eclipseseason,1
uncannyvalley,1
girlgamers,1
spirirualpsychosis,1
psychoanalyze,1
missconnecticut,1
thingsmyexdidandistayed,1
thefemininehysteriapodcast,1
curlsforthegirls,1
artificalintelligence,1
blackhairstyles,1
danhumphreysyndrome,1
narcissisticparentrecovery,1
safespaces,1
blackstreamers,1
avoidantattachment,1
kadyroxz,1
simslore,1
danhumphrey,1
opalex,1
narcissisticparent,1
himym,1
personalempowerment,1
simsmovie,1
narcissisticrelationship,1
amandaseales,1
roxztalk,1
goldenretrieverbf,1
personalmotivation,1
gamelore,1
rosequartz,1
womensmentalhealth,1
theconsequenceofgirlhood,1
nigerianweddings,1
corset,1
nara,1
fyyy,1
seeyounextyear,1
pigeonsandplanes,1
mkgee,1
lordoftheringsgame,1
tiktok_collaboration,1
dehydrated,1
stillalive,1
morelife,1
zion,1
freezing,1
trinicouple,1
trinidadroti,1
rotishop,1
pizzatutorial,1
logodesign,1
woobles,1
websitedesigner,1
findingmyself,1
hapetoysusa,1
diywebsite,1
hapetoys,1
sunrisealarmclock,1
toyunboxing,1
crochetkit,1
safesleeptips,1
toddlermama,1
brandingagency,1
crochetplushie,1
crochettutorial,1
learntocrochet,1
toddlercrafts,1
cozymorning,1
selfdiscoveryjourney,1
freetimefun,1
turning30,1
baecation,1
louvre,1
womenhealth,1
lifegoals,1
louvremuseum,1
stopit,1
vir,1
onlyintrinidad🇹🇹,1
binoandfino,1
cookit,1
caribbeangirl,1
butitwasfun,1
dancingmystressaway,1
trinigyal🇹🇹,1
islandgyal🌴🌺👑,1
gkbarry,1
badistro,1
nellarose,1
badbarber,1
dannyaarons,1
nella,1
footasylum,1
badbistro,1
passthepunishment,1
girthandturf,1
lockedin,1
footasylym,1
footsasylum,1
girthnturf,1
curlykids,1
trinidadcurlspecialist,1
definedcurls,1
zakbdz,1
acrylicnails,1
lib,1
sunbird,1
fantasybook,1
notmytaxdollars,1
fantasybooks,1
thepalaceoferos,1
fantasywriter,1
buccooreef,1
coralgarden,1
visittobago,1
ilovetobagott,1
topcatchtobago,1
iconiclondon,1
sunkisser,1
tiktokspringbeautyweekc,1
dreamcoat,1
smoothstyle,1
voloume,1
healthcoachingforwomen,1
womenscoach,1
eventsintrinidad,1
soundbathmeditation,1
healthyhabitchange,1
wellnesstiktok,1
aprilwellnessgoals,1
wellnesscoach,1
womenswellnessretreat,1
meditationpractice,1
mindfulnesspractice,1
guidedmeditation,1
mindfuleating,1
womenswellness,1
blogilates,1
trinidadevents,1
milspouse,1
militarywife,1
deployment,1
militaryfamily,1
militarytiktok,1
kes,1
manwithnodoor,1
t20worldcup,1
kestheband,1
easydessertidea,1
healthybutrealisticfood,1
kodiakpartner,1
whatieatinadaypcos,1
dfdessertidea,1
healthydinnerideas,1
easyweeknightdinner,1
highproteinbreakfastidea,1
makelunchwithme,1
highproteinlunchidea,1
dolesunshine,1
managingpcos,1
fundinner,1
healthydinnerrecipe,1
fundinnerrecipe,1
easymealpreplunchrecipe,1
thesmoothestwayto,1
funweeknightdinner,1
funbreakfastidea,1
nocookmealprep,1
pcosadvice,1
weekofhealthydinners,1
dole,1
easyfunrecipes,1
healthydinneridea,1
funmealideas,1
ttcwithpcos,1
easymealideas,1
maryruthspartner,1
fundinneridea,1
realisticwhatieatinaday,1
fundinnerinspo,1
easymealpreplunch,1
easydinnerrecipe,1
easylunchidea,1
makebreakfastwithme,1
makedinnerwithme,1
gfdessertidea,1
mealpreplunchidea,1
easyweeknightdinnerrecipe,1
highproteinbagels,1
kodiakpowercakes,1
easyhealthydinneridea,1
weeknightdinneridea,1
makedessertwithme,1
easyhomemadebagels,1
landforsale,1
atlantic360,1
watersports,1
broker,1
condos,1
akgaruba,1
beachfront,1
villa,1
seaview,1
islandrealestate,1
theagency,1
bonbini,1
akg,1
moderndesign,1
gated,1
condo,1
oceanview,1
kiteflying,1
semifurnished,1
townhouse,1
property,1
savaneta,1
villas,1
akingenterprise,1
islandrealtor,1
townhome,1
babybreakfast,1
jointhealliance,1
blueplanet,1
tedxtalk,1
unemployed,1
indeed,1
inyourhands,1
naturallycurlyhair,1
blondehighlights,1
losangeleshairextensions,1
haircolorvideos,1
lahaircolorist,1
blondehaircolor,1
fringe,1
slavichairextensions,1
losangeleshaircolorist,1
brunettebalayage,1
russianhairextensions,1
brondehaircolor,1
haircoloreducation,1
mrsalon,1
curlyhairspecialist,1
losangeleshairstylist,1
brondehair,1
lahairextensions,1
24inches,1
blondefaceframe,1
deli,1
virginvoyages,1
nannylife,1
braves,1
veterans,1
tikokshop,1
pj,1
celebrateinstyle,1
pressonnailstiktok,1
coloringbookforadults,1
garagelife,1
blackdoulasoftiktok,1
lovfulnails,1
littlecaesarspizza,1
fadehaircut,1
honeyblonde,1
goldenhourvideo,1
husbandturns48,1
blackdoula,1
blackbaldwomen,1
momsboy,1
kidsoutdoors,1
husbandbirthday,1
222,1
littlecaesarspuffs,1
highlight,1
asknannyq,1
blacklove,1
bubblegun,1
atlantabraves,1
pizzia,1
outsidefun,1
sallybeauty,1
springwellness,1
louwilliams,1
doulasoftiktok,1
iotaphitheta,1
iotasweethearts,1
owsweet,1
syntheticwigs,1
tiffanyjosephh,1
organizedlifestyle,1
perfectlyplacedtt,1
maracasbay,1
actvists,1
dogaunt,1
steppenwolf,1
catchflightsnotfeelings,1
oceanprime,1
thestrat,1
worldcup,1
topoftheworld,1
simsoulsessions,1
jumpinwidcocacola,1
thementalist,1
celebritymatch,1
schoolschallengequiz,1
thebigapplecoaster,1
texting,1
mothersdaytrinidad,1
mothersdaycollection,1
mevsbrain,1
owneveryday,1
howtospeakspanish,1
practicespanish,1
spanishteachers,1
spanishteacheronline,1
onlinespanish,1
learnspanishontiktok,1
spanishtips,1
enjoyingnature,1
bestisyettocome,1
hikeandchill,1
hibiscusdrink,1
freshdrinks,1
rsj836,1
childrenarethefuture,1
blume,1
hikingislife,1
disciplineyourself,1
eidmubarak2024,1
marcqwuanreid,1
signup,1
caribeantiktok,1
poptheballoon,1
barbadostiktok,1
caribeangirl,1
caribbeanpeople,1
talkshowhosttl,1
redspaniard33,1
criticschoiceawards,1
trinitalent,1
datinggames,1
caribbeanmen,1
triniartist,1
episode,1
trinifypシ゚viral,1
trinifyp,1
brentwoodmall,1
improvement,1
caribbeanstyle,1
localproduction,1
trinitodebone,1
masqueradeballtt,1
gtianadiamond,1
trinding,1
sexychic,1
masqueradeball,1
trinistyle,1
trussing,1
weddingtrend,1
tentrentalstrinidad,1
wediding,1
trussprofessional,1
776,1
tables,1
viraltrend,1
eventrentals,1
tentrentals,1
partyrentalcompany,1
rentals,1
rentalcompany,1
seanpaulchallenge,1
feid,1
concertseason,1
outofthisworld,1
greatesttour,1
honestambassador,1
tonightsconversation,1
cami_loverboi123,1
realisreal,1
hispanic,1
spanglish,1
tiktokcolombia,1
🇨🇴,1
ludmilla,1
yourracemiami,1
f1mgppartner,1
medellin,1
maluma,1
naturevalleyadventure,1
montanadads,1
tellingmyhusbandimpregnant,1
1sttrimester,1
babynumber4,1
ihopad,1
momvsdad,1
satinbonnets,1
daydate,1
couplelove,1
11weekspregnant,1
coupleshumor,1
soccerdad,1
montanamoms,1
sundayvlog,1
trinidadpoledancer,1
poledancer,1
poledancetrinidad,1
aurorafittribe,1
heelsdance,1
bodyweight,1
polefitness,1
calisthenicsgirls,1
mertrina,1
trinidadandtobagomermaid,1
chipsahoypartner,1
melasyl,1
thejonnycakes,1
tbzjuyeon,1
milesbonsignore,1
michelinguide,1
keitheats,1
keithhabersberger,1
torturedpoetsdept,1
eatwithkeith,1
foodvsfood,1
zachkornfeld,1
asiannoodles,1
tbzeric,1
mascotcostume,1
gwenla,1
tryguy,1
keitheatseverything,1
tryguystour,1
tbzjacob,1
michelinstarchef,1
frogtok,1
yeschef,1
frogtrick,1
thetryguys,1
tbzhyunjae,1
chinesebeefnoodle,1
eatthemenutour,1
jonnycakes,1
markrober,1
tbz,1
tbzkevin,1
kpopgroup,1
eugeneleeyang,1
keithhabersburger,1
charcuterieboard,1
shrekcake,1
kpopfan,1
phoningitin,1
keitheatsthemenu,1
eatthemenu,1
bellagio,1
cariibbeantiktok,1
thingstodoinlasvegas,1
travelagent,1
awanderingtrini,1
lasvegasstrip,1
trinitraveller,1
trinijetsetters,1
nordace,1
travelgadgets,1
vacationpackages,1
travelpackages,1
lasvegassphere,1
bellagiolasvegas,1
theequalizer,1
mikeepps,1
season5,1
lorrainetoussaint,1
queenlatifah,1
layadeleonhayes,1
planeview,1
ts11,1
reputation,1
nycbraider,1
bohoknotlessbraids,1
amazonfashionfinds,1
amazontryon,1
splatter,1
brushedbysophh,1
soulmate,1
hotpink,1
weirdart,1
peel,1
teddybear,1
peeling,1
order,1
golden,1
bridestyle,1
dye,1
customisedshoes,1
nyccocktailbars,1
9orchard,1
drschollspartner,1
itstartswithdrscholls,1
hennessy,1
hennessyespressomartini,1
tasmanuggs,1
lapointe,1
spicymarg,1
auntjackiesnoshrinkage,1
smeg,1
valentinobeautypartner,1
youremindmeperfume,1
softlitfoundation,1
coffeebar,1
coffeebarrestock,1
clarinsmultiactive,1
washandgo,1
hoodeddryer,1
iamherperfume,1
exalteperfume,1
forvrmoodfragrance,1
ugg,1
lifestylevlog,1
iamher,1
forvrmoodreview,1
narscosmetics,1
hermesdishware,1
flowerbomb,1
mielleorganics,1
10minutegrwm,1
paulreactss,1
garlicnaan,1
happysunday,1
bussupshut,1
chickenpelau,1
seviyan,1
petaiparatha,1
lacchaparatha,1
garlicherbparatha,1
filipinofruitsalad,1
peppershrimp,1
parsad,1
paratha,1
smashedparatha,1
prasad,1
baigan,1
indianroti,1
hexclad,1
bainganbharta,1
mohanbhog,1
vermicelli,1
trinidoubles,1
baingan,1
seasonedparatha,1
oilroti,1
creamyfruitcocktail,1
fiery,1
trinifood,1
pinoyfruitsalad,1
melongene,1
mangosago,1
trinistreetfood,1
cholebhature,1
chethai,1
maleeda,1
fruitcocktail,1
baiganbharta,1
lachaparatha,1
doublestabanca,1
babaganoush,1
doublesglutton,1
prasadam,1
eiddessert,1
teamwetpelau,1
eiddesserts,1
redbeanpelau,1
malida,1
naan,1
pelau,1
hanumanjayanti,1
vamazelli,1
curriedgoat,1
moves,1
2024nfldraft,1
icet,1
crayons,1
datingprofile,1
cop,1
restaurantlife,1
patrickmahomes,1
fiona,1
jasonbankscomedy,1
apply,1
ituni,1
interschoolskayaking,1
linden,1
elitekayaking,1
thekabsfamily,1
liveabbotts,1
abbotspartner,1
siggispartner,1
nobakedessert,1
ombrenailtutorial,1
gelxinfluncer,1
airbrushnailart,1
gelnailsart,1
nailinfluencer,1
rhinestonegluenailart,1
nailtiktoker,1
gelxnailstech,1
tinovorecreations,1
beginnernailtech,1
simplenails,1
pinterestnails,1
blackchromenails,1
3dnailart,1
chromenailstutorial,1
shortnails,1
trinidadnailtech,1
nailsdesigns,1
btartbox,1
shanyvonailedit,1
biabnails,1
trendynails,1
gelnailsdesign,1
tinovo,1
shellnails,1
nailsgonewrong,1
nailsbeforeafter,1
nailstutorial,1
gelxnailtech,1
gelxinspo,1
gelxapplication,1
icannotgolive,1
gelnailtutorial,1
gelxombretutorial,1
nailsdesign,1
chromenailart,1
currystainednails,1
nailpigments,1
gelnailtech,1
nailtutorials,1
gelxdiy,1
finelinenailart,1
stainednails,1
seashellnails,1
chromenailfails,1
ombregelxnails,1
nailtechbestie,1
trendingnails,1
gelxnails,1
rhinestoneglue,1
makeart,1
blacknails,1
fasthairgrowth,1
muva,1
beachbaby,1
nursery,1
hotmom,1
jamaican,1
babyroom,1
retainers,1
jolifairehairgrowthoil,1
blinds,1
viral_video,1
hairgrowthoil,1
fasthairgrowthoils,1
orthodontist,1
misterbebert,1
fedup,1
barbering,1
lascuevas,1
depanman,1
steelpan,1
panmanski,1
joshuaregrello,1
steeldrums,1
footballvlog,1
steeldrum,1
gingerroot,1
creativeexplained,1
moodrink,1
jalapeño,1
asianmango,1
dumaguetecity,1
province,1
bighead,1
dianarantamaki,1
bigheadmama,1
blueberrymatcha,1
thecoffeemokki,1
piliinmorinangpilipinas,1
bigheadcafe,1
freshfruits,1
asians,1
90sbaby,1
thriftedclothes,1
negrosoriental,1
thriftyfindsdumaguete,1
paksaprotein,1
lovito,1
silliman,1
filipinohumor,1
lifeinthephilippines,1
macxdisney,1
klicks,1
deji,1
kenny,1
darkestman,1
dave,1
niko,1
aj,1
fanum,1
ajshabeel,1
sharky,1
islandgyal,1
thehighlightroom,1
freemoney,1
sonot,1
ihadmycake,1
ddsamlalsingh,1
taurusgirl,1
triniaccent,1
motherdenim,1
necklacemaking,1
triniinnyc,1
cosmeticdentist,1
turkeyteeth,1
rodeytv,1
alicudi,1
leaveme,1
rodeytheentertainer,1
malaki,1
extratime,1
manfriend,1
freedrop,1
steamy,1
bendupface,1
wettty,1
pinky,1
crowns,1
morningdrop,1
goinyuhbed,1
buck,1
barcalona,1
trevor,1
jessica,1
hopahdrop,1
phonepolice,1
shenseea,1
hitandrun,1
rodeytheemtertainer,1
morningpictures,1
volcanicisland,1
beardgang,1
beardthreats,1
granny,1
samoa,1
goinyuhplace,1
laliga,1
msjanice,1
denist,1
roadclosed,1
chores,1
taxidrivers,1
freetaxi,1
caribbeancomedy,1
boybye,1
mamasboy,1
ambassador,1
brazillianwax,1
husbandcomedy,1
rodwave,1
simplygrillicious,1
ladiesof420,1
chertsianhusainali,1
gyro,1
greenyardvibes,1
empanadas,1
majeds,1
sharkriver,1
tattoofest,1
spasolace,1
zivastories,1
castarabeach,1
grillindville,1
plussizelifestyle,1
mylifestyle,1
candicesantana,1
nolittering,1
earps,1
antony,1
kambwala,1
ethanwheatley,1
andycole,1
mufoundation,1
mainoo,1
teamviewer,1
oldtrafford,1
u18plcup,1
muwomen,1
louisreeszammit,1
amad,1
mata,1
unitedforthefans,1
manutdrandomiser,1
findyourbetter,1
garnacho,1
rashford,1
fayouthcup,1
onana,1
millieturner,1
brunofernandes,1
usainbolt,1
muacademy,1
cleaner,1
naked,1
glass,1
constable,1
wininstantly,1
scratchdat,1
mechanic,1
piper,1
kingston,1
playtoday,1
paving,1
roadwork,1
nlcbscratch,1
paypay,1
pastor,1
tobagolove,1
postmetothissong,1
saonaisland,1
howweroll,1
