Hashtag,Frequency
undergroundartist,2
cleanhaircare,2
passportmakeup,1
phdprogram,1
bigplastic,1
plasticpollutes,1
gloup,1
unplasticstreaty,1
earthdaycelebration,1
passportphotomakeup,1
passportphoto,1
toxicplastics,1
climatedoomism,1
climateandgender,1
radicaljoy,1
treequity,1
secondnatureearth,1
individualaction,1
secondnature,1
sustainablefuture,1
microtrends,1
costofgrocieries,1
intersectionalenvironmentalist,1
intersectionality,1
renaissancetour,1
secondnaturepodcast,1
ecomemes,1
ultrafastfashion,1
corporateaccountability,1
antigolf,1
collectiveaction,1
garmentworkers,1
bigcorporations,1
techemissions,1
ethicallabor,1
newpodcast,1
repair,1
sustainabilitypodcast,1
intersectionalfeminism,1
mend,1
climatepractice,1
planetoverprofit,1
meatsubstitutes,1
climatecommunity,1
chasebank,1
peopleoverprofit,1
cardepedency,1
foodwastepreventionweek,1
datacenters,1
spiritrangers,1
theorganicskinco,1
calendulacleansingoil,1
iunikcleansingoil,1
iunikskincare,1
iunik,1
themanifestway,1
upcomjngartist,1
dreamer,1
minimart,1
bigstunts,1
turnt,1
lryics,1
upcomingartists,1
fanbase,1
upcomingartist,1
upcomingrapper,1
mynameis,1
supporters,1
wokeupsexy,1
snippet,1
meaning,1
carmusic,1
thought,1
painmusic,1
sajaad,1
hunxho,1
lightscameraplastic,1
thespiderwickchronicles,1
treehugger,1
protectourlandscapes,1
singlebladerazor,1
safetyrazor,1
shavingtips,1
womensrazor,1
1bladerazor,1
oneblade,1
youneedthis,1
babyblue,1
drinkingvinegar,1
linderafarms,1
knotweed,1
foragedrecipes,1
invasiveforaging,1
shenandoahcola,1
mushroomauntie,1
yotpo,1
dairyfreesnacks,1
doms,1
yotpopartner,1
foxtrotmarket,1
glutenfreesnacks,1
pressroom,1
burns,1
protien,1
bestdayever,1
franzia,1
cport,1
heartattack,1
fvsu,1
whitehousetour,1
roaches,1
proverbs,1
912,1
drbugbae,1
famu,1
blackwomenphds,1
jobtips,1
jobtok,1
satin,1
protiensnack,1
nationalgalleryofart,1
freestudyguides,1
brownskingirl,1
hbculife,1
entomologist,1
hauntedtiktok,1
givingup,1
owner,1
diver,1
eeob,1
anatomyandphysiology,1
hbcu,1
blackdiver,1
blackscubadivers,1
stroke,1
studyguides,1
trailmix,1
degree,1
grants,1
northafricantiktok,1
blackcommunitytiktok,1
culturalappropriation,1
genzhistorian,1
blackpantherparty,1
dabke,1
spanishhistory,1
whitewashing,1
kahlilgibran,1
blackwashing,1
frontierairlines,1
thehalfadayshow🕛,1
blerd,1
dukedennisthehalfadayshow🕛,1
mensstreetwear,1
forlaughs,1
clothingreview,1
babyfaceray,1
blackpodcast,1
brentfaiyaz,1
industryplant,1
mensstreetstyle,1
mensfashiontips,1
milliondollarbaby,1
tommyrichman,1
rosiegreer,1
bookrec,1
baltimoreaccent,1
fairytale,1
read,1
motivationalquote,1
emotionalregulation,1
pointlobos,1
perkinspark,1
mentalillness,1
santacruzcalifornia,1
mentalhealthaction,1
motivationalvideo,1
rexevans,1
musiclife,1
r3d,1
undiscoveredartist,1
indyartist,1
musiclover,1
musicloversonly,1
applemusic,1
unreleasedmusic,1
pettreats,1
giraffes,1
animalvideos,1
catsontiktok,1
kibblefeddogs,1
cheetahs,1
petparents,1
cattips,1
caturinaryhealth,1
kibble,1
doghealth,1
dogfoodhacks,1
dryfood,1
veterinary,1
catfoodtips,1
catfood,1
wetfood,1
vettok,1
dognutrition,1
veterinarymedicine,1
vetnurse,1
pethealth,1
kibbletoppers,1
cathealth,1
veterinarian,1
kibbleboosters,1
petnutrition,1
catnutrition,1
petfood,1
flutd,1
softlifestyle,1
locationindependent,1
mykonosgreece,1
digitalnomadgirls,1
bordeauxfood,1
drivingabroad,1
travelabroad,1
rosettastonepartner,1
travelportugal,1
rosettastone,1
grouptrip,1
travelmom,1
traveltipsandhacks,1
aaa,1
egambassador,1
blackdigitalnomad,1
digitalnomadlifestyle,1
francetiktok,1
livinginfrance,1
livingineurope,1
greecetravel,1
worldschooling,1
internationaldriverslicense,1
fulltimetravelfamily,1
websitebuilder,1
europetrip,1
traveltoeurope,1
travelfamily,1
blaxit,1
travelgreece,1
digitalnomadgirl,1
europelife,1
digitalnomadfamily,1
worldschoolfamily,1
movetoportugal,1
nomadicliving,1
europevsusa,1
familytavel,1
nowwerevoyaging,1
vrbo,1
francetravel,1
livingabroadlife,1
youllbefine,1
blackexodus,1
blackexpat,1
soliddishsoap,1
packagefreeshop,1
plasticfreeswap,1
ecofriendlyproducts🌿,1
reducewaste♻️,1
minimalwaste,1
ecofriendlyproduct,1
reducewastenow,1
plasticfreeshopping,1
bulkshopping,1
minimalwasteliving,1
dishsoap,1
sustainablealternatives,1
zerowasteshop,1
plasticfreeshop,1
bulkstore,1
refillshopping,1
bamadebayo,1
domantassabonis,1
cordarrellepatterson,1
dangelorussell,1
jamalmurray,1
anthonydavis,1
alexhighsmith,1
austinreaves,1
bradleybeal,1
courtlandsutton,1
paytonwilson,1
karlanthonytowns,1
aarongordon,1
rudygobert,1
antoniobrown,1
steelersnation,1
widereciever,1
pghjay,1
dallasmavericks,1
omarkhan,1
cjstroud,1
pittsburghsteelers,1
nflfootball,1
phoenixsuns,1
devinbooker,1
michiganfootball,1
miketomlin,1
micahparsons,1
losangekeslakers,1
stephcurry,1
nfceast,1
victorwembanyama,1
draymondgreen,1
michaelporterjr,1
romanwilson,1
goldenstatewarriors,1
steelersfootball,1
deaaronfox,1
nbabasketball,1
keeganmurray,1
dallascowboys,1
anthonyedwards,1
denvernuggets,1
deebosamuel,1
troyfautanu,1
zachfrazier,1
ruihachimura,1
brandonaiyuk,1
nikolajokic,1
minnesotatimberwolves,1
graduationseason,1
wilmingtonnc,1
graduationpictures,1
utk,1
fridaynight,1
5to9afterthe9to5,1
gradpics,1
5to9before9to5,1
zai,1
googoodolls,1
arizonazervas,1
austinawake,1
zai1k,1
pathtoselfexpression,1
zebrapenpartner,1
zebrapensweepstakes,1
presave,1
notmyself,1
oldme,1
slowfashionrevolution,1
secondhandfirst,1
thriftlove,1
hairshave,1
themainemayfair,1
buzzcutgirl,1
themaine,1
sustainablewear,1
modernvintage,1
themainedxb,1
skimspartner,1
solotraveltips,1
doordash,1
meanwhileinvegas,1
airportoutfit,1
blackphotographers,1
atlantaphotographer,1
earthnews,1
sustainablecompany,1
womenownedsmallbusiness,1
refillable,1
cherryscent,1
plasticfreepackaging,1
sustainablebusiness,1
refillableshampoo,1
carbonneutral,1
stylinggel,1
refillablehaircare,1
sustainableproducts,1
skinproducts,1
kendrickdiss,1
drakediss,1
instafood,1
tasteexplosion,1
flavoradventure,1
foodinsta,1
bynaturefood,1
vegansandwiche,1
foodaesthetic,1
flavorjourney,1
caribbeanfood,1
vegancarribean,1
londonvegan,1
bynaturefoods,1
mentoring,1
slowpitchjigging,1
malanga,1
marigolds,1
exoticfruit,1
organicpestcontrol,1
starapple,1
drytortugas,1
tomatoplants,1
grafting,1
pineappleplant,1
tomatosauce,1
bananatree,1
naturalpestcontrol,1
gardeningtip,1
carrot,1
bananaharvest,1
communitygarden,1
growingpineapple,1
shimanofishing,1
airlayeringpropogation,1
mangotree,1
snapperfishing,1
airlayer,1
permaculturelife,1
organicfertilizer,1
graftingtechniques,1
groundprovision,1
fishfertilizer,1
deepseafishing,1
pomato,1
lakeeola,1
andrethefarmer,1
blueheron,1
floridakeys,1
frontyardplants,1
rarefruit,1
seaspirit,1
offshorefishing,1
bananaplant,1
jumptheory,1
ispiration,1
jumprope,1
skippingrope,1
humanthings,1
patricelumumba,1
unitednationofislam,1
humansbeinghuman,1
linkinmybio,1
gerrymandering,1
silentgenocide,1
savecongo🇨🇩,1
freecongo🇨🇩,1
freecuba,1
manifest?,1
cobalt,1
zillennial,1
racismawareness,1
localelectionsmatter,1
peoplepowered,1
panafricanism,1
bigtech,1
peoplecore,1
htx,1
congofriends,1
displacement,1
🇨🇩,1
richmondva,1
environmentaldegradation,1
antiblackracism,1
kinshasa🇨🇩,1
conflictminerals,1
fyyp,1
solotravels,1
travelscenery,1
makingmemories,1
travelinspiration,1
takemeback,1
oralcare,1
tubekey,1
elevateyoureveryday,1
nanohydroxyapatite,1
hydroxyapatite,1
davidspremiumtoothpaste,1
whitening,1
relationshipblogger,1
relationshipcoachesoftiktok,1
relationshipmistakesr,1
relationshipsbelike,1
relationshipcoach101,1
relationshipcoach101r,1
relationshipmistakes,1
relationshipissuesr,1
relationshipexpert,1
relationshiptherapy,1
relationshiptherapyr,1
relationshipcoachingforcouples,1
relationshipcoachforwomenr,1
relationship_goalsr,1
relationshipcoachesoftiktokr,1
relationshipcounselling,1
relationshiphelp,1
r,1
relationshipbloggerr,1
relationshipissues,1
relationshiptalkr,1
relationships101,1
relationshipmentor,1
relationshiptalk,1
lowlowprime,1
relationship_goals,1
relationshipcoachr,1
relationshipcoachesr,1
relationshipexpertlowlowprime,1
relationshipcoachlifer,1
relationshipexpertandspiritualist,1
relationshipcoachingforcouplesr,1
relationshipcoaches,1
relationships101r,1
relationshipcoachlife,1
relationshipcoachingr,1
relationshiphelpr,1
relationshipmentorr,1
relationshipcoaching,1
relationshipcoachforwomen,1
relationshipsbeliker,1
relationshipcounsellingr,1
rezlife,1
lakota,1
miccosukee,1
taino,1
seminole,1
belegendary,1
nawa,1
prayerwalk,1
americanindianmovement,1
miccosukeeindianvillage,1
pantherclan,1
protectwhatyoulove,1
internationalbigmammaday,1
blackgirlswhopaint,1
neworleanslife,1
acrylicpainting,1
504,1
sketchwithme,1
balckgirlartclub,1
artforsale,1
blackartist,1
blackgirlartclub,1
creativeburnout,1
fulltimeartist,1
nolaartist,1
neworleansartist,1
storagehack,1
barstorage,1
travelhaircare,1
shampooforvolume,1
storagetip,1
thinningshampoo,1
shampoowithme,1
thinninghairtips,1
scalptips,1
travelshampoo,1
showerstorage,1
bestshampoo,1
shampoobartips,1
cleanatsephora,1
shampoobar,1
superzero,1
healthyscalp,1
padipro,1
hawaiiphotography,1
ray,1
bigisland,1
dolphinlove,1
kailuakona,1
