Hashtag,Frequency
anneboleyn,2
states,2
managersbelike,2
newcomedy,2
vanity,2
chineselearning,1
chinesename,1
learnchinese,1
learningchinese,1
chinesecharacters,1
chinesemandarin,1
meredithgrey,1
mockingbirdeminem,1
tomodell,1
diewildenhühner,1
onlylovecanhurtlikethis,1
thechainsmorkers,1
allaboutthatbass,1
pickmechoosemeloveme,1
embeihold,1
duett,1
closeupauge,1
capadealbum,1
stephensanchez,1
blondehair,1
darkhorse,1
sheusedtobemine,1
lilyallen,1
shondarhimes,1
waswürdestdutun,1
cominghome,1
alecbenjamin,1
untilifoundyou,1
kinderserien,1
kindheit,1
bibiundtina,1
ourlastsummer,1
sarabareilles,1
bratzdoll,1
beachbunny,1
filte,1
cristinayang,1
anotherlove,1
letmedownslowly,1
linalarissastrahl,1
onet,1
mimikmeme,1
likeaprayer,1
madworld,1
ansonseabra,1
bibiblocksberg,1
erstesdate,1
popcornduet,1
supermariobrosmovie,1
promqueen,1
wildehühner,1
welcometowonderland,1
wildchicks,1
pumuckl,1
palomafaith,1
indila,1
brunette,1
wreckingball,1
beckyg,1
cancersign,1
cherryredhair,1
lyricsvideo,1
sims,1
themagickey,1
garyjules,1
somethingjustlikethis,1
watersigns,1
aged,1
nostalgie,1
anicarusso,1
mysterybox,1
spelling,1
wodphilippines,1
wodindo24,1
wodph24,1
wodsummit24,1
wodatl23,1
wodla15,1
thatsthekids,1
wodgr24,1
worldofdancegreece,1
worldofdanceindonesia,1
woddortmund24,1
worldofdancegermany,1
wodth2024,1
wodbali,1
redbulldance,1
wodnl24,1
wodina24,1
wodjp,1
wodindonesia24,1
worldofdanceeindhoven,1
worldofdancejapan,1
danceday,1
wodnl,1
worldofdance,1
wodchamps18,1
wodnewzealand24,1
wodthailand,1
wodny24,1
wodtok24,1
wodla24,1
worldofdancethailand,1
worldofdancehasselt,1
givesyouwiiings,1
wod,1
wodny19,1
wodbe24,1
taqwa,1
belalassad,1
islamreminders,1
dawah,1
humbleservantofallah,1
salatduha,1
ustadhmohamadbaajour,1
salah,1
salat,1
tawakal,1
airbnbhost,1
doit,1
airbnbbusiness,1
monkeyland,1
frontier,1
olympicshospitality,1
smores,1
screen,1
factory,1
workabroad,1
smartfilm,1
madeinchina,1
hightech,1
transparentscreen,1
foodculture,1
freshingredients,1
ledscreen,1
tvk,1
produktplatzierung,1
chiaracastelli,1
tvk24,1
lifeofapreschooler,1
franglais,1
daddydaughtertime,1
careergoals,1
beingbilingual,1
shlindshares,1
raisingbilingual,1
chachasgotthis,1
frenchlife,1
marriedtoafrenchman,1
notmyjob,1
secondlanguage,1
opol,1
softguyera,1
drizzledrizzle,1
capcutedits,1
socialmediaaudit,1
hookidea,1
capcuttutorial,1
ugccreatortips,1
tiktokaudit,1
editing101,1
increasewatchtime,1
visualhooks,1
epiceditsseries,1
dish,1
toufickreidieh,1
rememberwheredreamsbegin,1
keyssoulcare,1
worldnotobaccoday,1
worldnotobaccoday2024,1
secondhandsmoking,1
passivessmoking,1
passivesmokingawareness,1
secondhandsmokingawareness,1
berylama,1
godblessyou,1
biblequiz,1
nurseoftiktok,1
gametrivia,1
gamemusic,1
gamecharacter,1
bb,1
walterwhite,1
heisenberg,1
openinganime,1
nbaedits,1
ww,1
logoquiz,1
usahistory,1
christanity,1
geographyquiz,1
usstates,1
colorchallenge,1
iqtest,1
mcqueen,1
englishforbeginners,1
voicefilter,1
guessthecharacter,1
footballquiz,1
harry,1
doityourself,1
flags,1
liberalparents,1
residence,1
teenage,1
crazygirlfriend,1
teamleader,1
animationmeme,1
wifeandhusband,1
comingout,1
bimboademoye,1
theak24wedding,1
invasion,1
faan,1
neverdespisethedaysoflittlebeginnings🤲❤️,1
funkeakindelenetwork,1
eljthemovie,1
funkeakindele,1
funkeskindelenetwork,1
everybodylovesjenifa,1
atribecalledjudah,1
jenifa,1
stayfocused,1
jenifans,1
decembergosweet,1
britishteacher,1
advancedenglish,1
grammartips,1
britishslang,1
advancedvocabulary,1
britishpronunciation,1
britishaccents,1
thomaswolsey,1
williamiii,1
untoldlives,1
toolkit,1
edwardi,1
tapestries,1
horriblehistories,1
theorangery,1
tapestry,1
doors,1
royalmenagerie,1
toweroflondon,1
queencharlotte,1
queencaroline,1
wolsey,1
officiallyamazing,1
beard,1
acrobatics,1
hulahoop,1
acrobat,1
oldestman,1
jasonsudeikis,1
gwynethpaltrow,1
lastdance,1
modernfamily,1
5secondrule,1
movietheater,1
knoworgo,1
burningquestions,1
theellenshow,1
djpaulyd,1
derekhough,1
mikethesituation,1
neverhaveiever,1
jumpscare,1
flashbackfriday,1
funnymoms,1
marthastewart,1
dory,1
guessthecelebrity,1
snooki,1
adamlevine,1
edoneill,1
scare,1
fansurprise,1
idinamenzel,1
kellyoke,1
thowback,1
jerseyshore,1
warnerbrothers,1
blakeshelton,1
fillintheblank,1
thekellyclarksonshow,1
brielle,1
chickentok,1
sandrabullock,1
jwoww,1
alisiddiq,1
funnystory,1
ontournow,1
funnyshit,1
comedytour,1
mistakes,1
evacuation,1
eyetest,1
susanrice,1
middleeasternparents,1
derrickstroup,1
sureniweerasekera,1
drewdunn,1
alimac,1
jobopportunities,1
marketinghack,1
alimacofsky,1
sahibsingh,1
mattyryan,1
ipa,1
jarule,1
donttellcomedy,1
mattbraunger,1
jamiewolf,1
bumble,1
craftbeer,1
vanessagonzalez,1
easterneurope,1
emilyvandyke,1
religioustrauma,1
biancacristovao,1
queercomedy,1
tomthakkar,1
czech,1
canadian,1
sureni,1
amosgill,1
kcshornima,1
theexorcist,1
opeyolagbaju,1
comedyreel,1
langstonkerman,1
hookup,1
davemerheje,1
englishvocab,1
girlup,1
watchasay???,1
heybike,1
customstickers,1
shopsmallbusiness,1
packagingsupplies,1
smallbizlove,1
smallbizlife,1
smallbizsupplies,1
smallbusinessmusthaves,1
packanoderwithme,1
graduationday,1
personalizedgifts,1
namesticker,1
customlabels,1
giftsforher,1
deskterior,1
packagingorders,1
labels,1
goodiebags,1
graduationoutfit,1
birthdaystickers,1
smallbiztipsandtricks,1
smallbusinessstickers,1
stationeryaddict,1
deskaesthetic,1
personalizedstickers,1
packingstation,1
packageanorderwithme,1
stickershop,1
graduationdecor,1
stationeryshop,1
smallbizsquad,1
wfhcheck,1
cozyaesthetic,1
cozysetup,1
packagingasmr,1
graddecor,1
twosetsoftwins,1
2setsoftwins,1
exuma,1
identicalvsfraternal,1
summerbreak,1
parentinghumor,1
lifewithkids,1
younesfamily,1
suscatering,1
wifeycooking,1
wifecooking,1
bestwife,1
birthdaysetup,1
babyhumor,1
isitspringyet,1
momstruggles,1
wifeybelike,1
lovemywife,1
relatablecomedy,1
fortnitetheme,1
mommyhumor,1
parentingproblems,1
kidshumor,1
dadhumor,1
dadstruggles,1
funnytoks,1
dadandson,1
dadproblems,1
bdayboy,1
mommylifestyle,1
crawlingbaby,1
wifeylife,1
mommyof4,1
sonproblems,1
babycrawling,1
thedad,1
直播探險,1
晚安小雞,1
廢墟探險,1
nofear,1
amapiano,1
dejloaf,1
funk99,1
المنخفض_الجوي,1
uaenation,1
الإمارات_ترحب_بسلطان_عمان,1
عقارات_دبي,1
منخفض_الهدير,1
السيوح,1
عمان_منا_ونحن_منهم,1
عقارات_للبيع,1
جميرا,1
الإمارات,1
الهند,1
أبوظبي,1
سندكم,1
عمان,1
التأمين,1
الأمطار,1
العمل,1
كلباء,1
songkranday,1
safezone,1
friendofunicef,1
everychildcanread,1
happysongkran,1
familyday,1
eatright,1
travellifestyle,1
eatforgood,1
skinglow,1
celebrations,1
weekday,1
weightgoals,1
wiead,1
michandkay,1
mealplan,1
gymtimeworkout,1
mondayvibe,1
zeeliciousfoods😋,1
alllove,1
tobtwins,1
establish,1
koreansunscreen,1
somebymi,1
makeupcollection,1
v10hyalairfitsunscreen,1
skimcareroutine,1
jaysjourney,1
experiencesoneva,1
sonevajani,1
discoversoneva,1
sonevafushi,1
wheresthelie,1
razr,1
flipthescript,1
doordash_partner,1
disastertodreamhome,1
parenthack,1
thecarlins,1
badword,1
aveenopartner,1
athomewithcastlery,1
klikphotography,1
slayyourcareer,1
nigeria🇳🇬,1
jobtip,1
slalevelupprogram,1
femalegraduates,1
sheleadsafrica,1
sla,1
slayyourbusiness,1
motherlandmogul,1
motherlandmoguls,1
femaleemployment,1
tinyhome,1
myfood,1
sahur,1
cookwithlove,1
ramadanvibes,1
aestheticcooking,1
inmykitchen,1
simplebreakfast,1
homevlog,1
avurudurecipes,1
wildcookbook,1
sunquick,1
iftardrinks,1
londonoutfits,1
شاركها_الرعاية,1
ShareTheCare,1
makeuprecomendation,1
hospitalbagformom,1
dovelove,1
targetstyle,1
hospitalbagessentials,1
bodycareroutine,1
hospitalbagforbaby,1
urbandecaypartner,1
cocokindpartner,1
grwmskincare,1
satisfyingsounds,1
hospitalbag,1
babyhospitalbag,1
udallnighter,1
paramountpartner,1
littlestpetshop,1
sportsmode,1
bassinet,1
lindtcontest,1
bobbletothebeat,1
lpspartner,1
lindtbeyondwords,1
lindtpartner,1
moyadavid1,1
snackhacks,1
pokebowl,1
snackbox,1
sahmmomlife,1
fakepeople,1
disliked,1
uncomfortabletruths,1
joshosays,1
mentallydrained,1
productivityhack,1
selfconfidencetips,1
supportnotstigma,1
conversations,1
socialskills,1
meanpeople,1
recharge,1
fakenice,1
darkskinmakeup,1
stayathome,1
housereset,1
size12,1
stayathomewife,1
size10,1
sahw,1
dateoutfit,1
modalhijab,1
modestfashioninspo,1
veiled,1
agbada,1
allofustheseries,1
moreofthespotlight,1
cameroomtiktok🇨🇲,1
andyandmichelle,1
labigo,1
galleryshoot,1
struggleisreal,1
myapahmstory,1
chubbycattle,1
hidechallenge,1
weho,1
babyshu,1
queenvioletweho,1
pescatarian,1
asianbarbie,1
freezechallenge,1
forafortnightchallenge,1
fiveblinddates,1
heymommymommy,1
part5,1
LivingProof,1
wereasian,1
nearlyfinished,1
siblingday,1
plantlife,1
couplescomedy,1
following,1
faces,1
thedoncesar,1
guysbelike,1
eatingchallenge,1
mymotivation,1
multivitamin,1
disappointed,1
actinglikemywife,1
myfamily,1
coupleschallenge,1
husbands,1
plantmom,1
couplepranks,1
watchmyhusband,1
relatble,1
packingcubes,1
packwithmeforvacation,1
easydessertrecipe,1
asmrorganizing,1
prevacayprep,1
guestbathroom,1
hotelunpacking,1
prevacationprep,1
sephorashopping,1
guestbathrestock,1
restockguestbathroom,1
asmrrestock,1
asmrorganization,1
asmrpacking,1
vacationshopping,1
ultashopping,1
amazontravel,1
targetshopping,1
vacayprep,1
mangodessert,1
packwithmeforatrip,1
easysnackideas,1
organizebathroom,1
amazontravelessentials,1
boggbag,1
sleeplessnight,1
boysroom,1
daughtersroominspo,1
yeti,1
bathroomcleaning,1
cadillacescalade,1
cleaningmotivaton,1
bakingasmr,1
bedroomrefresh,1
organziedhome,1
vanitysetup,1
carcleaning,1
ocedarpartner,1
sportsmom,1
chocolatechipbananabread,1
organzied,1
newvanity,1
ocedarcleansquad,1
ovendeepclean,1
doitwithhart,1
livingroomreset,1
makeupvanity,1
officerefresh,1
daughtersroommakeover,1
vanityorganization,1
afterdark,1
powderbathroom,1
laundrymotivation,1
godisnotdone,1
godisnotdoneprisontour,1
lingandlamb,1
prisonvisit,1
furby,1
slingshot,1
foodingandlamb,1
more,1
jetski,1
morroco,1
afghandress,1
abirzkitchen,1
afghantiktok,1
mantu,1
youngroyals,1
austok,1
netty,1
buyinglondon,1
unfrosted,1
fearstreet,1
showa,1
sweets,1
crabsticks,1
bluecheese,1
reebokornike,1
ragag,1
tbone,1
omurice,1
krasota,1
erbil,1
isitart,1
rythmofthenight,1
mrsuperwow,1
onelette,1
bellydance,1
kicks,1
interviewskills,1
careervidz,1
jobinterviewtips,1
tellmeaboutyourself,1
richardmcmunn,1
introducemyself,1
gallagher,1
cheeve,1
colwill,1
thiagosilva,1
plinnashville,1
chemun,1
cheavl,1
palmer,1
wembleystadium,1
chukwuemeka,1
disasi,1
emiratesfacup,1
hairstraighteningcomb,1
markerpen,1
wirelesscarcharger,1
itel,1
dualtipbrushpen,1
artmarkers,1
baseusearbuds,1
womenclothing,1
summerclothes,1
wireless,1
androidtablet,1
portableaircompressor,1
carholder,1
digitalcamera,1
magneticcarphoneholder,1
modestwear,1
pritomtablet,1
tiktokshopfashion,1
p55plus,1
funtime,1
aircompressor,1
swan,1
tablet,1
smartkettle,1
swansmartkettle,1
floraldress,1
fungamestoplay,1
ssuction,1
budgettablet,1
wirelesshairstraightener,1
flashsalefriday,1
teamzahir,1
sallah,1
taaooma,1
