Hashtag,Frequency
rachmaninoff,2
hokusai,1
apiheritage,1
japaneseart,1
asianart,1
latinamerican,1
googleartsandculture,1
latintok,1
georgesseurat,1
aigames,1
oscarniemeyer,1
comicmarket,1
comiket,1
myanmar,1
seurat,1
sustainableart,1
undough,1
latinart,1
indawgyilake,1
architecturetok,1
classicliterature,1
classicfilm,1
historylovers,1
ancientworld,1
sugarbaby,1
kinkyhistory,1
bingeworthy,1
18thcentury,1
femalehysteria,1
bridgertons3,1
19thcentury,1
paidpromotion,1
regency,1
prideandprejudice,1
historylover,1
fishnets,1
spicybook,1
historyfacts,1
sugardaddy,1
stockings,1
pianoconcerto,1
pianistsoftiktok,1
ravel,1
fromthearchives,1
nyphil,1
nycclassical,1
nyphilharmonic,1
orchestra,1
cezanne,1
degas,1
waacking,1
caillebotte,1
renoir,1
morisot,1
mfaboston,1
moonjar,1
artinbloom,1
hallyu,1
florals,1
workinart,1
mocomuseumbarcelona,1
mocomuseumamsterdam,1
appriciationpost,1
thedevilwearsprada,1
mocomuseumlondon,1
exhibitionlaunch,1
newexhibition,1
hiringnow,1
johancruyff,1
mocomuseum,1
hiringnewemployees,1
merylstreeptiktok,1
moviescene,1
modernart,1
fivethingsmoco,1
conceptstore,1
shoppinglist,1
immortal,1
londonjobs,1
worldmaking,1
museumjobs,1
groundbreaking,1
artworldjobs,1
autistic,1
darkaesthetics,1
energyboost,1
hairdye,1
lipsticktesting,1
blackaesthetic,1
valhallacalling,1
magyarviking,1
hairmakeover,1
magyartiktok,1
pusztuljonforyouba,1
wardruna,1
darkravencore,1
valhalla,1
unreadywithme,1
letsbefriends,1
mommotivation,1
leggingsoutfit,1
leggingsmoms,1
mymothertoldme,1
elcinenosune,1
initialtok,1
artconservation,1
ancientrome,1
maydayprep,1
youoweme,1
medievalhistory,1
suneilsanzgiribkm,1
edoatbkm,1
firstsaturdaysbkm,1
thedeancollection,1
utagawahiroshige,1
giantsbkm,1
bkmegyptianart,1
brooklynbotanic,1
hiroshige,1
deborahroberts,1
shopbkm,1
bkartistsball,1
takashimurakami,1
tituskaphar,1
brancusi,1
nickname,1
tireusedecartes,1
remelange,1
areyouone,1
beansgreenspotatoes,1
chagall,1
meteo,1
artandfashion,1
thanksgivingrap,1
artfashion,1
artmoderne,1
surnom,1
blackholes,1
issoouaquilo,1
pinacoteca,1
ovpygmalion,1
rosiesheehy,1
ovmachinal,1
patsyferran,1
theatreset,1
joehisaishi,1
symphonies,1
beethoven,1
artinstituteofchicago,1
artinstitutechicago,1
mytour,1
paintings,1
artinstitute,1
mybucketlist,1
mymuseumtour,1
customizabletour,1
museumtour,1
customtour,1
museumvisit,1
jacoblawrence,1
haroldcohen,1
rashidjohnson,1
nycmuseums,1
whitneymuseum,1
harlemrenaissance,1
weworkatofcourse,1
sheddaquarium,1
archerfish,1
daysout,1
victorian,1
englishheritage,1
curator,1
victorianera,1
ehoriginals,1
dayoutwiththekids,1
audleyend,1
thevictorianway,1
boxkampf,1
worldcruise,1
phonetik,1
aussprache,1
outtakes,1
heidiklum,1
germanysnexttopmodel,1
gntm,1
ripyouwouldhaveloved,1
bowtrend,1
bremen,1
matthiasmangiapane,1
anotheronethankyou,1
007,1
nationalgallery,1
pico,1
tiktokhistory,1
pinkday,1
ottofrank,1
miepgies,1
virtualreality,1
whattoread,1
dayofpink,1
annefrankhousevr,1
diarytok,1
secretannex,1
hitler,1
whydowedothis,1
concentrationcamp,1
oculus,1
wwiihistory,1
annefrank,1
creativityforgood,1
rift,1
predjudice,1
annefrankhouse,1
1min,1
bergenbelsen,1
asktheexpert,1
motherate,1
ausballet,1
preservation,1
freshandmeaty,1
kprc,1
nationalbeerday🍺,1
pulltabs,1
willie,1
willienelson,1
chagsameach,1
tvads,1
whiskeyriver,1
archives,1
digitization,1
odessa,1
ummamuseum,1
chrisshiflett,1
싸이커스,1
rosannecash,1
aoifeodonovan,1
xikers,1
foofighters,1
에이티즈,1
zachsang,1
grammymuseum,1
roady,1
junghoon,1
franshals,1
amsterdammuseum,1
rijksmuseum,1
museumtime,1
cupid,1
rembrandt,1
cuteexhibition,1
memepack,1
cutememes,1
royalshakespearecompany,1
jamielloyd,1
twelfthnight,1
nationaltheatreathome,1
thehouseofbernardaalba,1
vanessakirby,1
allabouteve,1
angelsinamerica,1
nationaltheatrecollection,1
tomrhysharries,1
theseagull,1
ianmckellen,1
emiliaclarke,1
nationaltheatre,1
siennamiller,1
jessiebuckley,1
catonahottinroof,1
nomansland,1
theeffect,1
revisionnotes,1
antonchekhov,1
englishgcse,1
paapaessiedu,1
hiranabeysekera,1
indiravarma,1
julie,1
taylorrussell,1
thefatherandtheassasin,1
theatretok,1
rossbleckner,1
isabelquintanilla,1
arteybienestar,1
aitimburton,1
elmuseodetodos,1
timburtoncharacter,1
realismointimoquintanilla,1
timburtonchallenge,1
realismoíntimo,1
planmadrid,1
exposición,1
recorridosarte,1
toulouselautrec,1
