Hashtag,Frequency
oilandgas,2
goose,2
oilymoneyout,2
goblinshark,1
takemywhiskyneat🥵,1
oceananimals,1
fishcontent,1
oceanfacts,1
snailfish,1
friendwithbenefits,1
thepressureisgettingworser,1
sheepsheadfish,1
xyz,1
greenlandshark,1
stillcutetho,1
wondersoftheworld,1
ugliestanimals,1
sciencelesson,1
pressure,1
krilltok,1
krillinit,1
tinyanimals,1
deepseafish,1
breatheinnature,1
underthesea,1
danceitout,1
whalecommunication,1
oceanpeace,1
penguintok,1
matingritual,1
keystonespecies,1
goblinsharks,1
bluespace,1
fishoftiktok,1
oceanworld,1
yippee,1
laughawayyoursorrow,1
hardatwork,1
dammit,1
whalelover,1
yippe,1
soundofwaves,1
goblin,1
oceandiscovery,1
microplasticseverywhere,1
youthinkyoucanhurtme,1
ocean101,1
noplanetb,1
oceanwaves,1
aintitfun,1
funkyfish,1
leafsheep,1
penguinlove,1
seacucumber,1
marineecosystem,1
winningatlife,1
bulletproof,1
wondersoftheocean,1
underpressure,1
howdidyougetpastsecurity,1
cleanerfish,1
glowupforreal,1
sheepshead,1
breadwinner,1
imeverywoman,1
shaihulud,1
bluemind,1
youretoosweetforme,1
oceanlesson,1
cantescape,1
wrasse,1
energycrisis,1
confessionsofaclimateactivist,1
climatepodcast,1
climatepodcast2024,1
imperfectenvironmentalist,1
climatetalks,1
forceofnaturepodcast,1
climateconfessions,1
ecotrauma,1
syracuse,1
trainsnotplanes,1
donationdoubled,1
hammersmithbridge,1
adverts,1
frequentflyerlevy,1
highcarbonadverts,1
cyclelane,1
ciabatta,1
gyros,1
outdoorcooking,1
muffuletta,1
bollywooddance,1
frankiemusical,1
aboutlastnight,1
bollywoodsongs,1
watfordtheatre,1
noborders,1
borders,1
nooneisillegal,1
ukborder,1
saferoutesnow,1
ukimmigration,1
migrantswelcome,1
defythenarrative,1
wordsmatter,1
languagematters,1
hostileenvironment,1
inclusivefashion,1
bias,1
antiracism,1
allyship,1
workplaceinclusion,1
uksubway,1
hollywoodsignhike,1
lossngeles,1
lahikes,1
footlongcookie,1
hikingvlog,1
puglia,1
mallorcaitinerary,1
londonsummer,1
marianila,1
ichoosefriendly,1
sevensisterscliffs,1
rhysandandfeyre,1
giftideasforhim,1
sevensisters,1
handmadegifts,1
londonbrows,1
aussieintheuk,1
londonpubs,1
meaningfulgift,1
summerincoming,1
booktokgirlies,1
aussieinlondon,1
djmix,1
chetlo,1
drumsheds,1
votelabour,1
camdentown,1
drumandbass,1
registertovote,1
lfw,1
firstsong,1
🤣,1
waikik,1
twotruthandtrash,1
experiments,1
demos,1
calculation,1
twotruthsandtrash,1
willpoulter,1
drakebeef,1
colouranalysis,1
insidethefactory,1
nealsyard,1
over40skincare,1
liftfacial,1
beautyover40,1
pmroutine,1
pillowmist,1
beautyasmr,1
coventgarden,1
aromatherapy,1
skincarehack,1
agelessbeauty,1
naturalskin,1
sculptfacial,1
skincareritual,1
sleephack,1
rosehip,1
nealsyardremedies,1
londonfacial,1
unwind,1
naturalfacial,1
libra,1
timwestwood,1
rkelly,1
aiokisimmons,1
russellsimmons,1
rebirth,1
lbd,1
heatpump,1
carbonsaving,1
sustainableh,1
solarpanels,1
seismic,1
tfl,1
leomiddea,1
londonunderground,1
meerkatsquad,1
meerkat,1
autizzy,1
andalucía,1
aove,1
jaén,1
oroverde,1
orolíquido,1
nuestracasaseabrasa,1
peeps,1
whatsfordessert,1
mainelife,1
wearingantarctica,1
penguinpostoffice,1
ukaht,1
portlockroy,1
nueroscience,1
gosling,1
hatch,1
exxon,1
lakeforestcollege,1
getaway,1
climatestike,1
eartheday,1
lossanddamage,1
fracking,1
unfccc,1
environmentalracism,1
clinatestrike,1
himalayan,1
born,1
bigtruck,1
globalsouth,1
conception,1
speing,1
glaciers,1
masstransit,1
lawn,1
foresters,1
upperclass,1
ucriverside,1
recylce,1
coalroller,1
datacentres,1
datacentresireland,1
xri,1
extinctionrebellionireland,1
ritzycinemabrixton,1
icouldnevergoveganmovie,1
soundsright,1
actonclimatenow,1
actonclimate,1
changecompanieschangetheplanet,1
fix,1
changecompanystructure,1
semiotics,1
usameasurements,1
transparency,1
winwin,1
virtuouscircle,1
addtheclause,1
mechanism,1
virtuouscycle,1
holisticsustainability,1
disruptthecorrupt,1
changecompaniesandchangetheplanet,1
jancleveringa,1
dontpausetheclause,1
stopptunnelspinne,1
seraphoftheend,1
innovationzero,1
jeremyhunt,1
jeremycunt,1
restorenaturenow,1
stoppollutingpolitics,1
mpjeremyhunt,1
mayday2024,1
thatfridayfeeling,1
stopequinor,1
chaucer,1
maydayprotest2024,1
palestineprotestlondon,1
endfossilfinance,1
betterwithoutbarclays,1
defendourrights,1
barclaysbankuk,1
protestpower,1
jamesbaldwin,1
stopthearmstrade,1
fossilfreelondon,1
earthdayiseveryday,1
shutdownshell,1
bpmustfall,1
protestrights,1
maydayprotest,1
sdpo,1
righttorally,1
frackoff,1
rightorally,1
stopeacop,1
newcastleuniversity,1
southshields,1
northshields,1
righttostrike,1
gateshead,1
newcastleupontyne,1
tyneside,1
newcastleuni,1
northumbriauni,1
sunderlanduni,1
gndr,1
sunderland,1
durhamuni,1
northumbriauniversity,1
northtyneside,1
northumbria,1
wallsend,1
jamiedriscoll,1
southtyneside,1
owlsoftiktok,1
pigeonlovers,1
birdtitkok,1
minions,1
pigeon,1
kingfisher,1
bbldrake,1
birdsofprey,1
mummyjoe,1
chrispackham,1
pigeonsoftiktok,1
unhinged,1
owltiktok,1
birdmemes,1
sillygoose,1
mallardduck,1
birdtiktok,1
owltok,1
oilpainting,1
pigeontok,1
pigeonmemes,1
birdfacts,1
ducksoftiktok,1
sparrowhawk,1
robins,1
robinbirds,1
botw,1
songbird,1
animalmemes,1
despicableme,1
rspb,1
swifts,1
lowres,1
