Hashtag,Frequency
audience,1
jpscomedyclub,1
clockin,1
kcmo,1
casino,1
imbroke,1
mydream,1
fypcomedy,1
kc,1
supportstandupcomedy,1
imfunny,1
showertok,1
funnycommercials,1
crazypeople,1
watchtillend,1
imfine,1
peanutbutter,1
ugh,1
workjokes,1
comedyshows,1
brrr,1
ontheroad,1
richlife,1
thinkofme,1
velveeta,1
copps,1
runandtellthat,1
headshots,1
gardenroute,1
lidl,1
actorheadshots,1
comedysong,1
romantisizing,1
prettyprivilege,1
tiktokdancing,1
premiumbeauty,1
lidltrolley,1
n62,1
parodysong,1
yourejustaman,1
reisetipps,1
coconutforest,1
vietnamtipps,1
немецкий,1
deutscha1,1
germanhumor,1
germanmeme,1
learngermanonline,1
germanmusic,1
deutschb1,1
deutschlehrer,1
germanquiz,1
هيبة_ملك👑,1
خيبة,1
صدمة_كبيرة,1
لم_شمل,1
عجيان_البانهوف,1
teuer,1
ايسن,1
مشان_الله,1
ضيوف,1
essen,1
غربة,1
مواقف_غير_متوقعه,1
زيارة,1
تيكتوك_عرب,1
حسد,1
كسر_الخواطر,1
🇩🇪,1
مليونير,1
عزيمة,1
طيران,1
خطبة_زواج,1
سورين_في_المانيا,1
سياحة,1
حسد_وعين,1
aufmeinemkopf,1
شركة,1
جوبسنتراوي,1
محمد_رمضان,1
rewe,1
يوميات,1
50,1
الحياة_الزوجية,1
اوروبا,1
ساربروكن,1
سهرة_اخر_الليل,1
euro,1
yasssss,1
mandymoore,1
marciafudge,1
robyndixon,1
laganjaestranga,1
mistressisabellebrooks,1
pomsky,1
gagcity,1
spice,1
kylie,1
moniquesamuels,1
symone,1
nicki,1
manilaluzon,1
monetxchange,1
kyliesonique,1
pinkfriday2tour,1
candiace,1
ranedrag,1
ashleydarby,1
press,1
bluhydrangea,1
potomac,1
candiacebassett,1
brookelynnhytes,1
ftcu,1
dragraceukseason1,1
bobthedragqueen,1
drwendy,1
drwendyosefo,1
pinkfriday2,1
biancadelrio,1
wendyosefo,1
kyliesoniquelove,1
gizellebryant,1
candiacedillard,1
thewhitehouse,1
canadasdragrace,1
gagcityhartford,1
candiacedillardbassett,1
