Hashtag,Frequency
europeanchampionships,1
dressupchallenge,1
whowins,1
1vs1,1
boxtok,1
fightbreakdown,1
worstdressed,1
worstdressedchallenge,1
boshh,1
haneygarcia,1
dancemonkey,1
banter,1
gettingbetter,1
messingaround,1
englandboxing,1
competitive,1
yashanddylanboxing,1
oxfordstreet,1
girlsvsboys,1
sparring,1
boxer,1
niketown,1
comespendthedaywithme,1
notboxing,1
pisstake,1
practicemakesperfect,1
boxinggoals,1
devinhaney,1
fighting,1
watching,1
lolz,1
spectators,1
whyus,1
combatsports,1
crewlife✈,1
tvdirector,1
thisisantarctica,1
serene,1
antarctictok,1
britishantarcticsurvey,1
blessedbeauty,1
feedingtheflyingsquirrels,1
hesspunky,1
gulffishing,1
shearwatercharters,1
mylifeontiktok,1
rememberthis,1
beachart,1
bentsoncenter,1
oceanspringsharbor,1
fearoffrogs,1
birdbathplanter,1
lifeontiktok,1
damnkids,1
fishingfam,1
beachy,1
mydog,1
biloxibeach,1
fishingwidow,1
70s80sinbiloxi,1
yarddecor,1
badweather,1
oystershellproject,1
babybaylor,1
diamondart,1
ohhellno,1
gulfcoastliving,1
lablady,1
captainswife,1
pearlbracletstack,1
shearh20,1
overwhelmed,1
flyingsquirrels,1
singitman,1
coastalornaments,1
lablover,1
catchingbait,1
misshospitalitycharters,1
coastlife,1
chocolatelab,1
coastdecor,1
oysterdecor,1
handsomeboy,1
fishingfamily,1
olerowtees,1
sheisatitagain,1
feelingblessed,1
ochsnercancercenter,1
bigbird,1
southernmarshtee,1
sealifecoasters,1
gretavanfleet,1
mygrandson,1
quacktastic,1
myhusbandsobsession,1
medullarythyroidcancer,1
grandbaby,1
frogfear,1
thanksforthesupport,1
coastalart,1
gulfcoastlife,1
needsomehelp,1
redfish,1
ohboy,1
ahopping,1
projectfinished,1
lovingthislife,1
beachscene,1
nanasboy,1
thosewerethedays,1
cutestbaby,1
gulfcoastsunset,1
columbiafishingpants,1
goodoledays,1
oystershellplanter,1
thatonefamilymember,1
charterlife,1
highwinds,1
fairhope,1
jenrae,1
charterboatlife,1
sunsetsonthegulf,1
bbsboy,1
cancerupdate,1
mygrandbaby,1
gulfcoastweather,1
adorablekid,1
feelingthemusic,1
newfriend,1
modhair,1
shorty,1
gymgay,1
baddestofthemall,1
facecheck,1
verygender,1
beaniebabies,1
girlyboy,1
prettyboy,1
thriftedfit,1
lovemelikethat,1
vintedhaul,1
transmasc,1
gendertroubles,1
shortmasc,1
thriftstorefindsoftheday,1
osirisskateshoes,1
queerstyle,1
androgynousstyle,1
queermodel,1
indiefilmmaking,1
payitforwards,1
mentorship,1
