Hashtag,Frequency
savejuliana,2
checkology,1
newsgoggles,1
pinkslime,1
newsliteracy,1
thesift,1
celebrumors,1
acespace,1
wisconsinite,1
itmustbenice,1
peaceispossible,1
howtobehappy,1
dialoguenotargument,1
greenerylove,1
youarestrong,1
nonprofitimpact,1
griefsupport,1
globalunity,1
natureheals,1
searchforcommonground,1
inspiringvoices,1
peacetalks,1
meaningfulmoments,1
journeytopeace,1
sanfranciscoparks,1
dailyreflection,1
charityforchange,1
30daysofpeace,1
disasterrelief,1
areyouhappy,1
helpingkidsthrive,1
perspectivegains,1
favoritecolorgreen,1
hopeforpeace,1
joyinsimplicity,1
soulfuldonations,1
inspirationalstories,1
worldpeace,1
newbeginnings,1
happinessjourney,1
peacefulplaces,1
giveshoesgivehope,1
embracechange,1
personalstories,1
makemydegreefossilfree,1
reclaimearthday,1
greenactionwashu,1
washu,1
dontlookup,1
divestfromfossilfuels,1
drywall,1
popcornceiling,1
electrical,1
electriciansoftiktok,1
sparky,1
oregoncoast,1
rockawaybeach,1
oceanography,1
academicweapon,1
noaa,1
earthscience,1
oilspill,1
atomicbombs,1
gradtok,1
ucsb,1
enviornment,1
youthvgovva,1
americasclimatecase,1
climatesolution,1
julianavus,1
childrensrights,1
climaterally,1
virginiaclimateaction,1
climatscience,1
youthvgov,1
youthvgovhi,1
genesisvepa,1
climatetrial,1
artbuild,1
workinsocial,1
socialmediaweek,1
smw,1
adweek,1
schedulecontent,1
youtuberewind,1
worktravel,1
influencernarketing,1
imnotokay,1
tequiladaisy,1
solarpanel,1
igstoryideas,1
instagramgrowthtips,1
contentcreatorttips,1
adammosseri,1
instagramstrategytips,1
igupdates,1
videocontent,1
filmtools,1
rosco,1
nanlux,1
blazarlens,1
mikefaistjoshoconnor,1
zendayam,1
challengersc,1
challengersmoviez,1
vanlifedogs,1
sheexplores,1
vanlifedog,1
sheroams,1
socialmediatutorial,1
contentcreatortipsforbeginners,1
contentcreater,1
contenttools,1
contentbatching,1
lemon8us,1
turkishquandaledingle,1
getup,1
watermelonstream,1
ianhawkememe,1
kizzy,1
carnivalboys,1
sarahjoy,1
boiitsjustalkhahawl,1
bluetie,1
flightsmokebreakmeme,1
larva,1
regirock,1
oioioi,1
memeofthemonth,1
redlarva,1
amish,1
shrimpjesus,1
jinxzi,1
quandaledingle,1
meekmillgetupppp,1
sketchjinxzi,1
canonvsfanon,1
husbandjak,1
memesexplained,1
alkahal,1
internetnews,1
flightbreak,1
flightreacts,1
flightmeme,1
internetculture,1
cvntyregirockwithahandbag,1
lobotomy,1
pokemonmeme,1
quirkchungus,1
tiktoksounds,1
ianhawkememeexplained,1
wifejak,1
memesounds,1
candidgirl,1
nochickfilasauce,1
larvameme,1
tiktokcult,1
watermelonmeme,1
watermelonriver,1
thatoneguy,1
oioioibakugo,1
lobotomycore,1
whatsyournextbite,1
wojak,1
ianhawke,1
nextbite,1
tnleg,1
endgunviolencenow,1
marchforourlives,1
counselorsnotcops,1
endgunviolence,1
tn,1
letsjoinhands,1
educationforall,1
haveaniceday,1
3dprintedfuture,1
amc,1
mrbig,1
amctheaters,1
kermitandthecity,1
alist,1
amcalist,1
