Username,Hashtags
quickvidaddiction,[]
chaya.imara,[]
aniyahart8,[]
mermaidkaties,[]
misakoenvela,"['platoniclove', 'astrocartography', 'believeinyourdreams', 'beyourself', 'livingabroad', 'healingtiktok', 'startnow', 'selflove', 'thefouragreements', 'adviceforcreatives', 'creators', 'solotravel', 'believeinyourself', 'chooseyourself', 'femalefriendship', 'positiveselftalk', 'adultfriendships', 'hopecore', 'movingabroad', 'sobercurious', 'sobertok', 'damplifestyle', 'doitscared', 'sobrietyjourney', 'tipsforcreators', 'creatives', 'chooseyou', 'adviceforartists', 'countdowntotokyo', 'healingtok', 'rootingforyou', 'sobertips', 'artists', 'friendship', 'loveyourself']"
originalashawadada,"['trinidadandtobago', 'fyp', 'trinitiktok', 'wadadatwins']"
all_things_weddings,[]
effective.colors,"['yellow', 'peach', 'styleguide', 'blue', 'green', 'workwear', 'styletips', 'brown', 'springfashion', 'red', 'raspberry', 'howtowearcolor', 'effectivecolors', 'colorcombo']"
blacklatinhistory,"['hiddenhistory', 'peru', 'peruanos', 'blackhistory', 'cusco', 'tiktoktaughtme', 'perutravel', 'lima', 'blacklatinhistory', 'afroperuano', 'festejo']"
tiana.my,"['forvrmood', 'fentyskin', 'naturalhairstyles', 'naturalhairstyle', 'curlyhairstyles', 'naturalhairtiktok', 'goddessstrength', 'perfumetok', 'naturalhair', 'makeup', 'jackieaina', 'nails', 'makeuproutine', 'cecred', 'nudenails', 'headwrapstyle', 'fragrancetiktok', 'hairtok', 'hairandmakeup', 'fentybeauty', 'carolsdaughter', 'hairstyleideas']"
bilingueacademytt,"['speakspanish', 'reels', 'spanishvideos', 'spanish', 'learnonthego', 'latino', 'spain', 'fyp', 'españa', 'bilingueacademy', 'trending', 'iberoamerica', 'learnspanish', 'viral', 'tiktokvideos', 'reelsvideos', 'reelsinstagram', 'latinogang', 'trinidadandtobago', 'spanishcourses', 'original', 'latinamerica', 'profesora', 'spanishlessons', 'teacherthings', 'bilingue', 'spanishteacher', 'spanishlanguage']"
enjo.yment,"['baddies', 'tommielee', 'slim', 'shy', 'et', 'fyp', 'cutevoice', 'fluttershy', 'mariahlynn', 'rollie', 'tommie', 'cute', 'foryoupage', 'horse', 'irl', 'fy', 'billy', 'viral', 'ahnamac', 'fypシ', 'foryou', 'zeus', 'tesekhi', 'rolliepollie', 'scarface', 'relatable', 'baddieseast', 'rolliepolliesnackmealz', 'him', 'natalienunn', 'baddie', 'fypage', 'xyzbca', 'baddieswest', 'us', 'love', 'usa']"
theoceandude,[]
injrowetrust,"['music', 'real', 'drake', 'youfancyhuh', 'throwbacksongs', 'fypシ', 'foryou', 'MoodBoost', 'brysontiller', 'relatable', 'rnb', 'tryingsomethingnew', 'comfortzonebreaker', 'fyp', 'vibes']"
ikeslimster,"['stylesbyslimster', 'stitch', 'slimsterscomedy', 'stylesbylsimster', 'artbyslimster', 'earthquake', 'fyp']"
mavv2714,[]
aja__wilson,[]
haylzmark,[]
mybiztt,[]
giomar_mitchell,"['music', 'reggae', 'singing', 'cover', 'voiceeffects', 'jamaicatiktok', 'jamaica', 'fyp', 'dancehall']"
_kiboo.o,[]
lindsey.shawsters,"['fyp', 'plltc']"
klankejuffie,"['voorsetsels☺️', 'instagram', 'kidsoftiktok', 'afrikaanscomedy', 'teacher', 'gospel', 'go', 'houseoftiktok', 'kids', 'break', 'fy', 'teachersoftiktok', 'afrikaans', 'fypシ', 'gospelvideos', 'instagood', 'teacherlife', 'afrikaanstiktoks', 'cecewinans', 'kindvangod', 'transfer', 'god', 'SilenceTheAcne', 'fypシ゚viral', 'teachkids', 'sama28', '💆🏽\u200d♀️']"
carnivaltribe,[]
kkgmop,[]
biancagolden_,"['blackteachersontiktok', 'teachersoftiktok', 'vibecheck']"
swimwithana,[]
couture.to.the.max,"['harajuku', 'couture', 'kidsoftiktok', 'weddingfashion', 'kidstar', 'fashiondesignerlife', 'dressdesigner', 'fashionart', 'couturetothemax', 'sewingstudio', 'teammax', 'bossbabybrody', 'dresses', 'weddinggown', 'fabric', 'japanesefabric', 'fashionkids', 'fashionshow', 'cherryblossoms', 'sewing', 'tailor', 'fashionicon', 'dancewear', 'fashioninspiration', 'fashiontiktok', 'fashionstudio', 'sakura', 'runwayfashion', 'sustainablefashion', 'fabricshopping', 'fashiondesigner', 'brodytiktok', 'dressmaker', 'runwayshow', 'dreambig', 'kidscouture', 'maxalexander', 'dancecostume', 'kidsfashion', 'fabricstore', 'dressmaking', 'sewistsoftiktok', 'material', 'fashioninspo', 'sewingmachine', 'sewingtiktok', 'kidfashion', 'kidinfluencer']"
sha_daze,"['handmadeintrinidadandtobago', 'polymerclaycreations', 'polymerclayearrings']"
erimarzart,[]
climate.change.2023,[]
foodbyremi,"['jollof', 'easychocolatechipcookie', 'easycookierecipe', 'thebestchocolatechipcookie', 'beef', 'rice', 'chocolatechipcookie', 'howtomakecookies', 'greggs', 'cookierecipe', 'steakandcheese', 'pastry', 'bakerycookies', 'pasty', 'nigerianrecipe', 'cookie101', 'africanfood', 'ricedishes', 'jollofrice', 'ghanarecipe', 'chocolate', 'steakbake']"
harmonyeco,[]
disneychnneltiktoks,"['mattprokop', 'highschoolmusical', 'alexrusso', 'rileymatthews', 'austinandally', 'thejonasbrothers', 'dezaustinandally', 'goodluckcharlie', 'fyp', 'disney', 'capcut', 'ashleytisdale', 'lemonademouth', 'bradleystevenperry', 'hsm', 'foryoupage', 'vanessahudgens', 'chinaannemcclain', 'selenagomez', 'mayahart', 'wizardsofwaverlyplace', 'geekcharming', 'antfarm', 'foryou', 'disneychannel', 'mileycyrus', 'corbinbleu', 'jessie', 'nickjonas', 'starstruck', 'arianagreenblatt', 'shakeitup', 'camprock', 'sarahhyland', 'sabrinacarpenter', 'demilovato', 'girlmeetsworld']"
the_odditty,"['friends', 'blackvlogger', 'coachellatems', 'revolvefestival', 'justinbieber', 'fyp', 'newfriends', 'travelwithme', 'sephorasale', 'fourmonthsdeep', 'eidmubarak', 'girls', 'jetblue', 'tpainrevolvefest', 'bars', 'jokes', 'ootd', 'eidlook', 'havapoosoftiktok', 'girlhood', 'eidoutfit', 'dogmomstruggles', 'glambot', 'butterflyabaya', 'theoddity', 'georgemichael', 'temsbaby', 'blackyoutubers', 'politesocietyfoundation', 'gymday', 'performance', 'youtubevlogger', 'coachellaonyoutube', 'earthquake', '2024recap', 'serenawilliamswyn', 'hifriends', 'fragrances', 'dogmomlife', 'coachellaoutfit', 'njearthquake', 'theodditysofi', 'firstclassflight', 'wynbeauty', 'momsoftiktok', 'abayafashion', 'fitcheck', 'iykyk', 'tems', 'coachelladay3', 'coachella2022', 'meshkidress', 'storytime', 'psmorethanaprettyface', 'clearingmydrafts', 'girlsgirl', 'furbaby', 'girlfriend', 'theodditty', 'personaltrainer', 'june25', 'itsjustapril', 'abaya', 'coachella', 'serenawilliams', 'seanpaul', 'gymwithme', 'blackyoutubevloggers', 'firstclass', 'wyn', 'vlog', 'saintlevantcoachella', 'eastcoast', 'glamchella', 'eggfoundation', 'eid', 'dogmom', 'saintlevant', 'gettoknowme', 'daytwo', 'forvrmood', 'blackyoutuber', 'ad', 'hair', 'newjerseyearthquake', 'outfitcheck', 'vlogger', 'eastcoastearthquake', 'jackieaina', 'adultfriendships', 'domesticflights', 'freepalestine🇵🇸❤️', 'cometothegymwithme', 'relatable', 'jetbluemint', 'earthquakeinnj', 'coachella2024', 'havapoo', 'youtube', 'coachellavlog', 'tpain', 'henna', 'mikeyangelo']"
disneychannel,"['be100', 'nationalsiblingsday', 'ddadisney', 'earthday']"
florkubana,"['pnp', 'womentiktok', 'donlees', 'taxi', 'postpartum', 'portlandjamaica', 'starbucks', 'offgrid', 'ootd', 'robots', 'familyofnomads', 'notagirlsgirl', 'traveltiktok', 'lol', 'cassava', 'airbnbfinds', 'caribbeantiktok', 'jamaicans', 'mavado', 'vybzkartel', 'panamafood', 'gluelesswig', 'montegobay', 'babyraindeernetflix', 'plasticsugery', 'kingstonjamaica', 'jamaica', 'dayinmylife', 'newrestaurant', 'jamaicangovernment', 'travelvlog', 'onthisday', 'seafood', 'derrickmorgan', 'coffee', 'discovery', 'doctorscavebeach', 'solarenergy', 'jlp', 'girlsgirl', 'jamaicancomedy', 'puntachame', 'ecotourism', 'bestbeaches', 'oyster', 'poliqueto', 'panamaniancoffee', 'photo', 'jamaicanfood', 'jamaicantiktok', 'pacificoysters', 'pacificocean', 'nomadlifestyle', 'jamaicatiktok', 'vlog', 'jamaicantiktok🇯🇲viral', 'airbnbtour', 'sorealnuhbloodclatt', 'bizarre', 'solarpower', 'panamatravelideas', 'beachtok', 'stitch', 'chinesefood', 'coronadobeach', 'shopping', 'outfitcheck', 'triptopanama', 'labendicion', 'panama', 'panama🇵🇦', 'ecocabin', 'jps', 'travel', 'panamacity', 'albrookmall', 'laslajaspanama', 'jamaicanmusic']"
thejewskimo,[]
kellyrowland,[]
ticolingo,[]
javsdiaz,[]
thewomensdietitian,"['dietitianhumor', 'buffalochickendip', 'weightlossfood', 'pcosmeals', 'pcoscommunity', 'quickmeals', 'polycysticovarysyndrome', 'chickenrecipes', 'pcosrecipes', 'funnymemes', 'pcosproblems', 'pcosfighter', 'pcossymptoms', 'sharktank', 'pcosstrong', 'pcoslifestyle', 'pcoscysters', 'pcos', 'bananabread', 'pcosdiet', 'insulinresistance', 'pcosawareness', 'easymeals', 'pcoswarrior', 'pcossupport', 'pcosdietitian', 'guthealth', 'pcosweightloss', 'chickentenders', 'pcosjourney', 'memestagram', 'dietitiantips', 'pcossucks', 'easybreakfast', 'pcosgirl', 'dietitiansofig', 'bakingvideo']"
veekativhu,"['speech', 'everythingwillbejustfine', 'mom', 'nevergiveup', 'empowerment', 'veekativhu', 'oxford', 'phd', 'zimbabwe', 'harvard', 'unitednations', 'trusttheprocess', 'honorarydoctorate', 'zimbabweantiktok']"
kinapparel_,"['buckethat', 'satinbuckethats', 'athleticwear', 'airportoutfits', 'hathair', 'satinlinedhats', 'satinlinedhood', 'waterproofhats', 'airportfit', 'mortalkombat', 'curvyworkoutsets', 'sharktank', 'buckethats', 'satinlinedbuckethat', 'goodmorningamerica', 'airportset', 'waterproofhat', 'satinlinedbuckethats', 'windbreaker', 'satinlinedsets', 'travelset', 'waterproofbuckethat', 'womensathleticwear', 'satinlinedpuffbeanie', 'hoodie', 'satinlinedbeanies', 'springfashion', 'satinlined', 'hatsforcurlyhair', 'kinflex', 'smallbusinesstiktok', 'workoutsforwomen', 'satinlinedhoodies', 'airportoutfitinspo', 'satinlinedhodie', 'satinlineshoodie', 'kinapparel', 'airportfits', 'joggerset', 'satinlineshat', 'airportoutfitideas', 'satinlinedonesie', 'chaseforbusiness', 'mensathleisurewear']"
belledistinguee,[]
rmmoses01,[]
mistervybes,"['aerobics', 'cardiofitness', 'springintosoca', 'fypシ', 'viraltiktok', 'danceworkout', 'cardioworkout', 'cardiodance', 'atlevents', 'dancefitness', 'zumba', 'mrvybes', 'atlanta', 'fyp', 'dance']"
kirsssssss_,[]
ryan.k.hong,"['livingindc', 'grwm', 'scooters', 'diml', 'dchumor', 'd1', 'chatlatte', 'dayinmylife', 'eclipse', 'fyp', 'tazopartner', 'harvardmensvolleyball', 'wii', 'volleyball', 'senators', 'retired', 'recap', 'solareclipse', 'f1dc', 'hongsvlogs', 'joke', 'mensvolleyball', 'dc', 'dirtychai', 'tea', 'chailatte', 'washingtondc', 'funny', 'chai', 'weekend', 'workoutdrinks', 'mocktail']"
everydaycocktail,"['jalapeno', 'malibusunset', 'cranberry', 'cocktailbar', 'pineapple', 'partnerwithkollea', 'auvodka', 'cocktailart', 'watermelonmargarita', 'blueberries', 'aucocktails', 'coronacolada', 'chucklerum', 'junglejuice', 'summercocktails', 'tropicalcocktail', 'kolleawhiskeydecanter', 'limejuice', 'summerdrink', 'peachcocktails', 'coconut', 'tequilasunrise', 'watermelon', 'pineapplejuice', 'fresh', 'cocktailrecipe', 'cheers', 'creamofcoconut', 'tropical', 'tropicaldrinks', 'cocktailsrecipe', 'orange', 'greenscrewdriver', 'rum', 'dragonfruitmartini', 'fruitrum', 'classiccocktails', 'bluecuracao', 'darkrum', 'basil', 'bartenderlife', 'cocktail', 'jamicanrum', 'lemon', 'bar', 'exoticcocktails', 'dragonfruit', 'cockstailrecipe', 'coronabeer', 'tequila', 'bourbonsmash', 'malibu', 'corona', 'margarita', 'freshdrink', 'bluecocktail', 'tropicaldrink', 'lime', 'orangejuice', 'malibubaybreeze', 'spicy', 'alcohol', 'kollea', 'beer', 'coronasunrise', 'pinacolada', 'watermelonrecipe', 'grenadine', 'coconutmilk', 'bluehawaii', 'lemons', 'bourboncocktail', 'blue', 'vodka', 'pineappledrink', 'limes', 'raspberries', 'lemonlime', 'bartender', 'beach', 'martini', 'mule', 'beercocktaul', 'everydaycocktail_', 'maitai', 'mosowmule', 'maplesyrup']"
ajplus,"['torture', 'militaryspending', 'smithcollege', 'floodsinkenya', 'diesel', 'solidarity', 'cornelwest', 'sudan', 'gazamassgraves', 'espana', 'rafahunderattack', 'gazasolidarityencampment', 'tomhurndall', 'nicaragua', 'aaronbushnell', 'photojournalist', 'journalism', 'khanyounis', 'palestinian', 'ucberkeley', 'photography', 'israel', 'palestinians', 'kenya', 'freedomflotilla', 'costarica', 'eidmubarak', 'georgia', 'protest', 'warcrime', 'food', 'freedomflotillacoalition', 'tweetyourthobe', 'hamas', 'columbia', 'palestinianchildrensday', 'berlin', 'israelisettlers', 'divestment', 'naelbarghouti', 'stateofpalestine', 'taxday', 'flotilla', 'massgrave', 'apartheid', 'gazasiblings', 'divest', 'firstamendment', 'camp', 'nuseiratcamp', 'nurshams', 'passover', 'newyork', 'campus', 'spelmancollege', 'police', 'lebanon', 'ilhanomar', 'bds', 'ivyleague', 'nuseiratrefugeecamp', 'jewish', 'michigan', 'oklahoma', 'israeliraids', 'booktok', 'israeliforces', 'survivor', 'reading', 'studentmovement', 'thobe', 'fbi', 'rafah', 'jerusalem', 'humanrights', 'education', 'palestinianfood', 'poetry', 'nyu', 'poet', 'palestinianprisonerday', 'columbiauniversity', 'sustainability', 'crisis', 'ism', 'worldcentralkitchen', 'genocide', 'cloud', 'starvation', 'earthday', 'greece', 'shireenabuakleh', 'palestinianhistory', 'centralgaza', 'hungerstrike', 'palestinianprisoners', 'studentprotests', 'crimesagainsthumanity', 'gazaunderattack', 'haiti', 'nypd', 'unc', 'gsu', 'atlanta', 'studentsforpalestine', 'nasserhospital', 'activist', 'palestinesolidarity', 'barnard', 'france', 'nairobi', 'kenyafloods', 'washingtondc', 'google', 'ai', 'ceasefirenow', 'guyana', 'rwandangenocide', 'news', 'peabodyawards', 'occupiedwestbank', 'worldcourt', 'westbank', 'usa', 'biden', 'icj', 'attackongaza', 'artificialintelligence', 'projectnimbus', 'emoryuniversity', 'famine', 'nakba', 'aljazeera', 'eu', 'alaqsamosque', 'justice', 'israelprisons', 'settlers', 'antiwar', 'animation', 'harvard', 'surveilance', 'gazababies', 'caribbean', 'freepalestine', 'congo', 'iftar', 'rwanda', 'southafrica', 'protesters', 'emerson', 'gazaorphans', 'occupation', 'coachella', 'seder', 'vanderbilt', 'alaqsa', 'gazamothers', 'weapons', 'viral', 'upenn', 'activism', 'macron', 'sakaja', 'hurndall', 'blinken', 'caricom', 'israelioccupation', 'princeton', 'freespeech', 'tech', 'palestinianresistance', 'mizrahi', 'dc', 'lockheedmartin', 'columbiaprotest', 'hornofafrica', 'encampment', 'war', 'childhood', 'eid', 'judaism', 'vietnamwar', 'muslims', 'warcrimes', 'drc', 'occupy', 'thenewschool', 'internationalsolidaritymovement', 'germany', 'worldpressphoto', 'alshifahospital', 'armstrafficking', 'saintlevant', 'embroidery', 'stopcopcity', 'israeliattacks', 'sudancrisis', 'gaza', 'settlements', 'nelsonmandela', 'tulkarm', 'airquality', 'spain', 'ramadan', 'eidalfitr2024', 'netanyahu', 'gazasurvivor', 'uofm', 'copcity', 'whitehouse', 'conflict', 'university', 'mit', 'mosque', 'tufts', 'deforestation', 'military', 'pollution', 'yale', 'iraqwar', 'arab', 'gazachildren', 'palestinecongress', 'sudanwar', 'jew', 'gazanewborn', 'protests', 'book', 'eidulfitr', 'tatreez', 'ceasefire', 'healthcare', 'palestine', 'aid', 'umich', 'eastafrica', 'refugee', 'prison']"
milesmusickid,"['makingmusic', 'drake', 'musicproducertiktok', '10000hours', 'musica', 'migos', 'talented', 'trapmusic', 'kidzbop', 'charlieputh', 'trapbeats', 'gunna', 'flstudio', 'jcole', 'dj', 'beatmaker', 'homestudio', 'musiciansoftiktok', 'kendricklamar', 'milesmusickid', 'musicianlife', '21savage', 'audioengineer', 'jackharlow', 'dilla', 'eeyayyahh', 'trap', 'ableton', 'studioflow', 'music', 'logicpro', 'protools', 'producerlife', 'talent', 'rap', 'musictok', 'producergrind', 'musicproducer', 'hiphop']"
kristline__,"['massage', 'relaxtime']"
thepcosmentor,"['pcosdiet', 'pcosjourney', 'insulinresistance', 'pcosawareness', 'pcosfacialhair', 'hirsutism', 'pcossupport', 'pcostips', 'pcosfatigue', 'seborrheicdermatitis', 'inositolsupplement', 'pcos', 'pcosweightloss']"
twinsick,"['amiwrong', 'stolendance', 'madisonbeer', 'electronicmusic', 'indie', 'avicii', 'edm', 'austin', 'remix', 'dasha', 'dancemusic', 'hozier', 'housemusic', 'lasvegas', 'littletalks', 'hideaway']"
eolianpanama,[]
jondretto,"['music', 'musician', 'johnvarvatosxxintense', 'khalid', 'guitar', 'guitarcover', 'sponsored', 'guitarplayer']"
sieltt,[]
shadenaturals,"['hairstyletutorial', 'naturaloils', 'allhairtypes', 'healthyhair', 'shampooconditioner', 'realmeซูมให้ได้ซีน', 'hairstyleinspo', 'washday', 'hairgrowthtips', 'haircare', 'washdayroutine', 'trinidadbusiness', 'edgestutorial', 'haircareproducts', 'naturalhair', 'hairoil', 'haircareroutine', 'hairstyles', 'washhairday', 'naturalingredients', 'trinidadandtobago', 'dryhairtips', 'haircommunity', 'hairgrowthjourney', 'hairstylegoals', 'peppermint', 'supportsmallbusinesses', 'trini_tiktoks', 'edgecontrol', 'hairgrowth', 'rosemaryoil', 'hairstyleproducts', 'hairstyleideas']"
djhoneycolada,[]
investearnsave.ig,[]
soscarbon,"['seaweed', 'viralvideo', 'authenticcaribbeanvibes', 'oceans', 'fyp', 'dominicana', 'dominican', 'foryoupage', 'lcmsystem', 'soscarbon', 'sargassum', 'bioeconomiacircular?', 'vibes', 'viral', 'climateaction', 'fypシ', 'foryou', 'saveourseas', 'caribbeantiktok', 'good', 'fypシ゚viral', 'plansos']"
wilsonandtania,"['grwm', 'dossierperfumes', 'dossier', 'fypage', 'fyp']"
fit_bless,[]
rmvisualstt,[]
ribena_marina,[]
wingmanelite,[]
yospanishofficial,"['speakspanish', 'yospanish', 'learnspanish']"
theuprootproject,"['environment', 'climate', 'journalism']"
yelenacharles,[]
raquelmartinphd,"['mentalhealth', 'positivity', 'phd', 'smile', 'university', 'stitch', 'parenting', 'memphis', 'affirmations', 'confidence', 'academia', 'angelreese', 'sports', 'tipsandtricks', 'safetyisserious', 'wellness', 'respect', 'college', 'icecream', 'learnontiktok', 'church']"
eddieabbew,"['duet', 'cooking', 'chestday', 'bodybuilding', 'happyeaster', 'bodybuilder', 'eateggs', 'abbewcrew', 'eatrealfood', 'healthfood', 'eddiabbew', 'learntocook', 'barbie', 'workout', 'proprepmeals', 'wtfu', 'wftu', 'muscle', 'restdays', 'AbNoCompromise', 'lunchbox', 'icedcoffee', 'sosweet', 'eddieabbew', 'chestworkout', 'eatmeat']"
spencerclaeys,"['pressurewashing', 'guttercleaning', 'exteriorcleaning', 'softwashing', 'gutterguards', 'beforeandafter', 'roofcleaning']"
janinarossiter,[]
ladyv.92,[]
beatsbykourtni,"['viral', 'makeuplovers', 'makeupguide', 'atlmua', 'atlmakeupartist', 'atlantamakeupartist', 'celebritymakeupartist', 'howtodomakeup', 'browtutorial', 'foryou', 'muaatl', 'explore', 'softglammakeuplook', 'consistency', 'celebritymua', 'fyp', 'chicagomua', 'atlantamua']"
kellyclarkson,[]
nicolinanunes,"['easyrecipe', 'healthy', 'food', 'healthyfood', 'recipe', 'lunch']"
sorvetett,"['sorvetett', 'diml', 'frenchtoasticecream', 'contentcreariontips', 'lavenderhazetaylorswift', 'sorvete', 'honeycombrecipe', 'mangosorbet', 'uniqueicecream', 'westindian', 'honeycombintrinidad', 'trinidad', 'maracuja', 'juliemango', 'icecreamcake', 'icecreamcakes', 'mangoseasonintrinidad', 'cerealicecreamsandwich', 'passionfruitpopsicles', 'howtopickfruit', 'topicecreamintrinidad', 'honeycombasmr', 'cocoapebbles', 'cereal', 'cerealicecream', 'icecreamcakesintrinidad', 'smallbusinesstips_', 'westindiantiktok', 'pancakeicecream', 'besticecreamintrinidad', 'passionfruitsorbet', 'howtopickpassionfruit', 'honeycomb', 'mangoseason', 'starchmango', 'asmr', 'fruitypebbles', 'dil', 'lavendericecream', 'honeycombchallenge', 'icecreamcakeintrinidad', 'honey', 'trinidadandtobago', 'spendadaywithme', 'smallbusinesstiktok', 'sorveteartisanfrozendesserts', 'icecreamintrinidad', 'trinidadicecream', 'honeycombcandy', 'passionfruit', 'dayinthelife', 'passionfruitjuice', 'mango', 'icecreamcakemelted', 'lavenderhaze', 'contentcreator', 'passionfruits', 'sorbet', 'icecream', 'taylorswift']"
leebeebuzzin,[]
nothingsrs,"['healedfinelinetattoos', 'meetingfamouspeople', 'daintytattoos', 'sexeducationnetflix', 'finelinetattooartist', 'daintytattoo', 'tinytattoo', 'tattooartist', 'tattooinspo', 'shouldertattoo', 'aimelowood', 'healedfineline', 'ornamentaltattoo', 'healedfinelinetattoo', 'delicatetattoo', 'cutetattoo', 'flowertattoo', 'tattooideas', 'viralpt2', 'viraltattoo', 'helaedtattoos', 'childhoodteddybear', 'tattooing', 'minimaltattoo', 'johccrea', 'tat', 'meetingcelebrities', 'tattoo', 'smalltattooideas', 'memorialtattoo', 'floraltattoo', 'finelinetattoo', 'femaletattooartist', 'flowertattooideas', 'meme', 'tattooidea', 'smalltattoo', 'sentimentaltattoo', 'minimaltattoos', 'tattoofail', 'childhoodteddytattoo', 'connorswindells', 'tattootime', 'minitattoo', 'healedtattoo']"
harrypotter,"['greathall', 'hermionegranger', 'nevillelongbottom', 'gryffindor', 'harrypotter', 'movierecommendations', 'ronweasley', 'webbys', 'behindthescenes', 'spring', 'earthday', 'quiz']"
skcharles1,[]
madsteria,[]
marinegyal.gy,"['turtleseasing', 'guyana', 'frypgシ', 'marinelife', 'guyana🇬🇾']"
mattieb28,"['banana', 'hairroutine', 'sister', 'eggs', 'toothpaste', 'africantiktok', 'africanmom', 'raccoon', 'mymomisblack', 'norbit', 'rockpaperscissorschallenge', 'ghanaian', 'momanddaughterduo', 'sponges', 'choir', 'twi', 'seat', 'bigbacks', 'grades', 'rockpaperscissorchallenge', 'beach', 'sponge', '늙음필터', 'foryoupagе', 'momsoftiktok', 'braids', 'momanddaughter', 'ghanatiktok', 'maimi', 'foryou', 'bigbackactivities', 'badwords', 'behindthescenes', 'waistbeads', 'gari', 'trouble', 'momdaughter', 'apologize', 'spongebob', 'fypage']"
ecowashtt,[]
thenickienicole,"['officeoutfitideas', 'joggerpants', 'allblackoutfit', 'businesscasualoutfit', 'smartcasualoutfit', 'workwearstyle', 'officeoutfit', 'officeoutfitinspo', 'sweaterdressesandboots', 'sneakersoutfit']"
shirellecharles,[]
ecoxiomy,[]
rosneebhattarai,[]
drkellylupo,"['1yearanniversary', 'histamine', 'abortionban', 'unboxing', 'wellnesstips', 'pcosproblems', 'infertilityjourney', 'endometriosis', 'cortisol', 'medicine', 'malefactorinfertility', 'businessowner', 'privatepractice', 'birthcontrol', 'ovulation', 'fertility', 'stressrelief', 'wellnessgoals', 'healthandwellnessjourney', 'toddlermom', 'ttccommunity', 'hormonebalance', 'periodproblems', 'reproductivefreedom', 'pmsproblems', 'pms', 'stepdadgoals', 'menstrualcycle', 'relationshipgoals', 'holistichealing', 'traumahealing', 'millennialfashion', 'reproductiverights', 'chronicstress', 'throwbacks', 'miscarriage', 'pcosdiet', 'momsoftiktok', 'bonusdad', 'arizona', 'pcostreatment', 'hormonesupplements', 'medical', 'periodhealth', 'menstruation', 'obgyn', 'traumatok', 'pregancy', 'couplestiktok', 'doctor', 'cortisollevels', 'boyfriendcheck', 'hormonereplacement', 'highschool', 'progesterone', 'graduation', 'pregnanttiktok', 'healthandwellness', 'holistichealth', 'austin', 'healthcareworker', 'pcosnaturaltreatment', 'motherhood', 'unboxingvideo', 'unexplainedinfertility', 'infertility', 'fertilityjourney', 'histamineintolerance', 'naturalmedicine', 'hormones', 'senioryear', 'hormonedoctor', 'eveningwalk', 'weightloss', 'estrogen', 'pregnancytrauma', 'hormonehealth', 'hormonesupport', 'socialmediaisfake', 'periodtracking', 'boyfriend', 'nationalinfertilityawarenessweek', 'stitch', 'pregnant', 'pcos', 'abortion', 'millennialsoftiktok', 'pcosawareness', 'estrogendominance', 'ttcjourney', 'doctorreacts', 'pcossupport', 'familygoals', 'fatshaming', 'pcosweightloss', 'cortisolimbalance', 'pregnancy', 'moodchanges', 'childhooddream', 'healthcare', 'bestfriend', 'seggseducation', 'ovulationtracking']"
pcos.weight.loss,"['pcosdiet', 'pcosawareness', 'pcosfighter', 'pcosfacialhair', 'pcossupplements', 'pcossymptoms', 'pcoshirsutism', 'pcos', 'pcosweightloss', 'pcoslife', 'pcosbelly', 'pcosproblems', 'greenscreen']"
souhailatalebhealth,"['health', 'pcosawareness', 'coaching', 'healthy', 'gym', 'workout', 'healthcoach', 'coach', 'consistency', 'pcoswarrior', 'holistichealth', 'wealth', 'pcos', 'challange', 'pcosweightloss', 'pcoscoach', 'pcosproblems']"
adrianxortiz,[]
danielcaceresbartra,"['naturaleza', 'peru', 'volantin', 'gimnasia', 'ourocean', 'dina', 'fun', 'lima', 'grecia', 'marperuano', 'jovenes', 'reto', 'descanso', 'trafico', 'juego', 'amigos']"
trev_490,[]
gillian_044,"['travel', 'traveltiktok', 'mtwhitney', 'deathvalleynationpark', 'lonepine', 'sunrise', 'deathvalley', 'timelaps']"
jasper.the.doll,"['hundryritenow', 'foodismytruelove', 'food']"
nsrn.j,[]
sashaandnate,"['besties', 'hotmessespress', 'disney', 'paigebueckers', 'duet', 'science', 'amauryguichon', 'sashaandnate', 'fyp']"
iamshervz,[]
thertpod,[]
station19abc,['station19']
withkristynsmit,"['mentalhealthmatters', 'howtomakedecisions', 'vulnerablepost', 'depressionanxiety', 'careertransition', 'decisions', 'personaldevelopment', 'ttcafterloss', 'infertilityjourney', 'businessowner', 'overthinkingeverything', 'quittingcorporate', 'liveyourdreams', 'thebigleap', 'overwhelm', 'overcomingdepression', 'fertilityawareness', 'overcomelimitingbeliefs', 'depression', 'fulfillment', 'anxiousthoughts', 'lifecoach', 'quittingmyjob', 'infertility', 'recoveringpeoplepleaser', 'lifestrategist', 'realtalk', 'griefjourney', 'confessionsession', 'workforyourself', 'careerdesign', 'overthinker', 'depressionawareness']"
official.milkmochabear,"['bears', 'milkmocha', 'milkandmocha', 'milkmochabear', 'fypシ', 'fypage', 'mochaandmilkbears', 'animation', 'fyp', 'cuteanimation']"
emilywills1,"['viral', 'eidmubarak', 'islam', 'family', 'fyp', 'muslim']"
cocojones,"['linkinbio', 'soldejaneiropartner', 'grwm', 'newmusic']"
