Username,Hashtags
philtorresnature,[]
reallifeloretiktok,"['egypt', 'roadblock', 'omanrise', 'adventureseries', 'modernmirage', 'continental', 'unchartedroutes', 'yemencrisis', 'mapmagic', 'irishhistory', 'history', 'bankrupt', 'middleclasseconomics', 'historymeetsfuture', 'connection', 'newcapitalegypt', 'unsolvedmysteries', 'famine', 'economic', 'geopolitics', 'alaska', 'roaduntraveled', 'edutok', 'portugalplans', 'panamericanhighway', 'stayinformed', 'ireland', 'argentina', 'growthspurt', 'population', 'britishhistory', 'dariengapmystery', 'newcapital', 'irelandtiktok', 'historyunveiled', 'mirage', 'globalawareness', 'adventureawaits', 'neverforget', 'potatopower', 'northernterritory']"
braincraft,"['stem', 'bedtimeprocrastination', 'tired', 'taichi', 'rest', 'fyp', 'sleep', 'research', 'takeabreak']"
unpuntocircular,[]
annarothschild,[]
vsaucetwo,[]
tierzoo,[]
smartereveryday_real,[]
thesimplenvironmentalist,[]
ejalliance,[]
caracellestewest,[]
commons.earth,"['america', 'climatedoomism', 'climateandgender', 'housing', 'plantbased', 'costofliving', 'groceries', 'chevron', 'radicaljoy', 'slowfashion', 'ravefashion', 'treequity', 'doomism', 'secondnatureearth', 'ecoanxiety', 'brandyhellville', 'individualaction', 'secondnature', 'shell', 'recycle', 'reuse', 'vegan', 'vox', 'upcycle', 'sustainablefuture', 'microtrends', 'costofgrocieries', 'fossilfuels', 'climateoptimism', 'vegetarian', 'intersectionalenvironmentalist', 'intersectionality', 'fastfashion', 'earthmonth', 'corporategreed', 'erastour', 'highspeedrail', 'renaissancetour', 'secondnaturepodcast', 'bp', 'climateanxiety', 'ecomemes', 'ultrafastfashion', 'festivalfashion', 'climatecrisis', 'walkablecities', 'greenwashing', 'climatesolutions', 'sustainablefashion', 'foodwaste', 'sustainablelifestyle', 'makepolluterspay', 'consumerism', 'corporateaccountability', 'shopsecondhand', 'accountability', 'antigolf', 'collectiveaction', 'reduce', 'overconsumption', 'commons', 'environmentalist', 'exxonmobil', 'buynothing', 'shein', 'nature', 'garmentworkers', 'hottake', 'fossilfuel', 'feminism', 'bigcorporations', 'composting', 'brandymelville', 'gardening', 'climateactivism', 'techemissions', 'comic', 'climateaction', 'ethicallabor', 'refill', 'sustainable', 'brandymelvilledocumentary', 'climatechange', 'publictransit', 'newpodcast', 'repair', 'compost', 'stanleycups', 'renewableenergy', 'ecomeme', 'coachella', 'secondhand', 'walkability', 'bigoil', 'gendergap', 'commonsearth', 'sustainabilitypodcast', 'trendcycle', 'intersectionalfeminism', 'reducefoodwaste', 'mend', 'sustainableliving', 'carbonfootprint', 'data', 'climatepractice', 'ecofriendly', 'planetoverprofit', 'ai', 'meatsubstitutes', 'climatecommunity', 'chasebank', 'peopleoverprofit', 'cardepedency', 'waste', 'cardependency', 'foodwastepreventionweek', 'datacenters', 'hbo', 'sustainability']"
asiamnaturally,['earthday']
heatmapnews,[]
theblakepickens,"['nativeamerican', 'chiefs', 'comedy', 'writersoftiktok', 'indigenous', 'spiritrangers', 'jokes', 'education', 'writer', 'rugrats', 'writing', 'comedian', 'fyp', 'nfl', 'teacher', 'indigenoustiktok', 'nativetiktok']"
vickyyelenaa,"['ad', 'theorganicskinco', 'calendulacleansingoil', 'glassskin', 'affordableskincare', 'iunikcleansingoil', 'iunikskincare', 'iunik', 'beginnerskincare']"
babobotanicals,[]
andrewlicout,"['ad', 'pumaeasyrider']"
sajaadmusicc,"['inspo', 'studio', 'fypp', 'fyppppppppppppppppppppppp', 'themanifestway', 'upcomjngartist', 'dreamer', 'for', 'club', 'quoteoftheday', 'minimart', 'trendingsong', 'fypシ', 'morningmotivation', 'self', 'foryou', 'hype', 'goodmorning', 'pov', 'la', 'bigstunts', 'future', 'relatable', 'viral', 'turnt', 'lryics', 'upcomingartists', 'dream', 'fanbase', 'morningroutine', 'bars', 'undergroundmusic', 'rap', 'discovery', 'upcomingartist', 'upcomingrapper', 'rooftop', 'nocap', 'xybca', 'bts', 'unreleased', 'mynameis', 'money', 'songs', 'acapella', 'supporters', 'mindsetshift', 'artist', 'undergroundartist', 'car', 'wokeupsexy', 'newmusic', 'music', 'landscape', 'whatsnext', 'lyrics', 'snippet', 'fypシ゚viral', 'motivation', 'meaning', 'carmusic', 'community', 'challenge', 'transition', 'manifest', 'fyp', 'losangeles', 'freestyle', 'reminder', 'thought', 'day1', 'painmusic', 'sajaad', 'hunxho']"
davinbrunson,[]
yourgirlgrae,[]
getvocal,[]
katcoiro,"['lightscameraplastic', 'thespiderwickchronicles']"
romanlolo,[]
_fionaisbell_,[]
sierraclubofficial,"['treehugger', 'protectourlandscapes']"
southbeachgirlswim,[]
onebladeshave,"['shaving', 'singlebladerazor', 'capcut', 'safetyrazor', 'shavingtips', 'womensrazor', '1bladerazor', 'luxurylifestyle', 'oneblade']"
ym6ar,"['fypツ', 'youneedthis', 'symphony', 'christiansoftiktok', 'hope', 'fypシ', 'trendingnow', 'hopecore', 'babyblue', 'jobs', 'bibleverse', 'christianitytiktok', 'work', 'career', 'christiantok', 'fyp', 'faith', 'jesus', 'trending', 'christiantiktok']"
chaoticforager,"['drinkingvinegar', 'foragingtiktok', 'onthisday', 'linderafarms', 'knotweed', 'foragedrecipes', 'invasiveforaging', 'foraging', 'shenandoahcola', 'mushroomauntie']"
anthonygvmble,[]
alirosevan,"['emailmarketing', 'yotpo', 'smsmarketing', 'dairyfreesnacks', 'smallbusiness', 'chicago', 'marketing', 'doms', 'ecommerce', 'yotpopartner', 'foxtrotmarket', 'glutenfreesnacks']"
dr.megan.wilkerson,"['phd', 'diving', 'pressroom', 'trendingsong', 'bugtok', 'savannah', 'inspirational', 'tour', 'firstaid', 'burns', 'dc', 'careeradvice', 'protien', 'smallbusiness', 'bestdayever', 'savealife', 'franzia', 'entomology', 'cport', 'heartattack', 'art', 'explore', 'fvsu', 'whitehousetour', 'anatomy', 'roaches', 'proverbs', 'blackgirl', 'fypage', 'xyzabc', 'naturalhair', 'pennstate', 'advice', '912', 'mermaid', 'mexico', 'drbugbae', 'president', 'famu', 'storytime', 'bugs', 'blackwomenphds', 'jobtips', 'whitehouse', 'jobtok', 'college', 'fyp', 'action', 'vision', 'blackgirlmagic', 'blackhair', 'satin', 'comedy', 'fyppppppppppppppppppppppp', 'scientist', 'protiensnack', 'gradschool', 'phdlife', 'nationalgalleryofart', 'foryou', 'business', 'blackgirltiktok', 'freestudyguides', 'solareclipse', 'pitchcompetition', 'hairtips', 'natural', 'greedy', 'brownskingirl', 'greenscreenvideo', 'hbculife', 'women', 'entomologist', 'funding', 'pitch', 'trendingsound', 'study', 'hauntedtiktok', 'collegetok', 'givingup', 'shipwreck', 'owner', 'jobhunting', 'traveltiktok', 'momsoftiktok', 'emergency', 'fypシ', 'diver', 'eeob', 'anatomyandphysiology', 'hbcu', 'onthego', 'viral', 'scubatiktok', 'scubadiving', 'blackdiver', 'blackscubadivers', 'dadsoftiktok', 'stroke', 'studyguides', 'twenties', 'free', 'motivation', 'stem', 'scuba', 'healthy', 'abcxyz', 'trailmix', 'greenscreen', 'trending', 'degree', 'grants', 'rollerset']"
jamylecannon,['onthisday']
theveganpigeon,[]
findcosmicbliss,[]
kimtot88,[]
kahlilgreene,"['freepalestine', 'vietnamwar', 'socialisttiktok', 'blackhistory', 'northafricantiktok', 'hiddenhistory', 'blackcommunitytiktok', 'culturalappropriation', 'genzhistorian', 'peabodyawards', 'arabtiktok', 'blackpantherparty', 'dabke', 'spanishhistory', 'whitewashing', 'freepalestine🇵🇸❤️', 'kahlilgibran', 'arabamericanheritagemonth', 'blackwashing']"
jhalfaday,"['monkeymanmovie', 'albumreview', 'frontierairlines', 'fashion', 'streaming', 'kendricklamardiss', 'rnb', 'mensfashion', 'outfitinspo', 'blacktiktok', 'torturedpoetsdepartment', 'thehalfadayshow🕛', 'monkeyman', 'blerd', 'dukedennisthehalfadayshow🕛', 'howtostyle', 'personalstyle', 'moviereviews', 'brunch', 'vlog', 'springoutfits', 'funny', 'mensstreetwear', 'homestudio', 'cowboycarter', 'clothinghaul', 'culturalcommentary', 'uniqlo', 'stitch', 'drake', 'forlaughs', 'clothingreview', 'podcast', 'babyfaceray', 'interview', 'beyonce', 'streetwear', 'disney', 'kendricklamar', 'goals', 'blackpodcast', 'taylorswift', 'brentfaiyaz', 'hiphop', 'industryplant', 'newmusic', 'motivation', 'fashiontiktok', 'mensstreetstyle', 'travisscott', 'kaicenat', 'anime', 'contentcreators', 'mensfashiontips', 'kanyewest', 'milliondollarbaby', 'fyp', 'tommyrichman', 'talkshow', 'grwm', 'streamer', 'travelvlog', 'moviereview']"
storybookmaze,"['bookish', 'librarytiktok', 'rosiegreer', 'momsover30', 'bookrec', 'parentinghacks', 'baltimoreaccent', 'fairytale', 'fantasybooktok', 'booktok', 'worldbookday', 'childhood', 'greenscreen', 'ryanreynolds', 'growingup', 'nighttimeroutine', 'nostalgia', 'cinematic', 'books', 'read', 'crochet', 'storytime', 'childrensbooks', 'onthisday', 'parents', 'fyp', 'bedtime']"
nourish_me_daily,"['inspo', 'easyrecipes', 'inspirationalvideo', 'motivationalquote', 'mentalhealth', 'dessert', 'veganrecipes', 'inspire', 'montereybay', 'emotionalregulation', 'pointlobos', 'emotions', 'perkinspark', 'parentingtips', 'california', 'inspirational', 'chocolate', 'growthmindset', 'peoplepleasing', 'healing', 'mentalillness', 'monterey', 'travel', 'healingjourney', 'adayinmylife', 'mentalhealthmatters', 'money', 'selflove', 'selfreflection', 'growth', 'dietculture', 'mindsetshift', 'santacruzcalifornia', 'mentalhealthaction', 'motivation', 'tiktokfood', 'motivationalvideo', 'santacruz', 'peoplepleaser', 'anger', 'inspirationalquotes', 'traveltips', 'traveltok', 'boundaries', 'mindsetmotivation', 'dailymotivation', 'mindset', 'mentalhealthawareness', 'selflovejourney']"
thrivemarket,"['eclipse2024', 'eclipse']"
dwaroundtheworld,[]
rexevans,"['soundcloud', 'rexevans', 'musiclife', 'newmusicfriday', 'rnb', 'r3d', 'undiscoveredartist', 'indyartist', 'fyp', 'musiclovers', 'musiclover', 'undergroundartist', 'musicloversonly', 'spotify', 'newmusic', 'applemusic', 'unreleasedmusic']"
caveman_wildlife,[]
anewamerica,[]
thejunglevet,"['cats', 'pettreats', 'obesity', 'catlady', 'giraffes', 'funnyanimals', 'frenchbulldog', 'freshfood', 'doglover', 'animalvideos', 'cattok', 'dogs', 'catsontiktok', 'kibblefeddogs', 'cheetahs', 'dogmom', 'fypシ', 'petparents', 'pettok', 'cattips', 'catlover', 'trending', 'caturinaryhealth', 'kibble', 'doghealth', 'dogfoodhacks', 'pettips', 'csection', 'viral', 'dogfood', 'dryfood', 'veterinary', 'dogtok', 'catfoodtips', 'vetmed', 'catfood', 'wetfood', 'closecall', 'greenscreenvideo', 'stitch', 'petsoftiktok', 'vet', 'vettok', 'dognutrition', 'catsoftiktok', 'cheetah', 'veterinarymedicine', 'nutritiontips', 'vetnurse', 'frenchiesoftiktok', 'pethealth', 'kibbletoppers', 'puppies', 'cathealth', 'veterinarian', 'kibbleboosters', 'dogdad', 'duet', 'petnutrition', 'frenchie', 'catnutrition', 'nutrition', 'fyp', 'petfood', 'greenscreen', 'flutd', 'dogsoftiktok', 'bigcat']"
lifestraw,[]
livatsea,[]
rocketbook,[]
caracelestewest,"['softlifestyle', 'manifesting', 'locationindependent', 'mykonosgreece', 'entrepreneurship', 'bordeaux', 'travelhacks', 'digitalnomadgirls', 'bordeauxfood', 'drivingabroad', 'blacktravelblogger', 'portugal', 'travelabroad', 'rosettastonepartner', 'blackabroad', 'travelportugal', 'familytravel', 'digitalnomadlife', 'rosettastone', 'grouptrip', 'leavingtheusa', 'travelmom', 'expatlife', 'americanabroad', 'traveltipsandhacks', 'aaa', 'egambassador', 'blacktravel', 'blackdigitalnomad', 'digitalnomadlifestyle', 'francetiktok', 'livinginfrance', 'livingineurope', 'travellife', 'france', 'greecetravel', 'worldschooling', 'internationaldriverslicense', 'fulltimetravelfamily', 'websitebuilder', 'europetrip', 'traveltoeurope', 'travelfamily', 'fulltimetravel', 'internationaltravel', 'blaxit', 'travelgreece', 'digitalnomadgirl', 'movingabroad', 'digitalnomad', 'mykonos', 'livingabroad', 'digitalnomads', 'europelife', 'digitalnomadfamily', 'worldschoolfamily', 'movetoportugal', 'nomadicliving', 'europevsusa', 'parisfrance', 'ad', 'greece', 'familytavel', 'nowwerevoyaging', 'vrbo', 'vacationrental', 'traveltips', 'europetravel', 'websitedesign', 'blacktravelfeed', 'francetravel', 'livingabroadlife', 'youllbefine', 'blackexodus', 'blackexpat']"
vintij,[]
onestopecoshop.co,"['soliddishsoap', 'refillshop', 'packagefreeshop', 'plasticfreeswap', 'reducewaste', 'sustainablehome', 'ecofriendlyproducts🌿', 'reducewaste♻️', 'minimalwaste', 'sustainableswaps', 'ecofriendlyproduct', 'reducewastenow', 'plasticfreeshopping', 'ecofriendlyhome', 'bulkshopping', 'minimalwasteliving', 'sustainablelifestyle', 'dishsoap', 'sustainablealternatives', 'plasticfreeliving', 'zerowasteshop', 'plasticfreeshop', 'bulkstore', 'refillshopping', 'ecofriendlyliving']"
ricotaquito,['roadwaymoving']
peachstatevtg,"['atlanta', 'thrift', 'thrifting', 'reseller']"
pghjay,"['linebacker', 'bamadebayo', 'domantassabonis', 'cordarrellepatterson', 'dangelorussell', 'jamalmurray', 'anthonydavis', 'alexhighsmith', 'nbaplayoffs', 'lakers', 'kevindurant', 'austinreaves', 'bradleybeal', 'courtlandsutton', 'paytonwilson', 'karlanthonytowns', 'aarongordon', 'rudygobert', 'antoniobrown', 'steelersnation', 'widereciever', 'pghjay', 'dallasmavericks', 'omarkhan', 'steelers', 'cjstroud', 'nfldraft2024', 'pittsburghsteelers', 'nflfootball', 'phoenixsuns', 'devinbooker', 'michiganfootball', 'nba', 'miketomlin', 'stitch', 'micahparsons', 'losangekeslakers', 'stephcurry', 'nfldraft', 'nfceast', 'klaythompson', 'victorwembanyama', 'draymondgreen', 'lebron', 'michaelporterjr', 'kyrieirving', 'romanwilson', 'goldenstatewarriors', 'losangeleslakers', 'steelersfootball', 'sacramentokings', 'deaaronfox', 'nbabasketball', 'keeganmurray', 'dallascowboys', 'anthonyedwards', 'denvernuggets', 'deebosamuel', 'troyfautanu', 'zachfrazier', 'ruihachimura', 'brandonaiyuk', 'nfl', 'nikolajokic', 'basketball', 'minnesotatimberwolves']"
indigenousicon,"['native', 'indigenous']"
delaneymathez,"['funonweekdays', 'graduationseason', 'wilmingtonnc', 'graduationpictures', 'postgrad', 'dayinmylife', 'utk', 'northcarolina', 'graduate', 'fridaynight', 'diml', 'beachtown', '5to9afterthe9to5', 'sunrise', 'gradpics', 'beachlife', 'run', 'wrightsvillebeach', '5to9before9to5']"
zai1k_,"['zai', 'ontour', 'googoodolls', 'arizonazervas', 'live', 'iris', 'austinawake', 'zai1k', 'pathtoselfexpression', 'zebrapenpartner', 'zebrapensweepstakes', 'singersongwriter', 'presave', 'fyp', 'notmyself', 'movie', 'oldme', 'foryou']"
thefairedit,"['timelessfashion', 'londonguide', 'thrifthaul', 'slowfashionrevolution', 'secondhandfirst', 'hairstyle', 'sustainablestyle', 'thriftlove', 'hairshave', 'hairtutorial', 'whomademyclothes', 'themainemayfair', 'sustainablefashion', 'mindfulconsumption', 'ecofriendly', 'hairstyletutorial', 'hairtok', 'buzzcutgirl', 'themaine', 'buzzcut', 'sustainablewear', 'modernvintage', 'themainedxb']"
chippintime,[]
gilliangia,[]
isaiahkelso,[]
meganhomme,"['traveltiktok', 'mlb', 'baseball', 'skimspartner', 'vegas', 'tsa', 'hotelroom', 'airport', 'solotraveltips', 'boston', 'toronto', 'doordash', 'allbirds', 'matchingset', 'airportsecurity', 'allbirdspartner', 'solotravel', 'meanwhileinvegas', 'greenscreen', 'travelvlog', 'airportoutfit']"
melanatedmillennial,[]
jraffshoots,"['photographersoftiktok', 'blackphotographers', 'atlantaphotographer']"
huppyco,[]
amine,[]
ecohotels.com,[]
kingmetrius_,"['earthnews', 'fyp', 'blacktiktok']"
plaineproducts,"['sustainablecompany', 'earthdaysale', 'veganrecipes', 'womenownedsmallbusiness', 'plasticfree', 'refillable', 'photoshoot', 'sustainableswap', 'reusable', 'cherryscent', 'plasticfreepackaging', 'vanilla', 'shampooandconditioner', 'sustainablebusiness', 'refillableshampoo', 'carbonneutral', 'haircare', 'skincareroutine', 'lavender', 'bts', 'stylinggel', 'recycle', 'earthday', 'newproduct', 'reuse', 'haircareroutine', 'refillablehaircare', 'vegan', 'skincare', 'ecofriendly', 'productlaunch', 'recipe', 'beforeandafter', 'womenownedbusiness', 'sustainablepackaging', 'cleanhaircare', 'refill', 'sustainable', 'sustainableproducts', 'circulareconomy', 'hairproducts', 'smallbusiness', 'skinproducts', 'cooking', 'savetheplanet', 'vegetarianrecipe', 'shampoo', 'sustainability', 'vegetarian']"
paulwcroswell,"['euphoria', 'kendrickdiss', 'drakediss', 'kendricklamar', 'drake']"
bynaturefood,"['instafood', 'easyrecipes', 'tasteexplosion', 'explore', 'plantbased', 'flavoradventure', 'veganrecipes', 'foodinsta', 'bynaturefood', 'vegansandwiche', 'foodaesthetic', 'veganfood', 'flavorjourney', 'yummy', 'healthyfood', 'goodvibes', 'plantbasedfood', 'nycvegan', 'healthyrecipes', 'caribbeanfood', 'foodblogger', 'foodporn', 'food', 'vegancarribean', 'easyveganrecipes', 'londonvegan', 'foodies', 'plantbasedrecipes', 'vegetarian', 'bynaturefoods']"
andrethefarmer,"['fruittrees', 'mentoring', 'slowpitchjigging', 'potato', 'malanga', 'marigolds', 'exoticfruit', 'organicpestcontrol', 'seedlings', 'salsa', 'starapple', 'fishing', 'organicgardening', 'tomato', 'peppers', 'drytortugas', 'snapper', 'tomatoplants', 'tomatoes', 'plantpropagation', 'seeds', 'bananas', 'grafting', 'pineapple', 'birdwatching', 'pineappleplant', 'naturalgardening', 'tomatosauce', 'bananatree', 'naturalpestcontrol', 'gardeningtip', 'carrot', 'bananaharvest', 'communitygarden', 'growingpineapple', 'onthisday', 'shimanofishing', 'airlayeringpropogation', 'fyp', 'mangotree', 'snapperfishing', 'foryou', 'nature', 'gardening', 'weightloss', 'banana', 'airlayer', 'orlando', 'permaculturelife', 'gardeninghacks', 'organicfertilizer', 'cooking', 'growyourownfood', 'companionplanting', 'peaches', 'duet', 'graftingtechniques', 'groundprovision', 'fishfertilizer', 'earthday2024', 'foodforest', 'deepseafishing', 'pomato', 'lakeeola', 'funny', 'gardeningtips', 'soca', 'andrethefarmer', 'blueheron', 'okra', 'floridakeys', 'frontyardplants', 'earthday', 'rarefruit', 'gardeningtiktok', 'seaspirit', 'offshorefishing', 'gardentok', 'mango', 'bananaplant']"
freshlikefloyd,"['jumptheory', 'ispiration', 'cardio', 'jumprope', 'skippingrope', 'motivation']"
treeisalive,[]
thepaigeypage,[]
hunterkaimi,"['greenscreen', 'stitch']"
sunlampblack,"['spacex', 'sun', 'delusional', 'moon', 'reset', 'congolaise🇨🇩', 'humanthings', 'freepalestine', 'patricelumumba', 'unitednationofislam', 'iphone', 'donate', 'elonmusk', 'revolution', 'racism', 'solareclipse', 'raleigh', 'humansbeinghuman', 'linkinmybio', 'gerrymandering', 'environmentaljustice', 'mixedmediaart', 'silentgenocide', 'savecongo🇨🇩', 'history', 'freecongo🇨🇩', 'vote', 'freecuba', 'manifest?', 'tech', 'love', 'cobalt', 'climatejustice', 'zillennial', 'congo', 'racismawareness', 'localelectionsmatter', 'nc', 'peoplepowered', 'panafricanism', 'voting', 'tesla', 'blm', 'liberation', 'portland', 'bigtech', 'rest', 'peoplecore', 'htx', 'climateaction', 'congofriends', 'displacement', '🇨🇩', 'humanrights', 'dc', 'richmondva', 'mining', 'atx', 'environmentaldegradation', 'drc', 'antiblackracism', 'apple', 'kinshasa🇨🇩', 'or', 'peace', 'climatechange', 'fyp', 'conflictminerals', 'greenscreen', 'nyc', 'un', 'fyyp']"
_tytylerty_,[]
sageandmaize,[]
leafshave,['greenscreen']
bagshopnyc,[]
mushroomselk,[]
paravel,"['thingstodo', 'solotravels', 'explore', 'traveltiktok', 'trip', 'traveler', 'vacay', 'travelscenery', 'vacationmode', 'makingmemories', 'roadtrip', 'travellife', 'travel', 'travelinspiration', 'adventure', 'hotel', 'hotels', 'takemeback', 'solotravel', 'vacation', 'adventureawaits', 'paradise']"
kindcommunity,[]
davidsnaturaltoothpaste,"['sustainable', 'oralcare', 'tubekey', 'elevateyoureveryday', 'nanohydroxyapatite', 'oralhealth', 'hydroxyapatite', 'recycle', 'natural', 'vegan', 'fyp', 'ecofriendly', 'crueltyfree', 'davidspremiumtoothpaste', 'foryou', 'sustainability', 'whitening']"
theearthlingco_,[]
sophia_vermeulen,[]
heyhumansofficial,[]
mr.west100,[]
lowlowprime,"['relationship', 'relationshipblogger', 'relationshipcoachesoftiktok', 'relationshipmistakesr', 'relationshipsbelike', 'relationshipcoach101', 'relationshipcoach101r', 'relationshipmistakes', 'relationshipissuesr', 'relationshipexpert', 'relationshiptherapy', 'relationshiptherapyr', 'relationshipcoachingforcouples', 'relationshipcoachforwomenr', 'relationship_goalsr', 'relationshipcoachesoftiktokr', 'relationshipcounselling', 'relationshiphelp', 'r', 'relationshipbloggerr', 'relationshipissues', 'relationshiptalkr', 'relationships101', 'relationshipmentor', 'relationshiptalk', 'relationshipcoach', 'lowlowprime', 'relationship_goals', 'relationshipcoachr', 'relationshipcoachesr', 'relationshipexpertlowlowprime', 'relationshipcoachlifer', 'relationshipexpertandspiritualist', 'relationshipcoachingforcouplesr', 'relationshipcoaches', 'relationships101r', 'relationshipcoachlife', 'relationshipcoachingr', 'relationshiphelpr', 'relationshipmentorr', 'relationshipcoaching', 'relationshipcoachforwomen', 'relationshipsbeliker', 'relationshipcounsellingr']"
greenchoicepbc,[]
captainplanetepp,"['rezlife', 'lakota', 'miccosukee', 'taino', 'seminole', 'belegendary', 'nawa', 'prayerwalk', 'earthday', 'americanindianmovement', 'miccosukeeindianvillage', 'earthday2024', 'pantherclan', 'protectwhatyoulove', 'internationalbigmammaday']"
maxconservationtalks,[]
kevincarterjr,[]
littlegreenpanda_,[]
tylamadeit,"['maximalistinteriors', 'blackart', 'blackgirlswhopaint', 'neworleanslife', 'acrylicpainting', '504', 'sketchwithme', 'balckgirlartclub', 'impostersyndrome', 'sketchbooktour', 'artforsale', 'blackartist', 'fineart', 'blackgirlartclub', 'creativeburnout', 'fulltimeartist', 'nolaartist', 'neworleansartist']"
superzeronow,"['volumizingproducts', 'earthmonth', 'travelhacks', 'storagehack', 'travelsize', 'shampoobars', 'plasticfree', 'barstorage', 'travelhaircare', 'hairgoals', 'shampooforvolume', 'storagetip', 'thinningshampoo', 'shampoowithme', 'travel', 'sustainablebeauty', 'thinninghairtips', 'healthyhairtips', 'travelhack', 'sephora', 'travelset', 'scalptips', 'travelshampoo', 'showerstorage', 'sephorahaul', 'earthday', 'bestshampoo', 'beforeandafter', 'cleanhaircare', 'hairtok', 'hairtransformation', 'shampoobartips', 'sustainablebrand', 'traveltips', 'cleanatsephora', 'shampoobar', 'superzero', 'healthyscalp', 'shampoo']"
oceanplan,[]
bodyhibiscus,[]
chrisdandrea,[]
zerowastemvmt,[]
maxconservation,"['padi', 'marinebiology', 'underwater', 'sealife', 'manta', 'padipro', 'scubadiving', 'underwaterphotography', 'mantaray', 'oceanlover', 'hawaii', 'sea', 'fish', 'hawaiiphotography', 'ray', 'scuba', 'bigisland', 'shark', 'dolphinlove', 'kailuakona']"
gggabriellee,[]
nature.bee,[]
kiin0222,[]
myonghong,"['saweetie', 'levelup', 'floormats', 'iphoneography', 'celsius', 'zeniko', 'djimavic', 'hansshow', 'videography', 'androidauto', 'iphonetips', 'model3', 'frontofface', 'weddingphotos', 'backgroundiskey', 'softbox', 'fiommaker', 'oem', 'brightandversatile', 'mobileapps', 'ledlights', 'elonmusk', 'magneticattachment', 'installationtutorial', 'modely', 'teslaaccessories', 'filmmaker', 'portablelighting', 'teslaowners', 'creatiai', 'ev', 'tesla', 'upgradeyourcar', 'cinematography', 'lantern', 'accessories', 'poosh', 'nikonz8', 'phonephotography', '9inchdisplay', 'inflatabledesign', 'portraitphotography', 'iphonephotography', 'hansshowdisplay', 'iphone', 'camppoosh', 'usbpowered', 'armani', 'professionalportrait', 'refrigerator', 'teslamodel3', 'portraits', 'lightingsolution', 'car', 'obsplug', 'linkedinphoto', 'airvent', 'photoediting', 'iphonehacks', 'armaniwhite', 'big', 'portraitmode', 'iphonography', 'accessory', 'fusionmotorsport', 'videolight', 'onebuttonediting', 'shadedareas', 'coachella', 'teslaaccesories', 'onthego', 'sidepanel', 'monitor', 'iphonetipsandtricks', 'ifootage', 'interestingbackgrounds', 'film', 'installation', 'plasticwedgetrimtool', 'amazingphotos', 'teslamodely', 'diyinstallation', 'carplay', 'businessphoto', 'lightweightled', 'truck', 'applecarplay', 'djiavata', 'coachella2024']"
nomadatoast,"['socialmediamarketing', 'marketingautomation', 'contentmarketing', 'aitech', 'nocode', 'midjourney', 'aiformarketers', 'entrepreneurtools', 'aitools', 'aiimagegenerator', 'tldv', 'wonderdynamics', 'digitaltransformation', 'videoediting', 'photoshopmagic', 'blazeai', 'mindblowingeffects', 'smartworking', 'voiceacting', 'aiediting', 'aivideo', 'creativevideo', 'techtools', 'productivitytools', 'aiassistant', 'growthhacks', 'digitalstorytelling', 'oneclickmarketing', 'techtips', 'efficiencyhack', 'boostyourbusiness', 'gamma', 'personalizedproposals', 'mymarkyai', 'contentcreation', 'aiimage', 'digitaldesign', 'vegaspro', 'socialmediacontent', 'photoshop', 'aleditingtools', 'pixverseai', 'aimarketing', 'fyp', 'videoai', 'futureofwork', 'cloneyourself', 'claidai', 'transformativecreativity', 'foryou', 'photographymagic', 'socialmediahacks', 'digitalmarketing', 'aihacks', 'viralcontent', 'airecruitment', 'meetingautomation', 'marketingtips', 'aivoiceover', 'innovativetools', 'texttospeech', 'tutorial', 'freelancerlife', 'techinnovation', 'invideo', 'aiforfreelancers', 'creativephotography', 'aijobs', 'viral', 'audioediting', 'sidehustle', 'gammaapp', 'jobinterview', 'clientproposaltips', 'freetools', 'airevolution', 'aipresentation', 'aivideoediting', 'creativetechnology', 'ai', 'brandbuilding', 'creativecontent', 'ecommercetips', 'productphotography', 'cgi', 'micro1', 'freeaudiotools', 'voiceclone']"
englishenjoyed,"['britishenglish', 'britishaccent', 'learnenglish', 'britishaccentcoach', 'rp', 'tonguetwister', 'englishpronunciation', 'languagelearning', 'accenttraining', 'victorianwriters', 'rpaccent']"
askvinh,[]
nanliteglobal,"['art', 'studio', 'vfx', 'behindthescenes', 'ledlights', 'coffeebeans', 'equipment', 'photographer', 'creative', 'photography', 'photo', 'creativity', 'videographer', 'camera', 'magic', 'scifi', 'miniature', 'viral', 'videos', 'viralvideo', 'videomaker', 'color', 'filmmaker', 'commercialvideo', 'fantasty', 'videography', 'shooting', 'cinematic', 'bts', 'slowmotion', 'chicphoto', 'colorgrading', 'lighting', 'coffee', 'portrait', 'vfxartist', 'drink', 'movieset', 'cocktail', 'commercial', 'advertising', 'howto', 'scifiart', 'video', 'product', 'visualart', 'tabletop', 'fantasy', 'nanlite', 'virtual']"
aiaicaptainai,"['premierepro', 'al', 'videoediting', 'davinciresolve', 'autoeditor', 'tech', 'adobe']"
jiggiealejandrino,"['learnitontiktok', 'offcameraflash', 'basicphotography', 'photography101', 'everydayphotography', 'photography', 'sonyalpha', 'flashphotography', 'portraitphotography']"
oliviercntn,[]
simplexmediaglobal,[]
brettfully,[]
cyrusferguson,[]
beachutv,"['learnitontiktok', 'beachutv', 'learnontiktok']"
kawak1110,[]
trifidmedia,"['fypシ゚viral', 'trifidmedia', 'hackoftheday', 'viral', 'dubai', 'dubaiweather', 'fypシ', 'tipsandtricks', 'facts', 'hacks']"
dennisbuzard,[]
littlebigthings_,"['formationenligne', 'difficultésentrepreneuriales', 'ceolemlist', 'défislivraison', 'ouverturedesprit', 'ceofrançais', 'rachatentreprise', 'litigefamilial', 'contenussponsorisés', 'échecentrepreneurial', 'mindsetentrepreneurs', 'lempireceo', 'rdvenligne', 'lemlistceo', 'contenupayant', 'respectdesopinions', 'stratégieentreprise', 'réalisersesrêves', 'planifiersesposts', 'mindsetmotivation', 'realiteentrepreneuriale', 'partenariatsponsorisé', 'croissanceentreprise', 'visionceo', 'déterminationabsolue', 'lempod', 'paulle', 'réseausociauxvsréalité', 'calendly', 'visionentrepreneuriale', 'podslinkedin', 'lescryptosdecaro', 'rémunérationenligne', 'sacrificesentrepreneur', 'labellevie', 'communitymanagement', 'lemlist', 'convictionsdemarché', 'domaineexpertise', 'rêvergrand', 'businessenligne', 'successtartup', 'carolinejurado', 'objectifsentrepreneuriaux', 'échecetréussite', 'formationcrypto', 'stratégiedecontenu', 'diversificationportefeuille', 'foodtech', 'guillaumemoubeche', 'lemcal', 'inspirationentrepreneur', 'monterunbusiness', 'gestionactifs', 'réalitéentrepreneuriale', 'mindsetentrepreneur', 'marchéb2c', 'retail', 'cryptotips', 'personalbrand', 'entrepreneur2024', 'solutionemailing', 'internationaliser', 'dialogueconstructif', 'freinàlacroissance', 'parcoursentrepreneurial', 'ledger', 'contenurémunéré', 'leadership', 'stratégiefinancière', 'levéedefonds', 'contenusponsorisé', 'philosophieentrepreneuriale', 'andreabensaid', 'avancersansregrets', 'astucecrypto', 'dépassementdesoi', 'échecsfoodtech', 'partenariatdigital', 'salairecrypto', 'entrepreneuriatinnovant', 'licornesfrançaises', 'marquepersonnelle', 'croissancestratégique', 'réalitévsapparence', 'défientrepreneurial', 'entrepriseunique']"
_alvaroogr,"['parati', 'tiktok', 'fyp']"
ley_shortformvideowizard,[]
welcometothejungle_fr,"['passifagressif', 'manager', 'humour', 'paie', 'wori', 'jeuxolympiques', 'entretiendembauche', 'paris', 'conges', 'corporatelife', 'corportelife', 'travail', '4dayworkweek', 'tristanlopin', 'micro', 'management', 'joparis2024', 'fired', 'reseauxsociaux', 'careertok', 'rh', 'salaire', 'france', 'semainede4j', 'reunion', 'semainede4jours', 'congespayes', 'negociationsalariale', 'collegues', 'microtrottoir', 'licenciement', '4dayweek', 'storytime', 'work', 'boss', 'embauche', 'augmentation', 'teletravail', 'eboueur', 'argent', 'taf', 'corporatehumor', 'millennial', 'genz', 'worktok', 'vacances', 'boomers', 'fichedepaie', 'francais', 'corporate', 'entretien']"
techmbo,"['fiber', 'ringtone', 'iphone', 'apprendresurtiktok', 'camera', 'garageringtones', 'fiberoptics', 'tips', 'internet', 'tech', 'android', 'iphonetips', 'speed', 'science', 'whatsapptips', 'free', 'sonnerie', 'clearwave', 'astuce', 'whatsapp', 'iphonehacks', 'apple', 'ringtones', 'waterproof', 'whatsapphacks', 'astuceiphone']"
ads_by_slice,"['fentybeauty', 'savagefenty', 'business', 'nike', 'gigihadid', 'victoriassecret', 'ladygaga', 'arianagrande', 'makeup', 'skims', 'fenty', 'hauslabs', 'arianator', 'rarebeauty', 'selenagomez', 'kyliejenner', 'marketing', 'sneakersaddict', 'taylorswift', 'rembeauty', 'kardashians', 'selena', 'luxe', 'smallbusiness', 'rihanna', 'airjordan', 'retournementdesituation', 'sneakers']"
smilewithjeryl,"['behindthescenes', 'japan', 'videotips', 'creative', 'photography', 'sakura', 'viral', 'shotoniphone', 'kyoto', 'lightinghack', 'pr', 'photohacks', 'videohacks', 'videography', 'mobilephotography', 'cinematic', 'bts', 'videoideas', 'transitionideas', 'teamlabplanets', 'thehotelseiryukyotokiyomizu', 'tokyo', 'sonysingapore', 'transition', 'fyp', 'coupleshoot', 'iphoneonly', 'ootd', 'phototips', 'mtfuji', 'couple']"
charly_poirier,[]
folklorecreative,[]
maxeo.media,[]
thecreativekatstudio,"['gift', 'canvahacks', 'spring', 'fonts', 'canvacoach', 'canvateacher', 'texteffects', 'canvaswag', 'canvatutorial', 'canva', 'canvadesign', 'colorpalette', 'animation', 'logo', 'canvassador', 'canvatips']"
gcadaptation,"['aaap', 'climatechange', 'ai', 'climate']"
keyb_edits,[]
justinserran,[]
studiohacksnow,[]
_iamzak_,"['withengie', 'partenariatremuneré']"
lexobalubar,[]
captured.pr,[]
lucaslopezvilet,[]
jenbryan_,"['lifehacksviamarketing', 'app', 'contentmarketing', 'growthhacks', 'businessgrowth', 'illustrations', 'aidetection', 'seo', 'canvatips', 'openlibrary', 'competitormarketing', 'aitools', 'contentgrowth', 'ailogo', 'ai', 'ad', 'imageediting', 'rankcaddy', 'marketingtools', 'productivity', 'growthtools', 'freebooks']"
the_englishera,"['businessenglish', 'interview', 'englishera', 'email', 'learnenglish', 'pronunciation', 'englishpronunciation', 'englishlesson', 'quillbotpartner', 'jobinterview']"
somersetenglish,[]
mediareplay,"['disparition', 'educationnationale', 'handicap', 'maladierare', 'soutien', 'histoirevraie', 'baccalauréat', 'actu', 'malformation', 'petitemile', 'insolite', 'charliehebdo', 'vieillesse', 'gabrielattal', 'info', 'grandmere', 'reportages', 'appelatemoin']"
studio444.fr,[]
adobevideo,"['adobefirefly', 'generativeai', 'video', 'premiererush', 'arcadian', 'premierepro', 'videoediting', 'becomethepremierepro', 'videos', 'videoeditor', 'aftereffects', 'videooftheday', 'videoproduction', 'videoedits', 'videoedit', 'contentcreator']"
fastppt.net_official,"['presentation', 'tips', 'ppt', '3d', 'powerpointtutorial', 'tutorial', 'powerpoint', 'sharescribe', 'inspirational', 'design', 'hack', 'presentationtips', 'gamma', 'trick', 'ai', 'creative', 'excel', 'scribehow']"
kevinstratvert,[]
mervesocialmedia,[]
powerpointutorials,"['tutorial', 'ppttemplate', 'powerpointtutorials', 'powerpointparty', 'powerpont', 'microsoftpowerpoint', 'powerpointtemplate', 'googleslides', 'powerpointanimation', 'funnypowerpoint', 'template', 'powerpointtutorial', 'ppt', 'microsoft', 'downloadpowerpoint', 'schoolpresentation', 'microsoftppt', 'powerpointtips', 'powerpointpresentation', 'templates', 'school', 'powerpoint']"
digitaljstudio,[]
thibauttrezieres,"['investissement', 'digital', 'entrepreneuriat', 'immobilier']"
laurentaubel,"['construction', 'entrepreneurship', 'entreprenariat', 'success', 'createurdecontenu', 'recruter', 'couvreurs', 'foryou', 'bouyges', 'business', 'véhiculepro', 'microentreprise', 'gestionentreprise', 'camion', 'chefdentreprise', 'batiment', 'xavierniel', 'entreprise', 'entrepreneurs', 'entrepreneur', 'statutjuridique', 'successful', 'réussite', 'autoentreprise', 'management', 'formationgestion', 'savoiretre', 'vidéos', 'entretien', 'clients', 'chantier', 'work', 'pro', 'btp', 'recrutement', 'entreprendre', 'pourtoi', 'client', 'formation', 'pt', 'entrepreneurlife', 'artisans', 'patron', 'fy', 'premiersalarié', 'conseils', 'conseil', 'autoentrepreneur', 'propreté', 'trouverdesclient']"
canva,"['canvatip', 'canvahack', 'socialmediamarketing', 'canva', 'whatsnew', 'resize', 'createananimation', 'canvafonts', 'magicswitch', 'canvatok', 'elementcollections', 'canvalove', 'canvapresentation', 'canvapro', 'bespokegift', 'mothersday', 'edutok', 'studentpresentation', 'finalsweek', 'canvadocs', 'canvaprint', 'canvacreate', 'templates', 'canvadesign', 'madewithcanva', 'teachertok', 'studynotes']"
sebastienjefferies,"['cameratips', 'ukphotographer', 'beginnerphotographer', 'videoeditor', 'djifpv', 'fpvdrone', 'soundeffects', 'videographerlife', 'filmmaking', 'aivideo', 'aiediting', 'videographer', 'creatortips', 'sounddesign', 'videographers', 'djirs4pro', 'adobefirefly', 'freemusic', 'premierepro', 'dronepilot', 'microsoft', 'learnphotography', 'djiglobal', 'dji', 'contentcreator', 'avata2', 'cinematic', 'reelstips', 'aitools', 'editingtips', 'adobepartner', 'djiavata2', 'photoediting', 'dronelife', 'ainews', 'videoediting', 'djirs4', 'gimbal', 'photographytips', 'aitool']"
itsplaito,[]
fluentjoy_app,"['businessenglish', 'interviewinenglish', 'conversationpractice', 'justforlaughs', 'ภาษาอังกฤษวันละคํา', 'inglesfluente', '英語フレーズ', 'anglaisfacile', 'learnenglish', 'tiengan', 'fluentjoy', 'ingleseperitaliani', 'englishlesson', 'adjectivesinenglish', 'tienganh', 'aprenderingles', 'inglesfacil']"
emma.rm,[]
julien.sebbag,[]
lesprit_critique,"['olibrius', 'doublepascal', 'latin', 'cnews', 'kapla', 'boomerz', 'renflement', 'tpmp', 'doute', 'onenagros', 'gpa', 'bouleau']"
cassieflynnofficial,[]
creepykiki,[]
uncsnews,"['emission', 'klimaseniorinnen', 'swissgovernment', 'climatelitigation']"
joseantoniogarcia057,[]
cassandra_annaxoxo,[]
sam_relax_,"['hanche', 'information', 'sante', 'cervicales', 'anatomie', 'muscle', 'apprendresurtiktok', 'douleur', 'exercise', 'prevention']"
timeforfusion,[]
vivremoinscon,"['fleurs', 'c8', 'biodiversite', 'taxezlesriches', 'bombesagraines', 'plantes', 'commissiondenquete', 'virychatillon', 'classeaffaires', 'cyrilhanouna', 'agirpourlenvironnement', 'taxerlesriches', 'jeunes', 'assembleenationale', 'gouvernement', 'bollore', 'bombeagraine', 'abeilles', 'attal', 'zonedebzzz', 'tnt', 'vegatation', 'jeunesse', 'hanouna', 'macron', 'elysee', 'quentinbataillon', 'autorite', 'college', 'cnews', 'vincentbollore', 'airfrance', 'emmanuelmacron', 'tpmp', 'violence', 'bresil', 'gabrielattal']"
andy_crawshaw,[]
grundeicoaching,"['publicspeakingtips', 'publicspeakingcoach', 'improv', 'presentation', 'persuasion', 'tips', 'feedback', 'stress', 'publicspeaking', 'presentationtips', 'meridithspeaks', 'communication', 'criticism', 'tech', 'workshop', 'data', 'keynotespeaker', 'work', 'confidence', 'presentationskills', 'empathy', 'calltoaction', 'cta', 'sethgodin', 'jetlag']"
histoiressurprenantes1,[]
canva_ph,"['canvatip', 'canvahack', 'totebag', 'canva', 'mockup', 'canvahacks', 'texthack', 'magicswitch', 'contentcreation', 'canvatips', 'graphicdesign', 'designtips', 'designhacks', 'canvapro', 'designhack', 'canvaforcollege', 'canvaforcampus', 'canvaph', 'businessowner', 'ai', 'philsmeexpo', 'mockups', 'photoeditor', 'logos', 'fonts', 'negosyante', 'negoys', 'freecanva', 'brandkit', 'canvadesign', 'teachertok', 'gradients', 'teachertips']"
cessieembleton,"['smm', 'instagramcoach', 'socialmediamanagement', 'socialmediamanager', 'socialmediamarketing', 'socialmediastrategy', 'instagramforbusiness', 'instagramgrowth', 'socialmedia', 'contentstrategy', 'instagramtips', 'instagramcoaching', 'socialmediatips', 'servicebasedbusiness', 'instagramstrategy']"
gaetandagir,"['collaborationcommerciale', 'carbonechallenge', 'jo2024', 'labanquepostale', 'paris2024', 'zonedebzzz', 'empreintecarbone']"
reykjudik,[]
jimmy.mental.libre,"['dépression', 'univers', 'leadership', 'relationstoxique', 'laurentbaffie', 'loidattraction', 'relationstoxiques', 'troubleanxieux', 'enfance', 'communication', 'succès', 'psychologie', 'trauma', 'carrière', 'amourdesoi', 'santementale', 'santémentale', 'anxiete', 'maladiementale', 'angoisse', 'charisme', 'repartie']"
dianegaillard,[]
vegan_inparis,[]
explique_moi_encore,"['filmmaking', 'createur', 'iphone', 'camera']"
jtbarnett,"['trendsetter', 'smallbusinesstok', 'creatorlife', 'smallbusinesstol', 'jtbarnett', '4444', 'educationtok', 'creatoreconomy', 'businesstok', 'trendingnow', 'contentcreator', 'influencers']"
the_mannii,"['cats', 'freecomedy', 'longbeachgrandprix', 'earthday', 'themannii', 'duet']"
nicolas.faustin,"['trynottosmile', 'dessinanime', '2000sthrowback', 'cartoon', 'essaiedenepasrire', 'rire', '2000', 'trynottolaugh']"
krystalsparkles,[]
rachelfinance,[]
sally_koko1,"['f🇫🇷', 'ex', 'ramadan', 'marietemme', '🇧🇫🇲🇱', '🇲🇱', '🇧🇫', 'seul', 'relationamoureuse💔💔🥺', 'ayanakamura', 'eidmubarak']"
paolo.il.principe,['accadeoggi']
mkcastano,[]
coffeecupenglish,"['grammar', 'onthisday', 'learnenglish', 'english', 'englishteacher', 'speakenglish']"
moviefilm586,[]
romuald_maufras,"['jo', 'impro', 'videodrole', 'actu', 'champagne', 'videodudimanche', 'infirmiere', 'costume', 'football', 'piecesjaunes', 'standup', 'pompier']"
jadehaustey,"['fashiontiktok', 'mode']"
alexandrerafiie,"['changementspositifs', 'veganlife', 'costco', 'talents', 'mnms', 'consommation', 'lakers', 'lesjeunes', 'gagnerplusdargent', 'diner', 'voyage', 'california', 'étatsunis', 'aventure', 'traveleat', 'merci', 'voiture', 'opportunite', 'gagnerplus', 'themepark', 'délice', 'changementdevie', 'etatsunis', 'americain', 'veganpride', 'épatant', 'vegan', 'veggie', 'labelleauboisdormant', 'universalstudios', 'resilience', 'foodies', 'losangeles', 'vegetarian', 'travailalamaison', 'methodegagnante', 'hollywood', 'lasers', 'sleepingbeauty', 'justlanded', 'generationy', 'beurredecacahuète', 'armeafeu', 'français', 'starbucks', 'successstory', 'consommateur', 'studiosuniversal', 'ghormehsabzi', 'cendrillon', 'shopping', 'entrepreneuriat', 'marketing', 'recrutement', 'usa🇺🇸', 'cinderella', 'classique', 'iloveit', 'ritzcarlton', 'blancheneige', 'effortconstant', 'lax', 'jetlag', 'développementpersonnel', 'tiktokfrance', 'dreambig', 'business', 'détermination', 'frenchtiktok', 'downtowndisney', 'liberté', 'changerdevie', 'enorme', 'depenses', 'habitudes', 'economie', 'consommationdesménages', 'futureleaders', 'losangeleslakers', 'gratitude', 'argent', 'astuce', 'hollywoodstudios', 'cryptoarena', 'pistolets', 'avion', 'libertéfinancière', 'francais', 'robesderêve', 'kobebryant', 'disneyprincesses', 'revenupassif', 'vraidevrai', 'usa', 'retro', '18ans', 'incroyable', 'womenempowerment', 'millenial', 'lagunabeach', 'entrepreneur', 'labelleetlabete', 'californie', 'thesimpsons', 'astuces', 'krustyburger', 'caramel', 'pepite', 'jeunesentrepreneurs', 'économie', '2024', 'motivation', 'magasinmagique', 'jurasicworld', 'objectifs', 'explorez', 'tropbon', 'indépendancefinancière']"
we_are_com,[]
watson_actu,"['marinelepen', 'kendjigirac', 'sarahatcho', 'kendji', 'recette', 'style', 'francoiscivil', 'joparis2024', 'france', 'sabrinacarpenter', 'sprinter', 'montreuxjazzfestival', 'telerealite', 'ayanakamura', 'serie', 'praisejahinthemoonlight', 'quiz', 'patagonie', 'outfit', 'challengers', 'paris', 'victoriabeckham', 'manontanti', 'espresso', 'pleinelune', 'iceberg', '333', 'jo', 'trend', 'deficuisine', 'antarctique', 'swissmilk', 'vanessahudgens', 'tempete', 'top3outfitchallenge', 'influenceurs', 'lausanne', 'summerhit', 'news', 'secretstory2024', 'watsonactu', 'europapark', 'jeuxolympiques2024', 'sagradafamilia', 'barcelone', 'ouchy', 'netflix', 'cuisine', 'punteria', 'brigittemacron', 'fiasco', 'people', 'patinsaroulettes', 'pollen', 'leahhalton', 'pierreniney', 'hpv', 'zendaya', 'amour', 'lucienlaviscount', 'pleinelunerose', 'musique', 'tenniscore', 'coachella', 'watson', 'spicegirls', 'croissant', 'monpetitrenne', 'tf1', 'uae', 'virus', 'shakira', 'lavoix', 'papillomavirus', 'extremedroite', 'montagnesrusses', 'profilpic', 'skidefond', 'odermatt', 'dubai', 'instagram', 'manchot', 'coachella2024', 'deepfake', 'astronomie', 'suisse', 'alexisjandard', 'athletisme', 'printemps', 'rihanna', 'voltronnevera', 'argentine']"
shani_fire,"['milieufermer', 'lanadelrey', 'fashionista', 'videoaleatorio', 'comedienne', 'lyon', 'vivementlete', 'phobie', 'humour', 'sergelama', 'societe', 'stop', 'manque', 'dance', 'paris', 'princesdisney', 'sortir', 'devine', 'stopmotiontrend', 'ausecours', 'girl', 'shoes', 'friends', 'enfance', 'talent', 'hater', 'film', 'maison', 'secretstory', 'doublage', 'reussite', 'type', 'voix', 'love', 'mannequinat', 'capcut', 'filmdhorreur', 'cover', 'cejour', 'classement', 'crush', 'passion', 'cinema', 'confidence', 'pieds', 'beauty', 'reponse', 'music', 'stopmechancetegratuite', 'feet', 'grandetaille', 'larafabian', 'homme', 'chant', 'edithpiaf', 'acting', 'mamie', 'voiceeffects', 'curvy', 'retourmatchofficiel', 'movie', 'jesuismalade', 'filtre', 'stophater', 'collage']"
web3daily.co,"['tokenization', 'nftrevolution', 'globalphenomenon', 'bitcoinhalving', 'bitcoinrevolution', 'futureoffinance', 'cryptocurrencymarket', 'digitalcurrency', 'financialrevolution', 'liquidityandvalue', 'cryptoinvestment', 'blockchaininnovation', 'scarcecurrency', 'bitcoinoriginality', 'bitcoinvalue', 'blockchaintechnology', 'bitcoinmining', 'bitcoinmarket', 'scarcity', 'decentralizedfinance', 'cryptomining', 'innovationandexpansion', 'digitalgold', 'bitcoinevolution', 'memeculture', 'cryptocurrency', 'cryptocurrencyadvances', 'economicshift', 'adaptingtochange', 'bitcointechnology', 'supplyanddemand', 'investmentopportunity']"
tokisauce,"['balls', 'deals', 'spacex', 'remotework', 'solarsystem', 'teethcare', 'tiktokshop', 'traveltiktok', 'homedecor', 'babytok', 'momsoftiktok', 'pregnanttiktok', 'giftideas', 'fypシ', 'pokemon', 'trimmer', 'pregnantlife', 'newbornbaby', 'aliens', 'universe', 'cleanteeth', 'teeth', 'men', 'waterflosser', 'space', 'eclipse', 'relationshipgoals', 'datingadvice', 'mothersdaygift', 'astro', 'wfh', 'playstation', 'mothersday', 'pregnant', 'birthdaygift', 'expectingmom', 'girlfriend', 'stars', 'relationshiptips', 'mouthwash', 'manscaped', 'vibes', 'gadgets', 'vlogs', 'gameboy', 'diyproject', 'traveltok', 'pokemongo', 'pokemontiktok', 'moms', 'mensessentials', 'nomad']"
aronsogi,[]
comenumerique,[]
lemondedumarketing,[]
astra.photo,[]
dr.devon,"['sportstape', 'exercisereview', 'worldsbestkinesiologytape', 'physio', 'neckpaintreatment', 'rangeofmotionwithaurorawillows', 'poorposture', 'kinesiologytape', 'healimedical', 'posturalexercises', 'thoracicmobility', 'techneck', 'cervicalspine', 'physicaltherapy', 'healitape', 'healthyliving', 'walgreens', 'exerciseknowledge', 'injuryrecovery', 'optimizedtraining', 'exercisescience', 'summerbody', 'movementmedicine', 'injuryprevention', 'neckcrack', 'workouts', 'physiotherapy', 'uppertrapstretch', 'walmart', 'effectivetraining', 'neckpain']"
meaningful.marketing,"['smallbusinesstips', 'entreprenuer', 'copywriting', 'branding', 'marketing', 'b2b']"
tv.replay.03,[]
adobe,"['adobesummit', 'adobecreativecloud', 'adobefirefly', 'creativecloud', 'adobeillustrator', 'premierepro', 'madewithcc', 'aftereffects', 'photoshop', 'adobeacrobat', 'adobefireflys', 'adobeexpress']"
tailoredfitpt,"['tighthips', 'longevity', 'hipstretch', 'pigeonstretch', 'exerciseformoms', 'musclebuilding', 'fitnessover30', 'quickworkouts', 'over30', 'stretchingroutine', 'strengthtrainingformoms', 'fitnessformillenials', 'achillesexercise', 'hipstrength', 'kneemobility', 'friedrice', 'kneexercise', 'mobilityroutine', 'powerbowl', 'kneerehab', 'tendons', 'staibility', 'kneestability', 'mobility', 'fitness', 'legday', 'peterattia', 'highprotein', 'over30fitness', 'healthyaging', 'flexibility', 'sarcopenia', 'pushups', 'workouts', 'stretching', 'fyp', 'exercisetips', 'kneepain', 'outlive', 'strengthtraining', 'easyrecipes', 'pain', 'resistancetraining', 'hipflexor', 'millenials', 'antiaging', 'fitnessover50', 'fitnessfordads', 'sarcopeniaprevention', 'anklemobility', 'knees', 'squats', 'kneepainrelief', 'dumbbells', 'aginggracefully', 'prehab', 'yoga', 'fullbodystretching', 'personaltraining', 'healthyrecipe', 'aging', 'achillestendon', 'fatloss', 'exercise', 'fitnessformoms', 'deadlifts', 'fitnessover40', 'rehab', 'shouldermobility', 'strength', 'fullbodymobiltiy', 'sittingallday', 'summervacation', 'flexibilityroutine', 'fitnessforall', 'longevitytraining', 'calftightness', 'backmobility', 'fitnessgoals', 'strongatanyage', 'knee', 'hipmobility', 'kneestrength', 'healthyrecipes', 'koreanfood', 'kneeexercises', 'exerciseismedicine', 'mobilitytraining', 'kneeprehab', 'workout', 'isometrics', 'achillespain', 'kneesovertoes', 'achilles', 'mobilityexercises', 'functionaltraining', 'easyexercise', 'functionalfitness']"
davidjpphillips,"['symmetricalpattern', 'sciencefacts', 'personalitytypes', 'dopaminestacking', 'helpeachother', 'mentalhealth', 'anxietyrelief', 'feelbeautiful', 'quoteoftheday', 'loveismagic', 'experiment', 'controlyouremotions', 'gentlereminder', 'holdmyhand', 'dopaminedetox', 'selfgrowth', 'symmetry', 'communicationskills', 'selfleadership', 'psychologicalexperiment', 'smilemore', 'createchange', 'presentationcoach', 'selfcare', 'mindhack', 'lifequotes', 'compassion', 'bekindtoyourself', 'dopamine', 'psychologicaltest', 'motivationdaily', 'love', 'highonlife', 'oxytocin', 'stressrelief', 'makethechange', 'wisdom', 'takecare', 'feelbetter', 'happinessbegins', 'worklife', 'simplelifehacks', 'storytime', 'stressreduction', 'lovefacts', 'brainchemistry', 'readthisbook', 'psychologicalhealth', 'podcastclips', 'bookstagram', 'mindgame', 'psychology', 'motivation', 'hackyourdepression', 'anxietyreducer', 'foodforthought', 'hormones', 'changeperspective', 'lifehack', 'challengeyourself', 'mindfulness', 'woundhealing', 'endorphins', 'mindset', 'lifeisworthliving', 'lifehacks', 'holdinghands']"
theheatherwagner,[]
bptagency,[]
sellanythingonline,"['websitetips', 'wynbeauty', 'smallbusinesstips', 'conversionrate', 'websiteoptimization', 'returns', 'serenawilliams', 'businesswebsite', 'websiteaudit', 'customerservice', 'smallbusinesswebsite', 'stitch']"
jimmy_talbert,"['2024socialmediatips', 'socialmediamarketing', 'growapodcast', 'startapodcast', 'tiktoknotes', 'podcasting', 'tiktokmarketing', 'contentmarketing', 'notesapp', 'podcastgrowth', 'podcastmarketing', 'contentcreation', 'videomarketing']"
roxanna.roxi,"['soodingrepairtoningserum', 'fashion', 'haul', 'outfit', 'sin', 'style', 'mixsoon', 'makeup', 'koreanskincare', 'ate', 'eoeopartners', 'rihoas', 'bestserum', 'sephora', 'dermafirm', 'skincareroutine', 'sephorahaul', 'foundation', 'beverlyhills', 'crazyhowtheveryfirstsinwasawomanwhoate', 'beauty', 'howto', 'mixsoonbeanessence', 'sensitiveskin', 'skintok', 'grwm', 'anastasia']"
toddcollinsofficial,"['comedy', 'lifelessons', 'foryoupage', 'socialmediamarketing', 'personalbranding', 'longervideos', 'socialmedia', 'contentmarketing', 'pepsi', 'creatorinsights', 'garyvee', 'marketingplan', 'longervideo', 'foryou', 'content', 'metrics', 'humor', 'viral', 'publicspeaking', 'viralvideos', 'tips', 'funny', 'family', 'life', 'wtfmemes', 'bird', 'lifeisgood', 'seo', 'worry', 'publicspeaker', 'contentcreator', 'watchtime', 'marketingstrategy', 'marketingtips', 'lifeisbeautiful', 'branding', 'marketing', 'instagramhacks', 'tiktokban', 'birding', 'tiktokseo', 'tiktok', 'comments', 'realtor', 'motivation', 'advertising', 'reels', 'onthisday', 'marketing101', 'instagram', 'familyfun', 'contentcreators', 'tiktokmarketing', 'brandingtips', 'fyp', 'greenscreen', 'instagramtips', 'psychology', 'lifehacks', 'funnyvideos']"
antonioparlati,"['grammar', 'learnenglish', 'english', 'challenge', 'pronunciation', 'titanic', 'coachella']"
tipsbytita,[]
kohisocial,"['socialmediamarter', 'socialmediamarketing', 'businesstools', 'digitalmarketing', 'weekendcleaning', 'marketingstrategy', 'marketingtips', 'marketingstrategist', 'strategy', 'marketing', 'askkohi', 'digitalmarketingcareer', 'socialmediamanager', 'agencyfounder', 'businesstips', 'socialmediaanalytics', 'marketer', 'marketingcareer', 'weekendreset', 'socialmediamanagers', 'socialmediatools']"
diana_mengyan,"['peachmakeup', 'dinnerwithme', 'cooking', 'japchae', 'fyp', 'asmr']"
diegoalary,"['food', 'tiktokfod', 'savoirfaire', 'tiktokfood']"
youzy,"['pov', 'interview', 'bff', 'parisien', 'collegues', 'gossip', 'nathalie', 'coworkers', 'hingepartner', 'datenightideas', 'parisienne', 'lunchbreak', 'fundraiser', 'hingedating']"
paramedical.bxl,[]
arteconpaulangosta,[]
marina_cars,['nailart']
vanessanjoya,[]
mathildarie,"['produitoffert', 'humour']"
brodywellmaker,"['relatable', 'comedy', 'thursday', 'fyp', 'adhd', 'duet', 'music', 'm83']"
antonio_elevation,"['sérénité', 'acceptationdesoi', 'sentiments', 'trentenaire', 'femmes', 'ruptureamoureuse', 'nouveaudepart', 'lovecoach', 'celibataires', 'saimersoimeme', 'reussite', 'femmeforte', 'coachlover', 'chemindevie', 'coachlove', 'coachdeviepositive', 'etreheureuse', 'devpersonnel', 'amourdesoi', 'dependanceaffective', 'heureuse', 'citationmotivante', 'coachinglove', 'citationinspirante', 'drague', 'coachfrance', 'acceptation', 'toutestpossible', 'pleineconscience', 'devperso', 'citationcouple', 'etatdesprit', 'coachlovers', 'loidelattraction', 'citation', 'citationpositive', 'relationamoureuse', 'vivremieux', 'estimedesoi', 'persévérance', 'etreheureux']"
nicholas_flannery,"['heesay', 'palmroyale', 'romcom', 'murdermystery2', 'surannejones', 'spy', 'judelaw', 'nicolekidman', 'hollywoodlife', 'irishwish', 'parody', 'drfoster', 'lindsaylohan', 'melissamccarthy', 'sketch']"
postureguy,"['footpain', 'postursematters', 'seniors', 'healthandwellness', 'chestopener', 'shoulderopener', 'goodposture', 'posture', 'functional', 'upperback', 'walking', 'shoes', 'foothealth', 'herniadedisco', 'selfcaretips', 'selfcare', 'footalignment', 'posturefirst', 'lowback', 'preventativehealth', 'kyphosis', 'herniateddisc', 'posturecorrection', 'stretchingtips', 'lowbackpainrelief', 'running', 'backpainrelief', 'plantarfascia', 'postureawareness', 'backbrace', 'painfreeliving', 'sciatica', 'balance', 'healthyfeet', 'improveposture', 'spinehealth', 'forwardheadposture', 'neck', 'wellness', 'roundedshoulders', 'plantarfasciitis', 'footpainrelief', 'posturefix', 'posturebrace', 'roundedupperback', 'postureexercises', 'badposture', 'betterposture', 'exercisetips', 'posturetips', 'lowbackpain', 'backpain', 'movement', 'shouldermobility', 'spinemobility', 'funnyvideos', 'neckpain', 'posturematters']"
camilaelle,[]
sadhguruji,"['ram', 'brief', 'fearful', 'wise', 'microbiome', 'seeker', 'muslimworld', 'isahfoundation', 'bharat', 'shoonya', 'anxiety', 'milk', 'motherinlaw', 'psychological', 'drama', 'nofather', 'awareness', 'emotions', 'mother', 'ishafoundation', 'muslim', 'natural', 'allergy', 'spiritualprocess', 'workhard', 'life', 'nomother', 'middleeast', 'suicide', 'perception', 'brain', 'universe', 'value', 'cows', 'love', 'wisdome', 'fear', 'offering', 'yoga', 'time', 'giveaway', 'sashguru', 'emotional', 'nothing', 'science', 'food', 'existential', 'disaster', 'childrens', 'choice', 'samyama', 'wounded', 'body', 'soil', 'trapped', 'shiva', 'adiyogi', 'devotee', 'pleasure', 'hormones', 'dubai', 'savesoil', 'sadhguru', 'sadhana', 'religion', 'boundaries', 'hanuman', 'heaven', 'mind', 'gut', 'vision', 'genius', 'mahavir', 'christian', 'hindu', 'individuality']"
themuthership,"['weddingprep', 'socialmediamarketing', 'tiktokteacher', 'youngerself', 'ohmy', 'beginnertiktokcourse', 'jumpdance', 'funnycomment', 'puertorico', 'over70', 'stylingideas', 'motherdaughterduo', 'tiktoktrend', 'getpackingwithme', 'lifeisgood', 'travel', 'themuthership', 'jennifergarner', 'tiktoktransitions', 'contentcreator', 'over30', 'stopmotioneffect', 'nycpark', 'stopmotiontutorial', 'tiktoktips', 'vacationtime', 'duettutorial', 'poof', 'nycstylist', 'lifelesson', 'stopmotion', 'stitchtutorial', 'earthquakeinnyc', 'disappearingtrend', 'over60', 'fatherdaughterlove', 'nycfashion', 'girltime', 'earthquake', 'tiktoktrends', 'newbies', 'trendtalk', 'stylingtips', 'stitch', 'transitiontutorial', 'tiktokhelp', 'reportfakeaccounts', 'capcut', 'weirdtalent', 'fashionstyling', 'over50', 'swipetransition', 'phonejumptrend', 'happyvibes', 'vacation', 'over80', 'travelvlog', 'liveyourbestlife', 'tiktoktutorials', 'phonejumptutorial', 'podcasttips', 'weddingstyle', 'geazy', 'capcuttemplate', 'bluemonday', 'trendtok', 'duetthis', 'bestfriends', 'tiktokcollab', 'over40', 'eclipse', 'motherdaughterlove', 'fashiontiktok', 'viralairdance', 'creatorcollab', 'wtf', 'nyc', 'socialmediatips', 'reportimposteraccounts', 'dancetrend', 'secrettalent', 'doyouboo', 'fatherdaughterdance', 'nyclife', 'ihop', 'trampolinetrend', 'commentreply', 'tiktokcourse', 'totaleclipse', 'hiwtotiktok', 'packing', 'motherdaughter', 'comeoneileen', 'jumptrend', 'contentcreationtips', 'dancewithstrangers', 'beginnertiktok', 'karma', 'beginnertutorial', 'airdance', 'jojosiwa', 'fashionblogger', 'stopmotionanimation', 'greenscreen', 'vacationtrend', 'familytime']"
khaby.lame,"['learnfromkhaby', 'comedy']"
karenxcheng,[]
sanaa.dt,[]
alex_snat,"['booktok', 'ginosko', 'cadeau', 'funnyanimals', 'bookscience', 'prof', 'IcelandAdventure', 'iceland', 'science', 'fallout', 'coupdegueule', 'voiceeffects', 'ai', 'ia', 'loops', 'teacher', 'handstand', 'islande']"
tutosurexcel,"['tutosurexcel', 'pourtoi', 'excel', 'exceltips']"
lamarketeuse,"['cannes', 'soldejaniero', 'voyage', 'haul', 'kitten', 'francoiscivil', 'nicaragua', 'travelsize', 'siberiancat', 'bigsister', 'fyp', 'skincare', 'girlstrip', 'cat', 'brother', 'pourtoi', 'foryou', 'catoftiktok']"
verbozz_,"['astucesamsung', 'apprendreavectiktok', 'tiktokacademie', 'samsung', 'astuces']"
ac2ality,"['abril24', 'thetorturedpoetsdepartment', 'genesis', 'vivemomentosiconicos', 'marzo24', 'mitos', 'noticiasespaña2024', 'xiaomifanfestival2024', 'ac2novedad', 'doctomatic', 'danielsancho', 'recicla', 'reciclaje', 'stopbullying', 'kerastase', 'quevivanlospueblos', 'josecuervofresapicosa', 'finanzasdescomplicadas', 'edwinarrieta']"
k138111,"['memecut', 'meme', 'relatable', 'koeln', 'köln', 'livingingermany', 'imjustagirl', 'dayinmylife', 'yourhonor', 'deutschebahn', 'bahn']"
itssimonengel,[]
its.tanyagauthier,[]
margheritavox,"['photoshop', 'adobe']"
yakalapeste,['duet']
valerie_lisitsyna,"['iphonephotography', 'seattlecreator', 'canong7x', 'seattlewa', 'instatrick', 'creatorculture', 'creatortips', 'instatips', 'instagramtricks', 'instahacks', 'refylipgloss', 'digitalmarketing', 'roozengaarde', 'photoideas', 'igtips', 'instagramtipsandtricks', 'instatip', 'mountvernon', 'instagramcourse', 'washington', 'milkblush', 'influencerlifestyle', 'contentcreator', 'creators', 'instastorys', 'transitiontutorial', 'influencermarketing', 'skagitvalley', 'transitions', 'rozengaarde', 'milkmakeup', 'influencertips', 'marketing', 'seattleinfluencer', 'skagitvalleytulipfestival', 'washingtonstate', 'morphe', 'yeezy20dollars', 'tulipfestival', 'tulipseason', 'posingtipsandtricks', 'influencerlife', 'skagit', 'posingtips', 'makeuptest', 'refybeauty', 'videoediting', 'contentcreators', 'kanyewest', 'yeezy', 'instagramtips', 'roozengaardetulipfarm', 'phototips']"
_themarketingclub,[]
genthibault,[]
withcoramarie,"['instagrammanagement', 'socialmediamanagement', 'smmlife', 'socialmediamanagementtips', 'socialmediamanagementbusiness', 'instagramgrowthstrategy', 'socialmediamarketing', '5', 'instagramgrowth', 'southeastasiatravel', 'withcoramarie', 'byob', '2', 'digitalnomadlife', 'beyourownboss', 'instagrammanager', 'digitalmarketing', '3', 'southeastasia', 'poledance', '4', '1', 'smmbusiness', 'bangkok', 'contentthatconverts', 'instagramreels', 'socialmediamanagerlife', 'thailand', 'balitravel', 'contentstrategy', 'instagramstrategy', 'socialmediamanager', 'femaleceo', 'bali', 'socialmediamanagers', 'socialmediamanagementservice', '6']"
nadeaujeremy,[]
edenharvzofficial,"['nephew', 'kfc', 'fakeaway', 'organisation', 'bedroom', 'cleantok', 'birthdaysurprise', 'wwe', 'tidying', 'pr', 'eatwitheden', 'grief', 'kingdomoftheplanetoftheapes', 'corememory', 'eatwithme']"
michaseckler96,[]
rebellenutrition,"['teachable', 'digitalmarketing', 'aitips', 'astrologytiktok', 'aquarius', 'entrepreneur', 'businessideas', 'abundancemindset', 'lifepurpose', 'northnode', 'pisces', 'onlinecourses', 'businessadvice', 'astrology', 'millionairemindset', 'stitch']"
bribrivlog,[]
felipevillegasmunera,"['photographytricks', 'viral', 'couplesphotos', 'goldenhour', 'fypシ', 'couplesposes', 'fyp', 'taylorswift', 'sydneyphotographer', 'sydneyweddingphotographer', 'weddingphotography', 'couplephotos', 'weddingphotographer', 'fypage', 'photographersoftiktok']"
lucas.humoriste,"['tatoueur', 'maman', 'acting', 'humour', 'sketch']"
fabienolicard,[]
luxlusive,[]
jordi.koalitic,"['art', 'insta360x4', 'video', 'nikonz9', 'insta360', 'creative', 'photography']"
gymvisage,[]
tomy.vay,"['appel', 'facetime', 'amour', 'humour', 'asterix', 'soutiens', 'détresse', 'parodie', 'voiture', 'sketch', 'celibataire', 'rencontre', 'education', 'rendezvous', 'enfant', 'questions', 'otis', 'edouardbaer', 'couple', 'copine', 'asterixeobelix', 'cuite', 'maman', 'tipetope', 'conflit', 'parent', 'voituresanspermis', 'copines']"
nicolettegray,"['coachellaoutfit', 'coachellaoutfits']"
shiadanni,"['primevideocreator', 'duet', 'musica']"
luciavtu,[]
sabrinajenkner,[]
marcel.kuempfel,[]
henriphotos,[]
cpt.levi143,"['völliglosgelöst', 'slideshow', 'stopmotion', 'gibberish', 'aboutlastweekend', 'deny', 'comeandgetyourlove', 'caredit', '3danimation', 'summertime', 'dynamicflexing', 'fortnight', 'lockedaway', 'postmalone', 'summer', 'capcuttemplate', 'comewithme', 'surfing', 'looksodivine', 'cptlevi', 'herethereandeverywhere', 'gojousatoru', 'velocity', 'doiwannaknow', 'aprildump', 'nba', 'cinematic', 'pureimagination', 'capcut', 'trend', 'fürdich', 'cooldown', 'playstation', 'riverbed', 'beforeandafter', 'slowmo', 'taylorswift', 'gojo', 'excuseme', 'car', 'playstation5', 'dump', 'thebeatles', 'herewithme', 'bestdayofmylife', 'fyp', 'graduation', 'kolohekai', 'majortom']"
tinassee,"['cleaningvlog', 'poppincookinkit', 'haircarereview', 'chilis', 'addictioncomedy', 'mcobeauty', 'richaddict', 'thephixskincare', 'jailnachos', 'jailtiktok', 'soberliving', 'nightvlog', 'roadtrip', 'tattoo', 'recoveryskit', 'routine', 'jailmail', 'recoverycomedy', 'hairtutorial', 'addicriokskit', 'addictionskit', 'prisontok', 'cleantok', 'addicrionskit', 'mcobeautybronzingdrops', 'jailtattoo', 'boujie', 'kroger', 'jailskit', 'beauty', 'vacationvlog', 'contraband', 'breakfast', 'recovery', 'olivegarden', 'thephix', 'jailcomedy', 'jailhygiene', 'curlyhairhack', 'candykit', 'cleaning', 'dailyvlog', 'sick', 'pancakes', 'getunready', 'sobercomedy', 'vlog', 'coolaunt', 'richinjail', 'skicare', 'coolauntvibes', 'shopping', 'prison', 'tennessee', 'thephixproducts', 'jailtok', 'recoveringaddict', 'cordlessscrubbrush', 'gym', 'vacation', 'gymvlog', 'nightroutine', 'travelvlog', 'dinner', 'jailbeautyhacks', 'jailhair', 'poppincookin', 'jailescape', 'girlplugs🔌', 'jaildessert', 'jailbeauty', 'panerabread', 'jailvsprison', 'soberlivingskit', 'skating', 'jaillife', 'dailyvlig', 'jail', 'curlyhairtutorial', 'candy', 'jailsecurity', 'indomienoodles', 'bronzingdrops', 'tinasrecoverytok', 'groceryshopping', 'tjmaxx', 'jailrecipe', 'kitsch', 'cooking', 'traveling', 'addiction', 'scrubber', 'commissary', 'tiktokshop', 'jailstory', 'packing', 'makeup', 'workingout', 'morningroutine', 'hairstylesinjail', 'haircare', 'review', 'skincareroutine', 'jailrelationships', 'familystorytime', 'dayinthelife', 'cleaningtok', 'jailrecipes', 'dinnervlog', 'jailfood', 'jailhacks', 'jaillove']"
innovativehippie1111,[]
rasselperson,"['saveme', 'patriot', 'new', 'rasselperson', 'mctetris', 'mirami_music', 'sing', 'god', 'artro', 'song', 'dance', 'rassel', 'mirami', 'maskachka', 'sarahbetshabaz', 'war', 'soon', 'masterskaja', 'estonia', 'oneлав', 'musiqq', 'track', 'life', 'pop', 'перемены', 'joy', 'rap', 'baltic', 'маскачкаlife', 'love', 'person', 'chorus', 'gospel', 'unreleased', 'latvia', 'yul', 'патриоты', 'miravi', 'save', 'barz', 'live', 'betweenus', 'peremeni', 'music', 'dvizh', 'salaspīls', 'riga', 'andergam', 'narva', 'hit', 'jesus', 'palaguta', 'аввакум']"
reeyco,"['rivers', 'animals', 'earth', 'caracas', '🇻🇪', 'orinoco', 'photography', 'ocean', 'nature', 'waterfall', 'indigenous', 'beach', 'canaima', 'river', 'venezolanosenelmundo', 'water', 'venezolanos', 'people', 'sunset', 'wildlife', 'beauty', 'gratitude', 'losroques', 'margarita', 'djimavicpro', 'lifechanges', 'mountain', 'peace', 'paradise', 'venezuela', 'google']"
anaa_carrero,[]
thetrashtraveler,"['seahorses', 'environment', 'lisbon', 'wetwipes', 'happyfacechallenge', 'thebuttface', 'vencerapoluiçãoporplásticos', 'portugal', 'smallactsmatter', 'sunnydays', 'worldrecord', 'awareness', 'greatglobalpellethunt', 'soldacaparica', 'microplastic', 'fujitsu', 'river', 'beachclean', 'algés', 'caparica', 'oceanplastic', 'microplastics', 'rethink', 'tejo', 'beachdays', 'almada', 'tedx', 'capcut', 'beatpelletpollution', 'porto', 'madeira', 'tedtalk', 'ted', 'healthissues', 'trafaria', 'plasticpollution', 'reuserevolution', 'ukulele', 'savetheseahorses', 'marinelitter', 'circulareconomy', 'cigarettebutts', 'protectouroceans', 'broom', 'fy', 'protecttheocean', 'lisboa', 'fyp', 'buttfacechallenge', 'buttface']"
katie.one,"['vacationoutfits', 'swarovski', 'livestreaming', 'swarovskiidyllia', 'coachella2024', 'revolvefestival', 'espresso', 'couplecomedy', 'coffee', 'swarovskihyperbola', 'vinivia', 'viniviacreatorcommunity', 'styletip', 'swarovskimillenia', 'doitlive', 'couple']"
gamanderlopez,"['relaxingvideos', 'winter', 'naturlover', 'relaxation', 'relax', 'wildanimals', 'photoshoot', 'hide', 'sonygenuine', 'wildlife', 'bird', 'wildlifephotography', 'wildanimal', 'nature']"
elzaglow,"['faceyoga', 'antiaging', 'eyebrow', 'facemassage', 'nobotox', 'hoodedeyes', 'eyebrows', 'massagetutorial', 'selfcare', 'jawline', 'facecare', 'glowup', 'slimnose', 'glowuptips', 'viraltiktok', 'facefitness', 'fullface']"
christopherclaflin,"['howtotiktok', 'warhammer40k', 'civilwarmovie2024', 'pokemon', 'bringcloaksback', 'economy', 'politics', 'taxes', 'aragorn', 'civilwar', 'dnd', 'tabletopgames', 'warhammer', 'knightwearco', 'tiktokban', 'cloakbrand', 'jojosiwa', '90skids', 'capitalism', 'cloaks', 'gamesworkshop', 'lordoftherings', 'pokemonfacts', '3dprinting', 'greenscreen', '90s', 'aragorntok']"
hero_to_0,"['savewater', 'toilet', 'sustainability', 'japan']"
callmesassha,[]
trendingcapcuttemplates,"['cold', 'lightswitch', 'khalid', 'eyes', 'lanadelray', 'aesthetic', 'symphony', 'redpill', 'solo', 'gossipgirl', 'brothers', 'zoom', 'camilacabello', 'feelings', 'beautiful', 'highschool', 'stopmotiontrend', 'template', 'lifestyle', 'memecut', 'allnight', 'bluepill', 'filter', 'airplane', 'viral', 'missme', 'geazy', 'rules', 'friends', 'waves', 'fireball', 'chicago', 'besties', 'arianagrande', 'funny', 'travel', 'silence', 'velocity', 'kissme', 'love', 'deathbed', 'gangnamstyle', 'intentionally', 'cinematic', 'pureimagination', 'edit', 'capcut', 'iyaz', 'trend', 'jamesarthur', 'selflove', 'slowmo', 'imaginedragons', 'mood', 'fireworks', 'vibes', 'thousandyears', 'lyrics', 'ladykillers', 'meme', 'safeplace', 'serena', 'akon', 'fyp', 'story', 'sad', 'trending', 'blairwaldorf']"
ws_templates,"['fypシ', 'creatorsearchinsight', 'capcuttemplate', 'creatorsearchinsights', 'phonk', 'smoothslowmo', 'smoothvelocity', 'travel', 'velocity', 'aprildump', 'capcut', 'trend', 'ai', 'lyrics', 'livephotocapcut', 'meme', 'dump', 'aiautofill', 'fyp']"
gotharuediting,"['capcut_edit', 'cinematography']"
my.influenci,[]
abillionapp,[]
mybirdbuddy,[]
raversland,"['lanadelrey', 'kidsmusic', 'technoremix', 'loosingweight', 'highproteinrecipes', 'technovibes', 'remixmusic', 'highproteinrecipe', 'partytime', 'techtok', 'techhousemusic', 'gymrats', 'ravers', 'proteinpizza', 'losingweigthjourney', 'rave', 'listeningtomusic', 'musicplaylist', 'lowcalorierecipe', 'musicfestival', 'technomusicrevolution', 'technolovers', 'desire', 'gymrecipe', 'youandme', 'bangers', 'technogirl', 'partyplaylist', 'acid', 'lowcaloriepizza', 'technoplaylist', 'techtokbrazil', 'andx', 'fitnessgoal', 'newdj', 'recipes', 'highprotein', 'ravetokedmtiktok', 'hardtechnolovers', 'newmusic', 'technotracks', 'lowcalorierecipes', 'festivalseason', 'technomusic', 'flashbacks', 'hardtechnodj', 'technobangers', 'wheelsonthebus']"
plantbasedonabudget,"['crunchysalad', 'tofu', 'plantbased', 'dessert', 'easymeals', 'brusselssprouts', 'potato', 'dairyfree', 'beans', 'redpeppers', 'sweetpotatorecipe', 'quinoa', 'chickpeas', 'kidfriendly', 'healthysalads', 'sweetpotato', 'mushrooms', 'quinoabowl', 'muffins', 'kalequinoasalad', 'brownieideas', 'vegan', 'recipes', 'peppers', 'healthydesserts', 'veganrecipe', 'plantbasedonbudget', 'healthydinner', 'recipeoftheday', 'saladbowl', 'stuffedpeppers', 'tacos', 'bananas', 'healthysoup', 'eggfree', 'muffinrecipe', 'easysalads', 'teriyaki', 'veganpasta', 'veggies', 'coldsalad', 'soup', 'dressing', 'meatballs', 'eatyourveggies', 'slaw', 'dinnertime', 'healthydessert', 'turmeric', 'easydinner', 'vegandinner', 'cheapmeals', 'plantbasedrecipes', 'spicypasta', 'bellpeppers', 'bananacake', 'easyrecipes', 'lentilsoup', 'saladrecipe', 'springsalad', 'tofurecipes', 'plantbasedonabudget', 'sidesalad', 'marinade', 'zucchini', 'healthysalad', 'veganbaking', 'healing', 'mealprepideas', 'beansalad', 'vegandessert', 'saladrecipes', 'stirfryrecipe', 'pasta', 'veganprotein', 'tofusticks', 'stirfry', 'apples', 'easydessert', 'springrecipes', 'cincodemayo', 'broccoli', 'soupson', 'saladdressing', 'mangosalad', 'tacosalad', 'recipeshare', 'sweettooth', 'blackbeanmeatballs', 'roastedredpeppers', 'vegansoup', 'blackbean', 'mealprep', 'crispy', 'brownies', 'vegancake', 'kale', 'bigsalad', 'budgetfriendly', 'comfortfood', 'healthyrecipes', 'choppedsalad', 'cakesofinstagram', 'dinnerideas', 'peanutdressing', 'quinoasalad', 'blueberries', 'dessertsofinstagram', 'salad']"
dr_idz,"['fitness', 'weightloss', 'nutritiontips', 'nutrition', 'health', 'fatloss']"
sapianism,"['veganism', 'campfirecooking', 'bushcrafting', 'bushcraftuk', 'wildcamping', 'camping', 'bodyweighttraining', 'outdoors', 'bushcraftshelter', 'bushcraftsurvival', 'nukes', 'foraging', 'forager', 'bushcraft', 'capcut', 'foraginguk', 'paleo', 'ukforaging', 'medicinalplants', 'calisthenics', 'campinghacks', 'ukbushcraft', 'wildfood', 'foragingtips']"
georgesams0n,[]
emilydamon3,"['celebration', 'home', 'onthisday', 'solotraveler', 'beach', 'lisbon', 'solotravel', 'history', 'createthelifeyouwant', 'workingout', 'obidos', 'portugal', 'weighttraining', 'beachvibes', 'travel', 'potugal']"
nishthef1sh,[]
notbogdang,[]
editzzz_..capcut,[]
skincarecharmer0,"['makeuptutorial', 'barber', 'spring', 'beautyproducts', 'exfoliate', 'lipoil', 'makeuproutine', 'concealer', 'summermakeup', 'erborian', 'earthday2024', 'drama', 'rodialbeauty', 'rhode', 'asmr', 'menshair', 'pinkmakeup', 'retinol', 'haircut', 'makeup', 'empties', 'morningroutine', 'blush', 'makeuptips', 'contentcreator', 'orangeblush', 'rodial', 'skincareroutine', 'gay', 'milkmakeup', 'concealerhack', 'earthday', 'skincare', 'skincareproducts', 'makeupcommunity', 'beauty', 'confidence', 'unboxing', 'skincarecommunity', 'grwmroutine', 'serum', 'elemis', 'fyp', 'sunsetblush', 'grwm', 'beautyfavorites', 'sustainability', 'prunboxing']"
pashionfootwear,"['springtrends', 'stagecoachoutfits', 'weddingguesstoutfit', 'celebwedding', 'pashionfootwear', 'butdaddyilovehim', 'comfyboots', '9to5problems', 'shoecloset', 'workhacks', 'fashionhack', 'corporatelife', 'weddinginspo', 'ttpd', 'thatsthatmeespresso', 'heelstoflats', 'nontraditionalwedding', 'greenscreen', 'haleypavone', 'innovativeproducts', 'espresso', 'alexcooperwedding', 'innovation', 'cowboycarter', 'fashionhacks', 'swifttok', 'stitch', 'sabrinacarpenter', 'workwear', '2024wedding', 'beyonceconcert', 'organizewithme', 'pettyqueen', 'convertibleheels', 'shoestorage', 'womeninstem', 'coworkersbelike', 'springstyle', 'thisainttexas', 'bridalstyle', 'customizableshoes', 'hotlikeyou', 'summertrends', 'comfyshoes', 'lifehack', 'storagehacks', 'festivalseason', 'concertoutfit', 'highheelsshoes', 'lol', 'weddingshoes', 'weddingtok', 'fashiontips', 'fashiontech', 'crocodileprint', 'imworkinglate', 'womensshoes', 'lifehacks', 'neutralaesthetic']"
catarinafpb,[]
7flowermushroom,[]
theoutdoornerds,[]
bobbyparrish,"['bobbyapproved', 'costcohaul', 'aldi', 'alditiktok', 'choppedsandwich', 'costco', 'costcobuys', 'laundry', 'wholefoods', 'ketosandwich', 'avocadooil', 'laundrydetergent', 'pbandj', 'costcodeals', 'eatthisnotthat', 'bagel', 'selfcaretips', 'oliveoil', 'aldifinds', 'chapstick', 'lipbalmaddict', 'wholefoodsmarket', 'healthyfood', 'loxbagel', 'avocadotoast', 'healthylifestyle', 'bagels', 'avocadobread', 'healthyliving', 'skincare', 'costcosavings', 'recipes', 'costcofinds', 'pbj', 'extravirginoliveoil', 'costcomusthaves', 'laundrytok', 'skincaretips', 'evoo', 'keto', 'aldihaul', 'toothpaste', 'lipbalm', 'wholefoodshaul', 'tiktokrecipe']"
robertwblove,"['allulose', 'longevity', 'healthandwellness', 'magnesium', 'omega3s', 'marriage', 'womenshealth', 'sponsored', 'robertwblove', 'wedding', 'anxiety', 'robertloveneuroscientist', 'dairyfree', 'antiaging', 'stress', 'blueprint', 'advice', 'caffeine', 'alzheimers', 'brain', 'sleep', 'supplement', 'collagen', 'aginggracefully', 'interview', 'inflammation', 'mctoil', 'organic', 'coffee', 'aging', 'lionsmane', 'brainsupplements', 'fishoil', 'memory', 'wrinkles', 'bryanjohnson', 'robertlove', 'antaging', 'weddinggifts', 'neurogenesis', 'supplements', 'dementia', 'sleepsupplements', 'quality', 'polyphenols', 'bryanjohson', 'dairy', 'depression', 'antiaing', 'mushrooms']"
sagewealth,[]
tiktokglobal,[]
unilever.tiktok,[]
unileverofficial,[]
shaninblake999,"['fyp', 'fy']"
breakthepsycle_,"['pain', 'healing', 'emotion', 'animation', 'fyp']"
sailawaymedia,"['advertising', 'paidsocial', 'advertisingtiktok', 'socialmediamarketing', 'marketinghacks', 'instagramads', 'tiktokads', 'marketingdigital', 'greenscreen', 'smallbusinesstiktok', 'facebookads']"
roxythezoologist,"['nature', 'dubai', 'dubaidesert', 'wildanimals', 'lion', 'puffin', 'filmmaker', 'photographer', 'wildlife', 'filmmaking', 'wildlifephotography', 'uaewildlife', 'desert']"
avelingartworks,"['snail', 'golf', 'augusta', 'marellaandmart', 'endthecull', 'tiger', 'themasters', 'greenjacket', 'wildlifeartivism']"
americanaddictioncenters,"['addiction', 'recovery', 'sobriety', 'druguse', 'addictionrecovery', 'rehab']"
purposeflow_living,"['art', 'herbalism', 'nature', 'sustainablebuilding', 'interrelations', 'sustainableliving', 'regeneration', 'braidingsweetgrass', 'reforestportugal', 'wwoofer', 'carpentry', 'ecobuilding', 'plantworld', 'woodwork', 'workawayadventure']"
dylanmulvaney,"['refbeverlyhills', 'cover', 'sexandthecity', 'singing', 'charlotteyork']"
rainbowfrogbiscuits,"['beads', 'hairstyle', 'lookaround', 'handmade', 'jewellery', 'fyp', 'hair', 'foryou']"
mrs.marketing,"['contentcreaortips', 'lowviews', 'swifties', 'picsart', 'socialmediamarketing', 'picsartambassador', 'tiktoknotes', 'subliminal', 'diorbeauty', 'personaldevelopment', 'quotesaesthetic', 'grwmmakeup', 'mac', 'dior', 'digitalmarketing', 'amsterdam', 'essencecosmetics', 'tiktoknews', 'grwm', 'tiktokgrowth', 'amsterdamtips', 'contentcreation', 'ugc', 'socialmediafeed', 'hooks', 'benandjerrys', 'capcut', 'caudalie', 'maccosmetics', 'tiktokban', 'taylorswift', 'ugccreator', '2024energy', 'microinfluencer', 'trendingsounds', 'gisou', 'amsterdamfood', 'trendingsound', 'tiktoktips', 'socialmediamanager', 'growontiktok', 'contentcreatortips', 'kiko', 'traveltips', 'maybelline', 'trendalert', 'personalgrowth', 'mindsetmotivation', 'trending', 'socialmediatips']"
mario.prawira,[]
forrestgalante,"['animaltok', 'rarefish', 'deepsea', 'snakes', 'capcut', 'sharks', 'extinctanimals', 'saveourplanet', 'cloning', 'wildlife', 'fyp', 'herpetology', 'sharkweek', 'conservation', 'venomoussnakes', 'foryou', 'crocodile']"
williamgeorge29,[]
dbistrova,[]
max_balegde,"['howtodatebillywalsh', 'jojosiwa', 'northwest', 'perrieedwards', 'perrie', 'zendaya', 'branding', 'littlemix', 'taylorswift', 'ryangosling', 'uk', 'torturedpoetsdepartment', 'fyp', 'pitchperfect', 'duet', 'karma', 'kimkardashian', 'stitch']"
kieram.litchfield,"['eclipse', 'solareclipse']"
blondesigns,"['ruggablexjustinablakeney', 'ruggablepartner']"
fungiperfecti,"['maitake', 'mycology', 'mushtok', 'ganoderma', 'dyerspolypore', 'fungiperfecti', 'latinbinomials', 'biodiversityisbiosecurity', 'mushroomeducation', 'imagination', 'nature', 'funga', 'researchanddevelopment', 'forest', 'mycophiles', 'sustainability', 'mycobrew', 'foraging', 'scientificname', 'fungi', 'ganodermaapplanatum', 'polypores', 'poweredbymushroommycelium', 'scienceisfun', 'mycelialnetwork', 'mushroomforaging', 'chickenofthewoods', 'lionsmane', 'ai', 'artificialintelligence', 'biodiversity', 'mycelium', 'deermushroom', 'turkeytail', 'paulstamets', 'abugslife', 'mushroom', 'mushrooms', 'mushroomlovers']"
adhdvision,"['adhdsquad', 'adhdwomen', 'adhdinwomen', 'adhdadult', 'adhdmemes', 'adhdhacks', 'adhdlife', 'adhdtips', 'adhdtiktok', 'adhdexplained', 'adhdproblems', 'adhdsupport', 'adhd', 'adhdstruggles']"
netta,[]
laurenswildlife,"['taylorswift', 'vetstudent', 'vetschool', 'medschool']"
thebeardedburch,[]
fredagainagain,[]
behind_the_greens,[]
sweetvarnvarn,"['insta360x3', 'ซากุรันโบะ', 'guangzhou', 'futuremobility', 'ride', 'ev', 'insta360thailand', 'ต่อขนตา', 'ร้านต่อขนตารัชดา22', 'car', 'รถไฟฟ้า', 'xpeng', 'cycling', 'xpengg6', 'evcar', 'insta360', 'cyclingkits', 'supercar', 'lotuscarsthailand']"
suatism,[]
coyotewoman,"['nc', 'wildanimals', 'beginner', 'yallternative', 'wildlife', 'redwolf', 'wolves', 'westernriding', 'wildlifephotography', 'northcarolina', 'dirtroad', 'riding']"
natalka._.__,[]
caliperglobal,[]
aalexiaevellyn,[]
headspace,"['prioritizeyourself', 'dreamjob', 'ttpd', 'tips', 'groundingexercise', 'visualization', 'breathe', 'mindfulness', 'mentalhealth', 'youareenough', 'deepbreaths', 'torturedpoetsdepartment', 'jobseekers', 'mentalhealthcoaching', 'stressawarenessmonth', 'gratitude', 'breathingexercise']"
evalongoria,"['padel', 'padeltennis', 'sietefoods', 'tunaguachile', 'lorealparispartner', 'fajitas', 'funtimes', 'recipe', 'duet']"
davidsuh,[]
marcoandredasilva,[]
smlcrzy,[]
thenameisravs,"['indieartist', 'rose', 'roseypeach', 'artistsoftiktok', 'glassskin', 'patmcgrath', 'makeup', 'makeupartist', 'mua', 'peach', 'interview', 'musicinterview', 'artistinterview', 'patmcgrathmaisonmargiela', 'rnbartist', 'musicvideo', 'tangled', 'diy', 'maisonmargiela', 'glassskinmakeup', 'singersongwriter']"
bysandylin,['lays_partner']
marcrebillet,[]
benkielesinski,[]
siestacampers,[]
klrdubs,[]
chrxstopherhall,[]
liola.liola,"['londontown', 'polandisbeautiful', 'polska', 'londonbylondoners', 'polandiseverywhere', 'gdansk', 'netherlands', 'gdanskcityguide', 'london', 'londonlife', 'londonhotspots', 'gdanskcity', 'european', 'londondiaries', 'trojmiasto', 'londontiktok', 'gdańsk', 'cityscape', 'europetravel', 'keukenhof', 'poland🇵🇱', 'tricity']"
thecommonwanderer,[]
itslennnie,"['lennnie', 'animation', 'mentalhealth']"
cosgrome,[]
pro_guide_safari,"['ropebridge', 'duck', 'forced', 'windyday', '🇮🇪', 'magpie', 'northenireland', 'proguide', 'ireland🇨🇮', 'wildatlanticway', 'luckyduck', 'beach', 'foxes', 'weekend', 'travel', 'rocks', 'malinhead', 'buncrana', 'giantscauseway', 'wildireland', 'farmlife', 'guinness', 'fypシ゚viral', 'beer', 'bears', 'fyp']"
juusohd,[]
erikakullberg,"['travel', 'erikataughtme', 'lawyer']"
auuroraaaaa__,[]
bynxmusic,[]
putting_the_b_in_bpd,"['nd', 'asokamakeup', 'adhdprobs', 'emo', 'emokid', 'asoka', 'curlygirlmethod', 'aimusic', 'asd', 'bpd', 'aiprograms', 'hairstyle', 'adhdapps', 'stylemyhairwithme', 'stimming', 'thoughtexperiment', 'adhd', 'dsm', 'curlygirl', 'greenscreenvideo', 'nostalgia', 'changingstyles', 'elderemo', 'forevertheweirdkid', 'curlyhairstyle', 'formspring', 'appsthatwork', 'ai', 'goingnonverbal', 'neurodivergentproblems', 'lego', 'onthisday', 'makeuptransition', 'millennial', 'instagram', 'bipittyfriends', 'makeuptrend', 'askfm', 'audhd', 'curlyhair', 'puttingbthebinbpd', 'puttingthebinbpd', 'legobonsaitree']"
kirstietaylorr,[]
littleraeofhealth,[]
jackwolfskin,"['friendship', 'seasheperd', 'trekking', 'ocean', 'camping', 'nature', 'outdoor', 'bikepacking', 'clothes', 'newzealand', 'iceland', 'roadtrip', 'jwdrip', 'travel', 'kenya', 'ecosystem', 'adventure', 'overfishing', 'friendstrip', 'welivetodiscover', 'mustseeplaces', 'inspiring', 'hiking', 'cycling', 'worldearthday', 'peru']"
aerialtabby,['greenscreen']
