Username,Hashtags
digitalnadiplomatija,[]
ciulla1004,['dogsoftiktok']
japan_olympic,"['akatsukijapan', '鈴木歩佳', 'maketu', 'バスケットボール', 'あいらあい', 'yudaibaba', 'メイク術', 'basketball', 'コスメ', 'フェアリージャパン', 'アイライナー', '練習メニュー', 'メイク', '半顔メイク', 'makeuptutorial', 'bリーグ', 'make', 'がんばれニッポン', '新体操', 'teamjapan', 'makeup', 'ハウツー', 'すずかき', '馬場雄大', 'マスカラ']"
nauseda.gitanas,[]
laurentlaforge6,[]
ministry.of.healt,[]
britisharmyengagement,[]
youthmusic,"['creativejobs', 'povstories', 'musicfunding', 'artistfunding', 'behindthescenes', 'musicjobs', 'careersupport', 'musicindustry', 'jobsinmusic', 'creativeindustry', 'dayinthelife', 'creativeopportunities']"
embaixadoresedu,[]
governosp,['spportodas']
jaron.steve,"['goldenretriever', 'apache207', 'ayliva', 'haareschneiden', 'auto', 'fyp', 'crazy', 'balou', 'haha', 'jaronsteve', 'verrückt', 'wunder']"
abdullahihoshow,"['ciidmubarak', 'عيد_سعيد', 'foryou', 'fyp', 'eidmubark', 'eid', 'foryoupage']"
abdalemoh,"['somali', 'muslim']"
msfkorea,[]
emmanuelmacron,[]
korea_fire_119,[]
tcfcanada,[]
infobmkg,"['cuacaekstrem', 'gerhanamataharitotal', 'sobatbmkg', 'barcelona', 'mudikceriapenuhmakna', 'beritabmkg', 'tipsmudik', 'bmkgoneminute', 'mudiklebaran', 'infobmkg', 'kontenhumasbmkg', 'unoceandecade', 'gerhana2024']"
drk_schwesternschaft_ffm,[]
islamicreliefca,[]
el_mef,[]
inclusionecuador,"['ec', 'viral', 'elnuevoecuador', 'gobiernoenlagasca', 'ecuador', 'fyp', 'apoyointegralfamiliar', 'acciónporecuador', 'tiktok', 'historiasdevida', 'parati', 'familia', 'quito', 'mies', 'inclusion', 'gsdesarrollosocial']"
EmbassyMalaysiaIt,[]
csagavietnam,[]
felix.burda.stiftung,[]
kinderkunsthaus,"['creative', 'kunst', 'kinderkunsthaus', 'kreativtipp', 'happyweekend', 'artwithkids', 'muenchen']"
islamicreliefusa,"['earthquake', 'makeyourvoicecount', 'gaza', 'blueshirt', 'givingback', 'eidmubarak', 'voiceyourchoice', 'nightofpower', 'laylatulqadr', 'eid2024', 'volunteerweek', 'eidalfitr', 'nvw', 'everyvotecounts', 'nationalvolunteerweek', 'irusavotes', 'volunteer', 'morocco', 'nvm', 'teamblue', 'voteforchange', 'rockthevote', 'ramadan', 'zakat', 'notatarget']"
nhm.gov.in,[]
enyamayaro,[]
skillindiaofficial,[]
jyiyihu,[]
habitataustralia,[]
ecounesco,[]
itarunagata,"['櫻満開', 'さきく満開', 'さくら坂', '欅坂46']"
jess_mclennan,[]
worldvisionperu,[]
compassion.de,[]
worldvisionlanka,"['earthday', 'srilanka']"
undpukraine,[]
ohchr_roca,[]
usern94114mezg,[]
catherinephilbin,[]
sewainternational,[]
worldvisionindia,[]
l.prithvirajsingh,[]
onhavanvui,[]
worldvisionbolivia,[]
momsdemand,['taxday']
ericasmallenbroek,[]
truecolorsunited,"['transdayofvisibility', 'spanish', 'truecolorsunited', 'fyp', 'transrights', 'truecolors', 'tdov', 'foryoupage', 'lgbtqrights', 'advocacy']"
mayoroflondon,[]
danielebertana,[]
worldvisionusa,['farmbill']
tt3zo,[]
wotrindia,[]
wwf_australia,"['release', 'oceanlife', 'australia', 'goodnews', 'greatbarrierreef', 'victoriaforests', 'animals', 'trees', 'marsupial', 'quoll', 'makeadifference', 'whaletok', 'rewildlingaustralia', 'reef', 'animalsoftiktok', 'oceanvibe', 'wildlife', 'wwfaustralia', 'saveouroceans', 'perrytheplatypus', 'tiktokgood', 'platypus', 'antarctica', 'wildliferecovery', 'endangered', 'ocean', 'nature', 'goodvibes', 'turtles', 'penguin', 'whale', 'seal', 'bluewhale', 'aussieanimals', 'takeaction', 'friyay', 'breakingnews', 'forest', 'behindthescenes', 'australiananimals', 'conservation', 'greatforestnationalpark']"
marisemontrose,[]
katiehoeflinger,[]
a_window_to_the_world,[]
hitratct,[]
eurovision,"['unitedbymusic', 'eurovision2024']"
roma.capitale,"['settimanadelpodcast', 'colori', 'rose', 'montesacro', 'circomassimo', 'matildegioli', 'edoardoferrario', 'romics32', 'natalediroma2024', 'giorgiomariadaviddi', 'docnelletuemani', 'roma', 'portuense', 'sangiovanni', 'rosetocomunalediroma', 'natalediroma', 'roseto', 'orachecipenso', 'francescodecarlo', 'stefanorapone', 'viecce', 'podcast', 'worshop', 'marefuori', 'legionari', 'tuscolano', 'romacapitale', 'nicolalagioia', 'amentelibera', 'triomedusa', 'matteopaolillo', 'festadellaresistenzaroma24', 'cultureroma', 'gladiatori', 'quartieri', 'fiori', 'festadellaresistenza', 'natura', 'costituzione', 'macromuseoroma', 'valeriolundini', 'primavera', 'garbatella', 'martafilippi', 'bibliotechediroma']"
aspca,"['animalrescue', 'rescuedogs', 'nationalhighfiveday', 'rescuepet', 'nationaldogfightingawarenessday', 'fyp', 'animals', 'adopt', 'happytail', 'foryoupage', 'dogsoftiktok', 'aspca']"
conservationafr,[]
wateraidbangladesh,[]
31737968049,[]
italyexpo2025osaka,[]
changedotorg,"['earthday2024', 'protest', '2024olympics', 'foxnews', 'alecbaldwin', 'election2024', 'pdiddy', 'solareclipse', 'braidsforcole', 'netanyahu', 'antibullying', 'running', 'nyc', 'school', 'solareclipse2024', 'kentstate', 'bostonmarathon', 'abortion', 'diddy', 'wyoming', 'usmexicoborder', 'columbiauniversity', 'earthdaynetwork', 'safetyonset', 'animals', 'crime', 'dogs', 'abortionrights', 'alshifa', 'trump', 'birds', 'teamusa', 'eclipse', 'halynahutchins', 'friendshippark', 'border', 'gunsafety', 'tiktok', 'caitlinclark', 'campuscontroversy', 'wnba', 'trackandfield', 'israel', 'arizonaabortionlaw', 'mmip', 'metoo', 'australia', 'earthday', 'magpie', 'codyroberts', 'palestine', 'worldcentralkitchen', 'howardu', 'risinghearts', 'harveyweinstein', 'tiktokban', 'maulikpancholy', 'notiktokban', '1864abortionlaw', 'conservation', 'womensbasketball', 'immigration', 'gaza', 'totaleclipse', 'schoolboards', 'peggyandmolly', 'lgbtq', 'howarduniversity', 'endplastics', 'college', 'usborder', 'wolf', 'homophobia', 'bookban', 'womenssports', 'weinstein', 'students', 'arizona', 'kylerittenhouse', 'wolfhunting', 'barkleymarathons', 'pets', 'colebringsplenty', 'eclipse2024', 'marathon', 'turningpointusa']"
pakinathens,[]
cf_foundation,[]
user00988989000,[]
worldgovsummit,"['القمة_العالمية_للحكومات', 'worldgovsummit', 'wgs24']"
visitdubai.ar,"['السياحة_في_دبي', 'اكسبلور', 'dubai', 'دبي']"
chnembassy_jp,[]
mohapuae,"['عساكم_من_عواده', 'يوم_الصحة_العالمي', 'mohap_uae', 'صحتي_حقي', 'eidmubarak', 'عيدكم_مبارك', 'worldhealthday', 'myhealthmyright', 'who76', 'وزارة_الصحة_ووقاية_المجتمع_الإمارات']"
dha_dubai,[]
userh6eu9ablhr,[]
andrezanelli,[]
mryawarabbas,[]
swipeouthunger,"['sza', 'taylorswift', 'solareclipse2024', 'fyp', 'onedirection', 'badbunny', 'swipeouthunger', 'beyonce', 'oliviarodrigo']"
sosindia,[]
kittylover61,[]
hillelintl,"['careerpath', 'newjob', 'jewishtiktok', 'jewishjobs', 'jewishcareers', 'jewish', 'sharktank', 'ownyourstar', 'greenscreen', 'eclipse', 'adamsandler', 'college', 'jewishlife', 'princeofegypt', 'jewishlifeoncampus', 'antisemitism', 'passover', 'pesach', 'newcareer', 'mayimbialik', 'israel', 'galgadot', 'hillel', 'iact']"
kudzi,[]
sageusa,[]
realdavecole,[]
mindcharity,"['selfworth', 'selfcareroutine', 'tiktokmemes', 'politics', 'news', 'griefawareness', 'mentalhealthtiktok', 'selfcare', 'ocdawareness', 'mentalhealthmatters', 'elections', 'uktiktok', 'mentalhealthmemes', 'government', 'mentalhealth', 'hospitaltiktoks', 'dailyaffirmations', 'mentalhealthtiktoks', 'ukgovernment', 'mentalhealthawareness', 'vote', 'grief']"
thierrybreton,[]
rainforestfoundation,"['amazonrainforest', 'legotiktok', 'rainforestfoundation', 'earthday', 'lego', 'protectourplanet']"
earthdaynetworkin,[]
marchofdimes,"['volunteerhours', 'stepup', 'blackmomsmatter', 'charity', 'babyannouncement', 'environment', 'minorityhealthmonth', 'whyiwalk', 'earthday', 'nicubaby', 'maternitycaredesert', 'airpollution', 'itstartswithmom', 'pregnancytest', 'nicu', 'healthequity', 'marchofdimespartner', 'nationalsiblingsday', 'maternalhealth', '23weeker', 'volunteerweek', 'healthypregnancy', 'nicudad', 'babysprinkle', 'marchofdimes', 'linkinbio', 'volunteering', 'prenatal', 'babygifts', 'nationalvolunteerweek', 'pregnant', 'marchforchange', 'rsvvaccine', 'volunteeropportunities', 'jeopardytheme', 'vaccine', 'pregnancyannouncement', 'nicufamily', 'maternitycare', 'folicacid', 'nicumom', 'volunteer', 'blackmaternalhealthweek', 'wellwomancare', 'nationalwalkingday', 'marchforbabies', 'blanketchange', 'tournamentofchampions', 'preemie', 'babyshower', 'nonprofit', 'preganancytips', 'tdapvaccine', 'giftideas', 'expectingmom', 'prenatalhealth', 'jeopardy', 'pregnancy', 'reproductivehealth', 'ignitingimpacttogether', 'climatechange', 'walkingday', 'fluvaccine', 'babysprinkleidea', 'duet', 'bigsister', 'vaccines', 'alisonbetts', 'fundraisingideas', 'babyshoweridea']"
dubaicares,"['gazainourhearts', 'تبنى_مدرسة', 'adoptaschool', 'غزة_في_القلب،', 'makeadifference', 'volunteers', 'volunteeremirates', 'volunteerglobally', 'التطوع_حول_العالم', 'uae', 'التطوع_في_الامارات', 'communityservice', 'دبي_العطاء', 'volunteeropportunities', 'callsforvolunteer', 'impactmatters', 'volunteer', 'انضم_الينا', 'تطوع', 'متطوعين_الامارات', 'joinustoday', 'dubaicares', 'dubai', 'متطوعي_الامارات']"
unwomensuomi,[]
uninvietnam,[]
skyinmanila,[]
idftweets,[]
saikibtc,[]
kemkominfo,"['beasiswakominfo', 'beasiswas2']"
kemenpppa,"['perempuanberdaya', 'lebaran', 'fyp', 'mudik', 'kemenpppa', 'harikartini']"
pprmofa,[]
mfasomalia,[]
sujiroseam,[]
soomaaliya,[]
somalia,[]
bpspl.padang,"['bpsplpadang', 'menterikkp', '2024kkpbeyond', 'idulfitri', 'bijakmengelolalaut', 'ekonomibiru', 'sailbeyondwithblueeconomy', 'sahabatbahari', 'djpkrl', 'kkpgoid', '25tahunkkp']"
tourismphilippines,[]
kemensosri,"['indonesiatangguh', 'antinarkoba', 'pena', 'tagana', 'siapuntukselamat', 'disabilitas', 'atensi', 'hkb2024', 'responkasus', 'indonesiahebat', 'selasapapua', 'layanandukunganpsikososial', 'idulfitri1445h', 'mudik2024', 'sobatsosial', 'longsortanatoraja', 'tanahlongsor', 'krisnabali', 'lumbungsosial', 'gunungmeletus', 'harikartini2024', 'berdikarisejahtera', 'harikesiapsiagaanbencana', 'prayforgunungruang', 'pemberdayaansosial', 'mudikceriapenuhmakna', 'kurangirisikobencana', 'berdikarisejatera', 'kemensos', 'lansia', 'ramadan2024', 'kemensosri', 'rst', 'penangananbencana', 'budayasadarbencana', 'bencanalongsortoraja']"
somali,[]
mofasomalia,[]
rcce_id,"['rcceid', 'mudikceriapenuhmakna']"
ditjen_imigrasi,"['immigration', 'indonesiavisa', 'visaindonesia', 'indonesia', 'imigrasikupang', 'penindakankeimigrasian', 'imigrasiyogyakarta', 'realityshow', 'hyoyeonsnsd', 'indonesiaimmigration', 'kantorimigrasi', 'halalfair2024', 'ditakarang', 'hyoyeon', 'imigrasi', 'apink', 'idulfitri1445h', 'myskincareroutine', 'pickmetripinbali', 'infoliburlebaran', 'hotlineimigrasi', 'layananpercepatanpaspor', 'jelajahramadan', 'avoidoverstay', 'layanankeimigrasian', 'immigrationindonesia', 'penegakkanhukumkeimigrasian', 'staypermit', 'uruspaspormudah', 'buatpaspor', 'immirationservice', 'staypermitindonesia', 'pengawasankeimigrasian', 'bridgingvisa', 'pasporindonesia', 'evisaimigrasi', 'ramadan', 'evisa', 'imigrasiindonesia', 'wasdakim', 'pelayananpaspor', 'paspor', 'infovisa', 'bomi', 'yogyakarta']"
djikp,[]
brin_indonesia,"['risetinovasi', 'circlesubi', 'idulfitri', 'bali', '3tahunbrinteraksi', 'ubi', 'kawanbrin', '1445h', 'brinteraksiuntukindonesiamaju', 'brin', 'halalbihalal', '3tahunbrin', 'reformasibirokrasi']"
pesonaindonesia,"['wonderfulindonesia', 'DiIndonesiaAja']"
kemenparekraf,"['waterforsharedprosperity', 'womenempowermentintourism', 'anugerahdesawisataindonesia2024', 'enhaii', 'sobatparekraf🙏', 'lombok', 'adwi2024', 'banggaberwisatadiindonesia', 'dipoltekparaja', 'dipoltekparnhiaja', 'pesonaindonesia', 'diindonesiaaja✅️', 'santridigitalpreneur', 'ntb', 'enhaiiers', 'DiIndonesiaAja', 'katakreatif', 'indonesiakini', '2nduntourismregionalconference', 'banggabuatanindonesia', 'womensupportingwomen', 'geoparkmerangin', 'wonderfulindonesia', 'sbmpoliteknikpariwisata', 'rekomendasimimin', 'diindonesiaaja🇮🇩', 'sobatparekraf', 'harikartini', '10thworldwaterforum', 'poltekparpalembang', 'poltekparnhibandung', 'kartiniday', 'sobatparekraf👋ingin', 'tanyasobatparekraf', 'belikreatiflokal', 'desawisata', 'wonderwomenuntourism']"
israeli_air_force,"['passover', 'מסוק', 'הגנה', 'חילהאוויר', 'צהל', 'f35']"
nami,[]
edwingoutier,[]
jdannemiller,[]
glaad,"['dragrace', 'protectthiskid']"
melcarle,[]
larissarydin,[]
gov.sg,['selamathariraya']
mofspore,"['askmof', 'sgbudget2024', 'cdcvouchers', 'mofsupportforyou', 'mofanswers', 'icymi']"
americanheartassociation,"['music', 'inclusión', 'knowdiabetesbyheart', 'beyhive', 'meme', 'saludcardiovascular', 'memecut', 'comunidadhispana', 'recipes', 'workout', 'taylorswift', 'fitness', 'nationoflifesavers', 'queenbey', 'healthyheart', 'gymlife', 'walkingday', 'cowboycarter', 'tsttpd', 'beyonce']"
afterschoolallstars,[]
nituna1966,[]
pencilsofpromise,[]
beardfoundation,[]
audubonsociety,"['maincharacter', 'warblers', 'plantsforbirds', 'fyp', 'hummingbirds', 'nativeplants', 'springmigration']"
autismspeaks,"['actfearlessly', 'actfearlessyforchange']"
trevorproject,"['lgbtqtiktok', 'trevorproject', 'lesbianvisibilityweek', 'lgbtqpride']"
stonewallfoundation,[]
nokidhungry,"['nonprofitorganization', 'thingsthatjustmakesense', 'justmakesense', 'nokidhungry', 'endchildhoodhunger', 'nonprofitsoftiktok', 'trending', 'nonprofitlife', 'dayinthelife', 'nonprofit']"
musicaresfoundation,"['nationalvolunteermonth', 'thedaythatmusiccares', 'gettogetherdogood']"
sierraclub,[]
sarahyergeau,[]
givingtuesdayke,[]
giovanicri.grottaglie,[]
kitschcreek,[]
givingtuesdaycolombia,[]
spb_redcross,[]
givingtuesdayindia,[]
cripavia,[]
crocerossasantasevera,[]
giovanicrifirenze,[]
uwbengaluru2019,[]
bestfriendsanimalsociety,"['straykittens', 'cat', 'catexpert', 'craftcattoys', 'dog', 'savethemall', 'findingkittens', 'skateboardingdog', 'diycattoys', 'kittensoutside', 'cats', 'dogs', 'puppy', 'ifoundakitten', 'nokill2025', 'bringlovehome', 'helpcatsfromhome', 'nationalvolunteerweek']"
pmilomboktimur,[]
givingtuesdayuk,[]
giovanicrivarese,[]
cruzrojaecuador,"['cruzroja', 'quieroservoluntario', 'encuentroscre']"
janicebabineau,[]
ifrcasiapacific,[]
irisvandeinse,[]
seewagz,[]
vanessa_xd_18,[]
designifrc,[]
corriebutler,[]
corinneambler8,[]
joredcrescent,[]
tiwamungu,[]
