75% - 100% (100th percentile) from 0.0001272294743559514 to 0.0003661496599379305
henriphotos,0.00012737765518719158
cpt.levi143,0.00012737765518719158
tinassee,0.00012737765518719158
innovativehippie1111,0.00012737765518719158
rasselperson,0.00012737765518719158
reeyco,0.00012737765518719158
anaa_carrero,0.00012737765518719158
thetrashtraveler,0.00012737765518719158
katie.one,0.00012737765518719158
gamanderlopez,0.00012737765518719158
elzaglow,0.00012737765518719158
christopherclaflin,0.00012737765518719158
hero_to_0,0.00012737765518719158
callmesassha,0.00012737765518719158
trendingcapcuttemplates,0.00012737765518719158
ws_templates,0.00012737765518719158
gotharuediting,0.00012737765518719158
my.influenci,0.00012737765518719158
abillionapp,0.00012737765518719158
mybirdbuddy,0.00012737765518719158
raversland,0.00012737765518719158
plantbasedonabudget,0.00012737765518719158
dr_idz,0.00012737765518719158
sapianism,0.00012737765518719158
georgesams0n,0.00012737765518719158
emilydamon3,0.00012737765518719158
nishthef1sh,0.00012737765518719158
notbogdang,0.00012737765518719158
editzzz_..capcut,0.00012737765518719158
skincarecharmer0,0.00012737765518719158
pashionfootwear,0.00012737765518719158
catarinafpb,0.00012737765518719158
7flowermushroom,0.00012737765518719158
theoutdoornerds,0.00012737765518719158
bobbyparrish,0.00012737765518719158
robertwblove,0.00012737765518719158
sagewealth,0.00012737765518719158
tiktokglobal,0.00012737765518719158
unilever.tiktok,0.00012737765518719158
unileverofficial,0.00012737765518719158
shaninblake999,0.00012737765518719158
breakthepsycle_,0.00012737765518719158
sailawaymedia,0.00012737765518719158
roxythezoologist,0.00012737765518719158
avelingartworks,0.00012737765518719158
americanaddictioncenters,0.00012737765518719158
purposeflow_living,0.00012737765518719158
dylanmulvaney,0.00012737765518719158
rainbowfrogbiscuits,0.00012737765518719158
mrs.marketing,0.00012737765518719158
mario.prawira,0.00012737765518719158
forrestgalante,0.00012737765518719158
williamgeorge29,0.00012737765518719158
dbistrova,0.00012737765518719158
max_balegde,0.00012737765518719158
kieram.litchfield,0.00012737765518719158
blondesigns,0.00012737765518719158
fungiperfecti,0.00012737765518719158
adhdvision,0.00012737765518719158
netta,0.00012737765518719158
laurenswildlife,0.00012737765518719158
thebeardedburch,0.00012737765518719158
fredagainagain,0.00012737765518719158
behind_the_greens,0.00012737765518719158
sweetvarnvarn,0.00012737765518719158
suatism,0.00012737765518719158
coyotewoman,0.00012737765518719158
natalka._.__,0.00012737765518719158
caliperglobal,0.00012737765518719158
aalexiaevellyn,0.00012737765518719158
headspace,0.00012737765518719158
evalongoria,0.00012737765518719158
davidsuh,0.00012737765518719158
marcoandredasilva,0.00012737765518719158
smlcrzy,0.00012737765518719158
thenameisravs,0.00012737765518719158
bysandylin,0.00012737765518719158
marcrebillet,0.00012737765518719158
benkielesinski,0.00012737765518719158
siestacampers,0.00012737765518719158
klrdubs,0.00012737765518719158
chrxstopherhall,0.00012737765518719158
liola.liola,0.00012737765518719158
thecommonwanderer,0.00012737765518719158
itslennnie,0.00012737765518719158
cosgrome,0.00012737765518719158
pro_guide_safari,0.00012737765518719158
juusohd,0.00012737765518719158
erikakullberg,0.00012737765518719158
auuroraaaaa__,0.00012737765518719158
bynxmusic,0.00012737765518719158
putting_the_b_in_bpd,0.00012737765518719158
kirstietaylorr,0.00012737765518719158
littleraeofhealth,0.00012737765518719158
jackwolfskin,0.00012737765518719158
aerialtabby,0.00012737765518719158
senpaiblackfoot,0.00012737765518719158
pelacase,0.00012737765518719158
josh.zilberberg,0.00012737765518719158
thesaladlab,0.00012737765518719158
treedom_trees,0.00012737765518719158
yourdaye,0.00012737765518719158
gabriel.nussbaum,0.00012737765518719158
luiza_yoshida,0.00012737765518719158
iamveronicamars,0.00012737765518719158
miadio,0.00012737765518719158
mrsamcotton,0.00012737765518719158
sheenamelwani,0.00012737765518719158
reesemkenna,0.00012737765518719158
jusjka_travellv,0.00012737765518719158
lubalin,0.00012737765518719158
plasticfreemermaid,0.00012737765518719158
girlvsglobe,0.00012737765518719158
oh.thatsreese,0.00012737765518719158
marketingwithsam,0.00012737765518719158
livewastefree,0.00012737765518719158
patricialamastherapy,0.00012737765518719158
lukemillingtondrake,0.00012737765518719158
stuniiapp,0.00012737765518719158
theonemovement_,0.00012737765518719158
willsmith,0.00012737765518719158
tanaka_kimhongnam_kkw,0.00012737765518719158
russellbrand,0.00012737765518719158
coco_franklin_,0.00012737765518719158
brendangahan,0.00012737765518719158
souledoutside,0.00012737765518719158
askdoctort,0.00012737765518719158
backpackingchristianne,0.00012737765518719158
kiss_aka_me,0.00012737765518719158
im_max_sinclair,0.00012737765518719158
laurainwaterland,0.00012737765518719158
anastazjasadventures,0.00012737765518719158
iamdanreynolds,0.00012737765518719158
jelena.stepanenko,0.00012737765518719158
lucybiggers,0.00012737765518719158
thesorrygirls,0.00012737765518719158
laurieelle,0.00012737765518719158
nourlivia,0.00012737765518719158
kieranpollitt_,0.00012737765518719158
polabur,0.00012737765518719158
nickbglpv,0.00012737765518719158
callierae63,0.00012737765518719158
dana.mckeon,0.00012737765518719158
thedrodunola,0.00012758097779593905
su_miyi,0.0001275809777959438
shazza.wav,0.0001275809777959438
crashadamsmusic,0.0001275809777959438
theshanaofficial,0.0001275809777959438
chrisandjasmin,0.0001275809777959438
learnenglishwithspeak,0.0001275809777959438
worldofdance,0.0001275809777959438
humbleservantofallah2023,0.0001275809777959438
inayahmcmillan,0.0001275809777959438
amauryguichon,0.0001275809777959438
roger311,0.0001275809777959438
thevoicekids,0.0001275809777959438
shlind,0.0001275809777959438
jibrizy,0.0001275809777959438
ugcwithemmap,0.0001275809777959438
quizzezquest,0.0001275809777959438
mr.benz,0.0001275809777959438
toufic.kreidieh,0.0001275809777959438
aliciakeys,0.0001275809777959438
beryl.ama,0.0001275809777959438
kie_kie__,0.0001275809777959438
guessmaster3,0.0001275809777959438
quizxtreme,0.0001275809777959438
humor_animations,0.0001275809777959438
thebimboademoye,0.0001275809777959438
lord_atm,0.0001275809777959438
daysinkinder,0.0001275809777959438
chrissyonair,0.0001275809777959438
adejokelasisi,0.0001275809777959438
leon_the_lover,0.0001275809777959438
funkeakindele,0.0001275809777959438
jlo,0.0001275809777959438
rebeccas_english_hub,0.0001275809777959438
historic.royal.palaces,0.0001275809777959438
guinnessworldrecords,0.0001275809777959438
sambatgardening,0.0001275809777959438
ellendegeneres,0.0001275809777959438
thealisiddiq,0.0001275809777959438
imkevinhart,0.0001275809777959438
jenbristercomedy,0.0001275809777959438
donttellcomedy,0.0001275809777959438
mr.british.teacher,0.0001275809777959438
selenagomez,0.0001275809777959438
girlup,0.0001275809777959438
itscamerinkindle,0.0001275809777959438
raficomedian,0.0001275809777959438
melpowelson,0.0001275809777959438
shopcontradesign,0.0001275809777959438
dalilaumutoninass,0.0001275809777959438
annatwinsies,0.0001275809777959438
alkemistorganics,0.0001275809777959438
younesfamily,0.0001275809777959438
drpenking,0.0001275809777959438
answer778800,0.0001275809777959438
mooyamusunga,0.0001275809777959438
therealcalebmclaughlin,0.0001275809777959438
rahmatrahmeh,0.0001275809777959438
uae.nation,0.0001275809777959438
unicefthailand,0.0001275809777959438
zeeliciousfoods,0.0001275809777959438
lola_lolypoo,0.0001275809777959438
theodigiebrothers,0.0001275809777959438
maddie.east,0.0001275809777959438
sdgaction,0.0001275809777959438
jeremylynch,0.0001275809777959438
tyshonlawrence,0.0001275809777959438
eastcoastdiy,0.0001275809777959438
thecarlinfamily,0.0001275809777959438
edwarnyc,0.0001275809777959438
nasdaily,0.0001275809777959438
sheleadsafrica,0.0001275809777959438
eika_atikaa,0.0001275809777959438
wildcookbook,0.0001275809777959438
lilliegracep,0.0001275809777959438
lgndfrvr,0.0001275809777959438
english.nbb,0.0001275809777959438
afrobysara,0.0001275809777959438
jadapinkettsmith,0.0001275809777959438
lilrayrayofficial,0.0001275809777959438
layallure,0.0001275809777959438
happykelli,0.0001275809777959438
moyadavid1,0.0001275809777959438
kandicebreinholt,0.0001275809777959438
joshotusanya,0.0001275809777959438
ayomideadeduro,0.0001275809777959438
jordannamorandin,0.0001275809777959438
xoteam,0.0001275809777959438
veiledcollection,0.0001275809777959438
greenrepublicfarms,0.0001275809777959438
enioluwa,0.0001275809777959438
designwithrebekah,0.0001275809777959438
andy.and.michelle,0.0001275809777959438
theoneshu,0.0001275809777959438
melissametrano,0.0001275809777959438
lovesoreal,0.0001275809777959438
briannaancheta,0.0001275809777959438
_catben_,0.0001275809777959438
simplefood4you,0.0001275809777959438
lingandlamb,0.0001275809777959438
hafsaaceali,0.0001275809777959438
thefurrhafamily,0.0001275809777959438
abir.sag,0.0001275809777959438
tiamowry,0.0001275809777959438
smarthome008,0.0001275809777959438
tiwasavage,0.0001275809777959438
netflix,0.0001275809777959438
greatvado,0.0001275809777959438
bayashi.tiktok,0.0001275809777959438
muazmohd,0.0001275809777959438
lovecait,0.0001275809777959438
christianandchloemusic,0.0001275809777959438
celinedion,0.0001275809777959438
gloss,0.0001275809777959438
careervidz,0.0001275809777959438
ckay_yo,0.0001275809777959438
chelseafc,0.0001275809777959438
thefunoftiedye,0.0001275809777959438
temiotedola,0.0001275809777959438
zahir_009,0.0001275809777959438
qeenah,0.0001275809777959438
donjazzy,0.0001275809777959438
wofaifada,0.0001275809777959438
tarajipehenson,0.0001275809777959438
taaooma,0.0001275809777959438
dw.science,0.0001276803589480861
mrohwerkahlmann,0.0001276803589480861
yalgannabi,0.0001276803589480861
frauspaeth,0.0001276803589480861
alvin0vic,0.0001276803589480861
fahadmarsoo,0.0001276803589480861
estebanepardo,0.0001276803589480861
jonma22,0.0001276803589480861
_lukashansen,0.0001276803589480861
hatimanati,0.0001276803589480861
dw_nesia,0.0001276803589480861
misteraceedee,0.0001276803589480861
heather.hupp,0.0001276803589480861
padiborealis,0.0001276803589480861
kiyosusan,0.0001276803589480861
tati_thespy,0.0001276803589480861
echonaut.science,0.0001276803589480861
supersteinii,0.0001276803589480861
areyouhapppy,0.00012790446105749015
weareyellowdot,0.00012790446105749015
xiyebastida,0.00012790446105749015
loveandclimate,0.00012790446105749015
energyandpolicy,0.00012790446105749015
marshallproj,0.00012790446105749015
artehhmio,0.00012790446105749015
laurenfrank202,0.00012790446105749015
gemgutier,0.00012790446105749015
ace_hottakes,0.00012790446105749015
tdnelson21,0.00012790446105749015
chrismartinez0824,0.00012790446105749015
liloceanpaige,0.00012790446105749015
youthvgov,0.00012790446105749015
thinkmediaofficial,0.00012790446105749015
niners_d,0.00012790446105749015
later.com,0.00012790446105749015
ourclimateourfuture,0.00012790446105749015
heyyounews,0.00012790446105749015
ashley_elizabethtown,0.00012790446105749015
cleoinstitute,0.00012790446105749015
heavygang74,0.00012790446105749015
ace_mlt,0.00012790446105749015
ceadvocates,0.00012790446105749015
johnpaul.mejia,0.00012790446105749015
definitelynotgari,0.00012790446105749015
scottym11,0.00012790446105749015
sunrisemvmtnyc,0.00012790446105749015
instagramcreators,0.00012790446105749015
rei,0.00012790446105749015
filmtools,0.00012790446105749015
radicalinprogress,0.00012790446105749015
shityoushouldcareabout,0.00012790446105749015
canvajunky,0.00012790446105749015
emmajanegeisler,0.00012790446105749015
managedbyskye,0.00012790446105749015
sunriselayouth,0.00012790446105749015
knowyourmeme,0.00012790446105749015
badactivistcollective,0.00012790446105749015
fridaysforfutureus,0.00012790446105749015
powershiftnetwork,0.00012790446105749015
leilinap,0.00012790446105749015
juwariia,0.00012790446105749015
climatestriketx,0.00012790446105749015
futurecoalition,0.00012790446105749015
vicjbarrett,0.00012790446105749015
youth4climatejustice,0.00012790446105749015
user092076434,0.00012790446105749015
climatestrikeil,0.00012790446105749015
floridaclimatestrike,0.00012790446105749015
fridaysforfutureusa,0.00012790446105749015
amarch4ourlives,0.00012790446105749015
climatecardinals,0.00012790446105749015
iamjeromefosterii,0.00012790446105749015
jamie.s.margolin,0.00012790446105749015
teentalkhotline,0.00012790446105749015
oneupaction,0.00012790446105749015
ughkneesuhh,0.00012790446105749015
kansas_climate,0.00012790446105749015
mindfullymic,0.00012790446105749015
surjazz,0.00012794998533643072
uncle_azeez,0.00012794998533643072
jacobcollier,0.00012794998533643072
lenstrumental,0.00012794998533643072
applebees,0.00012794998533643072
tonyrobbins,0.00012794998533643072
cheetosantino,0.00012794998533643072
tizzyent,0.00012794998533643072
justinpashia,0.00012794998533643072
ikaanic_,0.00012794998533643072
mighty_misc,0.00012794998533643072
iamkinglos,0.00012794998533643072
connorprice__,0.00012794998533643072
rickglassman,0.00012794998533643072
dissectpodcast,0.00012794998533643072
normansann,0.00012794998533643072
mikeposner,0.00012794998533643072
elijahhh471,0.00012794998533643072
tyga,0.00012794998533643072
fourthwallhq,0.00012794998533643072
akeem_ali,0.00012794998533643072
penandpayper,0.00012794998533643072
dumbfoundead,0.00012794998533643072
junejissle,0.00012794998533643072
cam_steen,0.00012794998533643072
timbaland,0.00012794998533643072
mirandaneal8,0.00012794998533643072
brandontaylorx,0.00012794998533643072
oliverkneehouse,0.00012794998533643072
patrickkennedyemd,0.00012794998533643072
djoffblue,0.00012794998533643072
jpatzmusic,0.00012794998533643072
beatsbyjblack,0.00012794998533643072
coluhrs,0.00012794998533643072
theneedletok,0.00012794998533643072
kfreshmusic,0.00012794998533643072
boxofbeats,0.00012794998533643072
wildnout,0.00012794998533643072
jzacmusic,0.00012794998533643072
illmindproducer,0.00012794998533643072
postmalone,0.00012794998533643072
jesseitzler,0.00012794998533643072
torrianball,0.00012794998533643072
diddy,0.00012794998533643072
danielspoon7,0.00012794998533643072
tokenhiphop,0.00012794998533643072
genius,0.00012794998533643072
bradywattbass,0.00012794998533643072
waynebrady,0.00012794998533643072
complexmusic,0.00012794998533643072
iamstarringo,0.00012794998533643072
justthatguy461,0.00012794998533643072
katoproducer,0.00012794998533643072
snoopdogg,0.00012794998533643072
wendeezylivee,0.00012794998533643072
evan.brodnick,0.00012794998533643072
friends_earth,0.00012797091080056004
uni.kick,0.0001280501601183264
tiktokforgood5,0.0001280501601183264
acnurargentina,0.0001280501601183264
unhcr.indonesia.real,0.0001280501601183264
unrefugeesuk,0.0001280501601183264
coffee_with_daddy,0.0001280501601183264
konkarapanagiotidis,0.0001280501601183264
thebluesberries,0.0001280501601183264
jozzzza,0.0001280501601183264
uhncrindonesia,0.0001280501601183264
eyad_mas3od,0.0001280501601183264
unchrindonesia.official,0.0001280501601183264
actforpeace,0.0001280501601183264
tamaramichael_,0.0001280501601183264
sbsondemand,0.0001280501601183264
unicefiraq,0.0001280501601183264
sydneymorningherald,0.0001280501601183264
emibattuta,0.0001280501601183264
officiallunhcr,0.0001280501601183264
unhcrindonesiaofc,0.0001280501601183264
unwomenaust,0.0001280501601183264
asifsultani_,0.0001280501601183264
redcrossau,0.0001280501601183264
usaforunhcr,0.0001280501601183264
unicef_ukraine,0.0001280501601183264
onubrasil,0.0001280501601183264
alphonsodavies,0.0001280501601183264
humanrightswatch,0.0001280501601183264
sverige_for_unhcr,0.0001280501601183264
ghazalmia,0.0001280501601183264
robberbod,0.0001280501601183264
galebeatbox,0.0001280501601183264
unhcrph,0.0001280501601183264
unicefeca,0.0001280501601183264
mongolianredcross,0.0001280501601183264
avdbsings,0.0001280501601183264
alejandra.nyc,0.0001280501601183264
oneminmicro,0.0001280501601183264
nathanlust,0.0001280501601183264
tasty,0.0001280501601183264
acnur,0.0001280501601183264
nathanevanss,0.0001280501601183264
redcrossukraine,0.0001280501601183264
plan.international,0.0001280501601183264
unicef_es,0.0001280501601183264
tiktok_australia,0.0001280501601183264
unicefdk,0.0001280501601183264
unhcr_arabic,0.0001280501601183264
sylviefrancis,0.0001280501601183264
unhcrfrance,0.0001280501601183264
redcrosscanada,0.0001280501601183264
vice,0.0001280501601183264
unhcrthailand,0.0001280501601183264
savethechildrenus,0.0001280501601183264
dailymail,0.0001280501601183264
refugeeolympicteam,0.0001280501601183264
unicefaustralia,0.0001280501601183264
partnersinhealth,0.0001280501601183264
torontostar,0.0001280501601183264
mapleleafs,0.0001280501601183264
maitreyiramakrishnan,0.0001280501601183264
dualipaofficial,0.0001280501601183264
nhl,0.0001280501601183264
nhljets,0.0001280501601183264
morgannbook,0.0001280501601183264
lilyebert,0.0001280501601183264
shawnmendes,0.0001280501601183264
joeyking,0.0001280501601183264
canucksfin,0.0001280501601183264
notoriouscree,0.0001280501601183264
danjlevy,0.0001280501601183264
theweeknd,0.0001280501601183264
caleontwins,0.0001280501601183264
lennonstella,0.0001280501601183264
cfl,0.0001280501601183264
spencer2thewest,0.0001280501601183264
bomanarepublic,0.0001280501601183264
tiktok_uk,0.0001280501601183264
katgraham_real,0.0001280501601183264
mollyburkeofficial,0.0001280501601183264
historicacanada,0.0001280501601183264
ecuadordaleplay,0.0001280501601183264
cookwithemilia,0.0001280501601183264
nutrientmatters,0.0001280501601183264
breeganjane,0.0001280501601183264
yilmaz_saeed,0.0001280501601183264
mxryjun,0.0001280501601183264
chocogunshow,0.0001280501601183264
firstaidtoolkit,0.0001280501601183264
tashellejoseph25,0.0001280501601183264
meredithmitchell97,0.0001280501601183264
yourvisacanada,0.0001280501601183264
leotreps,0.0001280501601183264
alexeimorita,0.0001280501601183264
hannahmscott96,0.0001280501601183264
itsshannonburns,0.0001280501601183264
narcitycanada,0.0001280501601183264
samirasalimrcic,0.0001280501601183264
djblitzwpg,0.0001280501601183264
voiceswithrefugees,0.0001280501601183264
sarahnurse,0.0001280501601183264
tanisha.lvalcin,0.0001280501601183264
kallmekris,0.0001280501601183264
freshdailyca,0.0001280501601183264
tiktokuniversity,0.0001280501601183264
tristenmaclean,0.0001280501601183264
its_j_dog,0.0001280501601183264
globalnews.ca,0.0001280501601183264
maximeb,0.0001280501601183264
snarkymarky,0.0001280501601183264
fcbayern,0.0001280501601183264
tanyaburr,0.0001280501601183264
tiktoktrends,0.0001280501601183264
acmilan,0.0001280501601183264
museumofscience,0.0001281465983161656
livekindly,0.0001281465983161656
cnn,0.0001281465983161656
movebeyondcoal,0.0001281465983161656
sustainabilitymattersva,0.0001281465983161656
genzforchange,0.0001281465983161656
johnapabon,0.0001281465983161656
recesstherapy,0.0001281465983161656
aljazeeraenglish,0.0001281465983161656
sunrisemvmt,0.0001281465983161656
bigthink,0.0001281465983161656
nikitadumptruck,0.0001281465983161656
bodhi_patil,0.0001281465983161656
greenpeace_be,0.0001281465983161656
unicefaustria,0.0001281465983161656
einfachanke,0.0001281465983161656
veronicamulenga_,0.0001281465983161656
oceanspod,0.0001281465983161656
jacobsimonsays,0.0001281465983161656
lizlivingblue,0.0001281465983161656
thetrashwalker,0.0001281465983161656
wildernesssociety,0.0001281465983161656
motherjonesmag,0.0001281465983161656
ouryouth4theclimate,0.0001281465983161656
jessicakleczka,0.0001281465983161656
greenpeacenl,0.0001281465983161656
makepolluterspay,0.0001281465983161656
kristinchenoweth,0.0001281465983161656
greenpeacearg,0.0001281465983161656
ramalauw,0.0001281465983161656
followthepartybilbao,0.0001281465983161656
greenpeaceafrica,0.0001281465983161656
karishmaclimategirl,0.0001281465983161656
save.tthe.earth,0.0001281465983161656
itsquinndy,0.0001281465983161656
greenpeaceap,0.0001281465983161656
afrocolectiva,0.0001281465983161656
pandawaragroup,0.0001281465983161656
greenpeaceat,0.0001281465983161656
charityekezie,0.0001281465983161656
maciespams.xx,0.0001281465983161656
greenpeacemy,0.0001281465983161656
greenpeacekorea,0.0001281465983161656
greenpeacejapan,0.0001281465983161656
aliwoodsgigs,0.0001281465983161656
greenpeaceturkiye,0.0001281465983161656
greenpeacear,0.0001281465983161656
greenpeace_lux,0.0001281465983161656
greenpeacemexico,0.0001281465983161656
greenpeacehu,0.0001281465983161656
greenpeacebrasil,0.0001281465983161656
moritzjahnofficial,0.0001281465983161656
greenpeaceid,0.0001281465983161656
greenpeaceph,0.0001281465983161656
greenpeace_archive,0.0001281465983161656
greenpeacecl,0.0001281465983161656
greenpeacenz,0.0001281465983161656
greenpeace_esp,0.0001281465983161656
greenpeacecolombia,0.0001281465983161656
greenpeaceusa,0.0001281465983161656
rojovisuals,0.00012832695596118692
katieorlinsky,0.00012832695596118692
ciril.jazbec,0.00012832695596118692
sofiarjaramillo,0.00012832695596118692
dzalcman,0.00012832695596118692
jen.guyton,0.00012832695596118692
johnstanmeyer,0.00012832695596118692
dinalitovsky,0.00012832695596118692
natgeowild,0.00012832695596118692
estherhorvath,0.00012832695596118692
abcworldnews,0.00012832695596118692
natgeotv,0.00012832695596118692
luisadorr,0.00012832695596118692
michaelgeorgephoto,0.00012832695596118692
ladylockoff,0.00012832695596118692
macstonephoto,0.00012832695596118692
natgeopristineseas,0.00012832695596118692
joelsartoreofficial,0.00012832695596118692
aaronhuey,0.00012832695596118692
disney,0.00012832695596118692
reuben_wu,0.00012832695596118692
rosavespinoza,0.00012832695596118692
ronandonovan,0.00012832695596118692
bertiegregory,0.00012832695596118692
gunajensen,0.00012832695596118692
dineaesthetics,0.00012832695596118692
acacia.johnson,0.00012832695596118692
burkgnar,0.00012832695596118692
miahuatl,0.00012832695596118692
josue_foto,0.00012832695596118692
kararoselles,0.00012832695596118692
danwintersphoto,0.00012832695596118692
jordansalama,0.00012832695596118692
sarahgibbens,0.00012832695596118692
raewynngrant,0.00012832695596118692
amivitale1,0.00012832695596118692
babaktafreshi,0.00012832695596118692
brettmonroegarner,0.00012832695596118692
shahselbe,0.00012832695596118692
kiliiiyuyan,0.00012832695596118692
nicholesobecki,0.00012832695596118692
keithladzinski,0.00012832695596118692
yagazieemezi,0.00012832695596118692
donaldmiralle,0.00012832695596118692
filipe.deandrade,0.00012832695596118692
natashaldaly,0.00012832695596118692
erin_hogue,0.00012832695596118692
xrconnectingcommunities,0.00012838448071341728
xrderby,0.00012838448071341728
xryouth.charlotte,0.00012838448071341728
xrshef,0.00012838448071341728
xrlambeth,0.00012838448071341728
extinctionrebellionie,0.00012838448071341728
xryouthboston,0.00012838448071341728
xryouth.wro,0.00012838448071341728
xrmerida,0.00012838448071341728
xryouth.la,0.00012838448071341728
xraustria,0.00012838448071341728
extinctionrebellionla,0.00012838448071341728
scientist.rebellion_,0.00012838448071341728
juventudxclima,0.00012838448071341728
climateincolour,0.00012838448071341728
climatestrikeliverpool,0.00012838448071341728
whitestar2009,0.00012838448071341728
fffwiesbaden,0.00012838448071341728
fff_aberdeen,0.00012838448071341728
fridaysforfuturenl,0.00012838448071341728
climatestrikeleic,0.00012838448071341728
xryouth.vic,0.00012838448071341728
xrpathways,0.00012838448071341728
climate_justice_prof,0.00012838448071341728
fridaysforfuturearg,0.00012838448071341728
animal_rebellion,0.00012838448071341728
hs2.rebellion,0.00012838448071341728
luetzibleibt,0.00012838448071341728
fff.duesseldorf,0.00012838448071341728
wagingnv,0.00012838448071341728
xrlondon,0.00012838448071341728
conscientious_protectors,0.00012838448071341728
sustain.ed,0.00012838448071341728
paidtopollute,0.00012838448071341728
rspb,0.00012838448071341728
plantbasedpilot,0.00012838448071341728
user1791164468925,0.00012838448071341728
xry.sweden,0.00012838448071341728
fossilfreelondon,0.00012838448071341728
ojlgoulden,0.00012838448071341728
xrshrewsbury,0.00012838448071341728
gndrising,0.00012838448071341728
forceofnature.xyz,0.0001284535262849875
takethejumpnow,0.0001284535262849875
cleancreatives,0.0001284535262849875
jayhappenin,0.0001284535262849875
drjulie,0.0001284535262849875
_wearepossible,0.0001284535262849875
thehealchef,0.0001284535262849875
onlinehyphen,0.0001284535262849875
tolmeia,0.0001284535262849875
migrants.rights.network,0.0001284535262849875
benjy_lookbook,0.0001284535262849875
angelaruturaa,0.0001284535262849875
safepassage,0.0001284535262849875
belleperez_,0.0001284535262849875
djkrystallake,0.0001284535262849875
biminibabes,0.0001284535262849875
caricatureparty,0.0001284535262849875
jadroppingscience,0.0001284535262849875
veoworldofficial,0.0001284535262849875
hannahleeduggan,0.0001284535262849875
sustainably_vegan0,0.0001284535262849875
mob,0.0001284535262849875
ellenfosterprice,0.0001284535262849875
munyachawawa,0.0001284535262849875
loulamay01,0.0001284535262849875
divinadecampo,0.0001284535262849875
sholamos1,0.0001284535262849875
demicolleen,0.0001284535262849875
lush,0.0001284535262849875
nealsyardremediesuk,0.0001284535262849875
thefemalelead,0.0001284535262849875
kelechnekoff,0.0001284535262849875
jplatelier,0.0001284535262849875
goodenergyuk,0.0001284535262849875
botanicalbabee,0.0001284535262849875
greennewdealgm,0.0001284535262849875
cprestaffs,0.0001284535262849875
earthjustice,0.0001284535262849875
foteportsmouth,0.0001284535262849875
ginamartinuk,0.0001284535262849875
thecountrysidecharity,0.0001284535262849875
save.our..planett,0.0001284535262849875
ecotricity,0.0001284535262849875
joris_explains,0.0001284535262849875
andreaeuriice,0.00012850213926688257
datos_con_alejo,0.00012850213926688257
trincadinho_7,0.00012850213926688257
iamshannyvg,0.00012850213926688257
tiktokkintrev,0.00012850213926688257
dnra00,0.00012850213926688257
kendry_paez0,0.00012850213926688257
marcopuruncajas0,0.00012850213926688257
paularomerof,0.00012850213926688257
aleagullosm,0.00012850213926688257
siempreporderecha,0.00012850213926688257
unpablo.centralino,0.00012850213926688257
kevinrubioskt,0.00012850213926688257
jeffer___01,0.00012850213926688257
mercadopatrick,0.00012850213926688257
aleahtarjick,0.00012850213926688257
gabybalarezo,0.00012850213926688257
essbanani,0.00012850213926688257
jeremy7oficial,0.00012850213926688257
nataliadonoso1,0.00012850213926688257
danielaa0123,0.00012850213926688257
democracynow.org.es,0.00012850213926688257
bernardojijon,0.00012850213926688257
loganylogan,0.00012850213926688257
inehuenenquimo3,0.00012850213926688257
kankuana,0.00012850213926688257
_mikelgarcia,0.00012850213926688257
l0lul4,0.00012850213926688257
dangue20,0.00012850213926688257
mitologica,0.00012850213926688257
lessonsoflifewithandrea,0.00012850213926688257
santihpta,0.00012850213926688257
nathaliadonoso,0.00012850213926688257
dangue207,0.00012850213926688257
milafarinachalem,0.00012850213926688257
cyepez7,0.00012850213926688257
leon_arturo_,0.00012850213926688257
eribertogualinga,0.00012850213926688257
yanda_inayuk,0.00012850213926688257
wimoralesmusic,0.00012850213926688257
nateemtzama,0.00012850213926688257
coringualinga1,0.00012850213926688257
flingan,0.00012850213926688257
eandjgang,0.00012850213926688257
majoandradecerda,0.00012850213926688257
bryanandrescarvajal4,0.00012850213926688257
albuss23,0.00012850213926688257
danielavelastegui1,0.00012850213926688257
giannyofficial,0.00012850213926688257
mariagratziad,0.00012850213926688257
usclimatestrike,0.00012855635859662705
studioninetofive,0.00012869145822185318
klmilly0,0.00012869145822185318
euqueroaprenderfrances,0.00012869145822185318
rosadelee,0.00012869145822185318
5pmlucky,0.00012869145822185318
envirovoters,0.00012869145822185318
tannerfrostbowen,0.00012869145822185318
thekeptwifelife_,0.00012869145822185318
lindseyrem,0.00012869145822185318
thaatbishlilyy,0.00012869145822185318
tyla_,0.00012869145822185318
upsidedowndani,0.00012869145822185318
lizaedward,0.00012869145822185318
thatswatson,0.00012869145822185318
della.yellow,0.00012869145822185318
chez.colleen,0.00012869145822185318
sheerasevengoddess,0.00012869145822185318
designatedelle,0.00012869145822185318
girlwiththelist1,0.00012869145822185318
happyisles_,0.00012869145822185318
laurenwhyte,0.00012869145822185318
thetracyrodriguez,0.00012869145822185318
carmeninthegarden,0.00012869145822185318
remakeourworld,0.00012869145822185318
sach3312,0.00012869145822185318
wigs.in.vogue.usa,0.00012869145822185318
ivipets,0.00012869145822185318
thegodivagoddess,0.00012869145822185318
mjfangirl07,0.00012869145822185318
theadventuresofjbird,0.00012869145822185318
diaryofgutterpixi,0.00012869145822185318
jaylenrene,0.00012869145822185318
aktiiv,0.00012869145822185318
sardonicheight,0.00012869145822185318
cinq_bride,0.00012869145822185318
aaroon5,0.00012869145822185318
mela,0.00012869145822185318
therealdrmiami,0.00012869145822185318
screamingava,0.00012869145822185318
jennlashley_,0.00012869145822185318
theaustinayers,0.00012869145822185318
kisskissinparis,0.00012869145822185318
bentonmcclintock,0.00012869145822185318
art_spirit_lyme,0.00012869145822185318
sofiarichiegrainge,0.00012869145822185318
lil.puj,0.00012869145822185318
apresstudio_,0.00012869145822185318
tanicha_rose,0.00012869145822185318
taaylorvictoriaa,0.00012869145822185318
adventureswithtrey,0.00012869145822185318
yasminheroo,0.00012869145822185318
ukantarcticheritagetrust,0.00012870327135791273
andy_revkin,0.00012870327135791273
pollutersout,0.00012870327135791273
addtheclausetocompanies,0.00012870327135791273
drsean2022,0.00012870327135791273
myzerocarbon,0.00012870327135791273
fridaysforfuturerussia,0.00012870327135791273
benkaluza,0.00012877579046095597
disneyuk,0.00012877579046095597
deadpubs,0.00012877579046095597
ren.lyrics,0.00012877579046095597
foilarmsandhog,0.00012877579046095597
weather,0.00012877579046095597
demelzamay,0.00012877579046095597
lego,0.00012877579046095597
tomandfordythevan,0.00012877579046095597
metofficeclimate,0.00012877579046095597
newswithchrisofficial,0.00012877579046095597
musicaltheatreraves,0.00012877579046095597
troy_hawke,0.00012877579046095597
curlykidlife,0.00012877579046095597
vivianamarie90,0.00012877579046095597
georgiebth,0.00012877579046095597
dt888_3,0.00012877579046095597
dylan.page,0.00012877579046095597
saavmagician,0.00012877579046095597
paulfosterchef,0.00012877579046095597
zachking,0.00012877579046095597
storyfirstmedia,0.00012877579046095597
the.justonian,0.00012877579046095597
mryteacherguytt,0.00012877579046095597
aldiuk,0.00012877579046095597
teddyswims,0.00012877579046095597
wittyfilmgirl,0.00012877579046095597
thealigallop,0.00012877579046095597
cosmic_background,0.00012877579046095597
siegfriedandjoy,0.00012877579046095597
tylertometich,0.00012877579046095597
sianwelby,0.00012877579046095597
vickybanham,0.00012877579046095597
noahfainer,0.00012877579046095597
thenewsmovement,0.00012877579046095597
rnli,0.00012877579046095597
timmymallett,0.00012877579046095597
steven,0.00012877579046095597
durham_darlingtonfrs,0.00012877579046095597
glastonbury,0.00012877579046095597
samanthajademiller,0.00012877579046095597
_arlo_roberts_,0.00012877579046095597
coldplay,0.00012877579046095597
brianfountaine10,0.00012877579046095597
thesleepgeek,0.00012877579046095597
southyorkshirefire,0.00012877579046095597
thatcorporatelawyer,0.00012877579046095597
gregjames,0.00012877579046095597
akiraconde,0.00012877579046095597
davidwma,0.00012877579046095597
jamieoliver,0.00012877579046095597
markwilson310,0.00012877579046095597
tooapree,0.00012877579046095597
scottseiss,0.00012877579046095597
peteyusa,0.00012877579046095597
skynews,0.00012877579046095597
yourboymoyo,0.00012877579046095597
jamesbrooksco,0.00012877579046095597
rossmiddleham,0.00012877579046095597
jonathangoodwinofficial,0.00012877579046095597
tiktokrichiefirth,0.00012877579046095597
absoluteradio,0.00012877579046095597
kevinlustgarten,0.00012877579046095597
allieerogerss,0.00012877579046095597
gregorydewhurst,0.00012877579046095597
sarahfysh,0.00012877579046095597
deano.bambeano,0.00012877579046095597
weatherman_aidan,0.00012877579046095597
georgeburningham,0.00012877579046095597
alexdeakinweather,0.00012877579046095597
new_brightonlifeboat,0.00012877579046095597
lewispughfoundation,0.00012878348830539925
disobey.now,0.0001288159021962176
climatescibreak,0.0001288159021962176
leeds.unis.vs.oil,0.0001288159021962176
stopfrackingaround,0.0001288159021962176
letztegeneration.de,0.0001288159021962176
greenpartyuk,0.0001288159021962176
coalactionuk,0.0001288159021962176
zerohour_uk,0.0001288159021962176
louiseharrismusic,0.0001288159021962176
peaceandjusticeproject,0.0001288159021962176
thisis.rigged,0.0001288159021962176
youth.demand,0.0001288159021962176
sonicsol,0.0001288159021962176
phebee_f,0.0001288159021962176
andy83uk,0.0001288159021962176
novo_org,0.0001288159021962176
tom_nicholas,0.0001288159021962176
arianajasmine___,0.0001288159021962176
russellhoward,0.0001288159021962176
ljharrismith,0.0001288159021962176
talktv,0.0001288159021962176
tradesunioncongress,0.0001288159021962176
leanneg1973,0.0001288159021962176
ripostealimentaire.fr,0.0001288159021962176
startresisting123,0.0001288159021962176
novaramedia,0.0001288159021962176
politicsjoe,0.0001288159021962176
robbeckettcomic,0.0001288159021962176
peoplesmomentum,0.0001288159021962176
dylan.s.hamilton,0.0001288159021962176
wawagatheru,0.0001288159021962176
justinandre_,0.0001288159021962176
anotherrantingreader,0.0001288159021962176
fiquekett,0.0001288159021962176
climatekat,0.0001288159021962176
blockadeaustralia,0.0001288159021962176
emmadesaram,0.0001288159021962176
laurenthesunflower,0.0001288159021962176
students4survival,0.0001288159021962176
renovate.switzerland,0.0001288159021962176
stopffsubsidies,0.0001288159021962176
pique_action,0.00012888502829362902
natbco,0.00012929783800745497
myhlee,0.00012929783800745497
azi.paybarah,0.00012929783800745497
joey_fergie,0.00012929783800745497
lifesabeesch,0.00012929783800745497
travislylesnews,0.00012929783800745497
wordsofsarah,0.00012929783800745497
glenn_kessler,0.00012929783800745497
annalissroy,0.00012929783800745497
hannahdormido,0.00012929783800745497
emilycodik,0.00012929783800745497
jackson_brton,0.00012929783800745497
elysesamuels,0.00012929783800745497
dylanewells,0.00012929783800745497
chelseajanes,0.00012929783800745497
maham.ja,0.00012929783800745497
kelynsoong,0.00012929783800745497
alexajulianaard,0.00012929783800745497
terrence_mccoy,0.00012929783800745497
tatum_hunter,0.00012929783800745497
girlwithdrive,0.00012929783800745497
singletarym29,0.00012929783800745497
briannaatucker,0.00012929783800745497
john.hudson1,0.00012929783800745497
washingtonpostwellbeing,0.00012929783800745497
byamberphillips,0.00012929783800745497
hannahgoodart,0.00012929783800745497
amandamomorris,0.00012929783800745497
carmellaboykin,0.00012929783800745497
drewharwell,0.00012929783800745497
jstein_wapo,0.00012929783800745497
taraparkerpope,0.00012929783800745497
joesnell.reports,0.00012929783800745497
ashtonkutcher,0.00012929783800745497
teddyamenabar,0.00012929783800745497
xrnyc,0.0001292985982064863
commietrashh,0.0001292985982064863
satanspussi,0.00012947047608969606
showme_yourmask,0.00012947047608969606
theonion,0.00012947047608969606
willhislop,0.00012947047608969606
drhueyli,0.00012947047608969606
alexengelberg,0.00012947047608969606
allisonraskinbaby,0.00012947047608969606
heated.world,0.00012947047608969606
nbcolympics,0.00012947047608969606
tomlumperson,0.00012947047608969606
emorwee,0.00012947047608969606
adrianbliss,0.00012947047608969606
nnamdingwe,0.00012947047608969606
asapscience,0.00012947047608969606
thedailyshow,0.00012947047608969606
goodworkmb,0.00012961738885098172
earth.dude,0.00012961738885098172
drilledmedia,0.00012961738885098172
olifro.st,0.00012966990878594212
vicenews,0.00012966990878594212
harrymackofficial,0.00012969760579846826
natgeo,0.00012969760579846826
queerbrownvegan,0.00012969760579846826
tofology,0.00012969760579846826
emersonbrophy,0.00012969760579846826
groovygeologist,0.00012969760579846826
hankgreen1,0.00012969760579846826
nwwgreenparty,0.00012980236805704802
greensdoverdistrict,0.00012980236805704802
greendarrenshipley,0.00012980236805704802
jordannhsactivist,0.00012980236805704802
lara4stneots,0.00012980236805704802
climate_sarah,0.00012980236805704802
user590698183315,0.00012980236805704802
ukgoinggreen,0.00012980236805704802
lizlizardlizlizard,0.00012980236805704802
cloverhogan,0.00012980236805704802
carolinelucasmp,0.00012980236805704802
edwardfreshwater,0.00012980236805704802
worcestergreenparty,0.00012980236805704802
nataliebennettgreen,0.00012980236805704802
extinctionrebellionse,0.00012980236805704802
shybynaturefarm,0.00012980236805704802
ebsolidarity,0.00012980236805704802
zoeejohnson23,0.00012980236805704802
keatoninmelbourne,0.00012980236805704802
plasticsrebel,0.00012980236805704802
petertatchell2,0.00012980236805704802
kentgreens,0.00012980236805704802
miriammargolyesfanpage,0.00012980236805704802
vladvexler,0.00012980236805704802
katyjonwent,0.00012980236805704802
xrisrael,0.00012980236805704802
albertkaufman,0.00012980236805704802
daelphiansybil,0.00012980236805704802
jamiekelsey2,0.00012980236805704802
theoceanrebellion,0.00012980236805704802
lilllyglasgow,0.00012980236805704802
martynpick,0.00012980236805704802
zackpolanski,0.00012980236805704802
greenameliawomack,0.00012980236805704802
waterhaul,0.00012995404243601593
johannplasto,0.00012995404243601593
nowthisespanol,0.00012995404243601593
matteroftrust,0.00012995404243601593
oc_namibia,0.00012995404243601593
intrepid_travel,0.00012995404243601593
aocinthehouse,0.00012995404243601593
nowthisnerd,0.00012995404243601593
phlstoner,0.00012995404243601593
aubreypatti,0.00012995404243601593
eater,0.00012995404243601593
divergentes_ca,0.00012995404243601593
brooklynbugs,0.00012995404243601593
vulture,0.00012995404243601593
indosole,0.00012995404243601593
verge,0.00012995404243601593
fairearthfoundation,0.00012995404243601593
howsyourdayhoney3,0.00012995404243601593
andydandy31,0.00012995404243601593
ikidyounotbyps,0.00012995404243601593
sibleyaqua,0.00012995404243601593
thrillist,0.00012995404243601593
mralexalba,0.00012995404243601593
oregonzoo,0.00012995404243601593
thedodo,0.00012995404243601593
eldodo,0.00012995404243601593
popsugar,0.00012995404243601593
discoveryplus,0.00012995404243601593
joekseaman,0.00012995968987131556
simplysumra,0.00012995968987131556
cri.molfetta,0.00012995968987131556
libyan.red.crescent,0.00012995968987131556
chef_marwan,0.00012995968987131556
mayare.nagiib,0.00012995968987131556
cricingoli,0.00012995968987131556
criacireale,0.00012995968987131556
amar.rim,0.00012995968987131556
37antonio,0.00012995968987131556
elenaelsabbagh,0.00012995968987131556
celinaspookyboo,0.00012995968987131556
crocerossaandria,0.00012995968987131556
crocerossamortara,0.00012995968987131556
crocerossavercelli,0.00012995968987131556
crocerossaolbia,0.00012995968987131556
nicholajones3,0.00012995968987131556
crocerossacava,0.00012995968987131556
redcrossbelgrade,0.00012995968987131556
crocerossagiovanirm9,0.00012995968987131556
yannleflo.ch,0.00012995968987131556
ramialhawari,0.00012995968987131556
mattchessco,0.00012995968987131556
medhat.magdy,0.00012995968987131556
sherryhanemofficial,0.00012995968987131556
official_european_union,0.00012995968987131556
keemokazi,0.00012995968987131556
deenabatayeh,0.00012995968987131556
rotana,0.00012995968987131556
diana.mohamed.ali,0.00012995968987131556
sandrine_harb,0.00012995968987131556
mamajoyce59,0.00012995968987131556
al_kery,0.00012995968987131556
remonda_1,0.00012995968987131556
karenwazen,0.00012995968987131556
diejulihalt,0.00012995968987131556
crocerossa.giovani,0.00012995968987131556
mirianabader,0.00012995968987131556
crocerossaprato,0.00012995968987131556
jamaldabossford,0.00012995968987131556
soha_3m,0.00012995968987131556
crilomazzo,0.00012995968987131556
jayprehistoricpets,0.00012995968987131556
wonderlife.foryou,0.00012995968987131556
jabrismew,0.00012995968987131556
ammartalk,0.00012995968987131556
wael_tuber,0.00012995968987131556
mrvahel,0.00012995968987131556
officialhenedy,0.00012995968987131556
life2222223344,0.00012995968987131556
bbcradio1,0.00013041928425836438
nbc,0.00013041928425836438
usatoday,0.00013041928425836438
yahoonews,0.00013041928425836438
tiktoknewsroom,0.00013041928425836438
tiktokforbusiness,0.00013041928425836438
nbcnews,0.00013041928425836438
espn,0.00013041928425836438
ausopen,0.00013041928425836438
mattieunofficial,0.00013041928425836438
phoebe.weston,0.00013041928425836438
old.london,0.00013041928425836438
katielamborn,0.00013041928425836438
neelamtailorjourno,0.00013041928425836438
chantayyjayy,0.00013041928425836438
ainajkhan,0.00013041928425836438
nikers8,0.00013041928425836438
nhsuk,0.00013041928425836438
earleyedition,0.00013041928425836438
l0zzhurrell,0.00013041928425836438
brutamerica,0.00013041928425836438
itsoyinda,0.00013041928425836438
kelseycsocials,0.00013041928425836438
jimwaterson,0.00013041928425836438
lewis,0.00013041928425836438
maxfostercnn,0.00013041928425836438
codingtrain,0.00013049415556494538
nina_serena,0.00013049415556494538
emzywb,0.00013049415556494538
jump.access.catch,0.00013049415556494538
danjmaw,0.00013049415556494538
fergushallmusic,0.00013049415556494538
practicalengineering,0.00013049415556494538
matt.winning,0.00013049415556494538
davidbodycombe,0.00013049415556494538
yogscastofficial,0.00013049415556494538
katdoesmaths,0.00013049415556494538
edwardbear6,0.00013049415556494538
chem.thug,0.00013049415556494538
neoexplains,0.00013049415556494538
midwinterminis,0.00013049415556494538
citybeautiful,0.00013049415556494538
st0kel,0.00013049415556494538
heyrowanellis,0.00013049415556494538
mattgrayyes,0.00013049415556494538
real.engineering,0.00013049415556494538
nandovmovies,0.00013049415556494538
ducdunc,0.00013049415556494538
emmamcgann,0.00013049415556494538
techaltar,0.00013049415556494538
lifelore4us,0.00013049415556494538
airplanemode,0.00013049415556494538
hannahwitton,0.00013049415556494538
cinemawins,0.00013049415556494538
alexunickel,0.00013049415556494538
medcrisis,0.00013049415556494538
legaleagle,0.00013049415556494538
thereneritchie,0.00013049415556494538
sophs.notes,0.00013049415556494538
jordanbharrod,0.00013049415556494538
michael_mezz,0.00013058402627901113
morningbrew,0.00013058402627901113
talkingcities,0.00013058402627901113
heartthrobert,0.00013058402627901113
philwalkable,0.00013058402627901113
notjustbikes,0.00013058402627901113
hazelisonline,0.00013058402627901113
planetmoney,0.00013058402627901113
sambentley,0.00013058402627901113
nyphilharmonic,0.00013060732480992676
diadetroit,0.00013060732480992676
museeorsay,0.00013060732480992676
philaartmuseum,0.00013060732480992676
mfaboston,0.00013060732480992676
mocomuseum,0.00013060732480992676
lacma,0.00013060732480992676
darkravencore,0.00013060732480992676
moca,0.00013060732480992676
cinetecanacionalmx,0.00013060732480992676
gettymuseum,0.00013060732480992676
brooklynmuseum,0.00013060732480992676
centrepompidou,0.00013060732480992676
erikahamden,0.00013060732480992676
pinacotecasp,0.00013060732480992676
oldvictheatre,0.00013060732480992676
deutschegrammophon,0.00013060732480992676
artinstitutechicago,0.00013060732480992676
whitneymuseum,0.00013060732480992676
toledomuseumofart,0.00013060732480992676
shedd_aquarium,0.00013060732480992676
english.heritage,0.00013060732480992676
broehan_museum,0.00013060732480992676
kunsthallebremen,0.00013060732480992676
nationalgallerylondon,0.00013060732480992676
nationalgallerysingapore,0.00013060732480992676
panhandleplainsmuseum,0.00013060732480992676
romtoronto,0.00013060732480992676
annefrankhouse,0.00013060732480992676
truecolorsfest,0.00013060732480992676
ausballet,0.00013060732480992676
texasarchive,0.00013060732480992676
ummamuseum,0.00013060732480992676
lcflondon,0.00013060732480992676
uffizigalleries,0.00013060732480992676
grammymuseum,0.00013060732480992676
nationalgalleryau,0.00013060732480992676
highmuseum,0.00013060732480992676
rijksmuseum,0.00013060732480992676
somersethouse,0.00013060732480992676
nationaltheatre,0.00013060732480992676
museothyssen,0.00013060732480992676
vamuseum,0.00013060732480992676
climateadam,0.0001308648014738052
nowthisearth,0.0001308648014738052
imperfectidealist,0.00013145024926987224
cla_carbon,0.00013145024926987224
alexisnikole,0.00013145024926987224
prisonfeminism,0.00013145024926987224
eco.amical,0.00013145024926987224
aclu,0.00013145024926987224
professorcasey,0.00013145024926987224
reubenkaye,0.00013145024926987224
environment_explained,0.00013145024926987224
dominiquet.a.r.jackson,0.00013145024926987224
alexandriav2005,0.00013145024926987224
cynthiakao,0.00013145024926987224
theshadyecologist,0.00013145024926987224
browngirlgreen,0.00013145024926987224
scishow,0.00013145024926987224
thetiktokscientist,0.00013145024926987224
sciencesiren,0.00013145024926987224
basementgang,0.00013145024926987224
action.for.the.arctic,0.0001315971620311579
sustaindub,0.0001315971620311579
climatevegas,0.0001315971620311579
icy_pete,0.0001315971620311579
eco_og,0.00013167737897864444
jackblack,0.00013167737897864444
earthstewardess,0.00013167737897864444
ed_hawkins,0.00013167737897864444
carissaandclimate,0.00013167737897864444
sustain.ly,0.00013167737897864444
imbaela,0.00013167737897864444
wwf_uk,0.00013167737897864444
selfhelpafrica,0.00013167737897864444
oceana,0.00013167737897864444
prothearctic,0.00013167737897864444
entomologyabby,0.00013167737897864444
worldfoodprogramme,0.00013167737897864444
elivirkina,0.00013167737897864444
worldeconomicforum,0.00013167737897864444
neildegrassetyson,0.00013167737897864444
unyouthaffairs,0.00013167737897864444
eia_uk,0.0001319179487848317
kissthegroundorg,0.0001319179487848317
researcherlucy,0.0001319179487848317
drluckytran,0.0001319179487848317
maryheglar,0.0001319179487848317
climateboy1,0.0001319179487848317
drtaniaisrael,0.0001319179487848317
beccatbarnes,0.0001319179487848317
climatenexus,0.0001319179487848317
annarobertson.tcd,0.0001319179487848317
just_a_little_off_grid,0.0001319179487848317
generationdread,0.0001319179487848317
drwendyrocksit,0.0001319179487848317
soniasb06,0.0001319179487848317
arochausa,0.0001319179487848317
geosimon23,0.0001319179487848317
sonia_smithtx,0.0001319179487848317
pastelcyborgs,0.0001319179487848317
soniasmith_tx,0.0001319179487848317
mckenzie_wallis,0.0001319179487848317
theplantprof,0.0001319179487848317
wisewondersmt,0.0001319179487848317
eco_warrior_soap,0.00013236358038912937
sunandswell,0.00013236358038912937
yoleendadong,0.0001325354582723392
reductress,0.0001325354582723392
thejeffreymarsh,0.0001325354582723392
nilered,0.0001325354582723392
elisejoshi,0.00013256379945918728
pedestriandignity,0.00013256379945918728
ecotastes,0.00013268237103362482
journeytozerowaste,0.00013268237103362482
climate_allegiance,0.00013268237103362482
sastainable,0.00013268237103362482
planetreimagined,0.00013268237103362482
theclimaterealityproject,0.00013268237103362482
nachhaltigerleben,0.0001327625879811114
bts_official_bighit,0.0001327625879811114
goingzerowaste_,0.0001327625879811114
sachistorymuseum,0.00013364900846165424
thegoogleearthguy,0.00013364900846165424
sabrina.sustainable.life,0.00013364900846165424
artqill_,0.0001336834065252163
zozoroe,0.0001336834065252163
maxmakan,0.0001336834065252163
sambencheghib,0.0001336834065252163
joeando,0.0001336834065252163
vivikrayyyy,0.0001336834065252163
sungaiwatch,0.0001336834065252163
isabelsari8,0.0001336834065252163
jessicaalexandrachang,0.0001336834065252163
livbedumb,0.0001336834065252163
mokzz.zz,0.0001336834065252163
azuranissaa,0.0001336834065252163
palomawilford,0.0001336834065252163
niamhadkins,0.0001336834065252163
peachyliv.official,0.0001336834065252163
youthtopia.world,0.0001336834065252163
fionnferreira,0.0001336834065252163
garybencheghib,0.0001336834065252163
extinctionrebellionxr,0.000135748241984906
unclimatechange,0.00013574824198490644
bbcnews,0.00013574824198490644
guardian,0.00013574824198490644
tedtoks,0.00013574824198490644
action4climate,0.00013574824198490644
guardianaustralia,0.00013616181189776366
c4news,0.00013616181189776366
matthewshribman,0.00013616181189776366
useless_farm,0.00013633368978097348
peteandbas,0.0001364806025422591
washingtonpost,0.00013656081948974568
icrc,0.00013656081948974568
solanathagreenfairy,0.00013656081948974568
camwhitnall,0.00013656081948974568
thegarbagequeen,0.00013656081948974568
tiktokforgood,0.00013656081948974568
tiktokcreators,0.00013656081948974568
earthtopia,0.00013656081948974568
juststopoil,0.0001367249300871267
fridaysforfutureguate,0.00013713849999998394
helpwithclimatechange,0.00013713849999998394
fridaysforfuturetrier,0.00013713849999998394
fffkiel,0.00013713849999998394
fridaysforfuture.ge,0.00013713849999998394
decemergency,0.00013713849999998394
fridaysforfuture_tuebi,0.00013713849999998394
fridaysforfuturelatvia,0.00013713849999998394
insulatelove,0.00013713849999998394
debtforclimate,0.00013713849999998394
xr_africa_actions,0.00013713849999998394
xryouth_uk,0.00013713849999998394
stopcambo,0.00013713849999998394
mikaelaloach,0.0001373103778831937
fridaysforfutureto,0.0001373103778831937
geodesaurus,0.00013744723997028853
theoceancleanup,0.00013744723997028853
ecofran,0.00013744723997028853
climatechange0,0.00013745729064447936
joespinstheglobe,0.0001375375075919659
wwf_deutschland,0.0001375375075919659
tarabellerose,0.0001375375075919659
dw_planeta,0.00013791865998984032
zbtheclimateoptimist,0.00013791865998984032
oceanuprise,0.00013838164186119717
coasthuggers,0.00013838164186119717
celiarosehackling,0.00013838164186119717
maddbrown,0.00013838164186119717
sailgp,0.00013838164186119717
sentineloceanalliance,0.00013838164186119717
britausa,0.00013838164186119717
sailgpaus,0.00013838164186119717
mikecoots,0.00013838164186119717
alannahvellacott,0.00013838164186119717
dior,0.00013838164186119717
plasticsurf,0.00013838164186119717
theunseenbeautyuk,0.00013838164186119717
michaelboyyd,0.00013838164186119717
surfersagainstsewage,0.00013838164186119717
adidas,0.00013838164186119717
stonewalluk,0.00013850410778590736
ecofreako,0.00013850410778590736
save.this_planet,0.00013868639716408993
prof.andrewdessler,0.00013868639716408993
climatologist49,0.00013868639716408993
ciresoutreach,0.00013868639716408993
zuidpool_sophie,0.00013868639716408993
int.polarfoundation,0.00013868639716408993
byrd.60,0.00013868639716408993
polarforsker,0.00013868639716408993
icefromspace,0.00013868639716408993
unrefugees,0.00013873123749467956
vox,0.00013873123749467956
unhcrcanada,0.00013873123749467956
daveindercomar,0.00013873123749467956
dougmcneall,0.00013873123749467956
philthefixer,0.00013873123749467956
pattiegonia,0.00013873123749467956
amnesty,0.00013873123749467956
transparencyintl,0.00013873123749467956
ifrc,0.00013873123749467956
britishredcross,0.00013873123749467956
alex.haraus,0.00013873123749467956
ifad,0.00013873123749467956
refugees,0.00013873123749467956
bbcnewsazeri,0.00013880202826127848
bbcnewsbrasil,0.00013880202826127848
bbcnewsukrainian,0.00013880202826127848
gatornationgw,0.00014059472114435036
chriscrosschaos11,0.00014059472114435036
marcusterritory,0.00014059472114435036
toastandroses,0.00014059472114435036
kellyfusco,0.00014059472114435036
polarpreet,0.00014059472114435036
expeditionguidelife,0.00014059472114435036
maklelan,0.00014059472114435036
realraywilliam,0.00014134929808943078
rabbert,0.00014134929808943078
jack_toohey,0.00014134929808943078
rosalynngh,0.00014134929808943078
mac.and.milo.fore,0.00014134929808943078
matthewbeem,0.00014134929808943078
sulheejessica,0.00014134929808943078
ryaninthecity,0.00014134929808943078
ketnipz,0.00014134929808943078
jojotatoni,0.00014134929808943078
bbc,0.0001436854687723797
dr_gilbz,0.00014388730950340848
fff.leverkusen,0.0001443008794162657
naomiy8s,0.0001443008794162657
die_parallelklasse,0.00014447275729947552
sierraclubclimate,0.00014447275729947552
whatchugotforme,0.00014447275729947552
climatestrikeok,0.00014447275729947552
astrokatiemack,0.00014453800421943954
simonegiertz,0.00014453800421943954
drbecky_s,0.00014453800421943954
thephysicsgirl,0.00014453800421943954
levi__leah,0.00014456858270773428
yasmin_elhady,0.00014456858270773428
professorbren,0.00014456858270773428
sciencesara,0.00014456858270773428
mattykjordan,0.00014461967006076115
polarthomas,0.00014461967006076115
climate_people,0.00014461967006076115
aunthropocene,0.00014461967006076115
maria_in_antarctica,0.0001446849169807252
simplyantarctica,0.0001446849169807252
wateraid,0.00014469988700824773
mitzijonelle,0.00014469988700824773
janefonda,0.00014469988700824773
billnye,0.00014469988700824773
rezo,0.00014469988700824773
shelbizleee,0.00014469988700824773
unep,0.00014469988700824773
volcanodoc,0.00014471549546901994
ceelaas,0.00014471549546901994
minuteearth,0.00014746849921154937
fff.magdeburg,0.00014788206912440664
extinctionrebellioncr,0.00014788206912440664
xrbrismeanjin,0.00014788206912440664
fff.passau,0.00014788206912440664
dontpayuk,0.00014788206912440664
oliverlarsen328,0.00014788206912440664
survivalinternational,0.00014788206912440664
littlemissflint,0.0001480539470076164
annikazion,0.0001480539470076164
standingbrowngirlemoji,0.0001480539470076164
ecoshika,0.00014820085976890207
drshepherdknows,0.00014820085976890207
fffaltkreishalle,0.00014820085976890207
theclimateinitiative,0.00014820085976890207
helenagualinga,0.0001482810767163886
maxklymenko,0.0001482810767163886
sustainableenergyforall,0.0001482810767163886
sophiasmithgaler,0.0001482810767163886
malalafund,0.0001482810767163886
hashem.alghaili,0.0001482810767163886
who,0.0001482810767163886
fao,0.0001482810767163886
unicef,0.0001482810767163886
sohlae,0.00014873808708269296
thisishowilook,0.00014873808708269296
nickuhas,0.00014896521679146516
astrokirsten,0.00014896521679146516
thealgorythm,0.00014916749719693148
encyclopaediabritannica,0.00014916749719693148
astro_alexandra,0.00014916749719693148
morethanadodo,0.00014916749719693148
sejsejlija,0.00014916749719693148
davejorgenson,0.00014916749719693148
annelisethearchaeologist,0.000149851637272008
greenpeace_international,0.00015284028377376074
greenrupertread,0.00015284028377376074
adamemedia,0.00015325385368661798
israhirsi,0.00015342573156982775
davechef53,0.0001535726443311134
ecowithrada,0.0001535726443311134
its.up.2.us,0.0001535726443311134
save.the.earthhhhhh,0.0001535726443311134
dr.katharine,0.00015365286127859995
nowthis,0.00015365286127859995
luisamneubauer,0.00015365286127859995
unitednations,0.00015365286127859995
eddaemilie,0.0001537979609009562
rainbowhistoryclass,0.0001537979609009562
robintrancomedian,0.0001537979609009562
jtfirstman,0.0001537979609009562
unitednationsvolunteers,0.0001540250906097284
unpeacekeeping,0.0001540250906097284
1unicefafrica,0.0001540250906097284
unccd,0.0001540250906097284
co2action,0.0001622068279569702
varyify,0.0001622068279569702
schwulesmuseum,0.00016228343759966437
nogalevyrapoport,0.00016228343759966437
tessplease,0.00016228343759966437
lizzo,0.00016237870584018003
eshutunes,0.00016250919968010809
iamlagigi,0.00016250919968010809
sam_reich,0.00016250919968010809
climate.change.action,0.00016252561860146566
officialtrashpirates,0.00016252561860146566
conservingearth,0.00016252561860146566
climateawarness,0.00016252561860146566
grandma_droniak,0.00016252561860146566
anotherway.org,0.00016252561860146566
greenrevolution.earth,0.00016252561860146566
rhysiedarby,0.00016257035665669757
ecoheffa,0.00016257035665669757
mikemaddenwx,0.00016257035665669757
climatediva,0.00016260583554895223
alysonstoner,0.00016260583554895223
camilacabello,0.00016260583554895223
conservationorg,0.00016260583554895223
climatecents,0.00016260583554895223
polarbirdy,0.00016264046203145682
simon_satellite,0.00016264046203145682
antarcticagay,0.00016264046203145682
oceansciencealex,0.0001627172694179832
justkeepthinking,0.00016279748636546977
bomanizer,0.0001628750116150179
melatiwijsen,0.0001631021413237901
glblctzn,0.0001631021413237901
wsl,0.0001631021413237901
independent,0.00016334706141543114
rachelstewart0404,0.00016346083355142318
entr_en,0.00016346083355142318
akire_m,0.00016346083355142318
birdladydrin,0.00016349225602949508
katiekreen,0.00016349225602949508
birdoftheweek,0.00016349225602949508
blairimani,0.00016351893929864093
brittany_broski,0.00016351893929864093
sciencewithana,0.00016368390684601261
ocean.ramsey,0.00016398856180433298
tiktoktips,0.00016398856180433298
marissatremblay34,0.00016409047367575897
uofr_icecores,0.00016409047367575897
allisonchartrand3,0.00016409047367575897
iam_samata,0.000172456260084079
earthly.ed,0.00017245626008433574
blkgirlenvironmentalist,0.00017245626008433574
mayasideas,0.00017245626008433574
jade.begay,0.00017245626008433574
heresyourmonkeycontent,0.00017986878481140984
mogilligan,0.00017986878481140984
miwallbank,0.00018011277649767474
dannyphiltalk,0.00018011277649767474
pslnational,0.00018014175202011107
cbeaumartino,0.00018014175202011107
honeyygonzales,0.00018014175202011107
blaccademic,0.00018014175202011107
ciscosews,0.00018014175202011107
unrulygeorgia,0.00018014175202011107
fridaysforfuture.berlin,0.00018028465438088453
happyclimatenerd,0.00018028465438088453
earth_uprising,0.00018028465438088453
tagesschau,0.00018028465438088453
climatejournalproject,0.00018028465438088453
antwuhnet,0.00018028465438088453
angelicaloveross,0.00018028465438088453
party_harderson,0.00018028465438088453
billieeilish,0.00018028465438088453
wisdm8,0.00018028465438088453
onlinekyne,0.00018028465438088453
shannon..skye,0.00018028465438088453
lopwert,0.00018040025272245103
wearegreenr,0.00018047469195354846
youngo.unfccc,0.00018047469195354846
simonoxfphys,0.0001805117840896567
ariellevking,0.0001805117840896567
relauren,0.0001805117840896567
cleoabram,0.0001805117840896567
marianateranr,0.0001805117840896567
wwf,0.0001805117840896567
bp_tiktok,0.0001805117840896567
ifawglobal,0.0001805117840896567
louisaschneider.de,0.0001805117840896567
unitednationshumanrights,0.0001805117840896567
jack.lawro,0.00018057213060566083
victoriascone,0.00018057213060566083
ash_phd,0.00018057213060566083
stevemould,0.00018057213060566083
toknerdytome,0.00018057213060566083
goetheinstitut.deutsch,0.00018057213060566083
nabihahp,0.0001806038322871569
btwaves,0.0001806273079020623
samsmarinescience,0.0001806273079020623
constababble,0.00018071904336694648
sams_volcano_stories,0.00018071904336694648
aquariuminfo,0.00018079926031443303
climate_revive,0.0001808572351599316
s_ve.the.earth.now,0.0001808572351599316
theyearsproject,0.0001809262047082043
innamodja,0.00018101585403081932
flexfor1pt5,0.00018101585403081932
newslitproject,0.0001811533344169765
venetialamanna,0.00018139820457019958
jessecallahanbryant,0.00018139820457019958
deutschebahn,0.00018139820457019958
aurikatariina,0.00018139820457019958
thetimes,0.0001818231266853661
rosierawle,0.00018187972794430206
matthew1butcher,0.00018187972794430206
dreamworks,0.00018194424702862788
useribbbbbb,0.00018194424702862788
mrnigelng,0.00018199500456857589
theqweeragenda,0.00018199500456857589
bestofvogue,0.00018199500456857589
dw_berlinfresh,0.00018199500456857589
tiktokbrownchick,0.00018199500456857589
4.lifeherrr,0.00018202682487387277
blackpenredpen,0.00018202682487387277
bbcnewsguest,0.0001926921390283787
nikoiwill,0.00022595741304019454
kasi__b,0.00022595741304019454
metoffice,0.00023341705220693098
parleyfortheoceans,0.00023341705220693098
figgybaby,0.00023371669528145106
thatkahlo,0.00023371669528145106
jinleebaobei,0.00023371669528145106
sup_jer,0.00023371669528145106
queerjabibachaterx,0.00023371669528145106
frauloewenherz.de,0.00023371669528145106
zerowastemorocco,0.00023371669528145106
katiemarovitch,0.00023371669528145106
amiraunplugged,0.00023371669528145106
janellemonae,0.00023371669528145106
transtopia,0.00023371669528145106
they.them.ri,0.00023371669528145106
chromacine,0.00023371669528145106
titsessence,0.00023371669528145106
ylove613,0.00023371669528145106
breakthebinary_,0.00023371669528145106
rock.daddy,0.00023371669528145106
unofficiallachwatson,0.00023371669528145106
gremlingrandparent,0.00023371669528145106
jakersnoll,0.00023371669528145106
nicedward,0.0002337922178566149
charlieinberlin,0.0002337922178566149
jackiechanupdate,0.0002337922178566149
jasseminho,0.0002337922178566149
sunrisemvmtsalem,0.00023383062211978825
scientistrebellion,0.00023383062211978825
stopclimatechang,0.00023383062211978825
klimatreffen_st,0.00023383062211978825
fridays4future,0.00023383062211978825
lanceasmith5424.4.0,0.00023386360804273672
jordanprinceofficial,0.00023386360804273672
matthewcappucci,0.00023386360804273672
maxwellvice,0.00023391841742683884
wearedigitaldiplomacy,0.00023394382499022332
sariaalto,0.00023394382499022332
steffzombie,0.00023400250000299802
tonyhawk,0.00023400250000299802
quangpaasch,0.00023400250000299802
solibolita,0.0002340193475653871
googleartsculture,0.0002340193475653871
ifrc_arabic,0.0002340193475653871
julietamartinezo,0.0002340193475653871
undpthailand,0.0002340193475653871
jonnyeng702,0.00023405514533006804
seemonsteruk,0.00023406533018812447
theclimatechangers,0.0002341494127642837
climate.crusader,0.0002341494127642837
zaralouiseotoole,0.0002341494127642837
grasshopperclimate,0.0002341494127642837
earthtocop,0.00023422962971177025
studioolafureliasson,0.00023422962971177025
moby,0.00023422962971177025
tiktok,0.00023422962971177025
zekedarwinscience,0.00023422962971177025
unwomen,0.00023422962971177025
unmigration,0.00023422962971177025
aimemaggiee,0.00023432088955507044
frannybeck,0.0002343470302929715
steven_he,0.0002343939815227822
sids.ventures,0.0002343939815227822
chez_jorge,0.0002343939815227822
raventhesciencemaven,0.0002343939815227822
thespacegal,0.0002343939815227822
jeffrightnow,0.0002343939815227822
scientistsings,0.0002344678023163561
polarprediction,0.0002344678023163561
jimmysjobsofthefuture,0.00023449394305425717
richardabetts,0.00023449394305425717
subjecttoclimate,0.00023454089428406787
khadszy,0.00023454801926384267
climate.science,0.00023454801926384267
ilo,0.00023454801926384267
jameswakibia,0.00023457416000174374
ottolenghi,0.0002345774524525506
chorizamay,0.0002345774524525506
sackvideo,0.0002345774524525506
_owenz,0.0002345774524525506
carolinethebug,0.0002345774524525506
focusedoninfinity,0.0002345774524525506
dakota.danger,0.0002345774524525506
will.is.petty,0.0002345774524525506
fritzieworld,0.0002345774524525506
zentouro_,0.0002345774524525506
idriselba,0.00023462111123155442
markrober,0.00023462111123155442
olympics,0.00023462111123155442
wimbledon,0.00023462111123155442
angelique_kidjo,0.00023462111123155442
paris2024officiel,0.00023462111123155442
climate_colin,0.0002347243652138363
khalidalameri,0.00023480458216132286
mfnberlin,0.00023483024547076616
margreen_s,0.00023490596953144475
marianaccanairam,0.00023493899167010098
leilaincredible,0.0002349847284291695
thetwolauras,0.00023511372277442783
zethdafer,0.00023511605019231312
humanitarianbs,0.00023523776959409143
usainbolt,0.00023523776959409544
monazaki,0.00023523776959409544
asophsfables,0.0002352856006576376
thegoodnewsms,0.00023543443974438554
therapyjeff,0.00023549141732751174
mckensea,0.00023549141732751174
andreacheong_,0.0002355075317120973
knawtkai,0.0002355075317120973
its_nhm,0.0002355075317120973
metmuseum,0.0002355075317120973
chemteacherphil,0.0002355075317120973
all_about_climate,0.0002356383300887974
greennewdealnetwork,0.0002356383300887974
iamauroramusic,0.00023571854703628394
antoinettetaus,0.00023571854703628394
enriqueanartelazo,0.00023575230610101039
dw_the77percent,0.00023582541215064478
the_london_spy,0.00023588844774234617
climatevoiceorg,0.00023589921886229602
earthhourofficial,0.00023597943580978262
art21,0.00023602623065058356
alisonhammond,0.00023602623065058356
ministryofscience,0.00023602623065058356
jennamarbles,0.00023602623065058356
eumetsat,0.00023617314341186922
thosenorthernboys,0.0002362072383868416
comrade_ashok,0.0002362072383868416
oneyoungworld,0.00023628745533432817
astrosamantha,0.00023660496751682681
kashablanca,0.00023661688382639335
ourchangingclimate,0.00023690139319290754
seashepherdglobal,0.00023717387581487104
shamini.b,0.00023748684098897455
yusramardini,0.00023765033008715295
caseyneistat,0.00023853675056769577
ajitniranjan5,0.0002388439779871636
bbcnewsmundo,0.0002460274373591224
bbcnewsrussian,0.00024707303517039134
bbcnewsround,0.000248261450153091
bbcsport,0.0002496584198808882
ecpavilion,0.00027338175953901036
watschinger_lukas,0.00028159496643574976
holysh0t,0.00028159496643632444
nessa.may.8,0.0003273475451766754
glacionaut,0.0003661496599379305
