25% - 50% (50th percentile) from 0.00012614754011511047 to 0.00012629601019772688
foxandrobin,0.0001262840280117781
janetross65,0.0001262840280117781
woodupp,0.0001262840280117781
semafor,0.0001262840280117781
jenpsaki,0.0001262840280117781
jackspiesnyc,0.0001262840280117781
katelynsailor,0.0001262840280117781
mklurstein,0.0001262840280117781
beetrootandblack,0.0001262840280117781
aguynamedpatrick,0.0001262840280117781
thecreativebix,0.0001262840280117781
plugbettertech,0.0001262840280117781
europeanparliament,0.0001262840280117781
thelonegooseco,0.0001262840280117781
jillian__011,0.0001262840280117781
hackernoon,0.0001262840280117781
bidenhq,0.0001262840280117781
herboozytails,0.0001262840280117781
euintheus,0.0001262840280117781
giuseppeconte_it,0.0001262840280117781
davidsaranga,0.0001262840280117781
beingtheblooms,0.0001262840280117781
foreign_fresh_fierce,0.0001262840280117781
franceintheus,0.0001262840280117781
zivvynews,0.0001262840280117781
bychrisvazquez,0.0001262840280117781
mkacmarcik,0.0001262840280117781
vanader,0.0001262840280117781
.leoolsson,0.0001262840280117781
tommasolongobardi,0.0001262840280117781
samdespo,0.0001262840280117781
andrewmholness,0.0001262840280117781
ludovicpereira,0.0001262840280117781
peaceoneday,0.0001262840280117781
aflcio,0.0001262840280117781
ipcc_ch,0.0001262840280117781
ceipes_ets,0.0001262840280117781
eduardobonillaec,0.0001262840280117781
mecpy,0.0001262840280117781
mario.cronenbold,0.0001262840280117781
yazminhow,0.0001262840280117781
mazthebernese,0.0001262840280117781
frontlinewomensfund,0.0001262840280117781
mictok,0.0001262840280117781
luisabinadercorona,0.0001262840280117781
isostandards,0.0001262840280117781
nealerichmond,0.0001262840280117781
cccmadrid,0.0001262840280117781
yair_lapid,0.0001262840280117781
minculturas,0.0001262840280117781
careusa,0.0001262840280117781
cccminsk,0.0001262840280117781
ccclaos,0.0001262840280117781
tiktokforgood_korea,0.0001262840280117781
oxfameu,0.0001262840280117781
cccwlg,0.0001262840280117781
ccc_sofia,0.0001262840280117781
un_ocha,0.0001262840280117781
islamicreliefnederland,0.0001262840280117781
chinacultureinsrilanka,0.0001262840280117781
centrecultureldechine,0.0001262840280117781
ministryofinternalaffair,0.0001262840280117781
islamicreliefes,0.0001262840280117781
islamicreliefit,0.0001262840280117781
tcowanbrown,0.0001262840280117781
andrea.venzon,0.0001262840280117781
israel,0.0001262840280117781
covid19nz,0.0001262840280117781
atlasmovement,0.0001262840280117781
bakhtawarbhuttozardari,0.0001262840280117781
mfathai,0.0001262840280117781
israelinspanish,0.0001262840280117781
headcountorg,0.0001262840280117781
kkmputrajaya,0.0001262840280117781
commissionermccool,0.0001262840280117781
mediacellppp,0.0001262840280117781
x.bettel,0.0001262840280117781
simon_harristd,0.0001262840280117781
colombecs,0.0001262840280117781
eltonjohnaidsfoundation,0.0001262840280117781
namalrajapaksa,0.0001262840280117781
eliodirupo,0.0001262840280117781
mchs.russia,0.0001262840280117781
rosiannecutajar,0.0001262840280117781
unaidsuzbekistan,0.0001262840280117781
midrussia,0.0001262840280117781
gobiernomx,0.0001262840280117781
gobiernodechile,0.0001262840280117781
gobiernosv,0.0001262840280117781
unow_official,0.0001262840280117781
minvivienda,0.0001262840280117781
thaigov,0.0001262840280117781
francois_ruffin,0.0001262840280117781
naftalibennett_official,0.0001262840280117781
acnurbrasil,0.0001262840280117781
unicefnepal,0.0001262840280117781
realrufusgifford,0.0001262840280117781
gouvernementfr,0.0001262840280117781
gantzbe,0.0001262840280117781
muhamedheeb,0.0001262840280117781
croixrougefr,0.0001262840280117781
chinese_embassy_in_seoul,0.0001262840280117781
ambassadedechine,0.0001262840280117781
_navalny_,0.0001262840280117781
moe360.official,0.0001262840280117781
nepaltourismboard,0.0001262840280117781
minjusticiabol,0.0001262840280117781
deped_ph,0.0001262840280117781
milroy666,0.0001262840280117781
islamicreliefmalaysia,0.0001262840280117781
islamicreliefuk,0.0001262840280117781
tourismechinois,0.0001262840280117781
sanidadgob,0.0001262840280117781
nat_production,0.0001262840280117781
hishammuddinh2o,0.0001262840280117781
kongkowsobatindustri,0.0001262840280117781
culturno,0.0001262840280117781
minproduccion,0.0001262840280117781
embajadaeeuucl,0.0001262840280117781
prasetyoedimarsudi,0.0001262840280117781
wfp_es,0.0001262840280117781
msp_ecuador,0.0001262840280117781
essaludperu,0.0001262840280117781
vzcode58,0.0001262840280117781
nakufoaddo,0.0001262840280117781
nayibbukele,0.0001262840280117781
mdefensard,0.0001262840280117781
kpsharmaoli_official,0.0001262840280117781
asmrgermanshepard,0.0001262840280117781
presedinta.maiasandu,0.0001262840280117781
culturagob,0.0001262840280117781
ucraniaenmexico,0.0001262840280117781
caleb.m.roberts,0.0001262840280117781
governmentofjersey,0.0001262840280117781
sandiuno.official,0.0001262840280117781
sportsequalityfdn,0.0001262840280117781
mangalatiktok,0.0001262840280117781
user62707523,0.0001262840280117781
kemenkp,0.0001262840280117781
kemenperin,0.0001262840280117781
kemenkomarves,0.0001262840280117781
cityofgoodsg,0.0001262840280117781
fadjroelrachman7,0.0001262840280117781
indonesiabaik.id,0.0001262840280117781
kemenpupr,0.0001262840280117781
attyharryroque,0.0001262840280117781
littleattorney,0.0001262840280117781
marleneschiappa,0.0001262840280117781
sastra_buwana,0.0001262840280117781
blackgirlscode,0.0001262840280117781
marnguate,0.0001262840280117781
bnetanyahu,0.0001262840280117781
algerianred,0.0001262840280117781
islamicreliefeire,0.0001262840280117781
kementerianesdm,0.0001262840280117781
mabol60,0.0001262840280117781
ed_markey,0.0001262840280117781
hhshkmohd,0.0001262840280117781
georgia_red_cross,0.0001262840280117781
kemenpora_ri,0.0001262840280117781
minciencia,0.0001262840280117781
minamperu,0.0001262840280117781
wwfsg,0.0001262840280117781
chicox0x0,0.0001262840280117781
idf,0.0001262840280117781
minemperu,0.0001262840280117781
bobcaseyjr,0.0001262840280117781
unhcr_lebanon,0.0001262840280117781
fundacionfransol,0.0001262840280117781
unyouth_auckland,0.0001262840280117781
fifacom_es,0.0001262840280117781
undpvietnamclimate,0.0001262840280117781
undpturkiye,0.0001262840280117781
israelarabic,0.0001262840280117781
will_ita,0.0001262840280117781
ttrcs,0.0001262840280117781
oxfamireland,0.0001262840280117781
undp_ayami,0.0001262840280117781
hannahihummel,0.0001262840280117781
eie.eu,0.0001262840280117781
unfpa_asia,0.0001262840280117781
iaeaorg,0.0001262840280117781
ylefoundation,0.0001262840280117781
labellefoundation,0.0001262840280117781
rainn,0.0001262840280117781
knowyourrightscamp,0.0001262840280117781
tiwalowla,0.0001262840280117781
girleffect,0.0001262840280117781
amnestysafrica,0.0001262840280117781
tom_and_jerry2022,0.0001262840280117781
un_water,0.0001262840280117781
savethemusic,0.0001262840280117781
nuclearban,0.0001262840280117781
lgbtfdn,0.0001262840280117781
ndssorg,0.0001262840280117781
votedotorg,0.0001262840280117781
ncmec,0.0001262840280117781
americancancersociety,0.0001262840280117781
hispanicheritage,0.0001262840280117781
unfpaecuador,0.0001262840280117781
planbelgium,0.0001262840280117781
unfpakyrgyzstan,0.0001262840280117781
UNFPALesotho,0.0001262840280117781
amnestykorea,0.0001262840280117781
worldvisionco,0.0001262840280117781
worldvisionhn,0.0001262840280117781
planbol,0.0001262840280117781
nu.mincult,0.0001262840280117781
amnestyukr,0.0001262840280117781
givingtuesdayitaly,0.0001262840280117781
oxfamnz,0.0001262840280117781
plan.intl.ireland,0.0001262840280117781
unfpamalaysia,0.0001262840280117781
givingtuesday_ua,0.0001262840280117781
fiba,0.0001262840280117781
lerefuge,0.0001262840280117781
israelincanada,0.0001262840280117781
ethioembassyuk,0.0001262840280117781
user28072801,0.0001262840280117781
la28,0.0001262840280117781
romania,0.0001262840280117781
unicefnorthamerica,0.0001262840280117781
primerolagentear,0.0001262840280117781
unicefcostarica,0.0001262840280117781
aminov_emil,0.0001262840280117781
undppakistan,0.0001262840280117781
tiktok101africa,0.0001262840280117781
kalhanr,0.0001262840280117781
chedetofficial,0.0001262840280117781
tianakocher,0.0001262840280117781
vistahanoi,0.0001262840280117781
natischoebii,0.0001262840280117781
concausauruguay,0.0001262840280117781
gengemilang,0.0001262840280117781
soccer_aid,0.0001262840280117781
vistavietnam,0.0001262840280117781
girlpowerfulwellness,0.0001262840280117781
mayadachammasofficial,0.0001262840280117781
mariemstitkokaccount,0.0001262840280117781
michael,0.0001262840280117781
makeawishamerica,0.0001262840280117781
anuliwasheretoo,0.0001262840280117781
stateofsocial,0.0001262840280117781
turismosp,0.0001262840280117781
sean.solme.kim,0.0001262840280117781
irene.casado,0.0001262840280117781
solidaritesinternational,0.0001262840280117781
culturasp,0.0001262840280117781
steogis,0.0001262840280117781
princestrust,0.0001262840280117781
visitlondon,0.0001262840280117781
visitjordanofficial,0.0001262840280117781
visitrovaniemi,0.0001262840280117781
esrasergi,0.0001262840280117781
warrenfiveash,0.0001262840280117781
visitoman,0.0001262840280117781
hanoitourist,0.0001262840280117781
thejessadams,0.0001262840280117781
azarinearinta,0.0001262840280117781
visitseoul,0.0001262840280117781
mtpb.hochiminh,0.0001262840280117781
a1gripp,0.0001262840280117781
tourismperak,0.0001262840280117781
keralatourism,0.0001262840280117781
ashrafghani.af,0.0001262840280117781
unicefe,0.0001262840280117781
unicef_iceland,0.0001262840280117781
amnestyindo,0.0001262840280117781
worldathletics,0.0001262840280117781
unicefperu,0.0001262840280117781
habitatforhumanityindia,0.0001262840280117781
vociperlaliberta,0.0001262840280117781
unicefrdo,0.0001262840280117781
unicefbrasil,0.0001262840280117781
planusa,0.0001262840280117781
greenpeacesuomi,0.0001262840280117781
medialiteracyed,0.0001262840280117781
jenny_minard,0.0001262840280117781
indiaplogrun,0.0001262840280117781
goonj.org,0.0001262840280117781
unicefitaliaofficial,0.0001262840280117781
www.mha.gov.in,0.0001262840280117781
popfoundindiaofficial,0.0001262840280117781
cry_india,0.0001262840280117781
cufabrasil,0.0001262840280117781
miawaiifuxo,0.0001262840280117781
solisio,0.0001262840280117781
digitalnadiplomatija,0.0001262840280117781
ciulla1004,0.0001262840280117781
japan_olympic,0.0001262840280117781
nauseda.gitanas,0.0001262840280117781
laurentlaforge6,0.0001262840280117781
ministry.of.healt,0.0001262840280117781
britisharmyengagement,0.0001262840280117781
youthmusic,0.0001262840280117781
embaixadoresedu,0.0001262840280117781
governosp,0.0001262840280117781
jaron.steve,0.0001262840280117781
abdullahihoshow,0.0001262840280117781
abdalemoh,0.0001262840280117781
msfkorea,0.0001262840280117781
emmanuelmacron,0.0001262840280117781
korea_fire_119,0.0001262840280117781
tcfcanada,0.0001262840280117781
infobmkg,0.0001262840280117781
drk_schwesternschaft_ffm,0.0001262840280117781
islamicreliefca,0.0001262840280117781
el_mef,0.0001262840280117781
inclusionecuador,0.0001262840280117781
EmbassyMalaysiaIt,0.0001262840280117781
csagavietnam,0.0001262840280117781
felix.burda.stiftung,0.0001262840280117781
kinderkunsthaus,0.0001262840280117781
islamicreliefusa,0.0001262840280117781
nhm.gov.in,0.0001262840280117781
enyamayaro,0.0001262840280117781
skillindiaofficial,0.0001262840280117781
jyiyihu,0.0001262840280117781
habitataustralia,0.0001262840280117781
ecounesco,0.0001262840280117781
itarunagata,0.0001262840280117781
jess_mclennan,0.0001262840280117781
worldvisionperu,0.0001262840280117781
compassion.de,0.0001262840280117781
worldvisionlanka,0.0001262840280117781
undpukraine,0.0001262840280117781
ohchr_roca,0.0001262840280117781
usern94114mezg,0.0001262840280117781
catherinephilbin,0.0001262840280117781
sewainternational,0.0001262840280117781
worldvisionindia,0.0001262840280117781
l.prithvirajsingh,0.0001262840280117781
onhavanvui,0.0001262840280117781
worldvisionbolivia,0.0001262840280117781
momsdemand,0.0001262840280117781
ericasmallenbroek,0.0001262840280117781
truecolorsunited,0.0001262840280117781
mayoroflondon,0.0001262840280117781
danielebertana,0.0001262840280117781
worldvisionusa,0.0001262840280117781
tt3zo,0.0001262840280117781
wotrindia,0.0001262840280117781
wwf_australia,0.0001262840280117781
marisemontrose,0.0001262840280117781
katiehoeflinger,0.0001262840280117781
a_window_to_the_world,0.0001262840280117781
hitratct,0.0001262840280117781
eurovision,0.0001262840280117781
roma.capitale,0.0001262840280117781
aspca,0.0001262840280117781
conservationafr,0.0001262840280117781
wateraidbangladesh,0.0001262840280117781
31737968049,0.0001262840280117781
italyexpo2025osaka,0.0001262840280117781
changedotorg,0.0001262840280117781
pakinathens,0.0001262840280117781
cf_foundation,0.0001262840280117781
user00988989000,0.0001262840280117781
worldgovsummit,0.0001262840280117781
visitdubai.ar,0.0001262840280117781
chnembassy_jp,0.0001262840280117781
mohapuae,0.0001262840280117781
dha_dubai,0.0001262840280117781
userh6eu9ablhr,0.0001262840280117781
andrezanelli,0.0001262840280117781
mryawarabbas,0.0001262840280117781
swipeouthunger,0.0001262840280117781
sosindia,0.0001262840280117781
kittylover61,0.0001262840280117781
hillelintl,0.0001262840280117781
kudzi,0.0001262840280117781
sageusa,0.0001262840280117781
realdavecole,0.0001262840280117781
mindcharity,0.0001262840280117781
thierrybreton,0.0001262840280117781
rainforestfoundation,0.0001262840280117781
earthdaynetworkin,0.0001262840280117781
marchofdimes,0.0001262840280117781
dubaicares,0.0001262840280117781
unwomensuomi,0.0001262840280117781
uninvietnam,0.0001262840280117781
skyinmanila,0.0001262840280117781
idftweets,0.0001262840280117781
saikibtc,0.0001262840280117781
kemkominfo,0.0001262840280117781
kemenpppa,0.0001262840280117781
pprmofa,0.0001262840280117781
mfasomalia,0.0001262840280117781
sujiroseam,0.0001262840280117781
soomaaliya,0.0001262840280117781
somalia,0.0001262840280117781
bpspl.padang,0.0001262840280117781
tourismphilippines,0.0001262840280117781
kemensosri,0.0001262840280117781
somali,0.0001262840280117781
mofasomalia,0.0001262840280117781
rcce_id,0.0001262840280117781
ditjen_imigrasi,0.0001262840280117781
djikp,0.0001262840280117781
brin_indonesia,0.0001262840280117781
pesonaindonesia,0.0001262840280117781
kemenparekraf,0.0001262840280117781
israeli_air_force,0.0001262840280117781
nami,0.0001262840280117781
edwingoutier,0.0001262840280117781
jdannemiller,0.0001262840280117781
glaad,0.0001262840280117781
melcarle,0.0001262840280117781
larissarydin,0.0001262840280117781
gov.sg,0.0001262840280117781
mofspore,0.0001262840280117781
americanheartassociation,0.0001262840280117781
afterschoolallstars,0.0001262840280117781
nituna1966,0.0001262840280117781
pencilsofpromise,0.0001262840280117781
beardfoundation,0.0001262840280117781
audubonsociety,0.0001262840280117781
autismspeaks,0.0001262840280117781
trevorproject,0.0001262840280117781
stonewallfoundation,0.0001262840280117781
nokidhungry,0.0001262840280117781
musicaresfoundation,0.0001262840280117781
sierraclub,0.0001262840280117781
sarahyergeau,0.0001262840280117781
givingtuesdayke,0.0001262840280117781
giovanicri.grottaglie,0.0001262840280117781
kitschcreek,0.0001262840280117781
givingtuesdaycolombia,0.0001262840280117781
spb_redcross,0.0001262840280117781
givingtuesdayindia,0.0001262840280117781
cripavia,0.0001262840280117781
crocerossasantasevera,0.0001262840280117781
giovanicrifirenze,0.0001262840280117781
uwbengaluru2019,0.0001262840280117781
bestfriendsanimalsociety,0.0001262840280117781
pmilomboktimur,0.0001262840280117781
givingtuesdayuk,0.0001262840280117781
giovanicrivarese,0.0001262840280117781
cruzrojaecuador,0.0001262840280117781
janicebabineau,0.0001262840280117781
ifrcasiapacific,0.0001262840280117781
irisvandeinse,0.0001262840280117781
seewagz,0.0001262840280117781
vanessa_xd_18,0.0001262840280117781
designifrc,0.0001262840280117781
corriebutler,0.0001262840280117781
corinneambler8,0.0001262840280117781
joredcrescent,0.0001262840280117781
tiwamungu,0.0001262840280117781
sarafalconer,0.0001262840280117781
yuangpp,0.0001262840280117781
derksegaar,0.0001262840280117781
crimascalucia,0.0001262840280117781
cdcfound,0.0001262840280117781
wto,0.0001262840280117781
roda_korset_uf,0.0001262840280117781
dianacoulter2,0.0001262840280117781
igvgroup,0.0001262840280117781
iamgeorgenikolaou,0.0001262840280117781
unjobs,0.0001262840280117781
switzerland,0.0001262840280117781
creurojabalears,0.0001262840280117781
cruzrojamadrid,0.0001262840280117781
aaronrodrige,0.0001262840280117781
ict_anti_ncov,0.0001262840280117781
wwfjapan,0.0001262840280117781
undpbd,0.0001262840280117781
txulu,0.0001262840280117781
visitaustria.official,0.0001262840280117781
cruzrojabizkaia,0.0001262840280117781
drksachsen,0.0001262840280117781
martinnydegger,0.0001262840280117781
switzerlandtourismarabic,0.0001262840280117781
vietnamtourismofficial,0.0001262840280117781
irinarm,0.0001262840280117781
cruzrojajuventud,0.0001262840280117781
cruzrojaalicante,0.0001262840280117781
macaurc,0.0001262840280117781
croixrouge_ch,0.0001262840280117781
zn.tiktok,0.0001262840280117781
cs_europa,0.0001262840280117781
earthhourtaiwan,0.0001262840280117781
stiofanoriain,0.0001262840280117781
rosemarienorth7,0.0001262840280117781
volteuropa,0.0001262840280117781
bloombergdotorg,0.0001262840280117781
australia,0.0001262840280117781
roteskreuz_ch,0.0001262840280117781
cruzrojacrc,0.0001262840280117781
philippineredcros,0.0001262840280117781
planinternationalsverige,0.0001262840280117781
gavialliance,0.0001262840280117781
earthhourhk,0.0001262840280117781
redcrescent.kz,0.0001262840280117781
daviddraco,0.0001262840280117781
botitasazules,0.0001262840280117781
earthhourindia,0.0001262840280117781
unicefguyanasuriname,0.0001262840280117781
onumexico,0.0001262840280117781
wwfmalaysia,0.0001262840280117781
wwfperu,0.0001262840280117781
wwfindia,0.0001262840280117781
worldvisionaus,0.0001262840280117781
codysibulo,0.0001262840280117781
wwfkenya,0.0001262840280117781
earthhour_au,0.0001262840280117781
unicefturk,0.0001262840280117781
meatball,0.0001262840280117781
rglenncarter,0.0001262840280117781
newswithsuz,0.0001262840280117781
seancle,0.0001262840280117781
therealchallenge,0.0001262840280117781
wwfitalia,0.0001262840280117781
worldvisioncan,0.0001262840280117781
worldvisioninternational,0.0001262840280117781
unicefvietnam,0.0001262840280117781
unicefusa,0.0001262840280117781
unicefromania,0.0001262840280117781
unicefph,0.0001262840280117781
unicefparaguay,0.0001262840280117781
globalshaperscommunity,0.0001262840280117781
unicefsouthafrica,0.0001262840280117781
worldvisionch,0.0001262840280117781
40hournz,0.0001262840280117781
valvoshchevska,0.0001262840280117781
unicefuruguay,0.0001262840280117781
foroeconomicomundial,0.0001262840280117781
uniceflac,0.0001262840280117781
unicefguatemala,0.0001262840280117781
unicefegypt,0.0001262840280117781
unicefecuador,0.0001262840280117781
unicefcolombia,0.0001262840280117781
unicefargentina,0.0001262840280117781
unicefmena,0.0001262840280117781
unicefjordan,0.0001262840280117781
unicefbolivia,0.0001262840280117781
unicefbd,0.0001262840280117781
unicefindonesia,0.0001262840280117781
unicefindia,0.0001262840280117781
unicefcambodia,0.0001262840280117781
unctadyouth,0.0001262840280117781
heforshe,0.0001262840280117781
jimmy_bennett,0.0001262840280117781
uninkuwait,0.0001262840280117781
unfoundation,0.0001262840280117781
unitedwayworldwide,0.0001262840280117781
tommasodl,0.0001262840280117781
unwomenindia,0.0001262840280117781
undpmoldova,0.0001262840280117781
joinun75,0.0001262840280117781
thibaultdigital,0.0001262840280117781
modsolo1,0.0001262840280117781
redcrossrussia,0.0001262840280117781
cruzrojacol,0.0001262840280117781
roteskreuz_at,0.0001262840280117781
nzredcross,0.0001262840280117781
cruzrojagt,0.0001262840280117781
cruzrojave,0.0001262840280117781
comicreliefus,0.0001262840280117781
sherriesilver,0.0001262840280117781
kenyaredcross,0.0001262840280117781
rwandaredcross,0.0001262840280117781
redcrossbelarus,0.0001262840280117781
sophia.dedace,0.0001262840280117781
rodekruis,0.0001262840280117781
cruzrojanic,0.0001262840280117781
oxfamgb,0.0001262840280117781
tokyo2020_official,0.0001262840280117781
presidentirl,0.0001262840280117781
americanredcross,0.0001262840280117781
turkkizilay,0.0001262840280117781
red,0.0001262840280117781
rachelrominger3,0.0001262840280117781
rababoush,0.0001262840280117781
oxfam_india,0.0001262840280117781
cruzrojaarg,0.0001262840280117781
qrcs,0.0001262840280117781
prarthnavasudevan,0.0001262840280117781
oxfam,0.0001262840280117781
crocerossa,0.0001262840280117781
nielstimm94,0.0001262840280117781
kemdikbud.ri,0.0001262840280117781
ministeriodetransporte,0.0001262840280117781
minvws,0.0001262840280117781
franceonu,0.0001262840280117781
thaimoph,0.0001262840280117781
boytevietnam,0.0001262840280117781
msalnacion,0.0001262840280117781
saludpublicard,0.0001262840280117781
osmzn,0.0001262840280117781
nicolasmadurom,0.0001262840280117781
neilparekh_tiktok,0.0001262840280117781
doctorswithoutborders,0.0001262840280117781
movember,0.0001262840280117781
nikkiinnewyorkcity,0.0001262840280117781
nicholasceolin,0.0001262840280117781
nancygroves,0.0001262840280117781
msfcanada,0.0001262840280117781
marcoricorda56,0.0001262840280117781
loreycampese,0.0001262840280117781
joellesees,0.0001262840280117781
jemilah.mahmood,0.0001262840280117781
uahealth,0.0001262840280117781
melisfiganmese,0.0001262840280117781
luefkens,0.0001262840280117781
matteosalviniufficiale,0.0001262840280117781
rubicito,0.0001262840280117781
idfofficial,0.0001262840280117781
mash_project,0.0001262840280117781
mahakmors,0.0001262840280117781
laurenssoenen,0.0001262840280117781
kazukikitaoka,0.0001262840280117781
itu,0.0001262840280117781
mckinley.mov,0.0001262840280117781
matthancock,0.0001262840280117781
jacknolos,0.0001262840280117781
fonij.vuni,0.0001262840280117781
firasalkhateeb8,0.0001262840280117781
givingtuesday,0.0001262840280117781
gsalokhe,0.0001262840280117781
gybneurope,0.0001262840280117781
euam_ukraine,0.0001262840280117781
israelinusa,0.0001262840280117781
ifrc_russian,0.0001262840280117781
gisellalomax,0.0001262840280117781
imssmx,0.0001262840280117781
globalgiving,0.0001262840280117781
embassyofisraelsa,0.0001262840280117781
danijurman,0.0001262840280117781
beadc1993,0.0001262840280117781
alihoshow,0.0001262840280117781
ceoofhelpe,0.0001262840280117781
bregggs,0.0001262840280117781
arashbordbar,0.0001262840280117781
directrelief,0.0001262840280117781
dohgovph,0.0001262840280117781
ibabarbaloch,0.0001262840280117781
alexandra.spinelli,0.0001262840280117781
elifico,0.0001262840280117781
elodielongo,0.0001262840280117781
dante.licona,0.0001262840280117781
cubbygraham,0.0001262840280117781
corneliubjola,0.0001262840280117781
charlottescaddan,0.0001262840280117781
conservationph,0.0001262840280117781
conservationmx,0.0001262840280117781
msgz47,0.0001262840280117781
ci_peru,0.0001262840280117781
conservationco,0.0001262840280117781
conservationsg,0.0001262840280117781
charitywater,0.0001262840280117781
ahmet_davutoglu,0.0001262840280117781
andreas212nyc,0.0001262840280117781
conservationjp,0.0001262840280117781
conservationid,0.0001262840280117781
bmg_bund,0.0001262840280117781
swisspublichealth,0.0001262840280117781
farahhamelin,0.00012629601019772688
burr_iam,0.00012629601019772688
turkuazkitchen,0.00012629601019772688
whatpiesays,0.00012629601019772688
french_exterior,0.00012629601019772688
hkwife,0.00012629601019772688
apolline_guer,0.00012629601019772688
meryl.bie,0.00012629601019772688
gaelleprudencio,0.00012629601019772688
itskamo_ww,0.00012629601019772688
solianasapp,0.00012629601019772688
singkirbysing,0.00012629601019772688
lil_skull2,0.00012629601019772688
surayaskitchen,0.00012629601019772688
parishilton,0.00012629601019772688
rachealakua_,0.00012629601019772688
aka_monaco,0.00012629601019772688
byaprilalexander,0.00012629601019772688
skylarmarshai,0.00012629601019772688
hapsatousy.off,0.00012629601019772688
roseinchina1,0.00012629601019772688
fares_bdi,0.00012629601019772688
breadbakebeyond,0.00012629601019772688
busezeynep,0.00012629601019772688
homewithfarah,0.00012629601019772688
thenarddogcooks,0.00012629601019772688
tiguidasissoko1,0.00012629601019772688
_lacebakes_,0.00012629601019772688
hausbyg,0.00012629601019772688
julius.roberts,0.00012629601019772688
lotfiwoodwalker,0.00012629601019772688
agoriamusic,0.00012629601019772688
thatwarriorprincess,0.00012629601019772688
sorlos.escapes,0.00012629601019772688
sophia_roe,0.00012629601019772688
jillhigginson1,0.00012629601019772688
itspierreboo,0.00012629601019772688
kristenfaith_eats,0.00012629601019772688
nesslise22,0.00012629601019772688
aminaladymya,0.00012629601019772688
dilettasecco,0.00012629601019772688
aishatami,0.00012629601019772688
laurennrwebb,0.00012629601019772688
johnbaptistla,0.00012629601019772688
asaofficial_,0.00012629601019772688
emilymariko,0.00012629601019772688
emrata,0.00012629601019772688
emmanuellek_,0.00012629601019772688
soleneoj,0.00012629601019772688
lanawilman,0.00012629601019772688
deringslando,0.00012629601019772688
julietjo_,0.00012629601019772688
fyp_template,0.00012629601019772688
biancamelas,0.00012629601019772688
akannikamal,0.00012629601019772688
raye,0.00012629601019772688
ellie.delphine,0.00012629601019772688
nash_lightmeup,0.00012629601019772688
samirsabe_,0.00012629601019772688
gakulange,0.00012629601019772688
andyescapes,0.00012629601019772688
phamgela,0.00012629601019772688
easewithalex,0.00012629601019772688
naraazizasmith,0.00012629601019772688
stevenwommack,0.00012629601019772688
elise.laine,0.00012629601019772688
ballerinafarm,0.00012629601019772688
krlshkr,0.00012629601019772688
iamterriwalker,0.00012629601019772688
corneille.music,0.00012629601019772688
karenalvarez_7,0.00012629601019772688
jaysonrobertson,0.00012629601019772688
tylerwayneglass,0.00012629601019772688
xojourdanlouise,0.00012629601019772688
omgadrian,0.00012629601019772688
rokdiallo,0.00012629601019772688
iphiigood,0.00012629601019772688
jariatudanita,0.00012629601019772688
ethanrodecoffee,0.00012629601019772688
hugelthug,0.00012629601019772688
samsched,0.00012629601019772688
_toscanelucas,0.00012629601019772688
trinixmusic,0.00012629601019772688
nowness,0.00012629601019772688
nikopieri,0.00012629601019772688
rapha_content,0.00012629601019772688
claire_most,0.00012629601019772688
lacapture,0.00012629601019772688
tcrfff,0.00012629601019772688
atiyacwalcott,0.00012629601019772688
craigdavid,0.00012629601019772688
kaerukeki,0.00012629601019772688
arthur.squared,0.00012629601019772688
nicky.reardon,0.00012629601019772688
boon.vivant_,0.00012629601019772688
skndoctor,0.00012629601019772688
interiorbytim,0.00012629601019772688
by.regiina,0.00012629601019772688
ninabocoum12345,0.00012629601019772688
i_d,0.00012629601019772688
blessedannisse,0.00012629601019772688
bocarkeitaaa,0.00012629601019772688
emiliekiser,0.00012629601019772688
nyane,0.00012629601019772688
serena,0.00012629601019772688
alexisbarichella,0.00012629601019772688
lolba2060,0.00012629601019772688
jamillastrand,0.00012629601019772688
doseofsociety,0.00012629601019772688
leonorbdoliveira,0.00012629601019772688
audrey.afs,0.00012629601019772688
siredia,0.00012629601019772688
iamrenanpacheco,0.00012629601019772688
cocomocoe,0.00012629601019772688
eyesrodgers,0.00012629601019772688
luxxuryxx,0.00012629601019772688
just1bisou,0.00012629601019772688
samhairwolfryder,0.00012629601019772688
bradleymcb,0.00012629601019772688
maximbadyofficial,0.00012629601019772688
jastookes,0.00012629601019772688
atsukocomedy,0.00012629601019772688
paintedbyspencer,0.00012629601019772688
lizbeth_6373,0.00012629601019772688
noordinarynoire,0.00012629601019772688
rossydpalma,0.00012629601019772688
moriba_kone,0.00012629601019772688
joshjohnsoncomedy,0.00012629601019772688
neuronush,0.00012629601019772688
danieltonijais,0.00012629601019772688
ninonrambaud,0.00012629601019772688
oumar.diawara,0.00012629601019772688
claudyamoreira1,0.00012629601019772688
chloeevegan,0.00012629601019772688
bignikbh,0.00012629601019772688
madisoncalley,0.00012629601019772688
danclemt,0.00012629601019772688
danysyntheoff,0.00012629601019772688
colorsxstudios,0.00012629601019772688
solann_zla,0.00012629601019772688
aneesastrings,0.00012629601019772688
allyoucanface,0.00012629601019772688
betweenspoonfuls,0.00012629601019772688
joeyxoto,0.00012629601019772688
brain.curiosities,0.00012629601019772688
luxecollective,0.00012629601019772688
official_azz,0.00012629601019772688
fkatwigs,0.00012629601019772688
romanademeneges,0.00012629601019772688
michelledeswartecomedy,0.00012629601019772688
jayshetty,0.00012629601019772688
farylopes,0.00012629601019772688
somotayo10,0.00012629601019772688
victorthompson1111,0.00012629601019772688
jonathantilkin,0.00012629601019772688
alexanderstewart,0.00012629601019772688
jamesbks,0.00012629601019772688
vocamonix,0.00012629601019772688
anthony_gargiula,0.00012629601019772688
brutafrique,0.00012629601019772688
niceworkparisoff,0.00012629601019772688
comradetripp,0.00012629601019772688
theelegantstylist,0.00012629601019772688
luisaviaroma,0.00012629601019772688
blondie.fro,0.00012629601019772688
voguefrance,0.00012629601019772688
syko.beats,0.00012629601019772688
victormcolman,0.00012629601019772688
docamen,0.00012629601019772688
flawlessri,0.00012629601019772688
doctor.darien,0.00012629601019772688
jonathanbynoe,0.00012629601019772688
laetitiamampaka,0.00012629601019772688
matt_rife,0.00012629601019772688
iamlibianca,0.00012629601019772688
badasscounseling,0.00012629601019772688
flotte.fr,0.00012629601019772688
louisthehippie,0.00012629601019772688
ellefrance,0.00012629601019772688
tobenwigwe,0.00012629601019772688
noredavis,0.00012629601019772688
thezainabjohnson,0.00012629601019772688
yamebantu,0.00012629601019772688
bmkparisbamako,0.00012629601019772688
nobodysausage,0.00012629601019772688
crazie_mwangi,0.00012629601019772688
yummy_little_belly,0.00012629601019772688
seasoned_dialogue,0.00012629601019772688
saraalmadani,0.00012629601019772688
ebinumbrothers,0.00012629601019772688
standup,0.00012629601019772688
californiaistoocasual,0.00012629601019772688
the_indomitable_blackman,0.00012629601019772688
greceghanem,0.00012629601019772688
arianadebose,0.00012629601019772688
pi3tro_bonsignore,0.00012629601019772688
sareishh,0.00012629601019772688
veryveryvinny,0.00012629601019772688
arc_warrior,0.00012629601019772688
akprzy,0.00012629601019772688
oxmo_puccino,0.00012629601019772688
papaswolio,0.00012629601019772688
robinsonzs,0.00012629601019772688
abby_roadhome,0.00012629601019772688
mhd.say,0.00012629601019772688
marvedonanimates,0.00012629601019772688
verydeltapod,0.00012629601019772688
le_grand_palais,0.00012629601019772688
blick_thegobbler,0.00012629601019772688
bikosmanna,0.00012629601019772688
poqssi,0.00012629601019772688
jadenovahofficial,0.00012629601019772688
zoetauran,0.00012629601019772688
theampedfamily,0.00012629601019772688
masood_boomgaard,0.00012629601019772688
indiarosecrawford,0.00012629601019772688
eugenietrochu,0.00012629601019772688
aissa.maiga,0.00012629601019772688
saintlevant,0.00012629601019772688
theestallion,0.00012629601019772688
king.science,0.00012629601019772688
voguemagazine,0.00012629601019772688
hdnsnotarnd,0.00012629601019772688
taiverdes,0.00012629601019772688
megan.milan,0.00012629601019772688
ninasimone,0.00012629601019772688
taiilormade,0.00012629601019772688
mba_lyon,0.00012629601019772688
africanjawn,0.00012629601019772688
lisa.bpro,0.00012629601019772688
koradaily_,0.00012629601019772688
theegalenjwilliams,0.00012629601019772688
homewithkelsey,0.00012629601019772688
solomonmusic,0.00012629601019772688
tenientertainer,0.00012629601019772688
mathieusimoneau,0.00012629601019772688
ayrastarr,0.00012629601019772688
nardosings,0.00012629601019772688
chloecleroux,0.00012629601019772688
alannanicolex,0.00012629601019772688
badaagnes1,0.00012629601019772688
theintrovertedattorney,0.00012629601019772688
temsbaby,0.00012629601019772688
atrapenard,0.00012629601019772688
braden_wellman,0.00012629601019772688
deanlewis,0.00012629601019772688
kanekallaway,0.00012629601019772688
snarky_nana,0.00012629601019772688
yayalerenoi_224,0.00012629601019772688
jayybeech,0.00012629601019772688
aintafraid,0.00012629601019772688
kamsendoo,0.00012629601019772688
marcocontisikic4,0.00012629601019772688
iamitom,0.00012629601019772688
elainewelteroth,0.00012629601019772688
annar.f,0.00012629601019772688
chiaraferragni,0.00012629601019772688
ericataylor2347,0.00012629601019772688
za_vali,0.00012629601019772688
lupitanyongo,0.00012629601019772688
elleelleshann,0.00012629601019772688
sahdsimone,0.00012629601019772688
marrs_the_martian,0.00012629601019772688
jeffreyeli,0.00012629601019772688
mametuuuh,0.00012629601019772688
adamaparis,0.00012629601019772688
monavand,0.00012629601019772688
william_.e,0.00012629601019772688
mameantawade,0.00012629601019772688
noemiepino,0.00012629601019772688
lapvntoufle,0.00012629601019772688
dissssgrace,0.00012629601019772688
violapush,0.00012629601019772688
bobthedragqueen,0.00012629601019772688
154artfair,0.00012629601019772688
iamdoechii_,0.00012629601019772688
volubilishabibi,0.00012629601019772688
tomkingmusic,0.00012629601019772688
theelectrictribe,0.00012629601019772688
jessiereyez,0.00012629601019772688
crissa_ace,0.00012629601019772688
marawa,0.00012629601019772688
canocassandra,0.00012629601019772688
stromae,0.00012629601019772688
jeannedamasofficial,0.00012629601019772688
thecarolinalifestyle,0.00012629601019772688
unreal_keanu,0.00012629601019772688
shaynateresetaylor,0.00012629601019772688
endeveloppement,0.00012629601019772688
i.am.frieda,0.00012629601019772688
ytietofficial,0.00012629601019772688
ycare0,0.00012629601019772688
abbieherbert,0.00012629601019772688
fionamichelle__,0.00012629601019772688
onmangequoi.fr,0.00012629601019772688
audreyrivet,0.00012629601019772688
cyrusveyssi,0.00012629601019772688
leonalewis,0.00012629601019772688
casuphil,0.00012629601019772688
lenamantler,0.00012629601019772688
louisvuitton,0.00012629601019772688
aysatofficiel,0.00012629601019772688
thekerrywashington,0.00012629601019772688
sympacool,0.00012629601019772688
ledger,0.00012629601019772688
spirited.pursuit,0.00012629601019772688
tatianabellator,0.00012629601019772688
lizzi.mov,0.00012629601019772688
nickychampa,0.00012629601019772688
virginieehonian,0.00012629601019772688
gezellerenee,0.00012629601019772688
qveenherby,0.00012629601019772688
sainthoax,0.00012629601019772688
jbdjebb,0.00012629601019772688
hindzsight,0.00012629601019772688
shnordic,0.00012629601019772688
mrdoodleofficial,0.00012629601019772688
tianiedacostaa,0.00012629601019772688
sineadharnett,0.00012629601019772688
anna_inparis,0.00012629601019772688
nelsongariba,0.00012629601019772688
emmymelimusic,0.00012629601019772688
dr.never,0.00012629601019772688
clairefosse,0.00012629601019772688
jonathankrego,0.00012629601019772688
tara.raani2,0.00012629601019772688
willycmoi,0.00012629601019772688
joseypriscille,0.00012629601019772688
young_emperors,0.00012629601019772688
its_mariama,0.00012629601019772688
kjm42222,0.00012629601019772688
officialmichellevisage,0.00012629601019772688
citygirlgonemom,0.00012629601019772688
sonna,0.00012629601019772688
ninaprettybocoum,0.00012629601019772688
hellcat.png,0.00012629601019772688
luanpommier7,0.00012629601019772688
amirbrandon,0.00012629601019772688
rupaulsdragrace,0.00012629601019772688
mannywellz,0.00012629601019772688
sullivantwins42,0.00012629601019772688
speckledbrownie,0.00012629601019772688
citizenqueen,0.00012629601019772688
michaelbuble,0.00012629601019772688
violetezedimora,0.00012629601019772688
zoehtq,0.00012629601019772688
user2659899782068,0.00012629601019772688
celiatoks,0.00012629601019772688
home52,0.00012629601019772688
lesdoggggg,0.00012629601019772688
lachunek,0.00012629601019772688
amoutati1,0.00012629601019772688
ziastarrr,0.00012629601019772688
kay.mbl,0.00012629601019772688
keikoguestofficial,0.00012629601019772688
anthonyhopkins,0.00012629601019772688
sekouguitare,0.00012629601019772688
ambresls,0.00012629601019772688
gregpouy,0.00012629601019772688
valentino,0.00012629601019772688
iamsimplycyn,0.00012629601019772688
emitaz,0.00012629601019772688
arielledombasle,0.00012629601019772688
paolalct,0.00012629601019772688
afro_child,0.00012629601019772688
p0etyug,0.00012629601019772688
cwillem,0.00012629601019772688
misocolorful,0.00012629601019772688
kristenncruz,0.00012629601019772688
beverly.ss,0.00012629601019772688
camillevanniekerk.music,0.00012629601019772688
aprillusions,0.00012629601019772688
aliciacreti,0.00012629601019772688
floracoquerel_,0.00012629601019772688
justalexforever,0.00012629601019772688
onlythestrongssurvive,0.00012629601019772688
shameiacrawford,0.00012629601019772688
victorrayy,0.00012629601019772688
tayctok,0.00012629601019772688
zenab216,0.00012629601019772688
zeussurtiktok,0.00012629601019772688
steph.dqh,0.00012629601019772688
naika,0.00012629601019772688
sashaexeter,0.00012629601019772688
thedevinvelez,0.00012629601019772688
mmmmysie,0.00012629601019772688
sowanmusic,0.00012629601019772688
saintharison,0.00012629601019772688
elsa.majimbo,0.00012629601019772688
dasilvadakid,0.00012629601019772688
cameron.goode,0.00012629601019772688
souf_officiel,0.00012629601019772688
papediouf10,0.00012629601019772688
marichylajoie,0.00012629601019772688
marsaimartin,0.00012629601019772688
omgitskingpaul,0.00012629601019772688
astar4real,0.00012629601019772688
adlinprince,0.00012629601019772688
cleeveland.e,0.00012629601019772688
jennifrank29,0.00012629601019772688
loicsuberville,0.00012629601019772688
lloyiso,0.00012629601019772688
theisaiahjosiah,0.00012629601019772688
christian_shelton,0.00012629601019772688
grace_africa,0.00012629601019772688
naboufallofficiel,0.00012629601019772688
annelauremais,0.00012629601019772688
catburnss,0.00012629601019772688
ebabykobby,0.00012629601019772688
sierrakai.1,0.00012629601019772688
bobsinclar,0.00012629601019772688
mayemuskofficial,0.00012629601019772688
christaallen,0.00012629601019772688
carlaginola,0.00012629601019772688
xeniaadonts,0.00012629601019772688
pinkanoushka,0.00012629601019772688
mamastillgotit_,0.00012629601019772688
mamanjunior23,0.00012629601019772688
modjafamily,0.00012629601019772688
kelseymerritt,0.00012629601019772688
qmike,0.00012629601019772688
yeahitstyg,0.00012629601019772688
goldenbarbie,0.00012629601019772688
colormecourtney,0.00012629601019772688
the.navarose,0.00012629601019772688
hellofady,0.00012629601019772688
karajewel,0.00012629601019772688
karinavigier,0.00012629601019772688
rominagafur,0.00012629601019772688
helenowen,0.00012629601019772688
estare,0.00012629601019772688
monsieur.laffaille,0.00012629601019772688
ronkerajii,0.00012629601019772688
cocorocha,0.00012629601019772688
hugo_grandin,0.00012629601019772688
christina.bischof,0.00012629601019772688
kyliekatich,0.00012629601019772688
aimyoncee,0.00012629601019772688
lianev,0.00012629601019772688
brittany.xavier,0.00012629601019772688
mcshemcomedian,0.00012629601019772688
lordetser,0.00012629601019772688
mateokehres,0.00012629601019772688
bridalada,0.00012629601019772688
olivier_rousteing,0.00012629601019772688
traceeellisross,0.00012629601019772688
nad,0.00012629601019772688
thefeedfeed,0.00012629601019772688
tjblk,0.00012629601019772688
jeenie.weenie,0.00012629601019772688
blogilates,0.00012629601019772688
realadamrose,0.00012629601019772688
janellemyh,0.00012629601019772688
patriciabright,0.00012629601019772688
francislola,0.00012629601019772688
mariahbocoum,0.00012629601019772688
ladjidou13,0.00012629601019772688
brownskinkeishaaaa,0.00012629601019772688
shalomblac,0.00012629601019772688
verlaine27,0.00012629601019772688
christine_andrew,0.00012629601019772688
artipoppe,0.00012629601019772688
kiitana,0.00012629601019772688
frilancy,0.00012629601019772688
didonatoemily,0.00012629601019772688
dianahalim18,0.00012629601019772688
everettwilliams,0.00012629601019772688
tylerjoe,0.00012629601019772688
kingbach,0.00012629601019772688
evegreenberg,0.00012629601019772688
amellechahbiofficiel,0.00012629601019772688
tranthanh123,0.00012629601019772688
kristenhancher,0.00012629601019772688
derekhough,0.00012629601019772688
samsmith,0.00012629601019772688
valeria.lipovetsky,0.00012629601019772688
camilacoelho,0.00012629601019772688
abanaturelle,0.00012629601019772688
ciara,0.00012629601019772688
mikeilaj,0.00012629601019772688
laetitiaky,0.00012629601019772688
bullatwins,0.00012629601019772688
hudabeautyshopofficial,0.00012629601019772688
jasminechiswell,0.00012629601019772688
denisemmercedes,0.00012629601019772688
virginiedarbon,0.00012629601019772688
dave.xp,0.00012629601019772688
m.c.s.k,0.00012629601019772688
rabbysikavi,0.00012629601019772688
