Username,Hashtags
thetimes,"['pageantnews', 'grapes', 'rehab', 'smartphoneaddiction', 'weightloss', 'britishfood', 'truecrimetiktok', 'fitness', 'humzayousaf', 'breakfast', 'waitinglist', 'lassie', 'waiting', 'road', 'prognosis', 'surgery', 'politics', 'neuroscience', 'primeminister', 'cherryblossom', 'palestineprotest', 'school', 'news', 'youngpowerlist2024', 'restaurantreview', 'tv', 'israelprotests', 'foodtok', '24hours', 'vegetables', 'war', 'didyouknow', 'japan', 'nurse', 'labour', 'naturaldisaster', 'markwahlberg', 'trackandfield', 'taylorswift', 'agegap', 'marriage', 'frenchpresident', 'mice', 'athlete', 'car', 'socialmedia', 'japanblossoms', 'columbiauniversity', 'home', 'strawberries', 'sambas', 'lifestyle', 'museum', 'beautyindustry', 'scotlandnews', 'fullenglish', 'usnews', 'airport', 'cosmeticsurgery', 'iran', 'gofundme', 'restaurant', 'chef', 'delay', 'truecrimetok', 'rishisunak', 'tests', 'affair', 'recipes', 'house', 'labmice', 'princessbeatrice', 'hospital', 'cafe', 'food', 'londonmarathon', 'sunak', 'fruit', 'cherries', 'london', 'tomato', 'uae', 'ukpolitics', 'sciencetok', 'tokyo', 'pageant', 'legal', 'running', 'netanyahu', 'gazaprotest', 'usdruglaw', 'english', 'trainers', 'macron', 'frenchpolitics', 'israel', 'foodie', 'pm', 'olympics2024', 'ojsimpsontrial', 'presidentoffrance', 'challenge', 'fried', 'marathon', 'adidassamba', 'newyorkcity', 'laboratory', 'mouse', 'thefutureisnow', 'weather', 'beckham', 'cats', 'fire', 'snp', 'dogs', 'donaldtrump', 'brigitteauziere', 'holyrood', 'israelpalestineconflict', 'thetorturedpoetsdepartment', 'newyork', 'khanyunis', 'climatechange', 'cookedbreakfast', 'truecrime', 'foodreview', 'health', 'usa', 'fertility', 'chemicals', 'thecrown', 'fyp', 'actor', 'missfrance', 'adidas', 'davidbeckam', 'sue', 'yorkshire', 'diddy', 'weatherwarning', 'nike', 'scotland', 'scottishpolitics', 'worldnews', 'marvel', 'safety', 'biology', 'reportinglive', 'pageantry', 'celebrities', 'dubai', 'tracktok', 'science', 'africa', 'cancer', 'italianfood', 'prosthetic', 'womenshealth', 'friedbreakfast', 'test', 'coach', 'palestine', 'uslaw', 'futureme', 'israelgaza', 'manchesterunited', 'housefire', 'middleeast', 'ojsimpson', 'patient', 'ozempicweightloss', 'crash', 'paris', 'japancherryblossom', 'russia', 'business', 'ttpd', 'family', 'kimkardashian', 'peach', 'politicsexplained', 'ukraine', 'athletes', 'pdiddy', 'cooking', 'runtok', 'hushmoney', 'biden', 'emmanuelmacron', 'driver', 'fryup', 'dronestagram', 'presidentmacron', 'gaza', 'subway', 'investigation', 'joebiden', 'list', 'uknews', 'brigittemacron', 'teamusa', 'nature', 'driving', 'learner', 'france', 'israelpalestine', 'ukgovernment', 'flights', 'injured', 'avocadotoast', 'avocado', 'aa', 'filmtok', 'mouselab', 'cannabis', 'drama', 'ozempic', 'ultramarathon', 'genz', 'thefuture', 'daughters', 'spinach', 'alzheimers', 'flood', 'study', 'mariupol', 'olympics', 'protest', 'nhs', 'royalfamily', 'us', 'pregnancy', 'trump', 'doctor', 'drones', 'wedding']"
rosierawle,[]
matthew1butcher,[]
dreamworks,"['piginablanketday', 'mrpeabodyandsherman', 'catsoftiktok', 'catlady', 'worldpenguinday', 'shrek', 'nationalcatladyday', 'eclipse', 'shrek2', 'earthday', 'earthday2024', 'chaostheory', 'fyp', 'overthehedge', 'KungFuPanda4', 'dreamworks', 'cattok', 'doyouknowthemuffinman', 'solareclipse', 'totalsolareclipse', 'springtime', 'astrology', 'penguinsofmadagascar', 'kungfupanda', 'viral', 'netflix', 'pussinboots', 'pedropedropedropedro', 'pedro', 'howtotrainyourdragon', 'sciencerules', 'abominable', 'jurassicworld', 'thebadguys']"
useribbbbbb,[]
mrnigelng,"['mattymatheson', 'cooking', 'grilledcheese', 'masterchef', 'jamieoliver', 'cheese', 'foryoupage', 'fyp', 'pho', 'joshuaweissman', 'cleaver?', 'nigelng', 'egg', 'msg', 'butterchicken', 'uncleroger', 'friedrice', 'kid', 'thaigreencurry', 'challenge', 'japanese', 'gordonramsay', 'snack']"
theqweeragenda,"['viral', 'bansoff', 'fyp', 'instagram', 'trending', 'comedy', 'satire', 'foryou']"
bestofvogue,[]
dw_berlinfresh,"['cultureshock', 'germans', 'islam', 'signlanguage', 'roma', 'livingingermany', 'gender', 'muslim', 'smallbusiness', 'gaytiktok', 'germanlanguage', 'historytok', 'protectwomen', 'learngerman', 'trains', 'livingabroad', 'malaysia', 'castle', 'genderinclusivelanguage', 'womenshealth', 'womenowned', 'asl', 'womenempowerment', 'sinti', 'germantrain', 'nutella', 'internationalromaniday', 'germany', 'berlin', 'lifeingermany', 'wwii', 'munich', 'lgbtq', 'neuschwanstein', 'dwtravel', 'ramadan']"
tiktokbrownchick,"['fyp', 'rap', 'sing', 'tacobell', 'music', 'violin']"
4.lifeherrr,[]
blackpenredpen,[]
bbcnewsguest,[]
nikoiwill,[]
kasi__b,[]
metoffice,"['weekahead', 'gliding', 'thermals', 'climatechange', 'weekendweather', 'edutok', 'capcut', 'rain', 'yourewelcome', 'metoffice', 'forecasting', 'climate', 'ukweather', 'weather', 'highpressure', 'sun', 'learnontiktok', 'spring', 'whenaccuracymatters']"
parleyfortheoceans,"['underwaterbeauty', 'hawaiilife', 'planetvsplastics', 'plasticbagban', 'australia', 'maddisonbrown', 'plasticalternatives', 'polynesia', 'plasticcrisis', 'sustainablemakeup', 'earthday', 'earthday2024', 'singleuseplastic', 'planetvsplastic', 'fortheoceans', 'plasticpollution', 'ghostnets', 'earthmonth', 'savetheoceans', 'sustainablebeauty', 'upcycling', 'climatenews', 'earthmonth2024', 'aquaballet', 'pachalight', 'riverpollution', 'outlawocean', 'oceanplastic', 'ghostgear', 'avoidplastic', 'theunseenbeauty', 'biomaterials', 'materialrevolution', 'ianurbina', 'industrialfishing', 'oceanbeauty', 'guatemala', 'seafoodindustry', 'ghostfishingnets', 'plasticfree', 'underwaterballet', 'lasvacas', 'algae', 'plasticwaste', 'oceanpollution', 'earthweek', 'sustainability', 'seaweed', 'rivercleanup', 'beachcleanup']"
figgybaby,"['queerrapper', 'latine', 'eastbakersfield', 'latinorap', 'pansexuals', 'mexican', 'nonbinarymusic', 'queerart', 'indiemusic', 'lgbtqia', 'indierap', 'friendadvice', 'nonbinarylatinx', 'weekhighlights', 'queerswithcats', 'enbycreator', 'figgybaby', 'indierapper', 'highlights', 'sillydream', 'queer', 'boombaphiphop', 'parentsreact', 'eidmubarak', 'genderbender', 'parentsoftiktok', 'genderbend', 'nonbinary', 'enbypride', 'independentrapper', 'nonbinarymexican', 'latinorapper', 'enbytok', 'indieartist', 'enby', 'queertok', 'genderfluid', 'spiceboi', 'bisexualtiktok', 'bakersfieldmusic', 'queermexican', 'rapper', 'momsoftiktok', 'bisexual', 'freepalestine', 'latino', 'artistadvice', 'latinxcreator', 'queerfriends', 'queerrap', 'nonbinarytiktok', 'mexicanrapper', 'queermusic', 'bakersfield', 'latinoqueer', 'enbytiktok', 'nonbinaryfashion', 'friendshipgoals', 'bakersfieldcalifornia', 'mexicanartist', 'lifeadvicetiktok', 'boombap', 'latinxtiktok', 'bakersfieldartist', 'bakersfieldtiktok', 'myfans', 'music']"
thatkahlo,"['ootd', 'sephora', 'howtostyle', 'morphe', 'oontzoontz', 'eclipse', 'umathurman', 'halston', 'canali', 'selflove', 'gratitude', 'aesthetic', 'byfarbag', 'innermonologue', 'caudalie', 'zennioptical', 'fyp', 'nycsolareclipse', 'crush', 'innerthoughts', 'london', 'settingintentions', 'toxicbritney', 'glassesgurlsss', 'nyc', 'foryou', 'solareclipse', 'fakeid', 'miumiu', 'popgirlies', 'cos', 'preppyaesthetic', 'dripglass', 'billybag', 'newmusic', 'inlove', 'bushwick', 'grwmasmr', 'fypシ゚viral', 'fearbasedbeliefs', 'jamesbondtheme', 'hotandmysterious', 'fashiontiktok', 'styleyourbuttondown', 'filmnoir', 'grwm', 'brooklyn']"
jinleebaobei,[]
sup_jer,[]
queerjabibachaterx,[]
frauloewenherz.de,"['geschichte', 'aufklärung', 'politik', 'womenoftiktok', 'reclaimtiktok', 'placeboeffekt', 'lesbisch', 'lgbtqia', 'transrightsarehumanrights', 'empowernow', 'lesbianvisibilityday', 'feminismus', 'noafd', 'genderpaygap']"
zerowastemorocco,[]
katiemarovitch,['candysalad']
amiraunplugged,"['uniqueaesthetic', 'tiktokban', 'motivationmusic', 'pakistanimusic', 'originallyrics', 'storytelling', 'fashion', 'watermelon', 'countryfashion', 'fusionmusic', 'cmtawards', 'hypesong', 'newcountrymusic', 'eidmubarak', 'parentsreact', 'singing', 'eidfashion', 'popmusic', 'countrymusic', 'genrebending', 'dadsoftiktok', 'musiclovers', 'hijabifashion', 'femalerapper', 'freestyle', 'targetreached', 'blackgirlmagic', 'countryfunk', 'callout', 'countryrap', 'countrypop', 'gunsmokeandmirrors', 'singersongwriter', 'worlddomination', 'cmaawards', 'newmusic', 'strength', 'standup', 'eid2024', 'cowgirl', 'countryrock', 'fightsong', 'music']"
janellemonae,[]
transtopia,[]
they.them.ri,"['londontheatre', 'adhd', 'theythem', 'blackqueertravel', 'alternativefashion', 'smoothie', 'queertravel', 'altfashion', 'lesbianvisibilityweek', 'lgbtqia', 'dogfashion', 'help', 'birdandblendtea', 'imessedup', 'alternativestyle', 'locstyles', 'earthday', 'pringleofscotland', 'dragking', 'altstyle', 'blackalt', 'blackqueer', 'genderqueer', 'londonlifestyle', 'queer', 'fashionfails', 'lgbttravel', 'altblack', 'dragqueen', 'nonbinary', 'musicaltheatre', 'eevee', 'blacktravel', 'everythingiscontent', 'rework', 'neoiepivates', 'queerbristol', '3drinksatonce', 'streetstyle', 'enby', 'matchingoutfits', 'hydration', 'fail', 'genderfluid', 'nonbinarylesbian', 'depopfashion', 'westendmusical', 'blackalternative', 'bristolpride', 'ukdrag', 'houseofmannington', 'sisteractthemusical', 'blackenby', 'locjourney', 'alternative', 'greenlocs', 'alphabetmafia', 'beachvibes', 'piercing', 'darkskintattoos', 'androgynous', 'bristolevents', 'blacknonbinary', 'thessaloniki', 'blackqueermagic', 'todaytix', 'crocs', 'blackexcellence', 'velma', 'neurodivergent', 'slowfashion', 'blackdrag', 'advicetok', 'thriftfinds', 'sapphic', 'inked']"
chromacine,"['baroque', 'camera', 'videoessay', 'famousphotos', 'arthistory', 'artphoto']"
titsessence,[]
ylove613,"['childsupport', 'yeshiva', 'jewishcheck', 'stitch', 'creatorsearchinsights', 'backintheday', 'torah', 'judaism', 'eclipse', '80s', 'blackhistory', 'whatisthis', 'jewishcommunity', 'jewsofcolor', 'genx', '80slife', 'generationx', 'blackjews', 'passover', 'blacktiktok', 'biblestudy', 'orthodoxjewish', 'scripture', 'jewishlife', 'blackgenx']"
breakthebinary_,[]
rock.daddy,[]
unofficiallachwatson,[]
gremlingrandparent,[]
jakersnoll,"['comedy', 'roommateproblems', 'server', 'drawingtutorial', 'adhd', 'roommates', 'queercomedian', 'storytime', 'late', 'sketchcomedy', 'losangeles', '420']"
nicedward,"['bigback', 'xyzbca', 'trending', 'girlfriend', 'metroboomin', 'foryoupage', 'fyp', 'greenfn', 'foryou', 'relatable', 'spongebob', 'brunch', 'girlbestfriend', 'kendrick', 'fypシ', 'bestfriend', '🍃', 'viral', 'hoodie', '늙음필터', 'sir', 'work', 'comedy', 'drake', 'boybestfriend']"
charlieinberlin,"['fluffycats', 'nevamasquerade', 'itsmybirthday', 'kittens', 'siberiancats', 'whosafraidoflittleoldme', 'catbirthday', 'catmemes', 'catbelly', 'taylorswift', 'blackcats', 'siberiancat']"
jackiechanupdate,[]
jasseminho,"['foryoupage', 'fyp', 'euro2024', 'topps', 'matchattax', 'reklame', 'foryou']"
sunrisemvmtsalem,[]
scientistrebellion,[]
stopclimatechang,[]
klimatreffen_st,[]
fridays4future,[]
lanceasmith5424.4.0,[]
jordanprinceofficial,"['deutschland', 'deutschlandtiktok', 'stitch', 'germany', 'funny', 'bespokejetai', 'germanytiktok', 'gojetit']"
matthewcappucci,"['myradarapp', 'storms', 'eclipse', 'adventure', 'maine', 'power', 'tornado', 'safety', 'solareclipse', 'nebraska', 'travel', 'science', 'stormchaser', 'supercell', 'storm', 'eclipse2024', 'weather', 'meteorology', 'myradarwx']"
maxwellvice,"['greenscreen', 'stitch']"
wearedigitaldiplomacy,"['ukraine', 'iran', 'elonmusk', 'biden', 'gaza', 'booktok', 'tiktok', 'hillaryclinton', 'digitaldiplomacy', 'g7', 'japan', 'zelensky', 'israel', 'unitednations', 'giorgiameloni', 'kamalaharris', 'justintrudeau', 'deepfakes', 'ursulavonderleyen', 'europe', 'whitehouse', 'savetiktok']"
sariaalto,"['sus', 'inverted', 'icehockey', 'สโลว์สมูท', 'สปีดสโลว์', 'finland']"
steffzombie,"['vamp', 'fyp', 'rockout', 'nb', 'fy', 'beyoself', 'lgbt']"
tonyhawk,[]
quangpaasch,[]
solibolita,"['geek', 'comer', 'solibolita', 'tiktokfoodie', 'eclipse', 'tiktoktravels', 'mutante', 'ponteplay', 'orlando', 'smoothie?', 'tv', 'carros', 'novia', 'domingo', 'ponteplayygana', 'tesoro', 'videojuegos', 'scifi', 'estadosunidos', 'dulce', 'sabroso', 'unam', 'ad', 'crime', 'quetruenebien', 'industria', 'cienciaficcion', 'divertido', 'naturaleza', 'car', 'experiencia', 'comidajaponesa', 'camiones', 'colombia', 'hotnutspicamoy', 'ayuda', 'familia', 'chilaquilitos', 'pareja', 'cdmx', 'postre', 'negocio', 'restaurant', 'warnerplayexperience', 'ghoul', 'videojuego', 'entretenimiento', 'minecraft', 'cupcakes', 'chiste', 'receta', 'botanas', 'warnerplaylatino', 'gamer', 'chedrahui', 'review', 'viajetodopagado', 'justicia', 'publicidad', 'hijos', 'foodie', 'rico', 'sabores', 'dialogo', 'delicioso', 'foodiesoftiktok', 'consolas', 'japon', 'hotwheels', 'storytime', 'v8', 'monstertrucks', 'chistoso', 'broma', 'magia', 'informacion', 'humor', 'alimentos', 'tiktokmehizover', 'restaurante', 'reseña', 'truecrime', 'usa', 'universidad', 'batalla', 'tonkotsu', 'dulces', 'florida', 'chedraui', 'viaje', 'monstertruck', 'latinoamerica', 'proyector', 'lava', 'mexicano', 'fideo', 'latam', 'fallout', 'mexico', 'gaming', 'autos', '4k', 'diadelniño', 'super', 'nestle', 'serie', 'critica', 'motor', 'sabor', 'bogotá', 'uk', 'cupcake', 'creencias', 'eligenestle', 'comida', 'harrypotter', 'tecnologia', 'mustang', 'ramen', 'fishandchips', 'loop', 'television', 'meme', 'picante', 'escuela', 'redvelvet', 'seguridad', 'sketch', 'magica', 'diamante', 'tech', 'cita', 'cosplay', 'tiktoktech', 'tiktokfood', 'videogames', 'cocinando', 'vlog', 'gamerentiktok', 'quecomerencdmx', 'futuro', 'calidad', 'cocina']"
googleartsculture,"['history', 'ai', 'hokusai', 'tourism', 'brazil', 'apiheritage', 'dancechallenge', 'shogun', 'spacetok', 'earthday', 'japaneseart', 'asianart', 'latinamerican', 'michelangelo', 'googleartsandculture', 'v', 'latintok', 'GameTok', 'georgesseurat', 'birdwatching', 'arthistory', 'architecture', 'tokyo', 'historytok', 'dance', 'anime', 'artok', 'fashionhistory', 'aigames', 'japan', 'oscarniemeyer', 'art', 'comicmarket', 'museums', 'cozygames', 'comiket', 'myanmar', 'india', 'generativeai', 'arttok', 'seurat', 'sustainableart', 'undough', 'dancetok', 'manga', 'latinart', 'nasa', 'traveltok', 'indawgyilake', 'learnontiktok', 'architecturetok', 'astronaut', 'sustainability', 'culturetok']"
ifrc_arabic,[]
julietamartinezo,"['fyp', 'laufey', 'musica', 'activismo', 'chile', 'parati']"
undpthailand,"['สงกรานต์', 'คุ้มครองโลก', 'actnow', 'weatherkids', 'earthday']"
jonnyeng702,[]
seemonsteruk,[]
theclimatechangers,[]
climate.crusader,[]
zaralouiseotoole,[]
grasshopperclimate,[]
earthtocop,[]
studioolafureliasson,['earthday']
moby,"['publicenemy', 'earthday', 'ontour', 'gangoffour']"
tiktok,[]
zekedarwinscience,"['montana', 'mammal', 'arctic', 'animals', 'hellcreek', 'australia', 'paleo', 'remodel', 'kansascity', 'pacific', 'discovery', 'birds', 'dinosaur', 'evoluion', 'origins', 'sabertooth', 'ecology', 'environment', 'interesting', 'edutok', 'mountain', 'camping', 'memory', 'mammoth', 'bug', 'milk', 'hominin', 'elephant', 'bugs', 'fossils', 'planetearth', 'giant', 'topeka', 'india', 'vasuki', 'whales', 'entomology', 'physiology', 'greenscreen', 'hope', 'sapiens', 'frog', 'pnw', 'ancestry', 'dairy', 'mystery', 'paleontology', 'swimming', 'insect', 'ichthyosaur', 'dupuytrenscontracture', 'extinct', 'conspiracy', 'dupuytren', 'eocene', 'eons', 'livestock', 'fossil', 'herpetology', 'extinction', 'sportsscience', 'sciencetok', 'ornithology', 'scienceteacher', 'ecosystem', 'liujiang', 'snake', 'learn', 'humanevolution', 'archaeology', 'denisovan', 'coverup', 'viking', 'homeremodel', 'evolution', 'biodiversitycrisis', 'biodiversity', 'wyoming', 'birding', 'cat', 'bear', 'anatomy', 'boneyard', 'narwhal', 'climatechange', 'colossal', 'china', 'stem', 'anthropology', 'scienceisreal', 'earthday', 'askscience', 'lactoseintolerant', 'geology', 'ocean', 'oregon', 'weird', 'iceage', 'creation', 'biology', 'zoology', 'frogs', 'science', 'teaching', 'experiment', 'fish', 'bio', 'heartmountain', 'fake', 'polarbear', 'research', 'teeth', 'ancient', 'marinebiology', 'dermatology', 'hoax', 'salmon', 'pleistocene', 'ozone', 'prehistory', 'taxonomy', 'neanderthal', 'history', 'plants', 'fieldwork', 'colugo', 'tibet', 'dinosaurs', 'diving', 'fishing', 'teachertips', 'life', 'outofafrica', 'til', 'originstory', 'alaska', 'walk', 'migration', 'dentist', 'teachersoftiktok', 'reddit', 'deextinction', 'teachersofiktok', 'animal', 'oneplanet', 'hybrid', 'marine', 'dna', 'mutation', 'conservation', 'genetics', 'climatecrisis', 'pollution', 'teachersontiktok', 'chinook', 'learnontiktok', 'europe']"
unwomen,"['feministclimatejustice', 'sudan', 'securitycouncil', 'girlsinict', 'earthday']"
unmigration,"['climatemigration', 'onthemove', 'climateaction']"
aimemaggiee,[]
frannybeck,[]
steven_he,"['livedelicious', 'bibigo', 'ad', 'solareclipse2024', 'bibigogogo']"
sids.ventures,[]
chez_jorge,[]
raventhesciencemaven,"['plantbased', 'scientistsontiktok', 'wildkingdom', 'womeninstem', 'lgbtqia', 'dungbeetles', 'stem', 'sustainableliving', 'fyp', 'foryoupage', 'thescienceoflife', 'stemtok', 'nature', 'scitok', 'womensupportingwomen', 'rainbowmafia', 'wilderness', 'sciencetok', 'instascience', 'science', 'podcast', 'wildlife', 'pridemonth', 'omega3', 'sponsored', 'raventhesciencemaven', 'learnontiktok', 'insects']"
thespacegal,"['solareclipse', 'caniacambassador']"
jeffrightnow,[]
scientistsings,[]
polarprediction,[]
jimmysjobsofthefuture,[]
richardabetts,[]
subjecttoclimate,[]
khadszy,[]
climate.science,[]
ilo,"['jobs', 'joblife']"
jameswakibia,[]
ottolenghi,"['baking', 'seasonalproduce', 'greekish', 'cakedecorating', 'goodeggs', 'eggs', 'londonhiddengems', 'booktok', 'cake', 'hiddenlondon', 'london', 'recipe', 'cityguide', 'cookbooks', 'illbringdessert', 'asparagus', 'benjaminaebuehi', 'greekfood', 'otkrecommends']"
chorizamay,"['gothykendoll', 'lagrandedame', 'mayhemmiller', 'ukvstheworld', 'tiakofi', 'rupaul', 'chorizamay', 'arantxacastillalamancha', 'marinasummers', 'dragraceuk', 'philippines', 'spain', 'valencia', 'dragrace', 'scarletenvy', 'hannaconda']"
sackvideo,[]
_owenz,[]
carolinethebug,[]
focusedoninfinity,"['infinitygardenproject', 'containergarden', 'stitch', 'infinitygarden', 'capcut', 'marvel', 'urbangarden', 'growyourownfood', 'xmen']"
dakota.danger,[]
will.is.petty,"['onthisday', 'dentistswouldbepissed']"
fritzieworld,[]
zentouro_,[]
idriselba,[]
markrober,[]
