Username,Hashtags
quincy,[]
untrenditional,[]
arazzitt,[]
divingscuba0,[]
passiondesserts1,"['milkshakes', 'cake', 'freakshake', 'popsicles', 'chocolate', 'dessert', 'icecream']"
officialswaggie,"['nl', 'mood', 'viral', 'noticeme', 'interieur', 'meme', 'milanrecordspartner', 'memecut', 'xyzcba', 'parati', 'vibe', 'funny', 'newhome', 'onthisday']"
shxtsngigs,[]
sumfunddi,[]
mamatiks,"['carnival', 'glutesworkout', 'workout', 'tattoo', 'outfits', 'caribbean', 'relationships', 'frenchie', 'kaicenat', 'girlthings', 'talkingstage', 'peoplemanagement', 'dogs', 'glutes', 'gymtok', 'h1b', 'manager', 'international', 'fitgirlsoftiktok', 'blackdogparents', 'fittok', 'clothes', 'klarna', 'dog', 'foryou', 'greenscreen', 'shein', 'work', 'caribbeantiktok', 'frenchiepuppy', 'frenchiesoftiktok', 'girltattoo', 'driving', 'fyp', 'westindian', 'trini_tiktoks', 'ambulance', 'greencard', 'debate', 'twitter', 'puppylove', 'visa', 'officejokes', 'caribbeaninfluencers', 'trinidad', 'workhumor', 'healthcare']"
greatest_music_hits,[]
sweelanrenaud,"['keywest', 'marineconservation', 'coralrestoration', 'marinebiology', 'sunsets', 'coralnursery', 'landbasednursery', 'keywestflorida']"
adamdadams,"['trinitiktok', 'trinitwitch', 'ezekiel', 'trinicosplay', 'caribbeantiktok', 'trinitiktokers', 'guyanatiktok', 'trini_tiktoks', 'trinitiktokers🇹🇹🆙️🔥', 'trinidad', 'stitch', 'trini', 'onthisday']"
life.with.a.landcloud,"['adventure', 'workout', 'health', 'maytagpets', 'dogmom', 'pedro', 'wholesome', 'dogshedding', 'ad', 'costco', 'crochet', 'weeklyreset', 'sundayscaries', 'samoyed', 'laundry', 'dink', 'dogbackpack', 'subarulovesearth', 'morethanacar', 'ev', 'childfree', 'happinessreset', 'morethanacarcompany', 'dog', 'parents', 'weeklyhappinessreset', 'cleanclothes', 'doggrooming', 'dogsoftiktok', 'subarusolterra', 'joshuatree', 'creative', 'mentalhealth', 'cleanhome', 'dogbath', 'joshuatreenationalpark', 'ptsd', 'happiness', 'learn', 'traumarecovery', 'dogtoy', 'learning', 'homeappliance']"
stark_992,[]
iloveatiya,['learnontiktok']
xqueenbeyoutifulx,[]
officialadamo,"['stmaarten', 'stkitts', 'rnbmusic', 'caribbeantiktok', 'whatif', 'usvirginislands', 'socamusic', 'caribbeanlife']"
layoutroom,[]
brett_thompson14,[]
callthatgeorge,[]
zandithemermaid,"['worldearthday', 'labiennale', 'photography', 'shapedbywater', 'redminote13series', 'everyshoticonic', 'dejavu', 'ad', 'venice', 'nikonphotography', 'zandithemermaid', 'traveltiktok']"
justinsilvajr,['caliweekend']
pennelopebeckles,"['vision2030', 'nuturingourgreatestassets', 'prosperity', 'puttingpeoplefirst', 'people', 'progress', 'passion', 'community', 'pennyonthejob', 'trinidadandtobago', 'support', 'realrepresentation', 'onthejob', 'movingforward']"
carnicycle,[]
infoflyingtree,[]
nutshellanimations,[]
through_my_artistic_eye,"['surrealism', 'poui', 'artistsoftiktok', 'arttok', 'trinidadartist', 'surreal', 'caribbean', 'trinidadandtobago', 'artok', 'trinitok', 'artwork', 'fyp', 'trini_tiktoks', 'trinidad', 'painting', 'trini']"
ethanalexandergordon,[]
roxxeanne,[]
gwpcaribbean,[]
notblizzymanizzy,"['viral', 'greenscreenvideo', 'relationship', 'foryou', 'fyp', 'relatable']"
heather_chapman_hair,[]
tonightsconversation,"['relationships', 'relationship', 'dating']"
dentite,"['greenscreenvideo', 'greenscreen', 'glassblower', 'airobot', 'asmr', 'fyp', 'voztransformers', 'stitch', 'dubai', 'duet']"
jellzman24,[]
clipmind,[]
breakfastclubam,"['rhearipley', 'jesswiththemess', 'dotd', 'donkeyoftheday']"
emma_lee.tt,"['trinitokers', 'capcut', 'meme', 'horseshoecrab', 'duet', 'memecut', 'caribbeantiktokeurs', 'trinitokers🇹🇹', 'onthisday']"
shradane._,"['lettergame', 'jamaica', 'fyp']"
nickviall,"['nataliejoy', 'cheatinggirlfriend', 'storytime', 'diddy', 'relationship', 'gypsyroseblanchard', 'firsttimemom', 'theact', 'friendbreakup', 'iowahawkeyes', 'jojosiwa', 'ad', 'thevalley', 'gypsyrose', 'tomsandoval', 'ncaabasketball', 'raquelleviss', 'guerdyabraira', 'arianamadix', 'nickviall', 'relationshipadvice', 'pattistanger', 'summerhousebravo', 'larsapippen', 'monicagarcia', 'rhoslc', 'thebachelor', 'housewives', 'marriageproblems', 'vpr', 'marriage', 'goldenbachelor', 'lalakent', 'daisykent', 'podcast', 'iowabasketball', 'traviskelcetaylorswift', 'karmadancechallenge', 'scheanashay', 'popculture', 'jameskennedy', 'rhom', 'breakups', 'diddylawsuit', 'coachella', 'hypehouse', 'dogowner', 'popculturenews', 'gerryturner', 'rachelleviss', 'taylorswifttraviskelce', 'traviskelce', 'realityvontease', 'realitytv', 'jaxtaylor', 'stitch', 'vanderpumprules', 'caitlinclark', 'tomschwartz', 'tylercameron', 'neuter', 'summerhouse', 'taylorswifterastour', 'brittanycartwright', 'joeygraziadei', 'millionairematchmaker', 'divorce', 'bravo', 'karma', 'alexwarren', 'thetorturedpoetsdepartment', 'firstdates', 'firsttimeparents', 'datingadvice', 'cheat', 'taylorswift']"
nellyroberts26,"['capcut', 'lovemefirst', 'fyp', 'stronggirl', 'movingon']"
uktravel,"['trip', 'london', 'londonlife', 'londonrestaurants', 'travel', 'londonfoodie', 'village', 'angrycrabshack', 'visituk', 'places', 'blogger', 'royalfamily', 'secretlondon', 'daytrip', 'royalnewss', 'countryside', 'restaurants', 'placestogo', 'traveltiktok', 'thingstodoinlondon', 'freethingstodo', 'free', 'visitwales', 'staycation', 'rooftopbar', 'uktravel', 'dfds', 'londonfood', 'princessofwales', 'uk', 'tiktokviral', 'thingstodo', 'explore', 'viral', 'afternoontea', 'dorset', 'londonbloggers', 'travelblogger', 'lymeregis', 'travelupdate', 'weekendgetaway', 'placestosee', 'londonblogger', 'visit', 'fyp', 'dfdstravel', 'londontiktok', 'katemiddleton', 'uktravelblogger', 'fypシ', 'seafoodboil', 'wales', 'etretat', 'placestovisit', 'rooftop', 'visitlondon', 'visitbritain', 'prague']"
oldschool_rnb_lover,"['90srnb', 'rnbclassics', 'oldisgold', 'bizounce', 'rnbmusiclovers', 'rnblovers', 'fyp', 'olivia', '2000srnb', 'rnb', 'throwback', 'oldschoolrnb']"
samwhiteout,[]
zacharydelimaofficial,[]
djcharlotteoffficial,[]
naturehourtt,[]
bookofcinz,"['apurposedrivenlife', 'booktok', 'travel', 'ingridpersaud', 'boysiesingh', 'caribbeanbookstoread', 'shortstorycollection', 'pouitree', 'bookstoread', 'caribbeangirlreadingtheworld', 'bookofcinzreadingretreat', 'worldbookday2024', 'grwm', 'pouitrinidad', 'marchreadingwrapup', 'bookofcinzbookclub', 'trinidadandtobago', 'africanwriters', 'bookofcinz', 'fauxlocs', 'worldbookday', 'drinkingfromgraveyardwells', 'blackreaders', 'trinidadauthor', 'sexandthecity', 'birthdaynails', 'readcaribbean', 'bookclub', 'trinidadtiktok', 'dayinmylife', 'poui', 'africanbooks', 'booksbycaribbean', 'littlerot', 'caribbeanbookrecommendation', 'stitch', 'flbeautyloungetrinidad', 'thelostlovesongsofboysiesingh', 'caribbeanbookclub', 'tobago', 'readingretreat', 'homeownership', 'caribbeanbooktok', 'bookrecommendation', 'caribbeanreadingretreat', 'blackbookclub', 'caribbeanauthors', 'theshomathelabel', 'actsofforgiveness', 'lifeadvice', 'caribbeanbooks']"
kadyroxz,"['eclipse', 'successhacks', 'narcissisticabuse', 'fy', 'emeshment', 'spiritualtiktok', 'blowthisup', 'pmddandadhd', 'mentalhealthrecovery', 'misogynoir', 'videogames', 'eeriestories', 'feelgoodlookgood', 'womenempowerment', 'videogamelore', 'bondrepair', 'danielleayoka', 'challengersmovie', 'trending', 'astigmatism', 'gossipgirl', 'rollerset', 'stevenuniversefuture', 'blackwomen', 'colormatch', 'eclipse2024', 'thingsmyexdid', 'backon74', 'streamers', 'friends', 'breakuprecovery', 'gratitude', 'roxztok', 'codependency', 'sexism', 'bellagothhive', 'media', 'capcut', 'personalgrowthmindset', 'trendingtopics', 'eclipseseason', 'thesims', 'uncannyvalley', 'girlgamers', 'spirirualpsychosis', 'margotrobbie', 'psychoanalyze', 'curlyhair', 'naturalhaircare', 'girlhood', 'missconnecticut', 'thingsmyexdidandistayed', 'solareclipse', 'traumarecovery', 'manorbear', 'thefemininehysteriapodcast', 'sims4', 'curlsforthegirls', 'artificalintelligence', 'haircare', 'personalgrowth', 'blackhairstyles', 'danhumphreysyndrome', 'sims2', 'narcissism', 'zendaya', 'naturalhair', 'swipe', 'narcissisticparentrecovery', 'safespaces', 'tiktok', 'blackstreamers', 'avoidantattachment', 'childhoodtrauma', 'fyp', 'praisejahinthemoonlight', 'stitch', 'audio', 'adventuretime', 'kadyroxz', 'carriebradshaw', 'dreamcore', 'simslore', 'danhumphrey', 'opalex', 'narcissisticparent', 'himym', 'pmdd', 'confidence', 'personalempowerment', 'simsmovie', 'healthyrelationship', 'narcissisticrelationship', 'amandaseales', 'stevenuniverse', 'roxztalk', 'blackcat', 'goldenretrieverbf', 'personalmotivation', 'floptok', 'feminism', 'conspiracytiktok', 'gamelore', 'findyourstyle', 'popculture', 'serenavanderwoodsen', 'thesimsmovie', 'satc', 'thesims4', 'euphoria', 'dating', 'rosequartz', 'womensmentalhealth', 'theconsequenceofgirlhood', 'datingadviceforwomen', 'personalstyle', 'zodiacsigns']"
yugen.stories,[]
zos_life,"['dresses', 'homecooking', 'wholesome', 'nigerianweddings', 'wifey', 'corset', 'relationshipgoals', 'marriedlife', 'anxious', 'fypシ゚viral', 'mobwife', 'pinterestaesthetic', 'love', 'vlog', 'danceworkout', 'cravings', 'foryou', 'trending', 'flowers', 'fypシ', 'coquette', 'fashiontiktok', 'nara', 'blackgirltiktok', 'fyyy', 'food']"
pigsandplans,"['jcole', '2024', 'advice', 'tbt', 'vinyl', 'coachella', 'newmusic', 'music', 'seeyounextyear', 'pigeonsandplanes', 'beyonce', 'mkgee', 'newsong', 'kendricklamar', 'discovery', 'radiohead', 'tylerthecreator']"
prettyxboi,"['lordoftheringsgame', 'tiktok_collaboration']"
riannagonzales12,[]
selfishjourney,[]
sammyjomusic,"['dehydrated', 'doubles', 'stillalive', 'caribbean', 'bro', 'fy', 'brooklyn', 'goodmorning', 'laurynhill', 'genz', 'newyork', 'morelife', 'trending', 'zion', 'fyp', 'sickomode', 'freezing', 'happybirthday', 'relatable']"
dwight_lewis_dronography,"['caribbeantiktok', 'drone', 'tobagotiktok🇹🇹🇹🇹', 'fyp', 'foryoupage', 'trini_tiktoks', 'dji', 'goodenergy']"
its.jonny_bravo,"['fyp', 'curry', 'trinicouple', 'trinidadroti', 'pepperonipizza', 'rotishop', 'pizzatutorial']"
quaminajustsayin,[]
lemonsqueezybrands,"['logodesign', 'booktok', 'personalgrowthjourney', 'woobles', 'selfcareroutine', 'websitedesigner', 'findingmyself', 'hapetoysusa', 'diywebsite', 'websitedesign', 'hapetoys', 'sunrisealarmclock', 'hobbyideas', 'toyunboxing', 'thewoobles', 'crochetkit', 'toddlertoys', 'momsoftiktok', 'safesleeptips', 'toddlermama', 'toddlertok', 'brandingagency', 'toddlermom', 'selfdiscovery', 'crochetplushie', 'crochettutorial', 'learntocrochet', 'morningroutine', 'branddesigner', 'toddlercrafts', 'brandingtips', 'onthisday', 'hobbies', 'momadvice', 'midlifecrisis', 'cozymorning', 'websiteaudit', 'momlife', 'selfdiscoveryjourney', 'freetimefun', 'websitetips', 'brandingdesign', 'graphicdesign', 'branddesign', 'turning30']"
trinisoysauce,[]
josh_tyrell,"['weekend', 'comedy', 'couplecomedy', 'travel', 'instagram', 'explorer', 'husbandandwife', 'relationships', 'couple', 'datingadvice', 'baecation', 'relationshipgoals', 'balance', 'marriedlife', 'selfcare', 'louvre', 'couplegoals', 'oldmoneyaesthetic', 'healing', 'love', 'loveyou', 'viral', 'friendship', 'dayinmylife', 'husband', 'womenhealth', 'fyp', 'lifegoals', 'funny', 'friendshipgoals', 'joke', 'humor', 'boyfriend', 'reels', 'women', 'lovelanguage', 'quityourjob', 'louvremuseum', 'paris', 'relatable', 'lovestory']"
kareemrobinson,['stopit']
k_onsitemassage_868,"['skincare', 'viral', 'skin', '3mintiktok', 'this', 'asmrvideo', 'head', 'male', 'asmr', 'fyp', 'mondaysbelike', 'vir', 'fy', 'water', 'relax']"
paulduntin868,"['onlyintrinidad🇹🇹', 'viral', 'ABC', 'trinidad🇹🇹', 'comedy', 'ezekiel', 'trending', 'sound', 'binoandfino', 'trini_tiktoks', 'fyp', 'foryoupage', 'guyanatiktok🇬🇾', 'stitch', 'fypシ', 'fun', 'duet']"
patricermusic,"['cookit', 'caribbeangirl', 'butitwasfun', 'foryou', 'dancehall', 'dancingmystressaway', 'foryourpage', 'caribbean', 'afro', 'soca', 'trinigyal', 'trinigyal🇹🇹', 'explorepage', 'islandgyal🌴🌺👑']"
sheraynewelch,[]
footasylum,"['gkbarry', 'harrypinero', 'badistro', 'nellarose', 'badbarber', 'puma', 'dannyaarons', 'creeperphatty', 'betasquad', 'liarliar', 'nella', 'footasylum', 'angryginge', 'badbistro', 'passthepunishment', 'trending', 'girthandturf', 'lockedin', 'fyp', 'foryoupage', 'youtube', 'homeschooled', 'chunkz', 'footasylym', 'footsasylum', 'girthnturf', 'yungfilly', 'fentyxpuma', 'filly']"
follicle.tt,"['naturalhairstyles', 'curlyhairroutine', 'curlycut', 'curlyhair', 'curlykids', 'naturalhaircare', 'curlyhairstyles', 'trini_tiktoks', 'trinidadcurlspecialist', 'curlyhairproducts', 'curlyhairtips', 'definedcurls']"
russellhustleinc,"['facialtreatment', 'foryou', 'spa', 'thankyou', 'mom', 'fyp', 'foryoupage', 'momandson', 'skin']"
tywannabaptiste,[]
alwaystaketwo,"['fyp', 'foryou']"
zakbdz,"['skit', 'football', 'comedy', 'parents', 'tiktok', 'food', 'shark', 'caribbean', 'zakbdz', 'nature', 'trinidad', 'lifehack', 'relatable', 'tobago']"
pixie_charmz,"['acrylicnails', 'tiktok', 'trinidad🇹🇹', 'nails', 'foryoupage', 'fypシ゚viral', 'nailart', 'love']"
khaidemneblettoffical,"['joke', 'viral', 'learning', 'skincare', 'massage', 'viraltiktok', 'waterfall', 'student', 'positive', 'fyp', 'bath', 'mondays', 'fy', 'lib', 'relax']"
signdex_ltd1,[]
mr.millennialmind,"['booktok', 'fyp', 'author', 'books', 'selfpublished']"
uhleeseeuh.mp4,"['dailyvlog', 'sunbird', 'writertok', 'fantasybook', 'notmytaxdollars', 'freepalestine', 'fantasybooks', 'publishing', 'thepalaceoferos', 'fantasywriter']"
ilovetobagott,"['buccooreef', 'coralgarden', 'visittobago', 'ilovetobagott', 'topcatchtobago', 'tobago']"
soacaribbean,['sharkconservation']
oceanswarrior,[]
gsterl,"['grwm', 'iconiclondon', 'maxfactor', 'maybelline', 'sunkisser', 'curlyhairtutorial', 'makeup', 'makeupasmr', 'sunsetblush', 'fyp', 'ad', 'blackgirlmagic', 'lipcombo', 'dyson', 'definingcurls']"
chrisappletonhair,"['tiktokspringbeautyweekc', 'dreamcoat', 'smoothstyle', 'colorwow', 'voloume']"
the_swimcoach_kim,['ViralBeauty']
drsimonehealthcoach,"['healthcoachingforwomen', 'womenscoach', 'eventsintrinidad', 'soundbathmeditation', 'healthyhabitchange', 'cowboycarter', 'wellnesstiktok', 'aprilwellnessgoals', 'wellnesscoach', 'mindfulness', 'womenswellnessretreat', 'meditationpractice', 'healthcoach', 'medicaldoctor', 'mindfulnesspractice', 'guidedmeditation', 'mindfuleating', 'womenswellness', 'blogilates', 'trinidadevents', 'fitnessmotivation', 'soundbath', 'cyclesyncing']"
dayle.ann,[]
elevatedbyem,[]
tiktoktaye,[]
madnatorr2,"['milspouse', 'momtok', 'militarywife', 'deployment', 'longdistance', 'momlife', 'militaryfamily', 'militarytiktok', 'longdistancerelationship', 'surprise']"
swiri_nyar_kano,[]
jonnistar251,[]
iamcardib,[]
meganjuman,"['selflove', 'fyp', 'trini_tiktoks', 'foryoupage', 'fypviral', 'vacation']"
kesofficial,"['kes', 'manwithnodoor', 't20worldcup', 'kestheband']"
caileeeats,"['pcosdiet', 'easydessertidea', 'healthybutrealisticfood', 'kodiakpartner', 'whatieatinadaypcos', 'dfdessertidea', 'healthydinnerideas', 'easyweeknightdinner', 'highproteinbreakfastidea', 'makelunchwithme', 'highproteinlunchidea', 'dolesunshine', 'managingpcos', 'ad', 'fundinner', 'healthydinnerrecipe', 'fundinnerrecipe', 'easymealpreplunchrecipe', 'thesmoothestwayto', 'funweeknightdinner', 'healthydesserts', 'funbreakfastidea', 'nocookmealprep', 'pcosadvice', 'weekofhealthydinners', 'dole', 'easyfunrecipes', 'healthydinneridea', 'highproteinbreakfast', 'walmart', 'funmealideas', 'ttcwithpcos', 'easymealideas', 'maryruthspartner', 'homemadebagels', 'easydinnerideas', 'pcosweightloss', 'fundinneridea', 'ttcjourney', 'realisticwhatieatinaday', 'fundinnerinspo', 'whatieatinaday', 'pcosproblems', 'easymealpreplunch', 'easydinnerrecipe', 'easylunchidea', 'makebreakfastwithme', 'makedinnerwithme', 'gfdessertidea', 'mealpreplunchidea', 'easyweeknightdinnerrecipe', 'highproteinbagels', 'dinnerrecipes', 'kodiakpowercakes', 'dayofeating', 'easydinneridea', 'easyhealthydinneridea', 'weeknightdinneridea', 'makedessertwithme', 'easyhomemadebagels']"
akingenterprise,"['landforsale', 'atlantic360', 'watersports', 'broker', 'condos', 'caribbean', 'akgaruba', 'beachfront', 'trini', 'villa', 'sunset', 'seaview', 'islandrealestate', 'house', 'theagency', 'ocean', 'luxury', 'bonbini', 'dutch', 'akg', 'fun', 'moderndesign', 'island', 'tiktok', 'realtor', 'gated', 'beach', 'home', 'fyp', 'mortgage', 'condo', 'realestate', 'king', 'trini_tiktoks', 'oceanview', 'apartment', 'kiteflying', 'semifurnished', 'townhouse', 'rental', 'property', 'agency', 'aruba', 'savaneta', 'land', 'villas', 'valley', 'akingenterprise', 'islandrealtor', 'trinidad', 'townhome']"
downtheislandtours,[]
maraval098,[]
thesubbies,"['babyfood', 'babyfoodideas', 'blwideas', 'babybreakfast', 'fyp', 'breakfastideas', 'blw']"
adriancarimbocas,[]
lostboii22,"['drake', 'kendricklamar']"
soalliance,"['jointhealliance', 'earthday', 'climatechange', 'linkinbio', 'timessquare', 'blueplanet', 'earthdayeveryday', 'tedxtalk']"
lahhaytravels,[]
littlebundhasmatter,"['unemployed', 'stitch', 'indeed']"
midori_and,[]
kerryjay23,[]
sew.instyle.boutique,[]
hallebailey,"['startatthecore', 'inyourhands', 'momlife', 'fyp', 'ad']"
kerwinsubero,[]
milenarosesalon,"['curtainbangs', 'naturallycurlyhair', 'blondehighlights', 'losangeleshairextensions', 'hairtransformation', 'blowout', 'haircolorvideos', 'lahaircolorist', 'blondehaircolor', 'fringe', 'bangs', 'slavichairextensions', 'losangeleshaircolorist', 'brunettebalayage', 'russianhairextensions', 'brondehaircolor', 'haircoloreducation', 'mrsalon', 'curlyhairspecialist', 'losangeleshairstylist', 'brondehair', 'lahairextensions', '24inches', 'layeredhaircut', 'blondefaceframe']"
itstarekali,[]
adeibb,"['arabtiktok', 'storytime', 'nyc', 'deli']"
asknannyq,"['toddlersoftiktok', 'tiktokshopping', 'eclipse', 'greenscreenvideo', 'virginvoyages', 'nannylife', 'braves', 'veterans', 'tikokshop', 'pj', 'celebrateinstyle', 'nailsoftiktok', 'beckham', 'summervibes', 'pressonnailstiktok', 'coloringbookforadults', 'vaction', 'parentsoftiktok', 'garagelife', 'blackdoulasoftiktok', 'bubbles', 'capcut', 'messytok', 'meme', 'lovfulnails', 'littlecaesarspizza', 'fadehaircut', 'honeyblonde', 'goldenhourvideo', 'nails', 'veteran', 'mothersdaygift', 'husbandturns48', 'cruiseship', 'fundraiser', 'foodtiktok', 'blackdoula', 'momsoftiktok', 'blackwomenoftiktok', 'blackbaldwomen', 'viral', 'pressonnails', 'tiktok', 'greenscreen', 'momsboy', 'kidsoutdoors', 'husbandbirthday', '222', 'birthdayboy', 'fyp', 'kidsoftiktok', 'littlecaesarspuffs', 'highlight', 'asknannyq', 'blacklove', 'baseball', 'stitch', 'blacktiktok', 'onthisday', 'bubblegun', 'atlantabraves', 'cruise', 'pizzia', 'eclipse2024', 'parenting', 'outsidefun', 'messytiktok', 'sallybeauty', 'pjs', 'memecut', 'mothersdaygiftideas', 'springwellness', 'husbandsoftiktok', 'louwilliams', 'tiktokshop', 'doulasoftiktok']"
amandaseales,[]
kdb1800,[]
vitadavis,"['iotaphitheta', 'iotasweethearts', 'owsweet']"
chantal_q,"['thingstodointrinidad', 'trini_tiktoks', '🇹🇹']"
videshgobin,"['trinidad', 'trini_tiktoks', 'fyp', 'selfreflection']"
indomitable_nami,[]
falie101,"['baddie', 'makeupartist', 'capcut', 'trini_tiktoks', 'fyp', 'stitch']"
crafted_creations868,[]
tiffanyjosephh1,"['syntheticwigs', 'viral', 'wigs', 'justforfun', 'foryourpage', 'tiffanyjosephh', 'wiginfluencer', 'fyp', 'trinidad', 'wigtutorial', 'promo', 'explore']"
tmac2589,[]
its.simone.janine,"['organizedlifestyle', 'perfectlyplacedtt', 'dayinmylife', 'trinidadandtobago', 'maracasbay']"
stephen_edwards14,[]
jamala_alexander,"['actvists', 'climate', 'joy', 'caribbean']"
shaynarc0,"['dogmom', 'millennial', 'adhd', 'fyppppppppppppppppppppppp', 'dogaunt', 'traveltiktok', 'steppenwolf', 'actorsoftiktok', 'notesapp', 'autism', 'justgirythings', 'blacktravel', 'greenscreen', 'actor', 'catchflightsnotfeelings', 'autismawareness', 'neurodivergent', 'fyp', 'stitch', 'nyc', 'adhdinwomen', 'solotravel', 'foryoupage❤️❤️', 'blackgirltiktok', 'birthdaytrip', 'auntie', 'childfree']"
melloaf,"['trini_tiktoks', 'fypシ']"
rainbowdasheen.re,[]
itstravisworld,[]
perryquite,"['oceanprime', 'grwm', 'thestrat', 'worldcup', 'topoftheworld', 'lasvegas', 'simsoulsessions', 'jumpinwidcocacola', 'thementalist', 'celebritymatch', 'schoolschallengequiz', 'thebigapplecoaster', 'mariahcarey', 'louisvuitton']"
abigailcorbie,[]
jaredhollar,"['relationship', 'celebrity', 'texting', 'lookalike', 'fyp']"
boardroom_of_the_kings,[]
chunkz,['1']
nikkipebbles,"['couplestiktok', 'ootd']"
caramellatte.tt,"['mothersdaytrinidad', 'mothersdaycollection', 'mothersdaygift']"
hayleygeorgiamorris,"['comedy', 'funny', 'mevsbrain', 'owneveryday']"
kaymarin868,[]
shangerdanger,"['underwater', 'shorts']"
spanishwithamandapanda,"['learnspanishfast', 'spanishteacher', 'howtospeakspanish', 'spanishlessons', 'spanishclass', 'practicespanish', 'spanishlesson', 'spanishvocabulary', 'spanishteachers', 'spanishteacheronline', 'spanishclassonline', 'easyspanish', 'onlinespanish', 'learnspanishontiktok', 'learnspanish', 'spanishtips']"
aaronlocalfingal,[]
rsjtoursandadventures,"['enjoyingnature', 'hiking', 'earthday', 'bestisyettocome', 'hikeandchill', 'hibiscusdrink', 'hikingadventures', 'freshdrinks', 'rsj836', 'healthydrink', 'childrenarethefuture', 'trini_tiktoks', 'blume', 'hikingislife', 'healthychoices', 'disciplineyourself', 'onthisday']"
jellsmoor,[]
julia1____,[]
nikoward4923,"['ramadan', 'capcut', 'eidmubarak2024', 'love', 'eid']"
baileysarian,['darkhistory']
shells.bythe.sea,[]
marcqwuanreid,"['viral', 'greenscreenvideo', 'greenscreen', 'trending', 'fyp', 'marcqwuanreid']"
curlysue9581,"['trinitiktok', 'สโลว์สมูท', 'justforfun', 'capcut', 'stopmotiontrend', 'trinidadandtobago', 'fyp', 'trini_tiktoks', 'สปีดสโลว์', 'fypシ']"
tianadiamondofficial,"['signup', 'caribeantiktok', 'poptheballoon', 'barbadostiktok', 'caribeangirl', 'guyanese', 'caribbean', 'caribbeanpeople', 'tobagotiktok🇹🇹🇹🇹', 'talkshowhosttl', 'ladies', 'redspaniard33', 'criticschoiceawards', 'trinitalent', 'trinitiktokers🇹🇹🆙️🔥', 'trini', 'datinggames', 'thankyou', 'caribbeanmen', 'triniartist', 'trinidadandtobago', 'episode', 'trinifypシ゚viral', 'getready', 'trinifyp', 'trinidadtiktok', '1', 'trending', 'music', 'caribbeantiktok', 'brentwoodmall', 'caribbeantiktokeurs🇭🇹🇬🇾🇹🇹🇸🇷🇯🇲', 'improvement', 'gameshow', 'trini_tiktoks', 'caribbeanstyle', 'localproduction', 'trinitodebone', 'masqueradeballtt', 'tobago', 'dating', 'trinidad🇹🇹', 'gtianadiamond', 'trinding', 'sexychic', 'masqueradeball', 'local', 'trinistyle', 'trinidad', 'promo']"
kr_event_rentals,"['trussing', 'eidmubarak', 'weddingtrend', 'tentrentalstrinidad', 'wediding', 'trussprofessional', 'trend', 'parties', '776', 'fypシ゚viral', 'tables', 'viraltrend', 'love', 'eid2024', 'viral', 'weddingtiktok', 'foryou', 'eventrentals', 'trending', 'tentrentals', 'weddingtrends', 'wedding', 'fyp', 'foryoupage', 'fypシ', 'dinner', 'partyrentalcompany', 'events', 'party', 'rentals', 'rentalcompany', 'foryour']"
duttypaul,"['eclipse', 'tbt', 'dancehall', 'seanpaulchallenge', 'feid', 'dancehallmusic', 'invisalign', 'concertseason', 'jlo', 'concerts', 'seanpaul', 'throwbacksongs', 'outofthisworld', 'greatesttour', 'eclipsesolar', 'usa', 'canada', 'temperature', 'jenniferlopez']"
mlioncross,[]
shanboody,"['honestambassador', 'tonightsconversation', 'ad']"
cami_loverboi123,"['relationship', 'comedy', 'guyanese', 'facts', 'job', 'soca', 'marriage', 'cami_loverboi123', 'explore', 'viral', 'life', 'trending', 'caribbeantiktok', 'work', 'fyp', 'trini_tiktoks', 'women', 'realisreal', 'guyana', 'party', 'chutney']"
kevinfigman,"['maxgetsmovies', 'hispanic', 'colombiana', 'latino', 'spanglish', 'tiktokcolombia', '🇨🇴', 'ad', 'spanish', 'colombia', 'maxpartner', 'mexico', 'cat', 'latina', 'brazil', 'coachella', 'corridos', 'ludmilla', 'yourracemiami', 'pesopluma', 'badbunny', 'colombiano', 'funk', 'f1mgppartner', 'reggaeton', 'jbalvin', 'medellin', 'maluma']"
fluellenfam,"['pregnant', 'challenge', 'reaction', 'naturevalleyadventure', 'husbandandwife', 'ad', 'pregnancy', 'curlyhairtips', 'momdaughter', 'curlyhairtutorial', 'familyfun', 'familyvlog', 'montanadads', 'pregnancytest', 'tellingmyhusbandimpregnant', '1sttrimester', 'hairinspo', 'curlyhairstyles', 'dayinthelifevlog', 'smallbusinessowner', 'groupdance', 'trend', 'babynumber4', 'daughter', 'ihopad', 'announcement', 'vlog', 'baby', 'momvsdad', 'thisainttexas', 'momanddaughter', 'sunday', 'husband', 'satinbonnets', 'couples', 'daydate', 'couplelove', '11weekspregnant', 'soccermom', 'coupleshumor', 'washday', 'surprise', 'ihop', 'dance', 'pregnancyannouncement', 'curlyhair', 'soccerdad', 'montanamoms', 'dadvsmom', 'tastetest', 'family', 'sundayvlog', 'hairstyle']"
asiaalexaw,"['trinidadpoledancer', 'pullups', 'poledancer', 'calisthenics', 'poledancetrinidad', 'trini', 'aurorafittribe', 'heelsdance', 'glutes', 'consistency', 'trinidadandtobago', 'couplegoals', 'bodyweight', 'onlinecoach', 'beach', 'trini_tiktoks', 'pushupchallenge', 'tobago', 'mood', 'polefitness', 'gains', 'pushups', 'trinidad', 'farmlife', 'calisthenicsgirls']"
rubyparrisofficial,['capcutedit']
mertrinatt,"['ocean', 'poetry', 'trinidadandtobago', 'mertrina', 'trinidadandtobagomermaid', 'trini_tiktoks', 'mermaid', 'trinidad', 'trini']"
kekepalmer,"['larocheposaypartner', 'chipsahoypartner', 'melasyl']"
tryguys,"['comedy', 'thejonnycakes', 'tbzjuyeon', 'foodie', 'milesbonsignore', 'trends', 'foodchallenge', 'michelinguide', 'keitheats', 'keithhabersberger', 'torturedpoetsdept', 'restaurant', 'eatwithkeith', 'vegancake', 'foodvsfood', 'morningroutine', 'zachkornfeld', 'asiannoodles', 'vegan', 'tbzeric', 'vegas', 'food', 'pho', 'michelinstarrestaurant', 'fish', 'mascotcostume', 'foodietiktok', 'mascot', 'lasvegas', 'gwenla', 'tryguy', 'keitheatseverything', 'tryguystour', 'noodles', 'prank', 'sweettreat', 'mood', 'tbzjacob', 'michelinstar', 'shrek', 'michelinstarchef', 'tour', 'kpopfyp', 'travel', 'frogtok', 'yeschef', 'aprilfools', 'frogtrick', 'thetryguys', 'tbzhyunjae', 'chinesebeefnoodle', 'ramen', 'theboyz', 'michelin', 'margarita', 'lafood', 'eatthemenutour', 'jonnycakes', 'whatsupbrother', 'markrober', 'kpop', 'noodlesoup', 'tbz', 'tbzkevin', 'tryguys', 'aprilfoolsday', 'kpopgroup', 'eugeneleeyang', 'keithhabersburger', 'comedytiktok', 'willywonka', 'charcuterieboard', 'race', 'shrekcake', 'kpopfan', 'phoningitin', 'seafood', 'keitheatsthemenu', 'eatthemenu', 'lafoodie', 'scavengerhunt', 'funny']"
wearefreetown,[]
a.wandering_trini,"['ezekiel', 'travel', 'travelhack', 'bellagio', 'traveller', 'cariibbeantiktok', 'thingstodoinlasvegas', 'travelagent', 'traveltiktok', 'vacation', 'awanderingtrini', 'lasvegas', 'trinidadandtobago', 'flight', 'lasvegasstrip', 'trinitraveller', 'thespherevegas', 'trinijetsetters', 'explore', 'budgettravel', 'foryou', 'nordace', 'caribbeantiktok', 'travelgadgets', 'vacationpackages', 'backpack', 'trini_tiktoks', 'fyp', 'travelvlog', 'travelpackages', 'trinidadandtobago🇹🇹', 'lasvegassphere', 'trinidad', 'bellagiolasvegas']"
theequalizercbs,"['theequalizer', 'mikeepps', 'drama', 'season5', 'tv', 'lorrainetoussaint', 'queenlatifah', 'layadeleonhayes']"
brgskinlab,[]
dizzbilly,"['swiftie', 'hozier', 'ttpd', 'vegan', 'mountain', 'planeview', 'trinidadandtobago', 'ts11', 'reputation', 'thetorturedpoetsdepartment', 'cat', 'taylorswift']"
moveabroadwithme,[]
chiziduru,"['nycbraider', 'amazonmusthaves', 'midsizefashion', 'modestfashion', 'bohoknotlessbraids', 'adulting', 'apartmentliving', 'amazonfinds', 'amazonfashionfinds', 'statefarm', 'bohobraids', 'springfashion', 'twopieceset', 'ad', 'amazontryon', 'momsoftiktok', 'amazonfashion']"
brushedbysophh,"['shoes', 'thatgirl', 'football', 'splatter', 'sneakers', 'comedy', 'brushedbysophh', 'customized', 'coffee', 'challenge', 'energy', 'rainbow', 'cleantok', 'soulmate', 'hotpink', 'art', 'water', 'weddingshoes', 'weirdart', 'smallbusiness', 'spring', 'socks', 'fail', 'aesthetic', 'satisfying', 'peel', 'smallbussiness', 'teddybear', 'fashion', 'destiny', 'rope', 'birthdaygift', 'sneaker', 'style', 'peeling', 'customshoes', 'order', 'golden', 'custom', 'orange', 'diy', 'bridetobe', 'crafts', 'goldenretriever', 'wedding', 'cleaning', 'smallbusinesstiktok', 'compilation', 'brown', 'association', 'cheetah', 'custommade', 'shaving', 'bridestyle', 'satisfyingvideo', 'dye', 'customisedshoes', 'pink', 'gold', 'painting']"
ohhh_lalaaaa,[]
kimmyannricciardi,"['nyccocktailbars', 'newyorkcity', 'les', 'lowereastside', 'datenight', '9orchard']"
gabbydouglas,"['drschollspartner', 'itstartswithdrscholls']"
jackieaina,"['dailyvlog', 'hennessy', 'hennessyespressomartini', 'forvrmood', 'clarinspartner', 'louboutin', 'tasmanuggs', 'watermelonrecipe', 'sephorahaul', 'mielle', 'forvrmoodperfume', 'lapointe', 'getdressedwithme', 'spicymarg', 'auntjackiesnoshrinkage', 'smeg', 'valentinobeautypartner', 'youremindmeperfume', 'softlitfoundation', 'coffeebar', 'washdayroutine', 'coffeebarrestock', 'clarinsmultiactive', 'washandgo', 'hoodeddryer', 'iamherperfume', 'exalteperfume', 'forvrmoodfragrance', 'ugg', 'youremindme', 'lifestylevlog', 'fentybeauty', 'iamher', 'forvrmoodreview', 'sephoravib', 'narscosmetics', 'hermesdishware', 'flowerbomb', 'stitch', 'dayinthelife', 'keurig', 'makeuphaul', 'mielleorganics', 'espressomartini', 'naturalhaircare', 'mugler', 'soldejaneiro', '10minutegrwm', 'ootd', 'dior', 'paulreactss']"
tasteoftrinbago,"['easyrecipe', 'garlicnaan', 'happysunday', 'bussupshut', 'chickenpelau', 'doubles', 'roti', 'seviyan', 'petaiparatha', 'lacchaparatha', 'garlicherbparatha', 'yum', 'filipinofruitsalad', 'peppershrimp', 'eidulfitr', 'parsad', 'paratha', 'smashedparatha', 'prasad', 'baigan', 'ad', 'indianroti', 'hexclad', 'bainganbharta', 'mohanbhog', 'onepotmeal', 'vermicelli', 'trinidoubles', 'baingan', 'currygoat', 'seasonedparatha', 'oilroti', 'creamyfruitcocktail', 'fiery', 'trinidadandtobago', 'trinifood', 'recipe', 'pinoyfruitsalad', 'melongene', 'wap', 'filipino', 'mangosago', 'trinistreetfood', 'indianfood', 'cholebhature', 'chethai', 'maleeda', 'fruitcocktail', 'sawine', 'baiganbharta', 'lachaparatha', 'eid', 'doublestabanca', 'babaganoush', 'goat', 'vegetarian', 'doublesglutton', 'prasadam', 'vegan', 'eiddessert', 'teamwetpelau', 'eiddesserts', 'redbeanpelau', 'malida', 'naan', 'pelau', 'hanumanjayanti', 'vamazelli', 'india', 'streetfood', 'eggplant', 'curriedgoat']"
visittrinidad,[]
melnmo3,"['military', 'marriedlife', 'kids', 'fypシ゚viral', 'inlaws', 'surprise', 'love', 'kdrama']"
jasonbankscomedy,"['pregnant', 'nurse', 'comedy', 'stolen', 'basketball', 'job', 'restaurant', 'princess', 'nfldraft', 'moves', '2024nfldraft', 'standup', 'share', 'school', 'icet', 'lawandorder', 'crayons', 'news', 'doctor', 'teacher', 'datingprofile', 'traviskelce', 'care', 'cop', 'car', 'restaurantlife', 'dance', 'journalist', 'nfl', 'patrickmahomes', 'dating', 'parentlife', 'fiona', 'parenting', 'statefarm', 'police', 'jasonbankscomedy', 'reporter', 'apply', 'interview', 'kids', 'puppet', 'lawandordersvu', 'shrek', 'babies', 'taylorswift']"
iamafreshavocado,[]
tatyanajoseph39,[]
elite_kayaking_guyana,"['ituni', 'interschoolskayaking', 'linden', 'elitekayaking']"
mariah.baillie,"['mood', 'bestiegoals', 'adulting', 'bestie', 'humour', 'vacationmode', 'ariesseason', 'fypシ', 'relatable', 'aries']"
thekabsfamily,"['couple', 'thekabsfamily', 'fyp', 'fatherhood']"
healthygirlkitchen,"['salad', 'healthyfood', 'vegan', 'liveabbotts', 'dairyfree', 'dinnerideas', 'asmr', 'abbotspartner', 'simplemillspartner', 'healthyrecipes', 'garlicbread', 'cheesecake', 'siggispartner', 'plantbased', 'nobakedessert']"
shanyvo_nailedit,"['ombrenailtutorial', 'gelxinfluncer', 'airbrushnailart', 'gelnailsart', 'nailinfluencer', 'rhinestonegluenailart', 'nailtiktoker', 'gelxnailstech', 'tinovorecreations', 'beginnernailtech', 'simplenails', 'chromenails', 'pinterestnails', 'blackchromenails', '3dnailart', 'chromenailstutorial', 'shortnails', 'trinidadnailtech', 'capcut', 'nailsdesigns', 'btartbox', 'shanyvonailedit', 'biabnails', 'trendynails', 'gelnailsdesign', 'tinovo', 'shellnails', 'nailsgonewrong', 'nailsbeforeafter', 'nailstutorial', 'gelxnailtech', 'gelxinspo', 'gelxapplication', 'icannotgolive', 'gelnailtutorial', 'gelxombretutorial', 'nailsdesign', 'chromenailart', 'currystainednails', 'nailpigments', 'gelnailtech', 'nailtutorials', 'gelxdiy', 'gelnails', 'finelinenailart', 'stainednails', 'seashellnails', 'chromenailfails', 'ombregelxnails', 'nailtechbestie', 'trendingnails', 'gelxnails', 'rhinestoneglue', 'makeart', 'blacknails']"
chineykpopgirl,"['carnival', 'sheglamlipbalm', 'fasthairgrowth', 'hairgrowth', 'makeup', 'mommyandme', 'muva', 'beachbaby', 'vacation', 'sheglampartner', 'jamaicacarnival', 'lipbalm', 'nursery', 'iykyk', 'meme', 'sheglam', 'qualitytime', 'mom', 'soca', 'fashion', 'hotmom', 'jamaican', 'babygirl', 'haul', 'babyroom', 'viral', 'baby', 'tryon', 'jamaica', 'retainers', 'beach', 'jamaicantiktok🇯🇲viral', 'postpartumbody', 'sheglammusthaves', 'jolifairehairgrowthoil', 'blinds', 'wow', 'jamaicantiktok', 'homedecor', 'viral_video', 'hairgrowthoil', 'viraltiktok', 'fasthairgrowthoils', 'jamaicatiktok', 'memecut', 'orthodontist']"
jainaleeortiz,[]
misterbebert,"['haircut', 'attack', 'trinidad🇹🇹', 'spanish', 'ex', 'women', 'shark', 'misterbebert', 'fedup', 'barbering', 'sweet', 'iphonevsandroid', 'lascuevas']"
kikefit_life,[]
pototo_pitunga,[]
joshuaregrello,"['championsleague', 'depanman', 'steelpan', 'panmanski', 'switzerland', 'joshuaregrello', 'behindthescenes', 'steeldrums', 'canada', 'footballvlog', 'steeldrum', 'broski', 'skiing']"
creative_explained,"['gingerroot', 'gardening', 'creativeexplained', 'howto', 'gardeningtips', 'moodrink', 'diy', 'oats', 'lifehacks', 'peppers', 'planttips', 'plantbased', 'jalapeño', 'spicy', 'ginger']"
dianarantamaki,"['asianmango', 'comedy', 'relationship', 'transition', 'twinmom', 'asianmom', 'dumaguetecity', 'ldr', 'province', 'bighead', 'dianarantamaki', 'countrylife', 'countryside', 'bigheadmama', 'couple', 'forfun', 'coffeeaddict', 'thriftshop', 'trend', '2000s', 'islandlife', 'blueberrymatcha', 'thecoffeemokki', 'piliinmorinangpilipinas', 'tryonhaul', 'bigheadcafe', 'freshfruits', 'haul', 'fun', 'asians', 'parents', '90sbaby', 'daddyissues', 'thriftedclothes', 'lipsync', 'philippines', 'negrosoriental', 'makeuptrend', 'y2k', 'thriftyfindsdumaguete', 'dance', 'summerhair', 'thriftstore', 'funny', 'paksaprotein', 'lovito', 'silliman', 'zumba', 'mango', 'momlife', 'darkhumor', 'cafe', 'asokamakeup', 'filipinohumor', 'relatable', 'lifeinthephilippines']"
laronhinesofficial,[]
carolcj11,[]
ladyshaidesigns,[]
dominic_mua,"['macxdisney', 'iwearmac']"
zeekoazidan,[]
sdavidrodriguez,['stitch']
.klicks,"['viral', 'klicks', 'chunkz', 'deji', 'harrypinero', 'foryou', 'kenny', 'darkestman', 'dave', 'niko', 'aj', 'fanum', 'ajshabeel', 'sharky', 'fyp', 'filly', 'kaicenat', 'betasquad']"
nadiabatsonofficial,[]
jezzasey,[]
ddsamlalsingh,"['celinedion', 'islandgyal', 'aprilbirthday', 'thehighlightroom', 'birthdayideas', 'nycvlog', 'girlmathexplained', 'freemoney', 'sonot', 'girlmath', 'accentchallenge', 'ihadmycake', 'ddsamlalsingh', 'nyctiktok', 'taurusgirl', 'taurus', 'triniaccent', 'centralpark', 'trinitiktok', 'corporateamerica', 'nycbirthday', 'codeswitching', 'caribbeantiktok', 'ues', 'corporatetiktok', 'picnic', 'fyp', 'trinigyal', 'motherdenim', 'nyc', 'birthdaygirl', 'taurusseason', 'necklacemaking', 'triniinnyc', 'lover', '420', 'charmnecklaces']"
lesley.samantha,[]
rodey_blumoonpro,"['goats', 'comedy', 'laws', 'footbal', 'cosmeticdentist', 'turkeyteeth', 'coconut', 'apples', 'caribbean', 'rodeytv', 'alicudi', 'uber', 'leaveme', 'traffic', 'rodeytheentertainer', 'soccer', 'heat', 'malaki', 'extratime', 'manfriend', 'currygoat', 'comdey', 'climb', 'therapy', 'freedrop', 'steamy', 'bendupface', 'wettty', 'pinky', 'crowns', 'morningdrop', 'goinyuhbed', 'championsleague', 'morningmotivation', 'buck', 'barcalona', 'trevor', 'roadblock', 'jessica', 'hopahdrop', 'phonepolice', 'children', 'bedtime', 'drinkwater', 'shenseea', 'hitandrun', 'veneers', 'rodeytheemtertainer', 'morningpictures', 'friday', 'movienight', 'volcanicisland', 'beardgang', 'beardthreats', 'granny', 'samoa', 'smile', 'goinyuhplace', 'police', 'jail', 'laliga', 'pension', 'msjanice', 'denist', 'roadclosed', 'kids', 'birthday', 'chores', 'coconuttree', 'taxidrivers', 'wife', 'freetaxi', 'caribbeancomedy', 'italy', 'relatable']"
chloebaileywashere,"['startatthecore', 'boybye', 'ad', 'coachella']"
kristeljoyym,['mamasboy']
chertsian,"['ambassador', 'ezekiel', 'eatwithme', 'friends', 'brazillianwax', 'harrypotter', 'onepiece', 'toxic', 'husbandcomedy', 'rodwave', 'simplygrillicious', 'ladiesof420', 'chertsianhusainali', 'gyro', 'trinitiktok', 'potterhead', 'greenyardvibes', 'empanadas', 'majeds', 'trini_tiktoks', 'stitch', 'sorvete', 'tobago', 'sharkriver', 'tattoofest', 'husbandwifecomedy', 'spasolace', 'zivastories', 'castarabeach', 'airbnb', '420', 'grillindville']"
ciaosasha,[]
shin_shin122,[]
cqaccessories,[]
candicesantana868,"['trinidadtiktok', 'environment', 'caribbeantiktok', 'plussizelifestyle', 'motivation', 'mylifestyle', 'candicesantana', 'motivationtok', 'treeplanting', 'water', 'nolittering']"
nakaanddom,[]
manutd,"['earps', 'antony', 'kambwala', 'ethanwheatley', 'andycole', 'mufoundation', 'mainoo', 'maryearps', 'teamviewer', 'oldtrafford', 'manutd', 'u18plcup', 'kobbiemainoo', 'muwomen', 'louisreeszammit', 'facup', 'amad', 'womensfacup', 'mata', 'ronaldo', 'unitedforthefans', 'chiefs', 'manutdrandomiser', 'findyourbetter', 'garnacho', 'rashford', 'fayouthcup', 'nfl', 'premierleague', 'onana', 'millieturner', 'brunofernandes', 'usainbolt', 'muacademy', 'mufc']"
jrlee_socrazy,"['comedy', 'friends', 'seed', 'cleaner', 'naked', 'glass', 'caribbean', 'relationships', 'constable', 'thatscrazy', 'toxic', 'wininstantly', 'scratchdat', 'client', 'driver', 'trinidad', 'cars', 'mechanic', 'jamaicacarnival', 'piper', 'princess', 'church', 'charity', 'relationshipgoals', 'kingston', 'playtoday', 'trinidadandtobago', 'money', 'windows', 'paving', 'wash', 'fixit', 'father', 'couplegoals', 'accident', 'learning', 'xoduscarnival', 'roadwork', 'nlcbscratch', 'paypay', 'jamaica', 'driving', 'couples', 'pastor', 'tobago', 'policeofficer', 'trinidadandtobago🇹🇹', 'parenting', 'tobagolove', 'police', 'construction', 'family', 'collection', 'accent', 'relatable']"
simpli_dmari,"['funnytiktok', 'dominicanrepublic', 'postmetothissong', 'saonaisland', 'howweroll', 'forfun', 'fyppp', 'vacation']"
0rganic_arts,[]
theblackspeech,[]
maximumshart,[]
wildeyeadventures,"['outdooractivity', 'outdoorexperience', 'bushcraftcamp', 'london', 'londonlife', 'axethrower', 'axeperience', 'offgrid', 'adventure', 'revolution', 'pollution', 'naturelover', 'camping', 'wildchild', 'wildwoman', 'lovenature', 'outdooradventures', 'axethrowing', 'naturesounds', 'gotonature', 'campinglife', 'womensretreat', 'waterislife', 'junglelife', 'axes', 'thailand🇹🇭', 'waterbringslife', 'sunsetlover', 'kayak', 'wildwomen', 'survivalcamping', 'womeninnature', 'naturelove', 'thailand', 'survivalskills', 'birdlife', 'plastic', 'sunsetvibes', 'womenempowerment', 'funactivity', 'axe', 'outdoorlife', 'thailandtravel', 'powerofhemp', 'wildskills', 'wildlife', 'soundsofnature', 'kayaking', 'protectnature', 'unsustainable', 'birds', 'pollutionawareness', 'wildernessskills', 'kayaklife', 'wildeyeadventures', 'activity', 'nomoreplastic', 'outdoorskills', 'lovethailand', 'outdoorkids', 'adventuretime', 'khaosok', 'axethrowinginstructor', 'khaosoknationalpark', 'natureconnection', 'womensretreats', 'axeskills', 'hemp', 'getoutdoors', 'plasticfree', 'instructor', 'outdooractivities', 'bushcraftsurvival', 'survivalcamp', 'plasticpollution', 'birdsong']"
cassandrafreier,[]
itsmahmouddd,[]
pulasu.co,"['antiquestore', 'native', 'nativemade', 'colombia', 'thrifting', 'antiques', 'beadedearrings', 'beadwork', 'braidsforcole', 'justice', 'sade', 'braids', 'colebringsplenty', 'beadedjewelry']"
samleesong,[]
freedomfromtorture,"['jet2holidays', 'refugeeswelcome', 'internationallaw', 'rwandaplan', 'airtanker', 'rwandabill', 'rwanda', 'jet2', 'humanrights', 'stoptheflights', 'ukpolitics']"
georgemonbiot,"['wearealltrudi', 'climate', 'deportation', 'peacefulprotesters', 'teacher', 'notguilty', 'peacefulobjectors', 'climateemergency', 'prison', 'musician', 'earthdefenders', 'defendourjurys', 'justice', 'justicefortrudi', 'climatecrisis', 'climateaction']"
climatetown,[]
_qtmxchi_,"['_qtmxchi_', 'fyp', 'jobyeonggyu']"
swanmoonbaby,"['anxiety', 'honor', 'colonialism', 'hello', 'actnow', 'dream', 'truth', 'reallife', 'share', 'earth', 'honestly', 'love', 'yes', 'duet']"
youthclimateswarm,[]
snipsnapme,[]
elizmizon,"['anxiety', 'alaska', 'friendship', 'unhingedplacenames', 'selfcare', 'fyp', 'solareclipse', 'geography', 'map']"
brutofficiel,"['london', 'printempsdebourges2024', 'palestine', 'rapfr', 'pourtoi', 'jo2024', 'france', 'lycee', 'rwanda', 'cinema', 'algerie', 'bigfloetoli', 'ohio', 'immigrants', 'gaza', 'colonialisme', 'histoire', 'politiquefrancaise', 'joparis2024', 'cassandracano', 'tomcruise', 'manifestation', 'plk', 'beziers', 'giorgiameloni', 'franktyson', 'perrier', 'ayanakamura', 'emmanuelmacron', 'favé', 'paris', 'taylorswift', 'football', 'darmanin', 'femmes', 'chien', 'printempsdebourges', 'sch', 'medine', 'animaux', 'rishisunak', 'guadeloupe', 'policier', 'economie', 'justice', '59', 'jacksonville', 'nestle', 'parissg', 'realbarca', 'colonie', 'italie🇮🇹', 'baptiste', 'niska', 'montpellier', 'maroc', 'jo', 'swifttok', 'newyork', 'metoo', 'attal', 'italie', 'parlement', 'immigration', 'gazo', 'niska_officiel', 'ecole', 'jeuxolympiques', 'iran', 'jeuxolympiqueparis2024', 'cantonohio', 'kimkardashian', 'flammes2024', 'canada', 'loire', 'couvrefeu', 'parcdesprinces', 'supermarche', 'psg', 'londres', 'colonialism', 'parissaintgermain', 'premiereguerremondiale', 'gabrielattal', 'eau', 'taxes', 'kerchak', 'explorationurbaine', 'cannes2024', 'deepfake', 'immigrant', 'gav', 'depardieu', 'minnesota', 'pizza', 'urbanexploration', 'iranian', 'courses', 'floride', 'lesflammes', 'paris2024', 'bigflo', 'lafouine', 'philippe', 'conso', 'shay', 'sciencespo', 'etatsunis🇺🇸', 'grandesynthe', 'weinstein', 'gelato', 'toomaj', 'education', 'niskaofficiel', 'alonzo', 'ttpd', 'werenoi', 'apprendresurtiktok', 'ronisia', 'liga', 'haitiantiktok', 'missionimpossible', 'booktok', 'europe', 'concert', 'etatsunis', 'marquinhos', 'franglish', 'sinformersurtiktok', 'moulinrouge', 'adolescents', 'kendjigirac', 'milan', 'collège', 'coreedusud', 'rwandatiktok', 'lesflammes2024', 'inflation', 'oli', 'cours', 'kendji', 'macron', 'médine', 'college', 'sally', 'nord', 'pouvoirdachat', 'fave', 'coree', 'caraibes', 'afrique', 'brigittemacron', 'champselysees', 'haïti', 'police', 'royaumeuni', 'gwada', 'rwandatiktok🇷🇼', 'tespasnetbaptiste', 'antilles', 'urbex', 'caf', 'fashionweek', 'feminisme']"
xr_latinoamerica,[]
xrebellionuk,"['insureourfuture', 'earthday', 'extinctionrebellion', 'climatedenial', 'climateactionnow', 'citizensassemblies', 'insureourfuturenow', 'listentothescience', 'peoplepower', 'thebiggive', 'climatejustice', 'climatedeniers', 'nonviolent', 'citizensassemble', 'biodiversityloss', 'dropadani', 'tellthetruth', 'riskybusiness', 'righttoprotest', 'coderedfornature', 'takeaction', 'stopsellinglies', 'civildisobidience', 'actnow', 'stopdeportations', 'ClimaQuenteCabeçaFria', 'zurich', 'insuringclimatechaos', 'directaction', 'rebelfortruth', 'positiveclimatenews', 'biggive', 'climatecrisis', 'climateaction', 'endfossilfuels', 'donate', 'stopadani', 'rebelforlife', 'redrebels', 'codered', 'donatenow', 'decidetogether', 'funeralfornature']"
lulufrost,[]
peta_australia,[]
vivacharity,"['fish', 'plantbasedfood', 'pollution', 'ecotricity', 'ukvegan', 'pigs', 'sokito', 'plantbasedrecipes', 'vegancampout', 'animallover', 'veganleather', 'christspiracy', 'australia', 'leather', 'fishing', 'plantbased', 'captainpaulwatson', 'dairy', 'plastic', 'unchainedtv', 'vegandocumentary', 'veganoutreach', 'sleafordmods', 'veganrecipe', 'kangaroo', 'happyplace', 'captainpaulwatsonfoundation', 'vegantrainers', 'seashepherd', 'piglets', 'vivacharity', 'veganpodcast', 'veganactivism', 'pork', 'plantbasedrecipe', 'veganism', '50by25', 'veganfood', 'animaljusticeparty', 'footballboots', 'ttpd', 'vegetarian', 'vegan', 'veganuk', 'forestgreenrovers', 'babefilm', 'veganfootballboot', 'govegan', 'veganfilm', 'vco', 'cutepigs', 'radhidevlukia', 'plasticpollution', 'animalrights', 'taylorswift']"
jazmynjw,"['whitehousehr', 'friends', 'comedy', 'bodyglow', '35', 'hehe', 'girlfriends', 'momstuff', 'poolseason', 'jazafterdark', 'nigerian', 'therapy', 'standup', 'tips', 'selfcare', 'vacationmode', 'rideordie', 'tacobellpartner', 'biden', 'angryrecipes', 'morningroutine', 'mommybreak', 'datingstories', 'chicken', 'advicefortwentysomethings', 'brunchfriends', 'donttextmetextthebaby', 'satire', 'itsgoodtho', 'angrywife']"
smart_budgie,[]
climatead,[]
westernwatergirl,"['drought', 'regenerativeagriculture', 'newmexico', 'waterislife', 'todayilearned', 'funfact', 'socialmedia', 'wyoming', 'wallstreet', 'water', 'ecofriendly', 'environment', 'arizonacheck', 'learnontiktok', 'farming', 'grandcanyon', 'sustainability', 'wildlife', 'climate', 'greenscreen', 'news', 'socialmediamarketing', 'neature', 'fyp', 'utah', 'nature', 'lakepowell', 'documentary', 'wildlifelover', 'golf', 'coloradoriver', 'getoutside', 'funfacts', 'colorado', 'research', 'cows', 'nevada', 'arizona', 'investment', 'california', 'agriculture']"
climatefamsnyc,[]
therevcoms,"['antiwar', 'revolutionarycommunists', 'rnlshow', 'osu', 'palestine', 'revolution', 'handsoffrafah', 'socialism', 'stopexploitation', 'capitalismimperialism', 'freepalestine', 'propalestine', '2024election', 'bds', 'genocide', 'abortion', 'endoppression', 'palestinewillbefree', 'emory', 'palestineprotests', 'genocidejoe', '17', 'hamas', 'stopgazagenocide', 'istandwithpalestine', 'bible', 'ceasefirenow', 'jewish', 'marxism', 'god', 'trump', 'asnatabassum', 'jesus', 'atlanta', 'ceasefire', 'palestiniangenocide', 'uscvaledictorian', 'emoryuniversity', 'trojansforpalestine', 'biden', 'zionism', 'policebrutality', 'communism', 'israeli', 'usimperialism', 'freespeech', 'bookfest', 'gaza', 'letasnaspeak', 'handsoffgaza', 'antizionist', 'antizionism', 'gazagenocide', 'apartheidisrael', 'columbia', 'religion', 'antiimperialism', 'quran', 'amerikkka', 'anticapitalism', 'rafah', 'kentstatemay4', 'may41970', 'gazaunderattack', 'latfob', 'ucla', 'usc', 'israel', 'uscgraduation', 'berkeley', 'divestment']"
jasminesgarden23,[]
climatehuman,[]
xrcolombia,[]
laflorperiodico,[]
extinctionrebellionmy,[]
planetmatters,"['cleanuptour', 'visitcarinthia', 'saubermacher', 'faakersee', 'regionvillach', 'crew', 'springcleaning', 'cleanupfun', 'visitvillach', 'austriavsplastics', 'planetmatters', 'environmentalism', 'fruehjahrsputz', 'austria', 'plasticpollution', 'meinsee', 'cleanupcrew', 'earthmonth']"
fffdigital,[]
fridaysforfuture.org,[]
birdmanveganfuture11,[]
thebigissue,"['football', 'thebeautifulgame', 'thebigissue', 'sadiqkhan', 'conservativeparty', 'doctorwho', 'footballtiktok', 'marathontraining', 'michealward', 'roughsleeping', 'ninthdoctor', 'londonmarathon', 'homelessworldcup', 'billnighy', 'homeless', 'homelessness', 'christophereccleston', 'bigissue', 'visionforchange', 'labourparty', 'marathon']"
benduorder,[]
bitofpud,[]
dannygrax,"['innerpeace', 'happylife', 'buddhist', 'artistsontiktok', 'meditation', 'buddhism', 'buddha', 'motivation', 'happiness', 'happy', 'mindfulness', 'love', 'loveyourself']"
thechalkstar,[]
thejuicemedia,[]
peakdrinkware,[]
thepedallingpianist,[]
fulanivegan,"['wildlife', 'savetheplanet', 'sustainability', 'animalsoftiktok', 'actnow', 'coralbleaching', 'ecotok', 'govegan', 'oceanlife', 'conservation', 'biodiversity']"
tarionp,[]
edgemmell,"['downley', 'cleanindustry', 'climateelection', 'stevebaker', 'desboroughbusiness', 'highwycombe', 'emmareynolds', 'independant', 'netzero', 'conservative', 'labour', 'greenparty', 'cressex', 'desboroughroad', 'hazlemere', 'industrialrevolution', 'britainplc', 'flackwellheath', 'wycombe', 'windpower']"
retrodebodoes33,"['sicknewworld', 'hardcore', 'trashtalk']"
boldfacedgoods,[]
greenecomarketing,[]
sisa_quispe,[]
veggiefamtok,[]
rainebow_nerd,"['football', 'london', 'flashback', 'shameless', 'elizabetholsen', '911', 'rosewine', 'comicon', 'fantom', 'manifest', 'april', 'rainyday', 'capcut', 'beyonce', 'highinfidelity', 'singleladies', 'JulieAndThePhantoms', 'glee', 'mommy', 'disneyplus', 'eras', 'scarletwitch', 'marvel', 'lucky', 'april29', 'unilife', 'letsgo', 'fyp', 'fandom', 'onthisday', '911onfox', 'youngerself', 'manifestation', 'megacon', 'netflix', 'suesylvester', 'tv', 'thetorturedpoetsdepartment', 'jatp', 'taylorswift']"
environmentmatters,[]
climatechange_campaign,[]
saveourplanetx,[]
25onehundred,[]
swanlake2025,[]
plantbasednews,"['feedlot', 'earthday', 'sneakers', 'london', 'barbie', 'pandemic', 'butter', 'arnie', 'earth', 'carnivore', 'birdflu', 'beef', 'flora', 'VikingRise', 'response', 'cow', 'dogs', 'meme', 'dairy', 'doctors', 'nickiminaj', 'oatmilk', 'simpsons', 'aliciasilverstone', 'brazil', 'argument', 'debunk', 'arnoldschwarzenegger', 'coke', 'fizzydrink', 'billieeilish', 'nomeatmay', 'doctor', 'meat', 'drgreger', 'vegandogs', 'celebs', 'film', 'cattle', 'jordanpeterson', 'chicken', 'soda', 'vegan', 'debate', 'katiehopkins', 'cows', 'fossilfuels', 'milk', 'arnold', 'texas', 'plantbased']"
oliviaspamsxxxx,[]
domipalmer,"['sustainability', 'savetheplanet', 'climateactivist', 'earthday', 'activism', 'fashionrevolutionweek', 'sustainablefashion', 'environment', 'birds', 'environmentalist', 'activist', 'stopwastecolonialism', 'wearefashionrevolution', 'nature', 'birdwatching', 'saveourplanet', 'climateaction']"
activist_annemarie,[]
planetrec,[]
veganworldfilm,[]
sheltercharity,"['buildsocialhomes', 'capcut', 'teamshelter', 'housingemergency', 'bournemouthbeach', 'socialhousing', 'generalelection', 'fixrenting', 'christchurch', 'bournemouth', 'rent', 'rentingproblems', 'councilhome', 'londonmarathon', 'rentersreformbill', 'poole', 'renting']"
save_.the._planet._,[]
climatechangeawareness2,[]
no.seaworld,[]
extinction.rebellion.swe,"['climatechange', 'streetlights', 'extinctionrebellion', 'climatejusticenow', 'klimatra', 'detbrinneriknutarna', 'climateaction', 'climateactionnow', 'peoplenotprofit', 'traffic', 'climatejustice', 'civildisobedience', 'systemchange']"
labourtok,[]
save_the_orcas,[]
poeticfashion,"['loop', 'finland', 'fashionhouse', 'suomi', 'graffoti', 'fullhouse', 'perfect', 'iguess', 'arthouse', 'fashion', 'miniarthouse', 'finnish', 'art', 'normalpeople', 'fyppp']"
fridaysforfuture_osna,[]
youthanimalsave,[]
chrisss2021,"['climatebreakdown', 'climatechange', 'world', 'highwaytohell', 'climatehell', 'earth', 'climatejustice', 'fridaysforfuture', 'environment', 'climatestrike', 'planet', 'tellthetruth', 'climate', 'tippingpoints', 'actnow', 'globalboiling', 'thereisnoplanetb', 'listentoscience', 'gretathunberg', 'nature', 'sustainable', 'blahblahblah', 'globalwarming', 'climatecrisis', 'climateaction', 'activism', 'endfosslfuels', 'climateemergency', 'greta', 'peoplenotprofit']"
emptycages,"['animalrights', 'veganism', 'vegan']"
fridaysforfutureromania,[]
citizensclimate,"['talkaboutclimate', 'potentialenergy', 'climatechange', 'linkinbio']"
esxrebellion,[]
gruenefraktionsh,"['fehmarn', 'ostsee', 'schweinswal', 'naturschutz', 'meeresschutz']"
fffyucmx,[]
toritsui,[]
activistdream,[]
xrdeutschland,"['munichre', 'fürdichseite', 'extinctionrebellion', 'climatechange', 'klimaschutz', 'umwelt', 'tiktokdeutschland', 'fürdich', 'protest', 'erdgas', 'münchen', '089', 'berlin', 'diskussion', 'fürdichpage', 'klimakrise', 'klima', 'gaslobby', 'reclaim', 'fyp', 'climateaction', 'munich', 'xr', 'spidermurphygang', 'fossilfuels', 'munchen', 'swm', 'reclaimtiktok', 'skandal']"
fridaysforfuturebrasil,[]
nowthisimpact,"['pregnant', 'womenshealth', 'republicans', 'reproductivefreedom', 'health', 'laws', 'solarenergy', 'mtg', 'travel', 'abortionrights', 'supremecourt', 'guncontrol', 'voting', '2024election', 'bookbans', 'guncontrolnow', 'junkfees', 'gunviolence', 'books', 'studentloandebt', 'abortion', 'obgyn', 'reproductiverights', 'arizona', 'florida', 'vote', 'trump', 'donaldtrump', 'bigoil', 'affordablecareact', 'roevwade', 'parody', 'watchthis', 'ne2', 'reproductivehealth', 'reading', 'elections', 'reproductivejustice', 'teachers', 'penamerica', 'birthcontrol', 'singing', 'insulin', 'marshablackburn', 'biden', 'newyork', 'college', 'maxwellfrost', 'music', 'diversity', 'justinjones', 'gop', 'cleanenergy', 'libraries', 'votingmatters', 'rondesantis', 'studentloans', 'inflationreductionact', 'education', 'duet', 'chatbot', 'savetheplanet', 'democrats', 'parkland', 'nebraska', 'electoralcollege', 'lawsuit', 'marjorietaylorgreene', 'livenation', 'columbine', 'texas', 'finance', 'humanrights', 'bookban', 'healthcare', 'renewableenergy']"
anticlimatechange,[]
stop..seaworld..x,[]
respect_the_earth,[]
fridaysforfuturesendai,[]
zoefilmedit,"['peacefulprotesters', 'notguilty', 'peacefulobjectors', 'earthdefenders', 'defendourjurys', 'justice', 'justicefortrudi', 'wearealltrudi']"
ecologi_hq,[]
fff_scotland,[]
blesstheweather,[]
diegruenen,"['ewp24', 'ruhrpott', 'afd', 'grüne', 'bündnis90diegrünen', 'omidnouripour', 'ichgebedashandyweiter', 'machenwaszählt', 'gruene', 'passthephone', 'terryreintke', 'klima', 'fyp', 'stitch', 'einfachmalmachen', 'cannabis', 'europawahl', 'politik', 'reclaimtiktok', '420']"
climatejustice,[]
