Username,Hashtags
foxandrobin,[]
janetross65,[]
woodupp,"['woodwall', 'woodupp', 'decoration', 'decor', 'akupanel', 'fyp', 'mywodupp', 'outdoor', 'aluwood', 'acousticpanel', 'outdoorpanels']"
semafor,[]
jenpsaki,"['booktok', 'msnbc']"
jackspiesnyc,[]
katelynsailor,"['interiordesign', 'foyer', 'renterfriendly', 'gallerywall', 'nyclife', 'nychome', 'homedecor', 'livingroominspo', 'frametv', 'colorfulhome', 'stitch', 'frenchbulldog', 'ttpd', 'colorfuldecor', 'nycapartment']"
mklurstein,"['capriguide', 'sorrento', 'newhotels2024', 'luxuryhotels', 'italytraveltips', 'palmspringshotel', 'italiansummer', 'italyitinerary', 'amalficoast', 'amanhotel', 'ischia', 'capriitaly', 'vacationstyle', 'californiahotel', 'croatiahotel', 'italytrip', 'sanfrancisco', 'mallorcahotel', 'luxurytravel', 'spainhotels', 'bucketlisttravel', 'procida', 'sftok', 'luxuryhotel', 'madridhotel', 'southoffrance', 'ootd', 'spahotel', 'capriitalyguide', 'hvar', 'summerstyle', 'nutallergy', 'capri', 'italytravel', 'newhotel', 'southoffrancehotel', 'traveltiktok', 'greenscreen', 'mallorca', 'boutiquehotel']"
beetrootandblack,[]
aguynamedpatrick,[]
thecreativebix,"['watercolor', 'flowers', 'adobepartner', 'communityxadobe', 'procreatetutorials', 'swiftie', 'ttpd', 'ipaddrawing', 'graphicdesign', 'wallpaper', 'procreate', 'swifttok', 'abstract', 'ad', 'digitalart', 'taylorswift', 'thetorturedpoetsdepartment', 'lettering', 'rainbow', 'procreatetutorial', 'adobephotoshop', 'abstractart', 'brushes', '3dart', 'selfcare', 'opticalillusion', 'bubbles']"
plugbettertech,"['biggestsale', 'exclusivedeals', 'earlyaccess']"
europeanparliament,"['euelections2024', 'motherearthday', 'nature', 'europeanunion', 'democracy', 'euelections', 'useyourvote', 'europe', 'eu', 'europeanparliament']"
thelonegooseco,[]
jillian__011,"['rug', 'walmartfinds', 'amazonhomedecor', 'neutralhomeinspo', 'amazonhomefavorites', 'amazonhomefinds', 'beautifulbydrewbarrymore', 'outdoordecor', 'budgetfriendly', 'neutralstyling', 'neutralhomestyle', 'homedecorideas', 'targethome', 'affordablehomestyling', 'interiordesignideas', 'arearugshopping', 'neutraldecor', 'neutralhomeedit', 'homedecoronamazon', 'targetcircledeals', 'organicmoderndesign', 'livingroominspiration', 'neutralstyledhome', 'organicmodern', 'texturedesign', 'organicmoderninteriors', 'homedecoration', 'neutralhomelove', 'decoratingonabudget', 'texturedrug', 'targetcircle', 'bestjute', 'amazonhomehacks', 'viralreels', 'transitionaldecor', 'walmartdeals', 'betterhomesandgardens', 'homedecoronabudget', 'interiordecor', 'amazonhome', 'targetcircleweek', 'affordablehomedecor', 'tvstand', 'uttermost', 'homestyle', 'livingroomdecor', 'trendingdesigns', 'walmarthomefinds', 'neutralhomedecor', 'walmartmusthaves', 'texturedecor', 'interiordesign', 'livingroomrug', 'amazondeals', 'outdoorstyle', 'transitionaldesign', 'neutralhome', 'designerhomedecor', 'arearug', 'walmartdecor', 'homedecorating', 'homedecorsale', 'mediaconsolestyling', 'tvstandstyling', 'homedecorfindsonabudget', 'budgetfriendlydecor', 'trendingstyle', 'walmarthomedecor', 'livingroominspo', 'neutralstyle', 'homedecorinspo', 'homedecorfinds', 'livingroomideas', 'mediaconsole', 'targetdeals', 'walmarthome', 'homedecor', 'homedecorsales', 'trendingdecor', 'neutralrug', 'lookforless', 'amazonfinds', 'organicmoderndecor', 'budgetfriendlyhomedecor', 'decorideas', 'homedecoronabuget', 'juterug']"
hackernoon,[]
bidenhq,[]
herboozytails,"['dogfriendly', 'barkair', 'dogfriendlytravel', 'budgettravel', 'atx', 'qatarairways', 'couplestravel', 'eclipse', 'rawfed', 'travelhacks', 'austinblogger', 'europetravel', 'privatejet', 'traveldog', 'outdoorsy', 'uganda', 'businessclass', 'sponsored', 'travelcouple', 'austinevents', 'nileriver', 'tx', 'traveltok', 'traintravel', 'girlswhogolf', 'travelingwithdogs', 'jsx', 'qatar', 'thenorthface', 'safari', 'dogfood', 'eurostar', 'qsuites', 'totaleclipse', 'bark', 'austintx', 'darwinspetfood', 'wacotexas']"
euintheus,[]
giuseppeconte_it,"['m5s', 'armi', 'movimento5stelle', 'meloni', 'guerra', 'sanità', 'salute', 'basilicata', 'ospedale']"
davidsaranga,[]
beingtheblooms,"['amstaff', 'homeimpovement', 'thriftstorefind', 'dresser', 'kitchengadgets', 'bedroomdesign', 'contactpaper', 'furnitureflip', 'lighting', 'peelandstickwallpaper', 'craftpaint', 'designdilemma', 'peelandstick', 'painting', 'homeideas', 'spookyvibes', 'momhacks', 'budgetfriendly', 'renterfriendly', 'kitchenideas', 'homedecor', 'loveswater', 'homeimprovement', 'ghost', 'amazonfinds', 'amazonhome', 'peelandsticktile', 'bedroommakeover', 'pitbull', 'ghostcaughtoncamera', 'momhack', 'pitbullpuppy', 'diy']"
foreign_fresh_fierce,"['wimberleytx', 'texassolareclipse', 'texasstaycation', 'texasgetaways', 'cocktailrecipe', 'eclipsecocktail', 'totalsolareclipse', 'fashiontiktok', 'solareclipse', 'cocktail', 'texashillcountry', 'resort', 'texastravel', 'springfashion', 'eclipse2024', 'totalsolareclipse2024', 'ootd', 'wimberleytexas', 'glamping', 'traveltiktok', 'austintx', 'thebygonehotel', 'ltkcreatorday', 'summerfashion']"
franceintheus,"['giverny', 'washingtondc', 'frenchembassy', 'eiffeltower', 'worldbank', 'marseille', 'imf', 'france', 'normandie', 'pathoftotality', 'standwithukraine', 'justtrustmeyoullbefine', 'washingtonwizards', 'solareclipse', 'paralympics', 'olympics', 'claudemonet', 'eclipse2024', 'paris2024', 'endofbeginning', 'totaleclipseoftheheart', 'djo', 'moonpie', 'avatarthelastairbender', 'paris', 'twilighteclipse', 'bilalcoulibaly', 'equipedesfrançais', 'springmeetings']"
zivvynews,"['presidentialelections', '2024elections', 'wisconsin', 'elections', 'donaldtrump', 'nevada', 'potus', 'joebiden', 'georgia', 'arizona', 'pennsylvania', 'michigan']"
bychrisvazquez,[]
mkacmarcik,"['disabled', 'parents', 'visuallyimpaired', 'guidedog']"
vanader,['ecommerce']
.leoolsson,[]
tommasolongobardi,[]
samdespo,"['videography', 'aiwriter', 'aiwebsites', 'freetools', 'instagramads', 'ai', 'socialmediatools', 'tiktokban', 'websitesyouneed', 'metaads', 'videoediting', 'tiktokads', 'googleads', 'aitools', 'smallbusinesstips', 'marketingtips', 'simplifiedpartner', 'graphicdesign', 'aivideo', 'paidads', 'ecommerce', 'aihacks', 'aidesign', 'designinspiration', 'marketingtools', 'digitalmarketing', 'graphicdesigntools', 'aiautomation', 'freewebsites', 'graphicdesigner', 'automation', 'designtools', 'businesstips', 'socialmediamarketing']"
andrewmholness,"['caringforyou', 'communitydevelopment', 'avfja', 'craftedinjamaica', 'educationtransformation', 'caringforoureconomy', 'stthomastransformation', 'morantbaytowncentre', 'effectiveapril2024', 'artisanvillageja', 'brightfuture', 'progressinmotion', 'onthisday', 'morefor2024', 'artisanadventureja', 'buildingforyou']"
ludovicpereira,[]
peaceoneday,[]
aflcio,['itsbetterinaunion']
ipcc_ch,[]
ceipes_ets,[]
eduardobonillaec,[]
mecpy,[]
mario.cronenbold,"['donmario', 'cerveza', 'santacruzdelasierra🇳🇬', 'mariocronembold', 'bolivia🇧🇴', 'humor', 'viral', 'entrevista', 'cronembold', 'comedia', 'funciona', 'chiste', 'consejos', 'bowling', 'charlamotivacional', 'motivacion', 'corona', 'parodia', 'reduno', 'divertido', 'exparejas', 'amigodetuex', 'padrinodepromo', 'parejas', 'nofunciona', 'cervezacorona', 'parati']"
yazminhow,"['londonmarathon', 'marathon']"
mazthebernese,"['spring', 'berner', 'bernerlove', 'dogsoftiktok', 'dc', 'windy', 'treat', 'tulips', 'bernesemountaindog', 'berners', 'dog']"
frontlinewomensfund,[]
mictok,"['unesco', 'mic', 'documentari', 'viaggioinitalia']"
luisabinadercorona,['elcambiosigue']
isostandards,[]
nealerichmond,[]
cccmadrid,"['chinaculture', 'travelchina', '大运河', 'rioamarillo', 'tradición', 'dunhuang', 'culturachina', '敦煌', 'lianyungang', 'patrimoniocultural', '兰亭雅集', 'grancanaldechina', '福建', 'china', 'viajar', '黄河', 'nihaochina', 'tourism', 'civilizaciónchina', 'turismodechina', '甘肃', 'conocerchina', 'descubrirchina', 'fujian', 'gansu', 'río', 'caligrafia', 'historiachina', '你好中国', 'madrid', 'cultura', 'quanzhou', 'river', 'travel', 'montaña', 'yellowriver', 'arte', 'historia', 'culture', '书法', 'viajeachina', 'turismo', 'gastronomia']"
yair_lapid,"['פליטיםבישראל', 'מדינתישראל', '1לספטמבר', 'ממשלתישראל', 'bringthemhome', 'washington', 'foryou', 'פורי', 'פוריו', 'צפוןישראל', '7באוקטובר']"
minculturas,"['28aporelcauca', 'armerotolima', 'pazrock?', 'leridatolima', 'abrazamosalcauca', 'lachanchamuda', 'librosrecomendados', 'gillman', 'thecasualities', 'pactocultural', 'comprarlibros', 'culturacolombiana', 'unidaddevictimas📝👀', 'maganguebolivar', 'víctimas', 'hondatolima', 'lamuchacha', 'presidencia', 'plazadebolívar', 'filbo2024?', 'kchiporros', 'amazonas', 'presidenciadelarepublica', 'memoriahistórica', 'encanto', 'montelíbano', 'culturarock', 'panteónrococó', 'ayapel_cordoba_colombia', 'wonderfox', 'puertoresistencia', 'sanmarcos', 'plazadebolivar', 'centrodememoriapazyreconciliacion', 'vicepresidencia', 'c', 'paulgillman', 'lavorágine', 'juandavidcorrea', 'magangué', 'rockargentino', 'sanbenitoabad', 'sonidosparalaconstruccióndepaz', 'bullenrap', 'laculturaenunminuto', 'culturacolombia', 'rock?', 'selva', 'franciamárquez', 'centenariovorágine', 'elpropiojunte', 'colombia', 'veritoasprilla', 'bibliotecanacional', 'pactosculturales', 'músico', 'territoriobioculturales', 'sombrerovueltiao', 'culturadepaz', 'filbo2024', 'disney', 'thecasualties', 'montelibanocordoba', 'lturadepaz', 'pluconpla', 'culturaenunminuto', 'sanpelayo', '28abrilenpaz', 'veritoaprilla', 'sanjosédeuré', 'filbo', 'pactoculturalporlavidayporlapaz', 'rock', 'gustavopetro', 'librosbaratos', 'tuchín', 'sanpelayocordoba', 'armerotolima🌄', 'mural', 'córdoba', 'lavoragine', 'vicepresidenciacolombia', 'lamuchachayelpropiojunte', 'ayapel', 'lapestilencia', 'pueblozenú', 'franciamarquez', 'vicepresidenciadelarepublica', 'tuchíncordoba', 'bogotá', 'laspoker', 'pazrock', 'sanmarcoscordoba', 'cali', 'animal']"
careusa,"['haiti', 'sudan', 'hunger', 'climatejustice', 'earthday', 'ceasefirenow', 'climatechange', 'gaza']"
cccminsk,[]
ccclaos,[]
tiktokforgood_korea,[]
oxfameu,[]
cccwlg,[]
ccc_sofia,[]
un_ocha,[]
islamicreliefnederland,[]
chinacultureinsrilanka,[]
centrecultureldechine,[]
ministryofinternalaffair,[]
islamicreliefes,"['iftar', 'tiktok', 'ramadanmubarak🌙', 'volunteer', 'staytuned', 'islam', 'ramadan']"
islamicreliefit,[]
tcowanbrown,[]
