Username,Hashtags
ecosia,"['earthday2024', 'treeplanting', 'planttrees', 'treetok', 'fyp', 'onset', 'contentcreator', 'senegal', 'ecosia', 'foryou', 'earthday', 'livingmybestlife', 'socialmediamanager', 'techtok', 'stitch', 'regreening', 'beforeafter', 'trees', 'reforestation', 'earthdayeveryday']"
greenpeacefrance,[]
fridaysforfuture.saar,[]
sunrisemvmt.lcfl,[]
sunrisemvmtla,[]
extinctionrebellionuk,[]
bostonclimatestrike,[]
xr_southafrica,[]
thecvf,[]
fridaysforfuture.nbg,[]
fff_lemgo,[]
fridaysforfuture.fulda,[]
fridaysforfuture_hd,"['cemend', 'fürdich', 'actnow', 'globalclimatestrike', 'fridaysforfuture', 'tiktokdeutschland', 'endcement', 'heidelberg', 'klimagerechtigkeit', 'climatejustice', 'cement']"
world_safe,[]
climate_change1,[]
anton_ilai,[]
extinction_rebellion,[]
fff_glasgow,[]
fridaysforfuturecork,[]
extinction...rebellion,[]
fridaysforfuturelinz,"['linz', 'klimastreik', 'pasta', 'reclaimtiktok', 'fridaysforfuture', 'klimawandel', 'politics', 'klima']"
fridaysforfuture_bonn,[]
xryouthus,[]
parents4future,[]
vegan_friendly_uk,[]
fridaysforfutureffm,"['reclaimtiktok', 'antifa', 'frankfurt', 'fridaysforfuture', 'demo', 'fckafd', 'fff']"
fridaysforfuturestgo,[]
greenpeaceinternational,[]
amsillustrator,[]
extinctionrebellion_uk,[]
fridaysforfuturesal,[]
fff.nyc,[]
xrbrasil,[]
xrscience_nyc,[]
xrcitizensassembly,[]
go.green2021,[]
bosh.tv,"['viralvideo', 'cabbage', 'polenta', 'okonomiyakirecipe', 'recipesoftiktok', 'gyozarecipe', 'easyramen', 'lemontart', 'pistacchiolovers', 'springrecipes', 'veganricebowl', 'greekrecipes', 'comfortfood', 'dumplings', 'asda', 'dal', 'eidrecipes', 'oddlygood', 'pasta', 'pastarecipes', 'smashedpotato', 'umami', 'veganrice', 'frittata', 'pastatok', 'ramen', 'dhal', 'orzotok', 'veganmexican', 'Quickrecipe', 'beanstiktok', 'broccoli🥦', 'veganorzo', 'veganbaklava', 'orzopasta', 'vegansalad', 'vegandinner', 'auberginerecipe', 'vegantart', 'drunkennoodels', 'misomushroompasta', 'lunch', 'jacketpotato', 'aubergine', 'lentilrecipes', 'veganjapanesefood', 'misomushrooms', 'veganbrunch', 'gyozas', 'lemonfrittata', 'broccoli', 'plantbasedpasta', 'saladtok', 'okonomiyakiroll', 'vegancurryrecipe', 'viralsmashedpotatoes', 'butterbeerecipe', 'eid', 'pastarecipe', '15minutemeal', 'sweetpotato', 'veganpie', 'baklava', 'romescosauce', 'baklavarecipe', 'veganpierecipe', 'veganfood', 'marryme', 'easyveganrecipes', 'romesco', 'easydinnerideas', 'beans', 'polentarecipe', 'brunch', 'butterbeans', 'chickpeas', 'summersalad', 'veganorzorecipes', 'cabbagerolls', 'veganmexicanfood', 'veganramennoodles', 'japanesefood', 'rhubarbrecipes', 'miso', 'noods', 'easyricerecipe', 'eidmubarak', 'vegancurry', 'dhalrecipe', 'easypie', 'veganrecipe', 'drunkennoodlesrecipe', 'orzorecipe', 'greekcuisine', 'lentilrecipe', 'kimchi', 'bakedrice', 'veganokonomiyaki', 'rhubarbseason', 'drunkennoodle', 'easyrecipe', 'midweek', 'ramenrecipe', 'marrymechicken', 'rhubarb', 'plantbasedlunch', 'sweetpotatoes', 'heuvosrancheros', 'mexicanfood', 'veganspring', 'veganbreakfastrecipe', 'chickpeacurry', 'pastatiktok', 'salad', 'easyrice', 'gochujang', 'springpie', 'smashedpotatoes', 'beansontoast', 'veganbreakfast', 'dalrecipe', 'umamirecipe', 'cabbagerecipe', 'sweetpotatorecipes', 'plantbasedrecipes', 'brunchrecipe', 'veganramen', 'easydinner', 'carrots', 'orzo', 'vegannoodles', 'veganspringrolls', 'leek', 'pistachio', 'plantbased', 'chickpea', 'veganbreakfastideas', 'springbeans', 'veganrecipes', 'fennel', 'dumplingsrecipe', 'marrymepasta', 'okonomiyaki🇯🇵', 'veganpastry', 'gratin', 'spanakopita', 'okonomiyaki', 'beantiktok', 'japaneserecipes', 'sweetpotatorecipe', 'rice', 'lasagna', 'beanrecipe', 'spring', 'drunkennoodles', 'ad', 'cabbagedish', 'coriander', 'vegan', 'fennelrecipe', 'gyoza']"
rewritingearth,"['climatememes', 'environment', 'climate', 'artauction', 'hedgehogs', 'climatememe', 'biggive', 'ithinkyoushouldleave', 'comicauction', 'pollution', 'comicbook', 'comicart', 'rewritingearth', 'animals', 'comics', 'comicsofig']"
fridaysforfuture.india,[]
fridaysforfuturesaronno,[]
fridaysforfuture.delhi,[]
joetaylor27,[]
climatestrikemn,[]
xrbrum,[]
theweatherboys,[]
xrsrilanka,[]
mediatellthetruth,[]
xrtoluca,[]
xr_den_bosch,[]
friday4futuretralee,[]
xr_milano,[]
