Username,Hashtags
wimbledon,"['casperruud', 'agassi', 'mariasharapova', 'rafaelnadal', 'berrettini', 'venuswilliams', 'wimbledon', 'mansourbahrami', 'kyrgios']"
angelique_kidjo,[]
paris2024officiel,"['core', 'paris2024', 'kungfu', 'sportstiktok', 'olympics', 'roadtoparis2024', 'hopecore', 'leonmarchand', 'roadtoparis', 'mascot', 'kungfupanda']"
climate_colin,[]
khalidalameri,[]
mfnberlin,[]
margreen_s,"['wildlife', 'animalsoftiktok', 'conservation', 'lamu', 'permaculture', 'earthday', 'legalize', 'plasticpollution', 'plantmedicines', 'kenyatravel', 'travelinfluencer', 'islandlife', 'animalrescue', 'ecotok', 'shelalamu', 'sustainability', 'rhinoconservation', 'regeneration', 'kenya', 'rastafari', 'rhino', 'contentcreator', '420', 'earthlove', 'babymonkey', 'rasta', 'influencer']"
marianaccanairam,[]
leilaincredible,"['milk', 'babytok', 'breastfeeding', 'breastfeedingmomsbelike', 'babytiktok', 'sciencetoddler', 'baby', 'parentsoftiktok', 'babies', 'babyscience', 'nicu', 'science', 'coffee', 'season2', 'algorithm', 'firsttimedad', 'pumpingmom', 'advice', 'parents', 'firststeps', 'breastmilk', 'firsttimemom', 'walking', 'babiesoftiktok', 'parenting', 'learnontiktok', 'guidance', 'ebf', 'pumpingmama', 'chocolate', 'kofi', 'seasontwo', 'guarana', 'cutebaby', 'cutenewborn', 'caffeine', 'sciencebaby', 'breastfed', 'fyp', 'tea']"
thetwolauras,[]
zethdafer,"['animals', 'wildlife', 'carbonbrief', 'brownbear', 'nationalgeographic', 'conservation', 'washington', 'earthday', 'climateaction', 'viral', 'highspeedtrain', 'nature', 'foryou', 'greenscreen', 'twitter', 'science', 'seattle', 'wildlifepresenter', 'coral', 'stem', 'renewableenergy', 'grizzlybear', 'nationalparks', 'inflationreductionact', 'climatecrisis', 'grizzly', 'tweet', 'carbon', 'greenenergy', 'biodiversity', 'learnontiktok', 'highspeedrail', 'bear', 'climatechange', 'goodnews', 'trend', 'drama', 'green', 'fyp']"
humanitarianbs,[]
usainbolt,[]
monazaki,[]
asophsfables,"['nyclife', 'photoshoot', 'carriebradshaw', 'amc', 'nyc', 'mrbig', 'amctheaters', 'satc', 'kermitandthecity', 'alist', 'filmmaking', 'amcalist']"
thegoodnewsms,"['parisolympics2024', 'foryou', 'team', 'worldcreativityday', 'freefree', 'paris', 'اليوم_العالمي_للإبداع', 'israel', 'wedding', 'thegoodproject', 'الامارات', 'learnontiktok', 'lapd', 'ivyleague', 'iran', 'thegoodnewms', 'مصر', 'internationallabourday', 'فلسطين🇵🇸', 'dubai', 'egyptianuniversities', 'nyu', 'افراح', 'creative', 'viral', 'kids', 'nypd', 'sports', 'us', 'انكور_جين', 'cute', 'americanuniversities', 'uni', 'امطار', 'إعلام', 'دبي', 'rafah', 'boycott', 'كفر_الشيخ', 'mcdonalds', 'سيول', 'thegoodnewsms', 'success', 'projects', 'seimpactrunners', 'travel', 'thisisegypt', 'tourism', 'عيد_العمال', 'contentcreation', 'gaza', 'مليردير', 'جامعات', 'cairo', 'ankurjain', 'ikr', 'palestine', 'runforanimpact', 'visitegypt', 'جامعات_مصر', 'egyptian_tik_tok', 'newyorkuniversity', 'parisolympics', 'فرح', 'whenimbackinchicago', 'yale', 'masscomm', 'رفح', 'egypt', 'encampment', 'fyo', 'hidengem', 'affirmations', 'thisisegypt🇪🇬', 'ramadan2024', 'ankurjainwedding', 'explore', 'فلسطين', 'universities', 'رمضان', 'dubaifloods', 'ramadan2030', 'غزة', 'creativity', 'capcut', 'successtogether', 'alshifaa', 'رمضان٢٠٢٤', 'uae', 'lifeison', 'fypシ゚viral', 'goodnews', 'bds', 'creativeblocks', 'colombiauniversity', 'fypシ', 'protests', 'nujoud', 'ايران', 'fyp', 'auc']"
therapyjeff,"['breakup', 'anxiousattachment', 'tinder', 'dating', 'crush', 'cheating', 'selflove', 'jealous', 'datingadvice', 'couplesquestions', 'datingapps', 'parents', 'parenting', 'camping', 'mentalhealth', 'selfcare', 'relationshiptips', 'carljung', 'family', 'podcast', 'insecure', 'breakupadvice', 'scapegoat', 'therapy', 'booktok']"
mckensea,"['womeninstem', 'fishtok', 'marinebiology']"
andreacheong_,"['linen', 'fastfashion', 'mensfashion', 'fashioneducation', 'howtoshopsustainably', 'cos', 'prelovedfashion', 'cashmere', 'secondhandluxury', 'buylessbuybetter', 'cosatelier', 'mindfulmondaymethod', 'anthropologie', 'makeover', 'upcycledfashion', 'mensstyle', 'menswearfashion', 'massimodutti', 'aligne', 'wardrobeessential', 'holidayfashion', 'sustainablefashion', 'linenshirt', 'shoereview', 'wardrobestaples', 'reiss', 'qualityfashion', 'capsulewardrobe']"
knawtkai,"['roommakeover', 'grwm', 'thriftflip', 'ad', 'cowboycarter', 'mensfashionwear', 'diy', 'countrystyle', 'fashionstyle']"
its_nhm,"['animals', 'london', 'elephants', 'fossils', 'giantsquid', 'conservation', 'nature', 'science', 'whales', 'dinosaurs', 'naturalhistory', 'ocean', 'squid', 'deepsea', 'londonmuseum', 'deepseacreatures', 'springcleaning', 'mammals', 'naturalhistorymuseum', 'museum']"
metmuseum,"['firstmondayinmay', 'eclipse', 'onthisday', 'historicalfashion', 'cherryblossoms', 'museumtok', 'fashionhistory', 'conservation', 'reawakeningfashion', 'thingstodoinnyc', 'learnontiktok', 'alexandermcqueen', 'metgala', 'fashiontiktok', 'costumeinstitute']"
chemteacherphil,"['chemistry', 'chemteacherphil']"
all_about_climate,"['rain', 'garybarlow', 'sustainable', 'greenhouseeffect', 'fail', 'drought', 'factcheck', 'debunk', 'extremeweather', 'climateemergency', 'debate', 'climateaction', 'gretathunberg', 'benshapiro', 'science', 'nature', 'coffee', 'onthisday', 'savetheplanet', 'stupid', 'globalwarming', 'farming', 'geology', 'leeanderson', 'climate', 'dumb', 'nicedayout', 'climatecrisis', 'explained', 'dangerous', 'capcut', 'coal', 'paleoclimate', 'education', 'climatechange', 'sciencetok', 'carbondioxide', 'climatescience', 'environment', 'storm', 'flood', 'denier', 'climatedenial', 'debunked', 'fyp']"
greennewdealnetwork,"['genz', 'hiring', 'greenscreenvideo', 'greenscreen', 'greennewdeal', 'acc', 'jobsearchtips', 'climate', 'jobmarket']"
iamauroramusic,"['sometypeofskin', 'behindthesong', 'multiaverso', 'efeitops2', 'trackstar', 'newmusic']"
antoinettetaus,"['planeteer', 'coraecoikotcenter', 'corollacrosshybrid', 'ecolkotcenter', 'fornature', 'philkofa', 'coracleanups', 'circulareconomy', 'planetcora', 'planetpossible', 'earthday', 'beatpollution', 'planeteers', 'myoseanmission', 'citizenscience', 'coracircularcenter', 'beatwastepollution', 'crosspowerwithstyle', 'breakfreefromplastic', 'corollacross', 'wearecora', 'cleanseaspilipinas', 'usaid', 'toyota', 'forpeopleforplanet', 'cleanseas', 'coraecolkotcenter', 'osean', 'newcorollacross', 'koica', 'circularcenter', 'planetvsplastics', 'sustainablemobility', 'beatplasticpollution', 'actnow', 'coraplaneteers', 'cleancitiesblueocean', 'ecoikotcenter', 'ecoikotsustainablecities']"
enriqueanartelazo,"['healthtok', 'manila', 'lgbtq', 'jakarta', 'bangkok', 'philippines', 'hiv', 'indonesia', 'thailand']"
dw_the77percent,"['nigeriatiktok', 'reston', 'footballtok', 'restinpeace', 'elephants', 'portugal🇵🇹', 'germany', 'germany🇩🇪_tik_tok', 'capeverde', 'africancupofnations', 'officetiktok', 'southafrican', 'tiktokeastafrica🇺🇬🇷🇼🇧🇮🇰🇪🇹🇿', 'eidmubarak', 'prisonbreak', 'afrobeat', 'genocideawareness', 'worldrecord', 'childrights', 'botswana', 'eidtransition', 'wizkidfc🦅', 'africanculture', 'digitallearning', 'workersday', 'tiktoktanzania🇹🇿', 'babyfactory', 'tiktokfootball', 'davidofans', 'certifications', 'health', 'neverforget', 'officetok', 'healthcareworkers', 'afcon2023', 'zimbabweantiktok', 'history', 'chinesesupermarket', 'rwandatiktok🇷🇼', 'africantiktok', 'bobrisky222', 'nigeriamovie', 'empowerment', 'africacupofnations', 'afrofusion', 'eid', 'kenyantiktok🇰🇪', 'tribalism', 'stigma', 'botswana🇧🇼tiktok', 'arrest', 'nigerianculture', 'dabarbie', 'humanity', 'naijatiktok', 'tiktokkenya', 'cubanachiefpriest', 'botswanatiktok', 'officehumour', 'southafricatiktok🇿🇦', 'socialmedia', 'brandbuilding', 'tundeonakoya', 'nigeriantiktok🇳🇬', 'kenyaschools', 'namibiantiktok🇳🇦', 'abuja', 'secret', 'slavery', 'fireboydml', 'humanrights', 'trendingvideo', 'zambiantiktok🇿🇲', 'jollofrice', 'chess', 'onlineschool', 'nestlebaby', 'ai', 'foodie', 'fashiontiktok', 'fashion', 'cubanachiefpriest🔑', 'nigeriantiktok', 'ripjuniorpope', 'artificialintelligence', 'teenhealth', 'tiktoknigeria🇳🇬', 'healthyliving', 'streetfood', 'officehumor', 'zimbabwe', 'tiktoknigeria', 'afcon2024', 'tourist', 'tiktokfoodie', 'abujatiktok', 'africans', 'efcc', 'slaverydays', 'rwanda', 'worklife', 'trending', 'businesstiktok', 'skills', 'davido', 'fashionbusiness', 'bobrisky', 'prisontiktok', 'germanytiktok🇩🇪🇩🇪🇩🇪', 'recipes', 'juniorpope', 'burna', 'senegalaise_tik_tok', 'businessowners', 'teamscall', 'burnaboy', 'germanyberlin', 'jollof', '🇳🇦', 'rapnews', 'surrogacy', 'tourism', 'teams', 'debate', 'davidoofficial', 'africanfood', 'rema', 'chesstok', 'nigeriatiktok🇳🇬🇳🇬🇳🇬', 'wizkidayo', 'slaveryhistory', 'zambiantiktok', 'branding', 'certification', 'namibiantiktok', 'senegambian🇸🇳🇬🇲', 'slaveryfacts', 'dayinthelife', 'onlineschooling', 'germanytiktok', 'working', 'nestle', 'clickiteasy', 'religion', 'tiktoksouthafrica', 'southafrica', 'rwandagenocide', 'mayorkun_official', 'office', 'onlinelearning', 'personalbranding', 'powerupsa', 'bobriskychallenge', 'namibia🇳🇦', 'drugabuse', 'officelife', 'namibiatiktok', 'tiktokkenya🇰🇪', 'gambian_tiktok🇬🇲🇬🇲', 'nestlecrunch', 'nickiedarbarbie', 'kenyantiktok', 'portugal', 'wizkidfc', 'lawsuit', 'kenyafloods', 'mayorkun', 'africahistory', 'zambia', 'burnaboyofficial', 'namibian', 'brand', 'smallbusiness', 'blackaxe🇹🇹', 'portugaltiktok', 'brandingtips', 'botswanatiktok🇧🇼🇧🇼', 'afrobeats', 'howto', 'botswana🇧🇼', 'germany🇩🇪', 'zambiafootball', 'zambiantiktok🇿🇲🇿🇲', 'bouboudesign', 'nigerianlaw', 'socialmediamarketing', 'africacup', 'botswanaelephants', 'socialmediabranding', 'tourists', 'rip', 'namibia', 'onlinelearningplatform', 'afrobeatsmusic', 'nma', 'elephantsoftiktok', 'wizkid', 'streetdebate', 'kenya', 'abujatiktokers', 'fela', 'namibiantiktok🇳🇦🇳🇦🇳🇦🇳🇦', 'worldrecords', 'africa', 'kenyatiktok', 'selfcare', 'nigeria', 'africafootball', 'upgrade', 'socialmediatips', 'zambiantiktok🇿🇲🇿🇲🇿🇲❤️', 'chesstiktok', 'nigeriacelebrities', 'workerslife', 'nomoreblackouts', 'gambia', 'southafricatiktok', 'african', 'bringbackourgirls', 'nigerian', 'entertainment', 'workers', 'chibok', 'afcon']"
the_london_spy,"['spink', 'leicestersquare', 'britishempire', 'aviation', 'funnybooktok', 'indianrebellion', 'auction', 'batman', 'silkmap', 'spies', 'londonhistory', 'princessdiana', 'secretlondon', 'agathachristie', 'paddingtonbear', 'thelondonspy', 'romanempire', 'medalofhonor', 'uk', 'sekhmet', 'christopherwren', 'ranjitsingh', 'greatfireoflondon', 'ww2', 'opera', 'diamond', 'henrymoore', 'royalairforce', 'raf', 'cavaliers', 'publicart', 'specialoperations', 'altar', '1857', 'rheingold', 'apes', 'londontiktok', 'secretintelligenceservice', 'tudor', 'ancientegypt', 'galleryguide', 'londonpub', 'medal', 'ringcycle', 'kohinoor', 'onenewchange', 'escape', 'government', 'goldmedal', 'wagner', 'helicopter', 'royalhistory', 'trial', 'banquetinghouse', 'spying', 'olivercromwell', 'royalwedding', 'cityoflondon', 'bondstreet', 'royal', 'romanbritain', 'escapeandevasion', 'mi9', 'specialagent', 'aircraft', 'gavinturk', 'sothebys', 'monkeys', '17thcentury', 'crownjewel', 'kingcharles1st', 'londontourguide', 'blackdog', 'kingcharles', 'secondworldwar', 'bookfair', 'royaloperahouse', 'mystery', 'mi6', 'charliechaplin', 'mrbean', 'panorama', 'church', 'englishhistory', 'tudorhistory', 'henryviii', 'london', 'eastindiacompany', 'wallacecollection', 'soe', 'signature', 'elizabeth1', 'louboutin', 'laurelandhardy', 'hiddenlondon', 'monarchy', 'catherineofaragon', 'roundheads', 'stolen', 'taylorswift', 'theringcycle', 'davidharry', 'historicdocuments', 'whitehall', 'romanarchitecture', 'mysterypainting', 'londontheatre', 'londonguide', 'mistake', 'viewingplatform', 'egyptian', 'military', 'victoriacross', 'queenvictoria', 'stpaulscathedral', 'nogloves', 'royalsignature', 'sculpture', 'embarrassing', 'charles1', 'horizon22', 'romanlondon', 'margaretthatcher', 'kenlivingstone', 'englishcivilwar', 'buckinghampalace', 'espionage', 'londonskyline', 'tourguide', 'wellingtonbarracks', 'wrenchurch', 'airforce', 'tudors']"
climatevoiceorg,[]
earthhourofficial,[]
art21,"['mind', 'publicart', 'dream', 'fabricworkshop', 'nyc', 'figuredrawing', 'art', 'house', 'studio', 'atomicterrain', 'seeds', 'nycart', 'newyork', 'newyorkcloseup', 'freenyc', 'artistsontiktok', 'summer2024', 'artontiktok', 'johannamaierski', 'rosebsimpson', 'baskets', 'art21', 'bookfair', 'artinnyc', 'drawing', 'artbook', 'clay', 'installation', 'minidoc', 'artistatwork', 'artbooks', 'sketch', 'sculpture', 'arttok', 'inthestudio', 'spring2024', 'portrait', 'printedmatter', 'portraitpainting', 'drakecarr', 'dreamhouse', 'artistinterview', 'onview', 'exhibition']"
alisonhammond,"['ad', 'dazgel', 'laundrytok']"
ministryofscience,[]
jennamarbles,[]
eumetsat,[]
thosenorthernboys,[]
comrade_ashok,[]
oneyoungworld,[]
astrosamantha,[]
kashablanca,"['experiment', 'crowdwork', 'scienceexperiments', 'einstein', 'totalsolareclipse', 'science', 'sciencetok', 'shadowbands', 'scientist', 'totality', 'scienceismagic', 'mystery', 'solareclipse', 'eclipse']"
ourchangingclimate,[]
seashepherdglobal,"['seashepherd', 'bycatch', 'sharks', 'penguins', 'earthday', 'antarctica', 'sscs', 'ageofunion', 'marineconservation', 'krill', 'stopiuufishing', 'exposekrillproducts', 'worldpenguinday', 'italy', 'poachersbeware', 'seaeagle', 'stoptheplunder', 'fortheocean', 'illegalfishing']"
shamini.b,[]
yusramardini,[]
caseyneistat,[]
ajitniranjan5,[]
bbcnewsmundo,"['astronomia', 'díadelespañol', 'hablasespañol', 'méxico', 'museos', 'antorchaolímica', 'parís2024', 'lovientiktok', 'colombia', 'uruguay', 'amor', 'lagomead', 'chile', 'español', 'díadelatierra', 'castellano', 'cienciadivertida', 'díadelidioma', 'idioma', 'cambioclimático', 'noticiasentiktok', 'isfahán', 'relacionesiránisrael', 'ciencia', 'cafeína', 'luna', 'londres', 'ecuador', 'américalatina', 'narcotráfico', 'rocas', 'argentina', 'cerebro', 'israel', 'violencia', 'juegosolímpicos', 'café', 'aprendeentiktok', 'lasvegas', 'palabras', 'sehablaespañol', 'españa', 'díadelidiomaespañol', 'díadellibro', 'sol', 'buenasnoticias', 'inspiración', 'historia', 'spanish', 'llamaolímpica', 'cielo', 'calentamientogloblal', 'bandas', 'juegosolímpicos2024', 'ángelescustodios', 'irán', 'lenguaje', 'mediooriente', 'venezuela', 'ancianos', 'longervideos', 'salud', 'eclipse', 'bbcmundo', 'idiomas', 'solidaridad']"
bbcnewsrussian,[]
bbcnewsround,"['maxwhitlock', 'eurovisionsongcontest', 'cheerleading', 'eiffeltower', 'celebration', 'spiders', 'schoolfood', 'dogfriendlycinema', 'mars?', 'militarychildren', 'pokemonuk', 'canals', 'penguinmadness', 'nature', 'concrete', 'windy', 'wetweather', 'dogsofttiktok', 'coral', 'eidmubarak', 'lovedogs', 'iplayer', 'album', 'skateboarding', 'uk', 'olympicgames', 'thetorturedpoetsdepartment', 'dubaiweather', 'endagered', 'sustainability', 'italy', 'talentshow', 'pokemonchampionship', 'venice', 'mexico', 'usgoverment', 'running', 'ukparliament', 'saturdaynighttv', 'carbonemissions', 'disney', 'icelandtiktok', 'uk?', 'anoukgarnier', 'eclipsefootage', 'wales', 'crumblingconcrete', 'eid', 'ukgovernment', 'england', 'football', 'swifties', 'coralbleaching', 'didyouknow', 'wildlife', 'londonmarathon2024', 'spring', 'ukweather', 'cooktok', 'penguins', 'flooding', 'totaleclipse', 'bgt', 'wildlifecorridors', 'bytedance', 'dubai', 'solareclipse', 'dogsoftiktok', 'worldchampionships', 'seagull', 'portacabinlessons', 'portacabin', 'plasticpollution', 'penguincompetition', 'antarctica', 'rishisunak', 'climatepositive', 'londonmarathon', 'schoolpov', 'planetearthiii', 'volcanoeruption', 'dogtok', 'schoollife', 'humboldtpenguin', 'vaisakhi', 'lionesses', 'musicnews', 'footballtiktok', 'impression', 'topstory', 'pokemontiktok', 'dogs', 'schoolproblems', 'saturdaynight', 'school', 'cinema', 'cuteanimals', 'ras', 'rwanda', 'climatechange', 'schooldinner', 'spacetok', 'canada', 'carbondioxide', 'pokemon', 'safety', 'cutepenguin', 'pokemoneuic2024', 'weather', 'eurovision2024', 'iceland', 'billieeilishtour', 'europe', 'britainsgottalent', 'gcse', 'tiktokbanupdate', 'planets', 'eurovision', 'animals', 'seagullimpression', 'minishinpads?', 'stgeorge', 'tiktok', 'duetthis', 'ustiktok', 'volcano', 'sport', 'seagulls', 'runtok', 'arsenal', 'europeanchampionship', 'spacetiktok', 'cybersecurity', 'schooldinners', 'tiktokban', 'historical', 'ocean', 'space', 'earthday2024', 'wordrecord', 'everton', 'saintgeorge', 'newsforchildren', 'antanddec', 'thingstodowithdogs', 'raac', 'newsoftheday', 'pinholeprojector', 'davidattenborough', 'grindavik', 'eclipse', 'evertonfc', 'humboldt', 'scifi', 'doglover', 'koalas', 'army', 'womensfootball', 'florida', 'concretecrisis', 'grindavikvolcano', 'earthday', 'dataprivacy', 'homemade', 'taylorswift', 'patron', 'harvestfestival', 'pokemoninternationals', 'sikh', 'worldpenguinday', 'coralreef', 'newalbum', 'penguin', 'billieeilish', 'military', 'impressions', 'ramadan', 'smoking', 'uae', 'usa', 'cheer', 'asylumseekers', 'navy', 'historicalbuildings', 'plasticfree', 'redplanet', 'dogfriendly', 'tv', 'phenomenon', 'northernlights']"
bbcsport,"['mosalah', 'incredible', 'thisorthat', 'var', 'uwcl', 'micahrichards', 'stanway', 'franklampard', 'tooney', 'manchestercity', 'runclub', 'euro2016', 'bbcrugby', 'forest', 'runningtips', 'nffc', 'cole', 'kobbiemainoo', 'afcb', 'france', 'nedumonuoha', 'chelsea', 'mcfc', 'racheldaly', 'joewilkinson', 'ferguson', 'rugbyunion', 'arsenalfc', 'williamson', 'thekillers', 'sia', 'shaygiven', 'anime', 'realmadrid', 'facup', 'running', 'alanshearer', 'catchoftheday', 'sixnations', 'emmahayes', 'mufc', 'championship', 'mymatesafootballer', 'championsleague', 'bernardo', 'bbcsport', 'silva', 'daly', 'football', 'wsl', 'leverkusen', 'motdtop10', 'womensfootballweekly', 'kayak', 'guardiola', 'premierleague', 'scottcarson', 'liverpool', 'siralexferguson', 'lfc', 'sukuna', 'bbcfacup', 'cescfabregas', 'gerardpique', 'garylineker', 'manutd', 'wosoedit', 'londonmarathon', 'whufc', 'harryjudd', 'ashleycole', 'wow', 'redroses', 'solanke', 'footballfocus', 'mcirma', 'chelseawomen', 'cairney', 'europaleague', 'lionesses', 'footballtiktok', 'bundesliga', 'russo', 'epl', 'tattooartist', 'pepguardiola', 'patrickbamford', 'fa', 'musictok', 'benfica', 'ring', 'hiddengems', 'baseballtiktoks', 'giants', 'couchto5k', 'dominicsolanke', 'arsenalwomen', 'mlb', 'coventrycity', 'mikelarteta', 'georgiastanway', 'nottinghamforest', 'bernardosilva', 'madueke', 'tottenham', 'catch', 'tattoos', 'uel', 'jackson', 'rodri', 'toone', 'evenfo', 'colepalmer', 'volley', 'michailantonio', 'pep', 'runtok', 'beekeepersoftiktok', 'arsenal', 'proposal', 'rugby', 'bee', 'footballersfootballpodcast', 'ange', 'roykeane', 'motd', 'tattoo', 'rowing', 'womenssixnations', 'milliebright', 'marathon', 'ofcoursetrend', 'cfc', 'cup', 'fcbayern', 'astonvilla', 'ccfc', 'mciche', 'afc', 'benwhite', 'angepostecoglou', 'xabialonso', 'everton', 'spain', 'tooneyandlessirusso', 'jurgenklopp', 'westham', 'bees', 'bayerleverkusen', 'fcbarcelona', 'manchesterunited', 'leahwilliamson', 'sfgiants', 'run', 'hiddengem', 'cr7', 'bayernmunich', 'runner', 'baseballlife', 'antonio', 'bbcwsl', 'fabregas', 'ellenwhite', 'penalty', 'womensfootball', 'music', 'slbenfica', 'murillo', 'alessiarusso', 'motd2', 'woso', 'mancity', 'ucl', 'eriktenhag', 'planetpremierleague', 'davidmoyes', 'queen', 'micahrichard', 'pl', 'thfc', 'bbcfootball', 'rasmushojlund', 'coventry', 'pusb', 'vicario', 'podcast', 'soccer', 'barcelona', 'avfc', 'georgebest', 'ellatoone', 'baseball', 'marathontraining']"
ecpavilion,"['climatechange', 'jahadukureh', 'unep', 'sustainability', 'elliegoulding', 'samatapattinson', 'storytelling', 'climatechangecommunication', 'jointsdgfund', 'partnerships', 'entertainmentculturepavilion', 'climatecommunication', 'cop28', 'humanpsychology', 'behavioralchange']"
watschinger_lukas,[]
holysh0t,[]
nessa.may.8,[]
glacionaut,"['eruption', 'outdoor', 'nature', 'icecave', 'reykjanes', 'natural', 'glacier', 'reynisfjara', 'winterwonderland', 'earth', 'iceland', 'volcano']"
solisio,"['avgeek', 'ivanjica', 'oceanrescue', 'rafale', 'kušići', 'airforce', 'dassault', 'srbija']"
sarafalconer,[]
rob.yng,[]
charlierugby_,"['injuredathlete', 'aclrehab', 'gameday', 'womensrugby', 'asc', 'rugbytok', 'rugby', 'acl']"
dooja218,"['سانت_ريجيس', 'adv', 'سيفورا', 'مشروع_البحر_الاحمر', 'hair', 'eidlook', 'جزيرة_أمهات', 'تيم_خدوج', 'عم_شلتت', 'haircolor', 'وهمي_برجر', 'prodigy', 'narsissit', 'ramadan', 'sephora', 'glowsosweet', 'haircoloration', 'املج', 'haircare']"
juliangustavogomez,[]
senpaiblackfoot,"['tellurgirlfriend', 'tyla', 'dancetutorial', 'tellurgf', 'skillibeng', 'fypシ', 'jump', 'gunna', 'laybankz']"
soha_3m,[]
