Username,Hashtags
luvvie,"['professionaltroublemaker', 'nytbestseller', 'fyp', 'imjudgingyou', 'humorbook', 'explorepage', 'booktok', 'foryou', 'entrepreneurship']"
annaxsitar,['longchampsttropez']
abcnews,"['greece', 'france', 'crime', 'texas', 'wck', 'airplane', 'orphanedanimal', 'skimming', 'kingcharles', 'orcas', 'fire', 'delta', 'brittneygrineronabc', 'montereybay', 'centralparknyc', 'moulinrouge', 'pinkmoon', 'coyote', 'weather', 'tennessee', 'police', 'boeing', 'plane', 'babyanimals', 'roevwade', 'connecticut', 'london', 'panda', 'travel', 'goodmorningamerica', 'newyorkuniversity', 'tornado', 'kansas', 'snakes', 'caughtoncamera', 'news', 'newyorkcity', 'uk', 'venice', 'mufasa', 'lukebryan', 'oceansideca', 'gymanstics', 'new', 'harveyweinstein', 'campaign', 'athens', 'cpr', 'abcnews', 'immunity', 'cabaret', 'europe', 'storms', 'jfkairport', 'fine', 'thepowerofus', 'whalewatching', 'joebiden', 'animals', 'newyork', 'israelpalestine', 'rescue', 'lion', 'dustdevil', 'zoo', 'capitolhill', 'paris', 'earthday', 'donaldtrump', 'whales', 'oklahoma', 'belgium', 'tiktok', 'lighthouse', 'popefrancis', 'teachers', 'moscow', 'columbine', 'homicide', 'potus', 'ocean', 'horses', 'gorillas', 'california', 'southafrica', 'ohio', 'mother', 'royals', 'supremecourt', 'saharadesert', 'maryland', 'bear', 'ukraine', 'chrisley', 'trump', 'brittneygriner', 'kidnapping', 'earthmonth', 'transplant', 'aviation', 'israelhamaswar', 'russia', 'weinstein', 'chicago', 'breaking', 'flying', 'naturalbeauty', 'politics', 'biden', 'districtattorney', 'morphew', 'larrynassar', 'scotus', 'middleeast', 'michigan', 'april', 'reptiles', 'nashville', 'italy', 'israel', 'giselebundchen', 'thelionking']"
aquariumpacific,"['90s', 'film', 'otters', 'savingspecies', 'creatorsearchinsights', 'aquariumofthepacific', 'vintage', 'penguin', 'magellanicpenguin', 'babyanimals', 'lorikeet', 'seaottters', 'longbeach', 'conservation', 'babybird', 'usinanotheruniverse']"
travelchannel,"['bigfoot', 'expeditionbigfoot', 'blindfrogranch', 'alien', 'paranormalcaughtoncamera', 'skinwalker', 'bigfoot?', 'nasasunexplainedfiles']"
naturalhistorymuseum,"['butterflies', 'totalsolareclipse', 'minerals', 'entomology', 'crystals', 'indigenousart', 'womeninstem', 'northwestcoastart', 'stem', 'nyctiktok', 'isitcake', 'snuneymuxw', 'nyc', 'marinebiology', 'astronomy', 'gems', 'thingstodoinnyc', 'northwestcoast', 'earthmonth', 'museumtok', 'geology']"
taylorlorenz,"['podcasts', 'mkbhd', 'contentcreator', 'success', 'influencer', 'tech', 'review', 'podcast', 'humane', 'tiktok', 'creatoreconomy', 'siliconvalley', 'technology', 'artificialintelligence', 'innovation', 'ai', 'reviews', 'aipin', 'creator']"
girlswhocode,"['womenintech', 'musictech', 'girljams?', 'datascience', 'steminist', 'womeninstem', 'bravenotperfect', 'lifelessons', 'tbt', 'aieducation', 'adviceforgirls', 'ailiteracyday', 'dontgiveup', 'dayinthelife', 'nycvlog', 'womenempowerment', 'failure', 'aimusic', 'nyc', 'failforward', 'girlswhocode', 'vlog', 'reshmasaujani', 'girljams', 'stemeducation', 'makers', 'inspiring', 'livemusic', 'friendship', 'sisterhood', 'alumniapril', 'girlsinstem', 'datascientist', 'dayinmylife', 'marizzadelgado', 'repost', 'recordingstudio', 'behindthescenes']"
thelaymaninvestor,[]
foodnetwork,"['tournamentofchampions', 'bemyguest', 'foodnetworkfinds', 'wildcardkitchen', 'duet', 'unwrapped', 'chopped', '24in24', 'beatbobbyflay']"
discovery,"['parasite', 'nakedandafraid', 'mining', 'itsgonnabemay', 'throwback', 'earthday', 'happyearthday', 'sharkweek', 'discoverycollab', 'gold', 'survival', 'taylorswift', 'penguins', 'ttpd', 'monstersinsideme', 'cicada', 'americasbackyardgold', 'whosafraidoflittleoldme', 'vancouverisland']"
daniellismore,"['monday', 'hautecouture', 'greenpeace', 'daniellismore', 'earthday']"
brett,[]
ikeyajavon,"['physicaltherapy', 'pt', 'falloutfits', 'humanity', 'nycearthquake', 'nyctattooartist', 'life', 'dune2', 'eclipse', 'fallout', 'capcut', 'scifi', 'solareclipse', 'nyc', 'earthquake', 'thestrain']"
davidkorins,['design']
montereyaq,"['aquarium', 'montereybayaquarium', 'climateanxiety', 'science', 'octopus🐙', 'anemone', 'news', 'tropicalfish', 'raft', 'climatechange', 'sustainableseafood', 'sunset', 'africanpenguin', 'plastic', 'seaotter', 'stem', 'hideandseek', 'nemo', 'ocean', 'kelpforest', 'research', 'kelp', 'bird', 'selfcare', 'penguin', 'clownfish', 'birding']"
womanship,"['pyrex', 'torturedpoetsdepartment', 'windowsinging', 'overcomingchallenges', 'nycdogs', 'nycphotographer', 'vinestars', 'tiktokfamous', 'nycdating', 'sobriety', 'fosteringsaveslives', 'onthisday', 'thetorturedpoetsdepartment', 'muddypawspack', 'thenotebook', 'nomwah', 'juryduty', 'broadway', 'dimsum', 'transformation', 'ilookinpeopleswindows', 'pittiesoftiktok', 'claireandaj', 'fosterdogs', 'taylorswift', 'nostalgia', 'ilikemyself', 'femaleempowerment', 'newyorker', 'musicaltheatre', 'couplegoals', 'gratitude', 'bigvineenergy', 'fosterdogsoftiktok', 'fosterdog', 'ttpd', 'scienceismagic', 'keeptiktok', 'smallbusiness', 'itslikeareward', 'etsyshop', 'homecooking', 'pureimagination', 'bundleofjoy', 'tiktokban', 'iwannadancewithsomebody', 'mydays', 'etsyfinds', 'photography', 'muddypawsrescue']"
