Username,Hashtags
attn,"['nfldraft', 'recycle', 'kitchenhacks', 'fyi', 'locationsharing', 'dogs', 'mercuryretrograde', 'texas', 'cbs', 'calebwilliams', 'pets', '1830s', 'mercuryinretrograde', 'football', 'earthday', 'girlstrip', 'thetorturedpoetsdepartment', 'movie', 'civilwarmovie', 'findmy', 'rent', 'dogsoftiktok', 'population', 'dogtok', 'catsoftiktok', 'taylorswift', 'bridalparty', 'swifttok', 'a24', 'vpr', 'lesbiantiktok', 'ad', 'weddings', 'relationships', 'california', 'bachelorette', 'cats', 'birthcontrol', 'etiquette', 'apartmenthunting', 'hateithere', 'autismawareness', 'elsbeth', 'apartmentliving', 'gender', 'astrology', 'water', 'earthmonth', 'sustainability', 'destinationwedding', 'snapmap', 'sponsored', 'mercuryretrogradetips', 'autism', 'reuse', 'rental']"
animalplanet,"['wildlife', 'seals', 'baby', 'mycatfromhell', 'adorable', 'nature', 'dogtok', 'animals', 'taylorswift', 'ttpd', 'tortoise', 'rivermonsters', 'puppies', 'florida', 'piranha', 'toocute', 'discoverycollab', 'puppy', 'cattok', 'hippo', 'earthmonth', 'kangaroo', 'lajollacove', 'hedgehog', 'dachshund', 'spoileddog']"
callmeshadss,[]
entertainment.new77,"['hotnews', 'yelling', 'breaking', 'reveals', 'shambles', 'just', 'fights', 'weekend', 'icecube', 'metroboomin', 'diddya', 'travis', 'kendricklamar', 'newsabout', 'footageof', 'claims', 'raid', 'madefreestyle', 'ellendegeneres', 'sentencing', 'meekmill', 'new', 'chrisbrown', 'groomed', 'leakby', 'again', 'beyonce', 'drake', 'likethat', 'missed', 'newtrialevidence', 'thebahamas', 'murder', 'affair', 'tapes', 'justexposed', 'newinformation', 'leaks', 'newheights', 'panics', 'rappersreact', 'kattwilliams', 'ends', 'oday', 'forever', 'court', 'relationship', 'coachella', 'diddys', 'reacts', 'kendricklamardiss', '_shewas', '50cents', 'ynw', 'together', 'rappers', 'date', 'viral', 'poohshiesty', 'tupacs', 'feds', 'ciaragoes', 'lawsuitincoming', 's3x', 'podcast', 'trying', 'crying', 'released', 'yungmiami', 'shares', 'fbi', 'after', 'sleeping', 'jcolediss', 'rico', 'why', 'find', 'blackbews', 'his', 'shakur', 'willsmith', 'hertoo', 'startscrying', 'p1mp', 'exposes', 'leakedaudio', 'chrisean', 'herout', 'announcement', '10thingsyou', 'tupac', 'freak0ff', 'ricocrimes', 'afternew', 'rihanna', 'startsbeef', 'buyingahouse', 'reason', 'crimes', 'breaksdown', 'jlo', 'ynwmelly', 'arrest', 'jayz', 'quavo', 'from', 'snoopdogg', 'speak', 'fyp', 'diddy', 'snitches', 'countyjail', 'officialaudio', 'hearing', 'drakereacts', 'traviskelce', 'releasedate', 'michaeljaiwhite', 'release', 'taylor', 'hereswhy', 'exposed', 'm', 'taylorswift', 'youngthug', '5minutesago', 'arrested', 'freakoff', 'abused', 'confirmshim', 'freaksout', 'names', 'future', 'huge', 'redleather', 'parties', 'goodbye', 'aubrey', 'insults', 'carters', 'offafter', 'starts', 'saweetie']"
zarooza,"['adobefirefly', 'ad', 'adobepartner']"
mhmdaljaberii,"['التطوع_اسلوب_حياة', 'الحرب']"
lindayaghiharb,"['abdulmajeedabdullah', 'ليندا_حرب', 'abdulmajeed', 'linda_harb', 'fybシviral_']"
iamaseyat,"['eidmubarak', 'gym', 'uae🇦🇪', 'dubai', 'flood', 'henna', 'ramadan', 'iamaseyat', 'rain', 'girls']"
tinyfoodaholic,"['graduate', 'graduationspeech', 'storytime', 'graduation', 'fyp', 'lifelessons', 'anxiety', 'life', 'grad', 'picnic', 'grad2022', 'advice', 'grad2024', 'friendlyreminder']"
malakaazab,[]
khaleejette,"['fireramen', 'kyliejenner', 'diddy', 'marketing101', 'العيد', 'celebrityblinds', 'kimkardashian', 'bradpitt', 'marketing', 'eidvibes', 'traveltok', 'consumerism', 'smartshopping', 'hollywood', 'hollyweird', 'conciousconsumer', 'celebrities', 'ryanseacrest', 'menbaka', 'dango', 'grwm', 'traveltiktok', 'djkhaled', 'ellendegeneres', 'learnontiktok', 'زوجة_واحدة_لا_تكفي', 'jaredleto', 'menbakaichidai', 'visitjapan', 'modestfashion', 'ciara', 'therock', 'coreygamble', 'pdiddyexposed', 'pdiddy', 'stitch', 'hoteltour', 'thethousandkyoto', 'japan', 'influencermarketing', 'jlo', 'hotels', 'ramen', 'kylemarisaroth', 'matcha', 'aliciakeys', 'diddydoit', 'krisjenner', 'blinditems', 'عيد_الفطر', 'queenpins', 'supportlocal', 'kardashians', 'kyoto', 'celebrity', 'eid', 'eidglam🌟', 'shopping', 'dwaynejohnson']"
talialahoud,"['yakhayen', 'newmusic']"
shafaq.mohammed,"['socialmediamanager', 'onlinemarketing', 'birthday', 'care', 'wish', 'contentmarketing', 'business', 'digitalmarketing', 'marketingtips', 'entrepreneur', 'marketing', 'socialmedia', 'media', 'instagood', 'socialmediamarketing', 'marketingstrategy', 'birthdaywish', 'feelings', 'branding', 'digital', 'seo', 'marketingdigital', 'social', 'instagram', 'advertising', 'love', 'design']"
esmkne,"['microtrottoir', 'nouakchott', 'mauritanie', 'esmkne', 'esma', 'culturegenerale', 'bmci', 'masrvi', 'mauritania', 'melehfa', 'muslim', 'senegal', 'cars', 'canarias', 'rim', 'esmakane', 'carrank', 'mali']"
mahamekdad,"['fyp', 'arab', 'middleeastern']"
thedanakay,"['فطور_الصباح', 'وجبات_صحية', 'فطور_عالي_البروتين', 'koreancake', 'كافيهات_دبي', 'ramadan2024', 'بانكيك_صحي', 'lunchboxcake', 'فطور_بروتيني', 'نودلز', 'نودلز_كوري_حار', 'pancakerolls', 'cubecake', 'matchastrawberry', 'وصفات_لذيذة', 'وصفات_بروتين', 'wheretoeatdubai', 'كيك_كوري', 'highproteinrecipes', 'نودلز_مريم_جمال', 'وصفات_صحية', 'highproteinbreakfast', 'tiktokcookbook', 'healthypancakes', 'dubaicafe', 'strawberrymatcha', 'koreancafe', 'ماتشا_فراوله', 'highproteinmeals', 'buldakramen', 'وصفات_سهله', 'وصفات_صحيه', 'ماتشا_لاتيه', 'koreanramen', 'gatodubai']"
sariahbakes,"['حلو_بارد_و_سريع', 'حلى_سهل', 'حلى_لذيذ', 'حلو', 'حلى_سريع', 'حلويات_سهلة_وسريعة', 'حلويات_سريعه', 'حلويات_رمضان']"
liamkalevi,[]
hamzainvests,"['buyingland', 'houstontx', 'realestatebeginner', 'wealth', 'viralvideo', 'realestate', 'shariacompliant', 'mercedes', 'usa', 'mansion', 'dubai', 'constuction', 'dreamhouse', 'gwagon', 'houston', 'vintage', 'gift', 'situation', 'realestateinvesting']"
colinandsamir,[]
aya.allsports,"['capcut', 'skiing', 'islam', 'paradise', 'quadbiking', 'footballtricks', 'azerbaijan', 'sportsontiktok', 'shahdag', 'ركوب_الخيل', 'الرضا_سر_السعادة', 'football', 'cycling', 'travel', 'guba', 'nature', 'padel', 'gabalashootingclub', 'horseriding', 'clayshooting', 'mountains', 'padeltennis', 'mountainhorse', 'horse', 'ayaallsports', 'horserding', 'desert', 'soul', 'funny', 'hijab', 'whattodoinazerbaijan', 'momsoftiktok', 'adventures', 'dubaitravel', 'horsesoftiktok', 'snowman', 'مقولات', 'gabala', 'gudauri', 'shooting', 'sportontiktok']"
oyuka_buya,"['universalstudios', 'universalstudiosbeijing', 'familytrip']"
milky.ice.cream,"['milkyice', 'fyp', 'icecream', 'dessertlove', 'dubai', 'chillanddance', 'dancechallenge', 'yummytreats']"
therealoverloadcomedy,"['dejavu', 'duet', 'operationolivebranch', 'digitalmarketing', 'therealoverloadcomedy', 'lifeisbeautiful', 'men', 'passiveincome', 'workfromhome', 'funny', 'comedy', 'makemoneyonline', 'stitch', 'menbelike', 'onlinebusiness', 'passiveincomelifestyles', 'overloadcomedy', 'hilarious', 'woman', 'humour']"
jalalsamfit,"['noodle', 'beef', 'nandos', 'lowcarb', 'noodles', 'periperichicken', 'lowcarbrecipes', 'QuickRecipes', 'easyrecipes', 'healthymeals', 'weightloss', 'chickensalad', 'spicynoodles', 'chinesefood', 'spicybeef', 'chickenrecipes', 'chickenrice', 'healthyrecipes', 'feta', 'highprotein', 'periperi', 'eathealthy', 'fitness', 'grilledchicken', 'broccoli', 'noodlesrecipe', 'mealprep', 'lowcalorie', 'easyrecipe', 'takeout', 'fatloss', 'chicken', 'foodie', 'beefnoodles']"
simplyni__,[]
cequenousommes,"['sourire', 'mariage', 'challenge', 'cute', 'vlog', 'couple', 'football', 'relationship', 'grosmots', 'vacances', 'fashion', 'badwords', 'complicite', 'smile', 'look', 'amour', 'memories', 'papa', 'joie', 'kids', 'famille', 'souvenirs', 'realife', 'cequenousommes', 'moments', 'passion']"
arfaz_hitfm,[]
justfordrools,"['dubaifood', 'tomyum', 'thaifoodlover', 'hummus', 'dubaifoodies', 'falafel', 'thaifood', 'steamedfish', 'dubaifoodbloggers', 'shawarma', 'krabifood', 'friedbanana', 'dubaifoodie', 'krabi', 'yellowcurry', 'friedrice', 'dubaifoodguide', 'mangostickyrice', 'krabithailand']"
sheengurrib,"['friendship', 'growingup', 'job', 'dubaiinfluencer', 'compliment', 'desi', 'entrepreneur', 'selflove', 'challenges', 'relationship', 'adulting', 'lifeadvice', 'choice', 'womenpodcasters', 'marriage', 'careers', 'career', 'quitting', 'freewebinar', 'brownparents', 'quietquitting', 'change', 'podcast', 'mindset', 'selfreflection', 'growth', 'influencer']"
therealnourr,[]
robinrafan,"['jumma', 'iphoneshortcut', 'resort', 'allvideodownloader', 'mobilechargingalarm', 'vlog2024', 'northernphuket', 'tgh', 'cv', 'giveaway', 'telegram', 'mobilecarge', 'ওয়াচ', 'tiktokvlog', 'katanoi', 'mobiletemperature', 'funny', 'uae', 'daddysong', 'pahelabaishakh', 'hireflow', 'hotweather', 'travvlogbyrobinrafan', 'balam', 'thecottagehouse', 'techvideobyrobinrafan', 'duet', 'rajkumar', 'banglanewyear', 'জিবনটা_এত_সহজ_না', 'travel', 'resortneardhaka', 'hokbidnam', 'eshwar', 'whatsapp', 'iphonevideodownload', 'jummamubarak', 'eidshooping', 'howtorecordcall', 'mylifeisinthistown', 'dubai', 'smartwatch', 'kidsgame', 'thobe', 'viral', 'imstagram', 'game', 'mibileantitheft', 'driving', 'travelvlog', 'dims', 'panjabi', 'bangladeshbank', 'funnyvideos', 'capcut', 'tumichayahoye', 'techvlogbyrobinrafan', 'leo', 'resume', 'izaan', 'eidmunarak', 'vlog', 'noboborsho', 'swim', 'speakingenglish', 'maheramadan', 'howtogivesignonmobile', 'eidday', 'dhaka', 'eidmubarak', 'salami', 'ঘড়ি', 'wipeitwithmrbrasso', 'shakibkhan', 'thailand', 'medicine', 'eidsalami', 'travelvlogbyrobinrafan', 'khushireid', 'illeyen', 'onthisday', 'eid', 'impianaprivatevillas', 'eidi', 'metarayban', 'facebook', 'vlogging', 'phuket', 'google', 'dive', 'newnote', 'monthofgood', 'robinrafanplayz', 'ঈদ', 'dadson', 'ramadan2024', 'longervideos', 'securityalarm', 'স', 'robinrafan', 'stitchkindness', 'eyes', 'sobaighuretakarpichu', 'সি', 'hokbodnam', 'whatsappcallrecord', 'hridoykhan', 'sunglass', 'tech', 'birds', 'howtoreaddeletedmessage', 'shuvonoboborsho', 'kids', 'iphone', 'eid2024', 'hot', 'money', 'watch']"
cestnada,"['payattention', 'stitch', 'lhr', 'darkhumor', 'darkjokes', 'humor', 'laser', 'humour']"
winterdolphin,[]
adamgadawski,[]
naserazzeh,[]
itschawy,[]
niggiphulwani,"['quotes', 'kidsoftiktok', 'hiking', 'rak', 'desitransition', 'whatieayinaday', 'punjabi', 'weightloss', 'dancecover', 'mindfulness', 'dubairain', 'diet', 'trending', 'adventure', 'dubai', 'life', 'weightlossjouney', 'relationships', 'fitness', 'wfh', 'uae', 'transition', 'bollywood', 'transformation', 'didikrishna', 'jindkadhke', 'mindset', 'scary', 'beforeafter', 'gymtok', 'wadishowka', 'spirituality', 'teachthemyoung', 'pushyourself', 'dilbara', 'dialogue', 'deepthoughts', 'jump']"
mariathattil,"['lashes', 'whiteshirt', 'chammakchallo', 'ocrf', 'brown', 'saree', 'desi', 'family', 'parents', 'makeup', 'fashion', 'wlw', 'ad', 'beauty', 'transition', 'whiteshirtcampaign', 'transformation', 'dezi', 'research', 'aglimpseofus', 'whatiwore', 'skin', 'laybankz', 'study']"
narihanazab2,[]
khalifakalmeri,[]
yas.jd,"['bilingualkids', 'fyp', 'homeinterior', 'bilingual', 'morningroutine', 'motivation', 'latenightsnack', 'health', 'purpose', 'bilingualparenting', 'corporatelife', 'vitamind', 'mil', 'leavingtheuk', 'aesthetics', 'touchedout', 'magnesium', 'turkishcoffee', 'firsttimemom', 'firsttimemum', 'mumsoftiktok', 'quitmyjob', 'corporategirlies', 'supplements', 'momsoftiktok', 'motherinlaw', 'easyrecipe', 'lifelessons', 'sisterinlaw', 'vitamins', 'iquitmyjob', 'advice', 'leavinglondon', 'homecookingshow', 'motherhood', 'ashwagandha']"
lailamourad,"['ميكب_خفيف', 'فلوق', 'تجهزوا_معي', 'skincareroutine', 'تمارين', 'روتين', 'روتيني_قبل_النوم', 'maybelline', 'skincare', 'ميكب', 'العناية_بالبشرة', 'تجهزوا_معاي', 'صبحية_مع_ليلى', 'lashesflyskyhigh', 'يوم_في_حياتي', 'gurwm', 'grwm', 'روتيني_اليومي']"
feline_mami_de_tornado,"['dog', 'tornado', 'chihuahua', 'viral', 'escuadron_tigre🐾🐾', 'humor', 'bebe', 'perro']"
alwannour,"['istanbul', 'fyp']"
rafsanthechotobhai,"['atifaslam', 'maheramadan', 'rafsanthechotobhai']"
mawarashid,"['ceravemy', 'developedwithderms']"
merysingss,"['karaoke', 'fyp', 'xybca', 'xyzbca', 'duetwithme', 'cover', 'onthisday', 'singing', 'duet', 'vocals', 'foryou', 'xyzabc', 'acapella', 'disney']"
s.umya,"['dunemovie', 'fallout', 'wbpartner', 'warnerbrosme', 'duneparttwo', 'podtok', 'whattowatch', 'سمية_سالم']"
themariamgeorge,"['gym', 'temu', 'makeup', 'funny', 'relatable', 'transition', 'trend']"
amirariaaofficial,[]
zaincomedy,[]
aaqshahh,[]
bengshyudxb,[]
inkamagnaye,"['centurytunasuperbodsaudition', 'centurytunasuperbods', 'centurytunasuperbodsbestyouever', 'woodsvillecrest', 'ad', '711romanticbaboy', 'voiceover', 'voice', '711chefcreations', 'lysol', 'stitch', 'vo']"
bassantm.dinar,"['nohanabilambassador', 'صباح_النور_بيسو']"
celinelilas,"['butter', 'eyebrows', 'dayinmylife', 'ramadan2024', 'vlog', 'arabfamily', 'matcharun', 'adidasgazelle', 'couple', 'hair', 'orangepeeltheory', 'relationship', 'datenight', 'ohno', 'travel', 'salon', 'tastetest', 'cookies', 'grwm', 'trend', 'maintenanceday', 'eidmubarak', 'dayinthelife', 'italianbeirut', 'lashlift', 'dubai', 'arab', 'ilovelebanon❤️', '3arab', 'bestcookies', 'beirut', 'imdevastated', 'baba', 'lebanon', 'funnytok', 'lebanese', 'wheretoeatbeirut', 'restaurant', 'eid2024', 'marioemario', 'arabdad', 'travelvlog', 'arabparents', 'datenightlook']"
simplyjaserah,"['muslimgirl', '늙음필터', 'muslim', 'hijabistruggles', 'agedfilter', 'hijabi']"
ms.gren,"['avenuebydaytoday', 'allwhitetawas', 'mazayacenter', 'levelup', 'dubai🇦🇪', 'fashiondesigner', 'fashionaddict', 'follow', 'style', 'outfit', 'bellezoneuaeofficial', 'taptapsendph', 'fashion', 'fashionable', 'fashionblogger', 'taptapsend', 'avenue', 'ootd', 'msgren', 'trending', 'daytoday', 'allwhiteskinblendphilippines', 'allwhiteskinblend', 'singapore', 'viral', 'dubaiofw', 'singaporetamil', 'padalove', 'levelupstyle', 'tawas', 'singaporelayover', 'stylish', 'trendingreels', 'taptapsendphilippines', 'fashionlover', 'fashionstyle', 'tulolaway']"
shrutiisuvarna,[]
dr.farajhasan,"['quran', 'recitewithme']"
afnanrecipes,"['ramadansweets', 'cake', 'eidpreps', 'pizza', 'برك', 'noodles', 'خيار', 'مخلل', 'زعتر', 'ramadan2024', 'steak', 'egg', 'lunchboxideas', 'cucumber', 'نودلز', 'food', 'salad', 'cakedecorating', 'lunchbox', 'recipes', 'cookies', 'chocolate', 'eidmubarak', 'yummy', 'tiktokcookbook', 'قدرة_قادر', 'ramadanrecipes', 'وصفات', 'pasta', 'giftideas', 'ramadan', 'pistachio', 'gift', 'strawberry', 'dessert', 'shrimp']"
fahadbadar2,"['everest', 'antartica', 'تسلق_الجبال']"
asrararef8,"['كوكيز', 'fyp']"
mmoshaya,[]
lifeofsal,[]
dadlifejason,"['dad', 'fyp', 'dog', 'suits', 'ygmarley', 'bekind', 'tellurgirlfriend', 'siblings', 'kindness', 'goodvibes', 'haircut', 'family', 'daughter', 'tiktoknews', 'thetorturedpoetsdepartment', 'mom', 'efeitops2', 'mrrogers', 'icdiwabh', 'greenscreen', 'vibes', 'taylorswift', 'parenting', 'worthy', 'ttpd', 'haircare', 'fypシ゚viral', 'wordsofwisdom', 'bruh', 'drone', 'encouragement', 'funny', 'keeptiktok', 'memecut', 'stitch', 'praisejahinthemoonlight', 'barber', 'fatherhood', 'boosiefade', 'ttpdtaylorswift', 'inverted', 'wow', 'pooltime', 'congress', 'multiaverso', 'love', 'laybankz', 'fnaf']"
baesavechris,[]
yasirkhantyb,[]
darrenthecoach,"['bekindtoyourself', 'publicspeakingtip', 'zoom', 'bodylanguage', 'englishasasasecondlanguage', 'nonnativeenglishspeakers', 'presentationtraining', 'presentationskills', 'publicspeaking', 'onthisday', 'energy', 'time', 'publicspeakingtraining', 'communication', 'teams']"
leenakoe,"['babyoutfit', 'fyp', 'doha', 'toddlerfashion', 'thingstodoqatar', 'classy', 'eidqatar', 'qatar', 'proudmum', 'ramadan', 'ootdkids', 'foryoupage', 'ramadaninqatar🇶🇦', 'eiddoha', 'qatarinfluencer']"
_thomzi_,"['tattoos', 'kdrama', 'wanderlust', 'turkey', 'istanbul', 'transitions', 'travel', 'funny', 'viral', 'relatable', 'matchingtattoos', 'christianmemes', 'coupletattoo']"
imahcomedy,"['filipino', 'pov', 'mixedcouple', 'syrianmen', 'comedyshow', 'narcissist', 'tiktok', 'comedyconcert', 'comedytok', 'justjokes', 'standupcomedy', 'arabmen', 'lebanesemen', 'filipinowomen', 'tiktoktrends', 'egyptianmen', 'funny', 'comedy', 'imahcomedy', 'funnytok', 'filipina', 'filipinotalents', 'dubaicomedyfestival', 'onthisday', 'dubaicomedy']"
faruhaaahmedd,"['حمض_الساليسيليك', 'fyp', 'salicylic_acid', 'فاست_كلير', 'acne', 'الحبوب', 'غارنييه', 'حب_الشباب', 'skincare', 'clearer_skin_in_30_days', 'fast_clear']"
ayshasultan,"['funnyvideos', 'eidteansition', 'getreadywithme', 'eid', 'ayshasultan', 'desi', 'euphoria', 'food', 'skit', 'poohawhatisthisbehaviour', 'cassie', 'nate', 'brownmoms', 'funny', 'comedy', 'lambo', 'fooddelivery', 'brownparents', 'restaurant', 'chicking', 'relatable']"
thenadinehossam,"['fyp', 'uae🇦🇪', 'pov', 'skincare', 'ضحك', 'pinkmakeup', 'foryou', 'الرياض', 'sheinhaul', 'vlog', 'الكويت', 'جدة', 'indianmakeup', 'makeup', 'SHEINeid', 'makeupviral', 'qatar🇶🇦', 'عيد_سعيد', 'grwm', 'دبي', 'makeuptutorial', 'بحرين', 'makeuptransition', 'makeupartist', 'اكسبلور', 'ميكب_مع_نادين', 'viral', 'unboxing', 'ميكاب_تتوريال', 'ميكب', 'ksa🇸🇦', 'ترند_تيك_توك', 'content', 'itcosmeticsme', 'ترند', 'sheinunboxing']"
cynthiasam_,"['harrypotter', 'kdrama', 'barbiemovies', 'koreatown', 'bookreview', 'koreandrama', 'disneyunboxing', 'hairserum', 'icecream', 'hair', 'mielle', 'koreansweets', 'whattoeat', '12dancingprincesses', 'iloveyou', 'tastetest', 'collectibles', 'wingstop', 'childhoodtoys', 'interiordesign', 'cravings', 'ithinkilikethislittlelife', 'haircare', 'foodtok', 'booktok', 'toys', 'barbie', 'aesthetic', 'homesweethome', 'hairtok', 'koreanfoods', 'unboxing', 'samsungs24ultra', 'vegamour', 'miniso', 'icecreamoliveoil', 'theordinary', 'silentbookreviews', 'mangoicecream', 'dessert', 'kfood', 'furniture', 'disneyprincess', 'hairtransformation']"
loginasalah,"['capcut', 'friendship', 'fyp', 'islam', 'oldisgold', 'healthy', 'skincare', 'foryou', 'recipe', 'foodtiktok', 'cooking', 'nails', 'ramadan2024', 'عائلتي', 'tiktok', 'georgia', 'food', 'prayer', 'beautifulskin', 'tahajud', 'daughter', 'makeup', 'aftershower', 'muslim', 'fashion', 'foryoupage', 'travel', 'tblisigeorgia🇬🇪', 'glowyskin', 'grwm', 'trending', 'comedia', 'healthyrecipes', 'nailtransition', 'tiktokcookbook', 'makeuptransition', 'inspiration', 'fypシ゚viral', 'nailtransformation', 'asmr', 'funny', 'nostalgia', 'viral', 'grwmroutine', 'skincareroutine', 'sisters', 'asokamakeuptrend', 'fypシ', 'outfitcheck', 'tblisi', 'india', 'ramadan', 'grwmoutfit', 'onthisday', 'foodie', 'motherdaughter']"
awkwardbrownguyy,[]
cherylporterdiva,"['deaf', 'cochlearimplant', 'fyp', 'la', 'naturalhair', 'vocalcoach', 'duet', 'naturalbeauty', 'skincare', 'motivation', 'onlinesinging', 'baby', 'cherylporter', 'chinchilla', 'miasanchez', 'voiceteacher', 'naturalface', 'thevoicebrasil', 'onlinesingingcourse', 'makeup', 'mimamu', 'motivational', 'nomakeup', 'vocaltraining', 'animals', 'surprise', 'vocalwarmup', 'singingfromscratch', 'brandnew', 'smile', 'isabellamofficial', 'nathankessel', 'singingbaby', 'inspiration', 'cherylportermethod', 'talented', 'singing', 'sing', 'vocalexercise', 'teacher', 'voice', 'deafsinger', 'course', 'staytuned', 'singers', 'newcourse', 'iao', 'singer', 'eyeshadow', 'twins', 'girllikeyou', 'onlinesinginglessons', 'cherylportervocalcoach', 'cherylportervocalmethod', 'singingcourse', 'brasiliansinger', 'dariusbrooks']"
misszuzucchini,"['dubaiblogger', 'wheretoeatdubai', 'dubairestaurants', 'dubaifoodie', 'dubaisalon', 'dubaicafe', 'dubaifoodblogger', 'dubaibakery', 'salon', 'salonservices', 'dubaidesserts', 'dubailifestyle', 'dubaieats']"
okashi_hana,[]
thisiskariim,[]
maisvault,"['housewifelife', 'ygmarley', 'arabmomcheck', 'languagechallenge', 'eidcelebrations', 'zanzibardestination', 'findinglove', 'adhdcheck', 'muslimcommunity', 'zanzibar🇹🇿', 'sneezes', 'postpartumweightloss', 'hudabeauty', 'solidaritywithpalestine', 'muslimcomedy', 'breastfeedingmomsbelike', 'africanwoman', 'postpartumbody', 'yachtlife', 'breastfedbabyprobs', 'arabmom', 'muslimcouple', 'stonetown', 'columbiauniversity', 'stitch', 'fauxfillergloss', 'arabfunny', 'eid2024', 'ramadanmemes', 'travelbucketlist']"
pookieateacookie,"['diet', 'japan', 'gym', 'weightloss', 'fyp', 'india', 'ramadan', 'fruit', 'onthisday', 'explore', 'love', 'candy', 'anime']"
chahrazadscuisine,"['eidpreps', 'whatieayinaday', 'mermaid', 'cleaningtiktok', 'cakedcorating', 'ramadan2024', 'eidcookies', 'packingasmr', 'cupcakedecorating', 'lunchboxideas', 'cakedecorating', 'chocolatecake', 'packingtips', 'dubaibakery', 'bakerylife', 'cookiedecorating', 'eidmubarak', 'lebanesefood', 'cleaningasmr', 'yummy', 'satisfyingvideo', 'tiktokcookbook', 'cupcakes', 'travels', 'bakeryowner', 'cookiesoftiktok', 'lebaneseabroad', 'foodasmr', 'foodvlog', 'werthersoriginalarabia', 'viralfood', 'eid2024', 'onthisday', 'bakery', 'tiktokmademedoit', 'recipesoftiktok', 'satisfyingvideos']"
z.blogs,"['RamadanMoments', 'dubaifood', 'fyp', 'asianfood', 'cake', 'brisket', 'dubaitiktok', 'cute', 'dubaimall', 'pizza', 'اكسبلورexplore', 'citycentremirdif', 'dubai🇦🇪', 'tinythings', 'foryou', 'explorepage', 'ramadan2024', 'foodtiktok', 'eatforless', 'icecream', 'dubaishopping', 'nashvillehotchicken', 'spicynoodles', 'mariokart', 'chocolate', 'wheretoeat', 'ootd', 'tinyfood', 'trending', 'الشعب_الصيني_ماله_حل😂😂', 'desserttiktok', 'learnontiktok', 'eidmubarak', 'رمضان_کریم', 'dubai', 'القرية_العالمية', 'abayastyle', 'modestfashion', 'اكسبلور', 'karting', 'chocolatebar', 'globalvillage', 'explore', 'asmr', 'meatlovers', 'viral', 'globalvillagedubai', 'uae', 'sushi', 'burgertok', 'fries', 'foodasmr', 'ramadankareem', 'fixdessertchocolatier', 'fypシ', 'asiangrocery', 'tiktokarab', 'ramen', 'indianfood', 'abaya', 'GameTok', 'samyang', 'smokedbrisket', 'mangostickyrice', 'burger', 'mirdif', 'spicyramen', 'dessert', 'bigfoodfest']"
hindsabriofficial,"['capcut', 'trafficdubai', 'المغرب', 'عمرو_دياب', 'صور', 'اكسبلورexplore', 'ضحك', 'رياضة', 'حب', 'فاشن', 'stopmotiontrend', 'مغنية', 'الحمدلله', 'ليبيا', 'لعب', 'الشعب_الصيني_ماله_حل😂😂', 'عبد_الحليم_حافظ', 'دبي', 'الله_يحمي_الجميع', 'สปีดสโลว์', 'dubai', 'اكسبلور', 'الهضبة', 'สโลว์สมูท', 'ترند', 'تيكتوك', 'اغاني']"
nots0human,"['arabic', 'tribute', 'losecontrol', 'holymonth', 'original', 'originalcover', 'ramadan', 'emiratiartist', 'teddyswims']"
miledandmelissa,"['funnyvideos', 'foodhasnevermadeyouhappier', 'ramadan2024', 'eidmoubarak', 'عائلتي', 'لعبة_حب', 'dubaieats', 'شهر_زي_العسل', 'eidmubarak', 'arabcouples', 'couplecomedy', 'arabcouple', 'comedy', 'vichyhaircare', 'vichyskincare', 'dff', 'شهر_زي_العسل❤️', 'introvert', 'relatable', 'fawazirahal']"
chefalimandhry,"['fyp', 'cake', 'eastertreats', 'kitushwari', 'takechargewithnote40', 'delicacie', 'foryou', '4u', 'moneyheist', 'recipe', 'ramadan2024', 'chefalimandhry', 'coast', 'muhogo', 'infinixnote40series', 'whattoeat', 'coconut', 'foryoupage', 'swahili', 'pilipili', 'wheretoeat', 'eidmubarak', 'trending', 'infinixnote40serieske', 'muhogowanazi', 'fy', 'samosa', 'meatballs', 'cassava', 'dijalartiste', 'eidulfitr', 'sisinidola', 'mombasa', 'sambusa', 'eid', 'proffesor', 'benz', 'pikanarina']"
thecoloursofballoons,[]
cloud9pethotel,['capcut']
bayan_with_a_b,[]
thatmalluchick,[]
ahmad_anabtawi,[]
aburob,[]
bellkisss,"['wadirumjordan🇯🇴', 'jordan', 'camel', 'visit', 'aroundtheworld', 'beautifuldestinations', 'desertsafari', 'jordania', 'visitjordan', 'desert', 'wadirum', 'travel', 'merveilledumonde', 'views', 'beautifulview', 'petra']"
alienchalich,[]
wajeehwestt,[]
danielladebies,[]
dr.ramahijjawi,"['مشاعر', 'ربي', 'هدف', 'شخصية', 'powergirl', 'مغرب', 'عيد_الفطر_المبارك', 'ليبيا', 'رؤية', 'حبيبتي', 'سوريا', 'السعودية', 'عيد_سعيد', 'تنمية_ذات', 'زواج', 'وعي', 'women', 'امرأه', 'speaker', 'هو', 'حُب', 'فوق', 'ليلة_القدر', 'womenempowerment', 'اصاله', 'قول', 'حاضر', 'حقيقي', 'love', 'حديثك', 'احترام', 'dr_ramahjjawi', 'dr', 'سعادة', 'mentalhealthawareness', 'تنمية', 'تطوير', 'انجاز', 'علم', 'تعلق', 'قادر', 'صحة', 'قطر', 'حلم', 'mentalhealth', '❤️', 'mentalwellness', 'نفسية', 'عمل', 'انتبه', 'رب', 'دبي', 'تنمية_بشرية', 'dubai', 'بحرين', 'صداقه', 'arab', 'نعم', 'ذات', 'المانيا', 'خوف', 'عرب', 'علاقة', 'وعي_بالذات', 'باب', 'قلب', 'تحدي', 'realationshipquotes', 'دعاء', 'motivacion', 'حب', 'تحفيز', 'كل_عام_وانتم_بخير', 'عناد', 'الذات', 'impower', 'الكويت', 'فراق', 'dr_ramahijjawi', 'ناس', 'yes', 'انسان', 'usa', 'انت', 'eidmubarak', 'يارب', 'كلام', 'رزق', 'سعاده', 'اكسبلور', 'تحفيز_الذات', 'challange', 'حبيبي', 'الرحمن', 'تطوير_الذات', 'eid', 'صدق', 'نفس', 'قدر', 'تنمية_الذات', 'motivation', 'work', 'اجتماع', 'girls', 'الحمدلله', 'فلسطين', 'اصحاب', 'motivational', 'لبنان', 'حديث', 'نجاح', 'الحاضر', 'motivacional', 'صديق', 'morocco', 'حياة', 'علاقه', 'الاردن', 'الله', 'تركيا', 'كبرياء', 'اهتمام', 'england', 'جزائر']"
isaac_kingg,[]
admani_explains,"['businessnews', 'themasters', 'tesla', 'admaniexplains', 'netflix', 'stockmarket', 'investing']"
alhassandandash,[]
mirna_diab,[]
hanin.tr,[]
lady.roza,[]
itsdehbi,[]
nelita_v,"['tagalog', 'filipino', 'filipinofoodmonth', 'filipinofood']"
hoopfinesse,[]
sammysreel,[]
aseeelasmar,[]
tamarafarra,[]
theoffice,"['dinnerparty', 'jimhalpery', 'pambeesly', 'michaelscott', 'theoffice', 'jimhalpert']"
ibnhattuta,"['وكالة_الفضاء_السعودية', 'الفضاء_مداك', 'ريانة_برناوي']"
dermdoctor,"['ceravepartner', 'dermatologist', 'dandruff', 'skincare', 'nizoral']"
mehdinatv,[]
uzmarahil724,"['learnontiktok', 'fyp', 'bff', 'art', 'challenge', 'booktok', 'صحتك_في_رمضان', 'ramadan2024', 'trend']"
h1uda,"['eidmubarak', 'sheglamramadan', 'عيد', 'ramadankareem', 'eidmakeup', 'sheglam', 'ramadhan', 'diy', 'eidlook', 'eidmakeu', 'sheglamhaul', 'artontiktok', 'asmr', 'tiktokart', 'eid', 'stitch', 'ramadanmakeup']"
issamalnajjarr,[]
nixiglam,"['fyp', 'hair', 'laifenen', 'hairstyle', 'smoothsilkyhair', 'heatlesscurls', 'foryou', 'laifenhair']"
falafelkimchi,[]
twinshadban,"['eidmubarak', 'eidglam', 'whattowear', 'bossthecollectionz', 'adidasspezial', 'mcmwearablecasa', 'tiktokfashion', 'bossenigmaticsaffiano', 'beyourownboss', 'ramadan2024', 'tiktoksalon']"
malakaldawood,"['مابحط', 'عشان', 'werthersoriginalarabia', 'هاشتاق', 'يعرف', 'اكسبلور', 'foryoupage', 'شرب_الحليب_سر_اللبيب', 'نايس', 'explore', 'السعودية', 'explorepage', 'عمري', 'لاحد']"
iamshahinz,[]
ana.beeko,"['بيكو', 'عالسحور_زيدها_حبة', 'مرام_بيكو', 'راني_رمضان', 'هلال_راني', 'ad', 'philipscoffeeworld', 'yourhomecafe', 'philipslattego', 'philips']"
namednicole,"['walaaswissarabian', 'fragrancelovers', 'oud07swissarabian', 'swissarabian', 'smellingamazingseries', 'soragissah', 'gissahperfumes', 'yaralattafa', 'fragrancetiktok', 'uaeperfumes', 'imperialvalleygissah', 'rossogissah', 'ishqswissarabian', 'emiratiperfumes', 'ramadan2024', 'caprigissah', 'lattafaperfume', 'ramadanmath', 'elloragissah', 'gccperfumes', 'musk01swissarabian', 'swissarabianperfumes', 'arabperfume', 'velvetoudlattafa', 'perfumetok', 'oneandonlygissah', 'eidmubarak', 'baddeealoudlattafa', 'shumoukhalghutraswissarabian', 'gissahsky', 'lattafareview', 'perfumetiktok', 'kuwaitiperfume', 'giallogissah', 'ramadanhumor', 'lalunagissah', 'eidoutfit', 'hudsongissah', 'azzurogissah', 'uaeperfume', 'eiddubai', 'eid2024', 'smellingamazing', 'fakharlattafa']"
saadradio,[]
officialhambly,"['partydress', 'jewelrymaking', 'fashiondesigner', 'godsandgodesses', 'greekmythology', 'earthday', 'diy', 'coachella', 'fashiontiktok', 'metgala', 'diyprojects', 'sewingtiktok', 'stitch', 'wirewrapping', 'coquettecore', 'coachellafits', 'persephone', 'macramelove', 'lanadelrey', 'macrame', 'cherryblossom', 'coquettefashion']"
farahhassanofficial,"['eidmubarak', 'eidpreparations', 'missdouaa']"
mayahussein_,[]
ccclebanon,"['fyp', 'iftar', 'championscircle', 'cccl22anniv', 'iso', 'patients', 'cancer', 'ilovecccl', 'children', 'worldhealthday', 'cancerpatients', 'ngo', 'cancersurvivors', 'unitedagainstcancer', 'viral', 'treatment', 'whatif', 'cccl', 'charity', 'donate', 'ramadan', 'savinglives_celebratinghope', 'games']"
danashehab,['mafimetlo']
aeebeh,"['viral', 'fyp', 'fitness']"
thisisnotshams,[]
callmekoosh,[]
mariam.dugich,[]
taliaafawaz,"['adidasgazelle', 'stitch']"
ulissesworld,['ulissesworld']
judyelayoubi,[]
rand.maj,"['chupachups', 'foreverfun']"
valentinebrothers,"['fruitrollup', 'staygold', 'choppedsandwich', 'baseball', 'downsyndrome', 'hummus', 'tiramisu', 'cooking', 'food', 'family', 'foodchallenge', 'bananabread', 'wholesome', 'rockpaperscissors', 'chorizotortillas', 'tortillas', 'disneyland', 'disney', 'pitabread', 'brotherlove', 'princesses', 'prince', 'dessert']"
diimmi,['eidmubarak']
mayadaofficial,[]
may.abq,"['eidmubarak', 'slowmo', 'capcut', 'ad', 'koreanskincare', 'ramadan', 'muslim', 'eid', 'koreanskincareuk', 'korean', 'hijab', 'eidoutfit']"
big_hass1,[]
amal.mhy,[]
timbajd,"['tiktok', 'عيد_الفطر_المبارك', 'happyeid', 'musiccreator', 'timbajd', 'onthisday', 'allofme', 'عيد_سعيد', 'تمبا']"
ikson,[]
thats.ram,"['earthquak', 'fyp', 'newyork', 'thatsram', 'ramadan']"
ohmyjad,[]
omr94,"['skydiving', 'مستشفى_الموسى_للتأهيل', 'السعودية', 'الأحساء', 'أنا_لها']"
yusufstudios_,[]
akafiali,"['solotravel', 'eidmubarak', 'fyp', 'hairtutorial', 'food', 'somali', 'muslim', 'eidalfitr', 'somalitiktok', 'foryoupage', 'travel', 'funny', 'foryou', 'viral', 'eid', 'eating', 'curlyhair', 'traveltiktok']"
salmanalfaress,[]
kat_abdeen,[]
rendra_noviardi,"['jadihebat', 'longervideos']"
michellewozniak,"['bronx', 'fyp', 'jlo', 'thebronx', 'newyork', 'foryoupage']"
andrewriad1,[]
tiktokeffects_mena,[]
neyyfun,"['pasta', 'curry', 'fyp', 'mumbai', 'indiancooking', 'india', 'fishcurry', 'desifood', 'fajitas', 'recipe', 'cooking']"
mdm.elle,"['mdmelle', 'learnontiktok', 'mdmelleteaches']"
eswaratti,"['صالون_تيك_توك', 'امارات', 'الرياض', 'فاشن', 'اسوارة', 'whattowear', 'tiktok', 'عيد_الفطر_المبارك', 'london', 'fashion', 'travel', 'السعودية', 'charlottetilburyarabia', 'tiktok_salon', 'benefitcosmetics', 'eswaratti', 'دبي', 'tiktokfashion', 'beauty', 'nudestix', 'paris', 'ميمي', 'فلوقات', 'city', 'سفر', 'عيد_مبارك']"
azurrabukhari,[]
samishere_99,"['fyp', 'parents', 'foryoupage', 'siblings', 'foryou', 'asmr', 'candiedfruit', 'tanghulu']"
berkachi,['fyp']
moon.toon,[]
loay_alm,[]
okaysadia,[]
