Username,Hashtags
israel,[]
covid19nz,[]
atlasmovement,"['iran', 'weareone', 'israel', 'united4survival']"
bakhtawarbhuttozardari,[]
mfathai,"['คาซัคสถาน', 'สะพานมิตรภาพไทย', 'ignitethailand', 'mfathai', 'แม่สอด', 'เมียนมา', 'jcbc', 'expatriateorientationprogram', 'ปีใหม่ไทย', 'unhabitat', 'finland', 'กระทรวงการต่างประเทศ', 'เอสแคป', 'mfa', 'รัฐมนตรีว่าการกระทรวงการต่างประเทศ', 'แอฟริกา', 'สงกรานต์ปีใหม่ไทย', 'thailandvision', 'thailandfoundation', 'thailand', 'mfathailand', 'เวียดนาม', 'mlc', 'netzerostrategy', 'unep', 'สงกรานต์', 'กต', 'มองโกเลีย', 'นิวซีแลนด์', 'zerowaste', 'สรงน้ําพระ', 'ไทย', 'ทอล์กกับทูต', 'songkang', 'สื่อสารการทูตไทยเชื่อมไทยสู่สากล', 'หุ้นส่วนทางยุทธศาสตร์', 'การทูตเพื่อประชาชน', 'eop', 'communicatexconnect', 'mekonglancang', 'สหประชาชาติ', 'การเยือนไทยอย่างเป็นทางการ', 'สงกรานต์2024']"
israelinspanish,"['wck', 'yihad', 'pesaj', 'letthemgonow', 'nuncamás', 'stopiran', 'líbano', 'mujer', 'hamas', 'liberenlos', 'worldcentralkitchen', 'irán', 'washington', 'hamás', 'gaza', 'jerusalén', 'libérenlos', 'israel']"
headcountorg,"['foryoupage', 'gutsworldtournyc', 'gutsoliviarodrigo', 'oliviarodrigo', 'gutsworldtour', 'headcount', 'fyp', 'volunteer', 'guts', 'concerts', 'votetok']"
kkmputrajaya,"['nasihatkkm', 'tiktipsihat', 'kkm', 'pesankkm', 'malaysiamadani', 'fypシ', 'kementeriankesihatanmalaysia']"
commissionermccool,[]
mediacellppp,"['mother', 'aseefabhutto', 'pm', 'mna', 'primeminister', 'firstlady', 'salamshaheedbhutto', 'bilawalbhuttozardari', 'benazirbhutto', 'smbb']"
x.bettel,[]
simon_harristd,"['school', 'dayone', 'sunday', 'childcare', 'roadsafety', 'european', 'ceasefire', 'farm', 'hotmeals', 'farmers', 'thankyou', 'state', 'justice', 'businesses', 'lebanon', 'work', 'student', 'europeanunion', 'recap', 'update', 'humanitarian', 'monaghan', 'carlow', 'climate', 'saturday', 'irishtiktok', 'parents', 'association', 'government', 'susi', 'happyfriday', 'farmlife', 'friday', 'dublin', 'carrickmacross', 'foryourpage', 'grandnational', 'outandabout', 'studentgrant', 'foryou', 'finegael', 'portlaoise', 'horserace', 'unitedkingdom', 'fyp', 'palestine', 'firstday', 'foryoupage', 'knifecrime', 'family', 'day2', 'galway', 'horse', 'children', 'weekend', 'eu', 'disability', 'ukraine', 'irishfarmer', 'irishpolitics', 'tuesday', 'housing', 'agriculture', 'union', 'middleeast', 'spain', 'spring', 'students', 'college', 'wednesday', 'castleblayney', 'westofireland', 'lastweek', 'brussels', 'crime', 'horseracing', 'walkabout', 'teachers', 'gaza', 'monday', 'stardust', 'europe', 'thursday', 'business', 'farming', 'iran', 'irish', 'ceasefirenow', 'office', 'goodtomeetyou', 'costofliving', 'hostages', 'busy', 'uk', 'judge', 'today', 'ireland', 'education', 'kilenny', 'walk']"
colombecs,"['fossilfuel', 'unitednations?', 'deforestation', 'migration', 'un', 'womeninpolitics', 'armsembargonow', 'democracy', 'worldcentralkitchen', 'ceasefire', 'gaza', 'rafah', 'survivalsunday', 'unrwa', 'eu', 'earthday', 'unite4survival', 'ukraine', 'pandemic', 'banfossilfuelsubsidies', 'poverty', 'sudan', 'climatecrisis', 'scotland', 'slovakia', 'climatechange', 'northkorea', 'ai', 'uyghurs', 'alshifa', 'climateaction', 'genderequality', 'abortion', 'asylumseekers', 'rwandabill', 'genocide', 'standwithukraine', 'taiwancanhelp', 'ceasefirenow', 'greenhouse', 'fossilfuels', 'unitednations', 'unsg', 'survivalsundays', 'taiwan', 'palestinians', 'climateaction?', 'climate', 'megaelection', 'indian', 'palestine', 'internationalcourtofjustice', 'turkey', 'climateactionnow', 'armsembargo']"
eltonjohnaidsfoundation,"['worldhealthday', 'eltonjohn']"
namalrajapaksa,"['srilanka', 'dasabalasena', 'mayday', 'tangalle', 'srilankan', 'nr', 'tempel', 'srilankan_tik_tok🇱🇰', 'namalrajapaksa', 'gangaram', 'namal', 'hambantota', 'kurunagala', 'china', 'slpp', 'kurunagala_squad🔰', 'kurunagala__අපි', 'diplomacy', 'natural', 'දසබලසේනා', 'fyp', 'chinatiktok', 'srilankan_tik_tok']"
eliodirupo,"['permis', 'nopasaran', 'mons', 'siep', 'wallonie', 'discovereu']"
mchs.russia,[]
rosiannecutajar,[]
unaidsuzbekistan,[]
midrussia,[]
gobiernomx,[]
gobiernodechile,"['fiu', 'covid19', '40hrsescalidaddevida', 'trenesparachile', 'enade2024', 'educacióncívica', 'másseguridad', 'preparémonosparaelinvierno', 'influenza', 'leytea', 'micsur2024', 'díadellibro', 'díadelacocinachilena', '40horas', 'guíaciudadana', 'chiletieneroyalty', 'gobiernodechile', 'cambiodehorachile', 'metrodesantiago', 'cenabast', 'quesesepa', 'díadeldeporte', 'lossimpson', 'vacúnatenoduele', 'chileavanzacontigo', 'diadellibro', 'diadeldeporte', 'leycenabast', 'díamundialdelautismo', 'autismo']"
gobiernosv,"['quechivoaqui', 'dronefpv', 'amapulapa', 'elsalvador', 'plancontrolterritorial', 'seguridad', 'lactanciamartena', 'seguridadsv', 'renta2024', 'ichanmichen', 'leyamorcomvertidoenalimento', 'accióncoatepeque', 'salvadoreños', 'binaes', 'emergenciaambiental', 'fpv', 'censo2024', 'cercosdeseguridad', 'censo204', 'biblioteca']"
unow_official,[]
minvivienda,[]
thaigov,"['ทําเนียบรัฐบาล', 'นานกรัฐมนตรี', 'สถานีขนส่งหมอชิต', 'เกษตรกร', 'อร่อยมาก', 'รัฐบาลเศรษฐา', 'ชาวสวน', 'สนามหลวง', 'siam', 'marina', 'digitalwallet', 'รัฐบาล', 'ขึ้นห้าง', 'ฟุตบอลไทย', 'สื่อ', 'อีเว้นท์', 'siamparagon', 'สงกรานต์', 'ราคายาง', 'พิธีต้อนรับ', 'ไทยคู่ฟ้า', 'มี', 'เหตุเพลิงไหม้', 'รอบคอบ', 'เกณิกาอุ่นจิตร์', 'รองโฆษกประจําสํานักนายกรัฐมนตรี', 'ยางพารา', 'มีมติ', 'thailand🇹🇭', 'งบประมาณ', 'ดอกลําดวน', 'วิสัยทัศน์', 'สงกรานต์2024', 'kohsamui', 'อสม', 'ยกระดับคุณภาพชีวิต', 'อุตสาหกรรม', 'ตํารวจไซเบอร์', 'พี่น้อง', 'เเกงไตปลา', 'นายกรัฐมนตรีนิวซีแลนด์', 'กลับบ้าน', 'เงิน10000บาท', 'นายกเศรษฐาทวีสิน', 'wallet', 'งบ', 'newzealand🇳🇿', 'สื่อมวลชน', 'หมอชิต', 'กระตุ้นเศรษฐกิจ', 'fcbayernmünchen', 'songkranfestival', 'พ่อเเม่', 'เกาะสมุย', 'สวัสดีปีใหม่ไทย', 'เอกชน', 'ร้านค้า', 'ปิดทอง', 'นําทีม', 'เชิญชวน', 'รองโฆษกรัฐบาล', 'mahasongkran2024', 'การประชุม', 'เล่นน้ํา', 'รองผึ้ง', 'เย็นทั่วหล้ามหาสงกรานต์', 'แก้ไขปัญหาจราจร', 'ขอบคุณ', 'ไม่ทิ้งกัน', 'ปัญหาขยะ', 'เงื่อนไข', 'วัดเจดีย์ไอ้ไข่', 'เที่ยวไทย', '10000', 'ปลอดภัย', 'นายก', 'สภาพคล่อง', 'การใช้เงิน', 'tourism', 'องค์พระบรมธาตุเจดีย์', 'ตรวจราชการ', 'ตลาดกลางยางพาราสุราษฎร์ธานี', 'ชัยวัชรงค์', 'seaplane', 'เศรษฐาทวีสิน', 'ฟังข้อเสนอ', 'โก้เมืองเพชร', 'ผู้มีสิทธิ', 'รัดเกล้าสุวรรณคีรี', 'อย่าง', 'นายกรัฐมนตรี', 'สิ่งศักดิ์สิทธิ์', 'ภูเก็ต', 'รัดกุม', 'นวลทองจันทร์', 'ไอ้ไข่เด็กวัดเจดีย์', 'อสมเกาะสมุย', 'ประชาชน', 'ผู้สูงอายุ', 'ร้านโชห่วย', 'เยือน', 'songkran', 'คู่เมือง', 'roymakaay', 'สวนนวลทองจันทร์', 'พม', 'นายกทํางาน', 'softpower', 'siamcenter', 'โฆษกรัฐบาล', '10000บาท', 'จังหวัดระยอง', 'จังหวัดจันทบุรี', 'กฎหมาย', 'suratthani', 'รัก', 'ปราบปรามผู้มีอิทธิพล', 'รองโฆษก', 'ดูงาน', 'เติมเงิน10000', 'รองโฆษกเนเน่', 'บน', 'ประเทศไทย', 'ตาม', 'สวนทุเรียน', 'สาธารณรัฐประชาชนบังกลาเทศ', 'ราชดําเนิน', 'กวาดล้างสิ่งผิดกฎหมาย', 'ผ้าขาวม้า', 'วัดเจดีย์', 'ส่งออก', 'เติมเงิน', 'เป็นไปตามกฎหมาย', 'ขยะ', 'ถูกต้อง', 'นายกเศรษฐา', 'primeminister', 'เดินทาง', 'ปาล์ม', '2567', 'สักการะ', 'บาเยิร์นมิวนิก', 'สื่อสารรัฐบาลไทย', 'concept', 'วันผู้สูงอายุแห่งชาติ', 'เห็นชอบ', 'สุราษฎร์ธานี', 'พอใจ', 'เมืองนคร', 'บังกลาเทศ', 'นครศรีธรรมราช', 'ไอ้ไข่', 'อย่างเป็นทางการ', 'ยืนยัน', 'เพื่อประชาชน', 'เเสดง', 'แปรรูปผลไม้', 'ตรวจเยี่ยมชาวแฟลตดินแดง', 'ราคายางขึ้น', 'วันสงกรานต์', 'เข็มกลัด', 'ประเทศไทย🇹🇭', 'ชาวสวนยาง', 'ห่มผ้า', 'ในโอกาส', 'สงกรานต์ไปไหน', 'เมืองคอน', 'ชาวสมุย', 'เที่ยวงาน', 'bangladesh🇧🇩', 'thailandtourism', 'กรมทางหลวง', 'กองบัญชาการตํารวจสืบสวนสอบสวนอาชญากรรมทางเทคโนโลยี', 'มีพอ', 'กฎหมายปราบปรามอาชญากรรมไซเบอร์', 'ทุเรียน', 'อวยพร', 'รองผึ้้ง', 'ความเป็นอยู่ให้ดีขึ้น', 'บังคับใช้กฎหมายอย่างเคร่งครัด', 'แฟลตดินแดง', 'welcome', 'โรงงานสารเคมี']"
francois_ruffin,"['9juin', 'parcoursup', 'lemaire', 'unionpopulaire', 'racisme', 'deficit', 'attal', 'francoisruffin']"
naftalibennett_official,"['cnn', 'msnbc', 'standwithisrael🇮🇱']"
acnurbrasil,"['trabalhodecente', 'refugiados', 'diadaterra', 'ods15', 'esg', 'onu', 'contraterefugiados', 'ods8', 'indígenasrefugiados', 'objetivosglobais', 'acnur', 'saúde', 'comosrefugiados', 'primeirodemaio', 'agenda2030', 'onubrasil', 'naçõesunidas', 'ajaagora', 'diadotrabalhador', 'ods11', 'diadospovosindígenas']"
unicefnepal,[]
realrufusgifford,[]
gouvernementfr,"['strasbourg', 'santé', 'impots', 'whatsapp', 'infarctus', 'inondation', 'ukraine', 'gouvernement', 'moto', 'equipedesfrancais', 'bouge30minutes', 'doubledutch', 'européennes2024', 'droitdevote', 'meteofrance', 'equipedesfrançais', 'toutesettouségaux', 'cequichange', 'relaisdelaflamme', 'démocratie', 'pompier', 'crues', 'paris2024']"
gantzbe,[]
muhamedheeb,[]
croixrougefr,[]
chinese_embassy_in_seoul,['panda']
ambassadedechine,"['flowers', 'zhejiang', 'swim', 'guizhou', 'crisis', '2024', 'sayram', 'glace', 'etatsunis', 'kongfu', 'ice', 'nature', 'voyage', 'renaijiao', 'jeunesse', 'diplomatie', 'rwanda', 'astrologie', 'xiamen', 'ancient', 'neimenggu', 'truth', 'huairou', 'muséeguimet', 'yannicklintz', 'hangzhou', 'streetfood', 'wangwentao', 'fantastic', 'chine', 'danse', 'sichuan', 'montargis', 'guangzhou', 'commémoration', 'bayanhar', 'jo', 'gastronomie', 'hilarious', 'tiktok', 'chinoise', 'economie', 'amitié', 'cinéma', 'moon', 'kuomingtang', 'beautiful', 'propaganda', 'calligraphie', 'daughter', 'surcapacité', '中央民族乐团', 'salar', 'cat', 'automobile', 'pla', 'industrie', 'diplomacy', 'money', 'music', 'huzhou', 'sports', 'growth', 'snow', 'ev', 'chenjialing', 'firefly', 'kunming', 'jeu', 'allemand', 'desserts', 'chongqing', 'construction', '勤工俭学', 'xijinping', 'xihu', 'greatwall', 'aesthetics', 'camping', 'taiwan', 'coopération', 'history', 'bird', 'rain', 'gastronomy', 'innovation', 'city', 'aukus', 'handmade', 'film', 'innovate', 'paix', 'chinese', 'erhu', 'français', 'usa', 'kongfupanda', 'muslims', 'online', 'paysages', 'cultural', 'gdp', 'overcapacity', 'fashion', 'travel', 'training', 'lunaire', 'china', 'germany', 'go', 'journey', 'gift', 'mayingjeou', 'light', 'traditionalorchestra', 'commerce', '唐峰', 'campus', 'arts', 'cyberattack', 'girl', 'pottery', 'auto', 'wangyi', 'windpower', 'solarpower', 'langue', 'war', 'france', 'célébration', 'logistics', 'archaeology', 'guangan', 'lifestyle', 'discover', 'robot', 'marine', 'jeune', 'dengxiaoping', 'palestine', 'viennaconvention', 'dynamique', 'amis', '1994', 'pastries', 'poème', 'guyu', 'father', 'cute', 'histoire', 'bortala', 'diaoyutai', 'tongjiuniversity', 'musulman', 'peinture', 'civilization', 'tourism', 'pancake', 'xining', 'us', 'baby', 'pain', 'ukrainian', 'economy', 'onu', 'peoplesliberationarmy', 'eu', 'montagne', 'equipment', 'ukraine', 'beauté', 'fujian', 'yunnan', 'carving', 'diplomat', 'university', 'blossoms', 'bronze', 'lyon', 'qinghai', 'precision', '二胡', 'olafscholz', 'southchinasea', '围棋', 'janetyellen', 'xinjiang', 'purple', 'poètes', 'middleeast', 'data', 'artistes', 'politician', 'write', 'foot', 'atlas', 'catsoftiktok', 'philippines', 'tiktokban', 'pacifique', 'romantic', 'students', 'spring', 'paris', 'tech', 'unesco', 'flying', 'military', 'printemps', 'bois', 'anniversaire', 'economic', 'worldheritage', 'festival', 'maonan', 'allemagne', '1949', 'superleague', 'industry', 'antonyblinken', 'eidmubarak', 'ramadan', 'chinois', 'peace', 'bijie', 'eidalfitr', 'un', 'artiste', 'israeli', 'reef', 'gaza', 'shanghai', 'culture', 'israel', 'weapon', 'food', 'europe', 'meishan', 'lying', 'retrouvaille', 'tangfeng', 'tradition', 'scholz', 'opportunities', 'céramique', 'riyadmansour', 'resolution', 'iran', 'esthétique', 'doublestandard', 'borisjohnson', 'caligraphy', 'beijing', 'forbiddencity', 'fakenews', 'machine', 'american', 'lng', 'panda', 'uk', 'lune', 'génocide', '陈家泠', 'davidcameron', 'lushaye', 'car', 'education', 'artisanat', 'changsha', 'hydrogen', 'business', 'art']"
_navalny_,[]
moe360.official,[]
nepaltourismboard,[]
minjusticiabol,[]
deped_ph,"['batangmakabansa', 'matatag', 'depedphilippines', 'nstf2024', 'bansangmakabata']"
milroy666,[]
islamicreliefmalaysia,"['foryoupage', 'raya', 'gaza', 'irmkongsi', 'palestine', 'fyp', 'prayforpalestine', 'humanity', 'emergency']"
islamicreliefuk,"['ramadan', 'laylatulqadr', 'sudan', 'manchester', 'birmingham', 'shawwal', 'leicester', 'cakes4syria', 'zakat', 'palestine', 'gaza📍', 'jordan', 'somalia', 'gaza', 'sheffield', 'shareramadan']"
tourismechinois,"['découverte', 'travelinchina', 'guilin', 'nihaochina', 'porcelain', 'nature', 'voyage', '故宫', 'yangshuo', 'cultureduthé', 'citéinterdite', 'musee', 'architecture', 'paysage', 'photographie', 'chine', 'sichuan', 'mutianyu', 'travellovers', 'voyageursdumonde', 'travel', 'patrimoinemondial', 'china', 'slowtravel', 'beijing', 'jiuzhaigou', 'tea', 'adventure', 'tourism', 'grandemuraille', '桂林', 'lifestyle', 'pékin', 'guangxi', 'porcelaine', 'greatwall']"
sanidadgob,[]
nat_production,[]
hishammuddinh2o,"['perdanamenteri', 'pusara', 'allahyarham', 'johor', 'malaysiatiktok', 'raya2024', 'johordarultakzim', 'makampahlawan', 'alamakrayalagi', 'keluarsekejap', 'sembrongkita', 'terawih', 'puasa', 'h20', 'allahswt', 'ramadhan', 'hishammuddinhussein', 'amalandoa', 'hishammuddin', 'jdt', 'hariraya', 'maghrib', 'fypシ゚viral', 'maafzahirdanbatin', 'bonda', 'ibu', 'raya', 'friends', 'fypage', 'alfatihah', 'salamaidilfitri', 'syawal', 'amalanbaik', 'menteribesar', 'husseinonn', 'solatmaghrib', 'selamathariraya', 'tarawih', 'tunhusseinonn', 'fyp', 'kj', 'sembrong', 'ks', 'bukapuasa', 'sahabat', 'rayarayaraya', 'solatterawih', 'sembahyang', 'menteribesarjohor', 'ketipakketipungraya', 'bekasperdanamenteri', 'allah', 'moreh', 'malaysia', 'kahang', 'moments', 'vibes', 'harirayaaidilfitri', 'pemimpin', 'tunabdulrazak', 'shrmzb', 'kawan', 'eidmubarak', 'paloh', 'ramadan', 'akrab', 'friendship', 'tunsuhailah', 'iftar', 'masjidnegara', 'onnhafiz', 'aidilfitri', 'ziarah', 'khairy', 'amalan', 'ayahanda', 'allahyarhamah', 'khairyjamaluddin', 'rayakansebulan', 'fypシ']"
kongkowsobatindustri,[]
culturno,[]
minproduccion,"['capcut', 'biomasa', 'etiqueta', 'mar', 'nasa', 'perro', 'viral', 'barco', 'ritual', 'producealminuto', 'bailecito', 'laboratorio', 'perú', 'playa', 'anchoveta', 'producción', 'daleplay', 'gato', 'ceviche', 'eclipsesolar', 'peru', 'peces', 'eclipse', 'videoviral', 'acuicultura', 'fypシ']"
embajadaeeuucl,[]
prasetyoedimarsudi,[]
wfp_es,[]
msp_ecuador,"['elnuevoecuador', 'prevenciónvih']"
essaludperu,"['recuperación', 'essalud', 'cuidado', 'urgencia', 'dengue', 'hospital', 'adulto', 'cardiología', 'díainternacionaldellibro', 'libros', 'corazón', 'medico', 'órganos', 'adultomayor', 'viral', 'prevención', 'signos', 'urgenciasvsemergencias', 'historias', 'zancudo', 'médico', 'donación', 'maestra', 'desaparecida', 'desfibriladores', 'atención', 'parkinson', 'sociedad', 'salud', 'chatbot', 'conmovedor', 'especialidades', 'malestar', 'sintomas', 'preparación', 'fiebre', 'autista', 'doctor', 'medicina', 'vlog', 'lectura', 'cardio', 'inclusion', 'abuelo', 'cusco', 'emergencia', 'huara', 'casosdelavidareal', 'riñón', 'peru', 'amor', 'beso', 'cuidados', 'cardiopatía', 'cirugía', 'noticia', 'tratamiento', 'bebé', 'enfermedad', 'información', 'huacho', 'autismo', 'pareja']"
vzcode58,[]
nakufoaddo,[]
nayibbukele,['kdrama']
mdefensard,[]
kpsharmaoli_official,[]
asmrgermanshepard,[]
presedinta.maiasandu,"['belgium', 'gagauzia', 'europe', 'moldova', 'ue', 'luxembourg', 'pentrureferendum']"
culturagob,"['quijote', 'dragones', 'patrimonioculturalinmaterial', 'lenguadesignosespañola', 'madrid', 'libros', 'museos', 'diseño', 'museosestatales', '18deabril', 'lenguadesignos', 'filmoteca', 'culturasorda', 'jano', 'díainternacionaldeldiseño', 'díadellibro2024', 'revolucióndelosclaveles', 'pablobustinduy', 'santjordi', 'documentos', 'celebraciónpicasso', 'díamundialdelarte', 'consejodeministros', 'museodeltraje', 'grândolavilamorena', 'ernesturtasun', 'cine', 'donquijote', 'art', 'consumo', 'fiesta', 'cbamadrid', 'oportunidad', 'historia', 'arte', 'portugal', 'lectura', 'migueldecervantes', 'entradagratis', 'urtasun', 'cultura', 'gratuita', 'agenda2030', 'círculodebellasartes', 'películas', 'derechossociales', 'revolución', 'libro', 'república', 'cervantes', 'ministeriodecultura', 'españa', 'díainternacionaldelosmonumentosysitios', 'inclusión', 'ViralBeauty', 'museo', 'lse', 'iirepública', 'rosas', 'archivosestatales', 'picasso']"
ucraniaenmexico,[]
caleb.m.roberts,[]
governmentofjersey,[]
sandiuno.official,"['kitabikinromantis', 'kreatifindonesia', 'karismaeventnusantara', 'labuanbajo', 'banggabuatanindonesia', 'belikreatiflokal', 'DiIndonesiaAja', 'aceh', 'pesonaindonesia', 'ken2024', 'untourism', 'banggaberwisatadiindonesia', 'santridigitalpreneur', 'diindonesiaaja?👇🏻', 'ramadhankareem', 'wonderfulindonesia', 'blueoceanstrategy', 'sobatparekraf', 'diindonesiaaja?']"
sportsequalityfdn,[]
mangalatiktok,[]
user62707523,[]
kemenkp,[]
kemenperin,[]
kemenkomarves,"['silahturahmi', 'persaudaraan', 'merawatnegeri', 'idulfitri', 'toleransi', 'mudikminimsampah', 'timmarves']"
cityofgoodsg,[]
fadjroelrachman7,"['indonesia', 'tajembmy', 'kalsel', 'urangbanjar', 'impetigore', 'diplomasipendidikan', 'harikartini2024', 'idulfitri2024', 'indonesia🇮🇩', 'kbriastana', 'megawati', 'komunikasipolitik', 'april2024', 'bali', 'eatlovepray', 'diplomasisastra', 'dubesrikazakhstantajikistan', 'idulfitri1445h', 'rintiskemajuan', 'garudamuda', 'kbriastanatheservingembassy', 'wismaindonesiaastana', 'belajarbahasa', 'banjar', 'jokowidodo', 'dokumentasiriset', 'siksakubur', 'gurusekumpul', 'kazakhstan', 'sejarahlaritergesa', 'duahatibiru', 'undergroundnotes', 'bahasaindonesia', 'diplomasifilm', 'olimpiadeparis', 'perempuantanahjahanam', 'pilpres2024', 'wijithukul', 'istana', 'bungfadjroel', 'diplomasiolahraga', 'mahkamahkonstitusi', 'kelasbahasaindonesia', 'inidiplomasi', 'diplomasipariwisata', 'jokowi', 'selamathariraya', 'diplomasibudaya', 'catatanbawahtanah', 'ticketstoparadisemovie', 'kbriastanamajuindonesiamaju']"
indonesiabaik.id,[]
kemenpupr,"['10thworldwaterforum', 'selasapapua', 'pinggirjalan', 'penjagagawang', 'papua', 'pansela', 'inpresjalandaerah', 'diskontol', 'lembahanai', 'uangkita', 'timnasday', 'sigapmembangunnegeri', 'waterforsharedprosperity', 'jagaasetnegara', 'AreYouReadyToWear', 'spotwisata', 'sarhunta', 'jalandaerah', 'sty', 'pesonaindonesia', 'gorontalo', 'tobalake', 'padang', 'ijd', 'jalannasional', 'sumbar', 'worldwaterforum10', 'papuaselatan', 'homestay', 'mudikceriapenuhmakna', 'sahabatpupr', 'jatim', 'mudik2024', 'timnasindonesia', 'diskontariftol', 'lebaran2024', 'idulfitri', 'danautoba', 'timnas', 'pakbas']"
attyharryroque,"['attyharry', 'spoxharry', 'spoxhour', 'thespoxhour', 'harryroque', 'attyharryroque']"
littleattorney,[]
marleneschiappa,[]
sastra_buwana,[]
blackgirlscode,"['blackgirlscode', 'wearebgc', 'codealong']"
marnguate,"['chimaltenango', 'guatemalasaleadelante']"
bnetanyahu,[]
algerianred,[]
islamicreliefeire,"['ramadan2024', '🌙', 'iftar', 'baking', 'sudan', 'ireland', 'fundraiser', 'palestine🇵🇸', 'fyp', 'palestine', 'islamicrelief', 'brownies', 'throwback', 'RamadanMoments']"
kementerianesdm,"['empowerigindonesia', 'balaibesarsurveidanpemetaangeologikelautan', 'ngabuburitberkah', 'sobatenergi', 'ramadankareem', 'belajarbarengminergi', 'energipunyasemua', 'tinggalkankerumah', 'ramadantiba', 'siksakuburfilm', 'ngabuburitsobatenergi', 'penerimaanmahasiswabaru2024', 'kabargeologi', 'mudik', 'hematenergi', 'tipsmudik', 'aman', 'empoweringindonesia']"
mabol60,[]
ed_markey,[]
hhshkmohd,[]
georgia_red_cross,[]
kemenpora_ri,"['pemudamajuolahragajaya', 'funvolleyball', 'kemenpora', 'inisaatnyavoli', 'harikartini', 'funvolleyball2024']"
minciencia,"['inteligenciaartificial', 'universo', 'chile', 'streaming', 'antofagasta', 'astronomia', 'fach', 'ciencia', 'ia', 'parati', 'skycostanera', 'deporte', 'historia', 'cultura', 'literatura', 'díadeldeporte', 'aviones', 'tecnologia', 'algoritmos', 'física', 'alanturing', 'astronomía', 'diadellibro', 'fidae2024']"
minamperu,"['díadelatierra', 'capcut', 'innovación', 'minam', 'trend', 'residuossólidos', 'lagunasyglaciares', 'huaura', 'emprendedorespornaturaleza', 'memecut', 'economíacircular', 'mapachetrend', 'díainternacionaldelatierra', 'viral', 'nono', 'madretierra', 'yopromotorambiental', 'voluntariadoambiental', 'meme', 'ambiente', 'tierra', 'perú', 'sostenibilidad', 'tendencia', 'planeta', 'biodiversidad', 'menosplásticomásvida', 'cuidemosnuestroplaneta', 'minamteinforma', 'hijosdelamadretierra', 'menosplásticomasvida', 'huacho']"
wwfsg,[]
chicox0x0,[]
idf,"['identicaltwins', '6months', 'freedom', 'global', 'siren', 'beret', 'passover', 'reveal', 'welcome', 'gaza', 'second', 'israel', 'sirenhead', 'statement', 'aerial', 'new', 'prepared', 'shelter', 'iran', 'lebanon', 'idf', 'rawfootage', 'twins', 'brigade', 'attack', 'airforce', 'north', 'empty', 'holiday', 'hostage', 'defense', 'explosive', 'soldier', 'reality']"
minemperu,"['capcut', 'aprendeentiktok', 'loreto', '2024', 'pedro', 'proyectos', 'bailando', 'minem', 'arequipa', 'huánuco', 'velille', 'canon', 'hidrocarburos', 'agricultura', 'en', 'dameluz', 'selva', 'liderazgo', 'mineria', 'bluemonday', 'seal', 'dragonball', 'chino', 'trending', 'eficienciaenergética', 'tiktok', 'consejos', 'desarrollo', 'perú', 'empleo', 'lote8', 'noticias', 'electricidad', 'gato', 'humor', 'glambot', 'regalías', 'cusco', 'cantar', 'peru', 'galacticos', 'líder', 'minemeduca', 'taller', 'minería', 'fyp', 'fusion', 'dota2']"
bobcaseyjr,[]
unhcr_lebanon,[]
fundacionfransol,[]
unyouth_auckland,[]
fifacom_es,[]
undpvietnamclimate,[]
undpturkiye,[]
israelarabic,"['رمضان', 'حماس', 'غزة', 'إيران', 'داعش']"
will_ita,"['settimanacorta', 'belgio', 'caricabatterie', 'genz', 'notiziadelgiorno', 'ministerosovranitaalimentare', 'tradizioni', '4daysweek', 'sostenibilità', 'abba', 'cotone', 'soldi', 'giornatanazionaledonazioneorgani', 'openai', 'giovani', 'dirittidelledonne', 'tips', 'protesta', 'centronazionaletrapianti', 'carcereminorile', 'concorrenza', 'inquinamento', 'musictok', 'regolamentodidublino', 'spotify', 'rifiuti', 'cartadidentità', 'donne', 'bonus', 'psicologodibase', 'politicaestera', 'tiktok', 'caffè', 'funzionari', 'unsìincomune', 'carta', 'diplomatici', 'antonioscurati', 'clima', 'hiv', 'ospedali', 'nove', 'goodnews', 'chatgpt', 'ministeroagricoltura', 'music', 'podcast', 'istat', 'cultura', 'aiutiumanitari', 'eu2024', 'ivg', 'unioneruopea', 'howto', 'under30', 'overtourism', 'ciboitaliano', 'unioneeuropea', 'scurati', 'ue2024', 'alcol', 'elezionieuropee2024', 'sanità', 'hugodecripte', 'giovanisalute', 'truppe', 'contestazione', 'fondazionegimbe', 'trend', 'settimanadiquattrogiornii', 'arresti', 'protests', 'cibo', 'spettroautistico', 'wolrdearthday', 'innovation', 'ssn', 'cura', 'notizie', 'bonuspsicologo', 'affitto', 'istatbes', 'ticket5euro', 'usa', 'sindromedellavana', 'ai', 'StartUp', 'italia', 'fondieuropei', 'fashion', 'serviziosanitarionazionale', 'lollobrigida', 'salutementale', 'evasione', 'venice', 'netanyahu', 'energia', 'tv', 'publictransport', 'buonenotizie', 'kiss', 'ursulavonderleyen', 'interruzionevolontariagravidanza', 'caricatoreunico', 'russia', 'inchiesta', 'paradisifiscali', 'vestiti', 'cucinaitaliana', 'parlamentoeuropeo', 'listedattesa', '5eurovenezia', 'booktok', 'ue', 'moda', 'giornatadelbacio', 'carbonaraday', 'austria', 'boomers', 'podcastitalia', 'leggi', 'euipo', 'comprarecasa', 'ritiro', 'europa', 'bigliettotreno', 'usbc', 'imparacontiktok', 'mondo', 'onu', 'unioneuropea', 'salute', 'eu', 'giorgiameloni', 'home', 'g4z4', 'mediordiente', 'viktororban', 'trasportopubblico', 'macron', 'havana', 'havanasyndrome', 'university', 'tvitaliana', 'scontrini', 'virtuale', 'pesca', 'fastfashion', 'israele', 'carcere', 'pattomigrazioni', 'comune', 'musica', 'feltrinelli', 'ecotips', 'votofuorisede', 'istitutopenitenziario', 'aborto', 'tasse', 'gendergap', 'legge194', 'università', 'data', 'mentalhealth', 'ministro', 'idf', 'germania', 'studenti', 'intelligenzaartificiale', 'treni', 'casa', 'ticket', 'fondidicoesione', 'students', 'copyright', 'censis', 'democrazia', 'millennials', 'closer', 'discovereurope', 'mediaset', 'carbonara', 'disturbidellospettroautostico', 'autismo', 'venezia', 'discovery', 'bacio', 'rai', 'news', 'emendamento', 'esteri', 'fuorisede', 'meloni', 'samaltman', 'worldcentralkitchen', 'pnrr', 'streaming', 'cotton', 'medici', 'royalties', 'contributodaccesso', 'elezionieuropee', 'donare', 'israel', 'food', 'carboday', 'lavoro', 'stipendio', 'migranti', 'statiuniti', 'economia', 'concerti', 'storia', 'columbia', 'iran', 'sceglididonare', 'loopt', 'dirittodautore', 'amadeus', 'ticketvenezia', 'beccaria', 'rinnovabili', 'diritto', 'trasporti', 'europeanelections', 'vinitaly', 'usailtuovoto', 'legge', 'riuso', 'gender', 'pattoeuropeo', 'francia', 'transizioneecologica', 'discovereu', 'swapparty']"
ttrcs,[]
oxfamireland,"['oxfamsuperstore', 'climatejustice', 'holywood', 'secondhandshop', 'dublin', 'ceasefire', 'gaza', 'sustainablefashion', 'vintage', 'dublintiktok', 'climatechange', 'fashion', 'secondhandfashion', 'climateaction', 'superstore', 'charityshop', 'ceasefirenow🚨', 'endtheviolence', 'climate', 'thrift', 'biodiversity', 'donate', 'palestine']"
undp_ayami,[]
hannahihummel,[]
eie.eu,[]
unfpa_asia,[]
iaeaorg,[]
ylefoundation,[]
labellefoundation,[]
rainn,"['survivor', 'friendshipbracelets', 'linkinbio', 'metoo', 'hereforyou', 'saam', 'saapm', 'supportsurvivors', 'actwithrainn']"
knowyourrightscamp,[]
tiwalowla,"['couplestiktok', 'marriedcouple', 'marriedlife']"
girleffect,"['sport4sdgs', 'worldcreativityandinnovationday', 'bigsis', 'thegirleffectpodcast', 'thegirleffect', 'ai', 'sportday', 'mobilitymatters', 'ml', 'chatbot', 'inthefield', 'podcast', 'hpv', 'tech', 'tanzania', 'hpvvaccine', 'worldhealthday', 'wcid', 'srhr', 'idsdp2024', 'tujibebe', 'idsdp']"
amnestysafrica,"['capcut', 'earthday', 'elections2024', 'knowyourrights', 'socialjustice', 'voting', 'voteforhumanrights', 'fyp', 'meme', 'humanrights']"
tom_and_jerry2022,[]
un_water,[]
savethemusic,"['brooklyncommunity', 'emergingartists', 'nyc', 'musicindustry', 'brooklyn', 'beats', 'unitedmasters', 'inspiration', 'memorymonday', 'musictok', 'teacherspotlight', 'workshop', 'audioproduction', 'teachersoftiktok', 'studenttok', 'teachertoker', 'localnonprofits', 'teacher', 'musiceducation', 'musicsaves', 'bandtok', 'localpartners', 'artistsoftiktok', 'musicproduction', 'nyccommunity', 'studentsuccess', 'schooltok', 'dreamgapproject', 'teachertok', 'savethemusic', 'artist', 'bandclass', 'throwback', 'music', 'soundengineering', 'band', 'jdilla', 'musictech', 'education', 'barbie', 'professionaldevelopment', 'educators', 'highschool']"
nuclearban,[]
lgbtfdn,[]
ndssorg,['advocacy']
votedotorg,[]
ncmec,"['smartphone', 'safechildhood', 'teddyruxpin', 'firstcellphone', 'internetsafety', 'ncmectakeitdown', 'fyp', 'ncmec', '40yearsofhope']"
americancancersociety,[]
hispanicheritage,"['diversity', 'earthday', 'stem', 'podcastepisode', 'hispanicheritageexperian', 'environmentaljustice', 'ellenochoa', 'financialliteracymonth', 'climatechange', 'education', 'fritangapodcast🎙️', 'greenlatinos', 'inspiration', 'spaceexploration', 'climateaction']"
unfpaecuador,[]
planbelgium,[]
unfpakyrgyzstan,[]
UNFPALesotho,[]
amnestykorea,[]
worldvisionco,"['díadelatierra', 'semanadellibro', 'valledelcauca', 'longervideos', 'proyectomásalládelasfronteras', 'díainternacionaldellibro', 'aguaparalaguajira', 'díadelaniñez', 'niñezsaludable', 'cesar', 'sanmartín', 'mesdelaniñez', 'alimentaciónsanta', 'derechosdelaniñez', 'suficiente', 'niñezconcorazónnaranja', 'bucaramanga', 'díadellibro']"
worldvisionhn,[]
planbol,[]
nu.mincult,[]
amnestyukr,[]
givingtuesdayitaly,[]
oxfamnz,[]
plan.intl.ireland,[]
unfpamalaysia,[]
givingtuesday_ua,[]
fiba,"['basketballcl', 'blooper', 'bclasia', 'fiba', 'internationalasmrday', 'dogsoftiktok', 'babiesoftiktok', 'olympics', 'gilaspilipinas', 'freethrow', 'streetart', 'bobanmarjanovic', 'basketball', 'dating', 'wemby', 'catlover', 'justinbrownlee', 'boban', 'paris2024', '3x3asia']"
lerefuge,[]
israelincanada,[]
ethioembassyuk,[]
user28072801,[]
la28,"['wheelchairtennis', 'paralympics', 'nationalpetsday', 'taylorswift', 'la28', 'fyp', 'roadtoparis']"
romania,"['daredevil', 'netflixandchill', 'thrillseeker', 'funny', 'nature', 'coolpup', 'headbanger', 'cementmixerfun', 'dogsoftiktok', 'snowwhite', 'pets', 'viral', 'pastrylove', 'ciucasmountains', 'gianthorse', 'romania', 'mountainviews', 'tiktokpets', 'armasari', 'animals', 'sustainableliving', 'romanianmusic', 'travelgoals', 'comedy', 'hiking', 'music', 'kidsoftiktok', 'armasariromania', 'instatravel', 'majestic', 'fluffy', 'animalovers', 'cozyhomes', 'biketricks', 'summerready', 'throwbackskills', 'history', 'memecut', 'picnic', 'gymtok', 'diyqueen', 'fails', 'grandma', 'mountainadventure', 'breadtok', 'challenge', 'skills', 'balkan', 'travel', 'crafting', 'strongesthorse', 'foryou', 'hobbithouse', 'cargoship', 'ecofriendly', 'romaniancuisine', 'adventure', 'drivethru', 'giant', 'creativity', 'animalfriends', 'dog', 'tiktokeats', 'diy', 'fyp', 'kids', 'gardeninggoals', 'bear', 'pup', 'foodtiktok', 'traveling', 'outdoorfun', 'rapchallenge', 'dogs', 'grandmasrecipe', 'horse', 'cutenessoverload', 'gymnastics', 'transfagarasan', 'duet', 'funnydogs', 'tiktokfood', 'shipspotting', 'viralvideo', 'adventuretime', 'neighbors', 'meme', 'memes', 'rams', 'puppylove', 'offroad', 'travelgram', 'cooking', 'explore', 'naturelovers', 'helicopter', 'drivethruchallenge', 'animalsoftiktok', 'musicmemes', 'adobebricks', 'cutedogs', 'balkantiktok', 'funnyanimals', 'mici', 'horsesontiktok', 'horsesoftiktok', 'rapbattle', 'girlpower', 'beachvibes', 'capcut', 'reallifecartoons', 'balkandad', 'lifehacks', 'mustard', 'roadtrip', 'mountainbike', 'caigrei', 'diyprojects', 'foodie', 'dadsoftiktok', 'dopey', 'trending', 'viralvideos', 'grillseason', 'traveltiktok', 'dance', 'epicfail', 'riverlife', 'piatracraiului', 'chase', 'wildlife', 'danube', 'heartwarming', 'bighorses', 'kidschallenge', 'wanderlust', 'bearsoftiktok', 'musicfestival', 'nostalgia', 'traditionalfood', 'babushka', 'horses', 'baking', 'familygoals', 'besthorses', 'sheep', 'disneymagic', 'bread', 'musclememes', 'scythe']"
unicefnorthamerica,[]
primerolagentear,[]
unicefcostarica,[]
aminov_emil,[]
undppakistan,[]
tiktok101africa,[]
kalhanr,"['britsmith', 'karma', 'helpme', 'journalism', 'jojo', 'jojosiwa', 'birthday', 'tiktok']"
chedetofficial,[]
tianakocher,"['brokenhearted', 'raye', 'nfldraft', 'rnbsinger', 'rnbvibes', 'independentartist', 'songwritersoftiktok', 'coachella', 'losangeleslife', 'womeninmusic', 'stagecoach', 'rnbartist', 'rnbmusic', 'cnn', 'teamlabplanets', 'newmusic']"
vistahanoi,[]
natischoebii,[]
concausauruguay,[]
gengemilang,[]
soccer_aid,"['f2', 'chelseafc', 'niallhoranvids', 'onedirection', '1d', 'soccer', 'bigjohngk', 'skills', 'niallhoran', 'joecole', 'football', 'billywingrove', 'chelsea', 'stuartbroad', 'socceraid', 'liampayne', 'davidjames', 'romankemp', 'tomgrennan', 'blindranking', 'fyp', 'robbiewilliams']"
vistavietnam,[]
girlpowerfulwellness,"['womenshealth', 'grwm', 'beyondcleanbeauty', 'ogee', 'skincare', 'organic', 'organicskincare', 'beautiful']"
mayadachammasofficial,[]
mariemstitkokaccount,[]
michael,[]
makeawishamerica,[]
anuliwasheretoo,[]
stateofsocial,"['stateofsocial24💡', 'stateofsocial24']"
turismosp,"['centrodeculturacaipira', 'sppratodos', 'afroturismo', 'marilia', 'sãopaulosãotodos', 'indaiatuba', 'turismo', 'turismosp', 'roteiro', 'museu', 'jaguariuna', 'rotulagem', 'sãopaulo', 'altoem']"
sean.solme.kim,[]
irene.casado,[]
solidaritesinternational,[]
culturasp,"['industriacriativa', 'acervodopalacio', 'mis', 'dudafuça', 'ghostbustersexpo40anos', 'cultsp', 'tudoviracultsp', 'diadospovosindígenas', 'museudaimigração']"
steogis,[]
princestrust,"['businessadvice', 'biztips', 'app', 'leadershipdevelopment', 'boxing', 'jobsearchtips', 'enterpriseadvance', 'marketingdigital', 'leadership', 'healthandsocialcare', 'theprincestrust', 'sport', 'entrepreneur', 'influencer', 'free', 'leader', 'learn', 'StartUp', 'entrepreneurship', 'smallbusiness', 'gethired', 'getajob', 'meme', 'interviewtips', 'smallbusinesstiktok', 'enterprise5things', 'businessowner', 'seo', 'businesstips', 'gaming', 'marketing', 'investinyourself', 'entrepreneurtok', 'sustainability', 'princestrust', 'linkinbio', 'jobsearch', 'entreneurslife', 'digitalmarketing', 'business', 'startyourcareer', 'art', 'smallbusinessowner']"
visitlondon,"['flowers', 'soholondon', 'harrypotterlondon', 'londonexperiences', 'londonactivities', 'theo2', 'londoner', 'londongreenwich', 'londonrecommendation', 'uniquethingstodo', 'harrypotterstudioslondon', 'london', 'christopherwren', 'tulip', 'cinematiktok', 'londonfoodie', 'hamptipncourtpalacetulips', 'londonlandmark', 'greenwichlondon', 'londonhistoryspots', 'soanemuseum', 'aprilthingstodo', 'londonwalkingtours', 'londoncocktailbar', 'springtiktok', 'freethingstodo', 'londontravel', 'houseofminalima', 'wallacecollection', 'hiddengems', 'londonthingstodo', 'londonfoodspots', 'londonwalks', 'londonartist', 'april', 'londontiktok', 'hiddemgems', 'londonfoodguide', 'traveltok', 'historytiktok', 'harrypotterstudios', 'whattodoinlondon', 'history', 'museums', 'hiddengem', 'travellife', 'wheretoeatlondon', 'spencerhouse', 'filmtiktok', 'walkingroutelondon', 'londonmuseums', 'hogwarts', 'thecinemamuseums', 'londonrestaurant', 'harrypotterfan', 'ronweasley', 'cinemamuseum', 'travel', 'londonbarscene', 'londoners', 'londontodolist', 'harrypotterstories', 'cinematok', 'freethingstodoninlondon', 'oldroyalnavalcollege', 'historybuff', 'uniquethingstodoinlondon', 'pottertok', 'harrypotterstudiotour', 'harrypotterfilm', 'springtok', 'harrypottertok', 'cuttysark', 'tulipdisplay', 'londontravelguide', 'letsdolondon', 'londontravels', 'tulipfestival', 'filmlover', 'londonrecommendations', 'londonartscene', 'traveling', 'londonwalking', 'hermionegranger', 'londonlandmarks', 'londonattraction', 'wizard', 'potterhead', 'regentspark', 'beautifuldestinations', 'regentscanal', 'museum', 'visitlondon', 'londonfood', 'londonactivity', 'londonfun', 'londonhistory', 'wizardingworld', 'thelinelondon', 'hogwartshouses', 'hiddengemsinlondon', 'londonartexhibition', 'museumsinlondon', 'londonrestaurantscene', 'harrypotterartwork', 'londonwalkingroutes', 'explore', 'strartford', 'cinema', 'historytime', 'londonroyalpalaces', 'harrypottermovies', 'londonfoodplaces', 'londontraveltips', 'spring', 'londonhotspot', 'filmtok', 'londontravelblogger', 'walkingroutes', 'londonbars', 'londonrestaurants', 'museumtok', 'forbiddenforest', 'thingstodoinlondon', 'londonattractions', 'londonlife', 'londontown', 'sirjohnsoanemuseum', 'cinemamuseumlondon', 'londonhiddengem', 'londontraveldiaries', 'harrypotter', 'londonwalkingroute', 'cocktailbarlondon', 'thewallacecollection', 'greenwich', 'londonhotspots', 'londonrestaurantguide', 'traveltiktok', 'harrypotterart', 'tulips', 'londonhiddengems', 'hogwartsismyhome', 'londonart', 'londonhistoryfacts', 'londonshellco', 'londontraveler', 'londontok', 'nationalportraitgallery', 'hamptoncourtpalace', 'londonguide', 'historytok', 'londonwhatson', 'restaurant', 'londonsoho', 'londonhistorichomes', 'harrypottertiktok', 'londonmuseum', 'potter']"
visitjordanofficial,[]
visitrovaniemi,"['snow', 'spring', 'rovaniemi', 'nightlessnight', 'arcticcircle', 'meanwhileinrovaniemi', 'arcticcirclehikingarea', 'visitrovaniemi', 'seasons', 'midnightsun']"
esrasergi,[]
warrenfiveash,[]
visitoman,[]
hanoitourist,[]
thejessadams,"['dryskin', 'grief', 'blockedbrows', 'blockedbrowsmakeup', 'unboxing', 'skincareroutine', 'clothinghacks', 'grwm', 'greenscreen', 'houseofcb', 'unboxinghaul', 'rainbowbridge', 'clearstemskincare', 'dresses', 'eyecolor', 'fashionfails', 'giftingsuite', 'makeuplook', 'rainbowbridgedog', 'fashionfail', 'stitch', 'dryskintips', 'petloss', 'rareeyes']"
azarinearinta,[]
visitseoul,"['bicycle', 'seoul', 'seoulplaza', 'hanriver', 'nature', 'whatsinseoul', 'bike', 'southkorea', 'korea', 'gwanghwamun', 'visitseoul', 'trending', 'yongsan', 'recommended', 'travel', 'seoultrip', 'nowtrending', 'activity', 'seoulfesta', 'photospot', 'outdoor', '서울페스타', 'filmlocation', 'spring', 'seoulfesta2024', '서울페스타2024', 'wander', 'aesthetics', 'seoultravel', 'hangang', 'videography']"
mtpb.hochiminh,"['malaysia', 'malaysiatrulyasia', 'vitmhanoi', 'sarawak']"
a1gripp,"['capcut', 'fypシ']"
tourismperak,"['jalanjalanperak', 'tempatmenarikipoh', 'greentea', 'visitperakyear2024', 'breakfast', 'travelperaklah', 'kopitiam', 'tempatmenarik', 'visitperak2024', 'airterjun', 'rotibakar', 'visitperak', 'tourismperak2024', 'hiking', 'makanmakanperak', 'ipoh', 'promisingperak', 'tehtarik', 'vpy2024', 'latakinjang', 'fyp', 'cuticutimalaysia']"
keralatourism,[]
ashrafghani.af,[]
unicefe,[]
unicef_iceland,[]
amnestyindo,['pahamiceritanya']
worldathletics,"['polevault', 'athlete', 'athletics', 'ethiopia', 'blooper', 'worldrelays', 'usa', 'laureus24', 'sweden', 'run', 'fyp', 'japan', 'worldcrosscountry', 'drama', 'sports', 'relay']"
unicefperu,"['paracadainfancia', 'sva2024', 'goretumbes', 'protegesufuturo', 'actogether', 'estres', 'saludmentalinfantil', 'saludmental', 'vacúnalos', 'unicefthxkorea']"
habitatforhumanityindia,[]
vociperlaliberta,[]
unicefrdo,[]
unicefbrasil,"['entrenoclimaunicef', 'diadaterra', 'tmjunicef', 'paratodosverem']"
planusa,"['climatejustice', 'farmer', 'nature', 'youngadvocate', 'youngpeople', 'youngactivist', 'joinourteam', 'internationaldevelopment', 'earthday', 'dcjobs', 'lgbtqia', 'meettheboard', 'youthadvisoryboard', 'equity', 'climatechange', 'hiring', 'youthactivist', 'genderequality', 'rijobs', 'farming', 'activist', 'ghana', 'board', 'acticism', 'youthadvocate', 'bestteamever', 'earth', 'genderequity', 'climate', 'nonprofit', 'openroles', 'advocate', 'dayofsilence', 'youthactivism', 'community']"
greenpeacesuomi,[]
medialiteracyed,[]
jenny_minard,[]
indiaplogrun,[]
goonj.org,[]
unicefitaliaofficial,"['cessateilfuoco', 'peace', 'ceasefirenow', 'pace', 'unicef', 'ceasefire', 'child', 'unicefitalia']"
www.mha.gov.in,[]
popfoundindiaofficial,[]
cry_india,[]
cufabrasil,[]
miawaiifuxo,[]
