Username,Hashtags
pelacase,"['imageupload', 'ecofriendlyproducts', 'mothersday', 'compostable', 'customized', 'motherfigure', 'ecofriendly', 'pelacase']"
josh.zilberberg,[]
thesaladlab,"['tiktokcookbook', 'littleleaffarmssalad', 'jenniferaniston', 'grilledchicken', 'mealprep', 'fishtacosalad', 'corn', 'babycrispygreenleaf', 'palomasaremagic', 'califlower', 'weddingsalad', 'delicious', 'michaeljordan23', 'blakelively', 'woodbowls', 'salad', 'greeksalad', 'madeintheus', 'cava', 'vegancobbsalad', 'woodsaladbowls', 'lacrema', 'llfpartner', 'beyonce', 'kalesalad', 'cobb', 'birthdaysalad', 'brunchsalad', 'sauvignonblanc', 'smashedroastedpotatoes', 'easyrecipe', 'whisktossenjoy', 'rosé', 'yum', 'emmachamberlain', 'loveyou', 'pomegranatemolasses', 'fishtacos', 'giveaway', 'springsalad', 'cheeseburger', 'thesaladlab', 'dressings', 'drycreekvineyards', 'vegan', 'handcrafted', 'blanchedvegetables', 'solidwood', 'choppedsandwich', 'weddings', 'spicy', 'choppedsalad', 'beetsalad', 'saladdays', 'bettybuzzgingerbeer', 'saladsoftiktok', 'quinoa', 'friends', 'mothersdaygifts', 'madeintheusa', 'vinaigrette', 'preorder', 'onthisday', 'kentuckyderby', 'saladrecipes', 'caesarsalad', 'haburger', 'mothersday', 'winecountry', 'happyearthday', 'thesaladlabbook', 'spring', 'pomegranate', 'handmade', 'cookbook', 'hamburgersalad', 'complexsalad', 'thesalaslab', 'bltsalad', 'citrusvinaigrette', 'handcradfted']"
treedom_trees,"['mdw2024', 'earthday2024', 'treetales', 'alberi', 'treedom', 'design', 'giornatamondialedellaterra', 'plasticfree', 'letsgreentheplanet']"
yourdaye,"['menstrualhealth', 'periodproblems', 'pcos', 'periodpain', 'viral', 'researchgap', 'trending', 'earthfest', 'chronicpain', 'obgyn', 'spinninglikeaballerina', 'cbdtampons', 'endometriosis', 'cramps', 'feminismtiktok', 'mytype', 'london', 'innovation', 'femaleempowerment', 'viagraresearch', 'bts', 'cbdtampon', 'cbd', 'vagtok', 'ecofriendly', 'womeninstem', 'discharge', 'prochoice', 'inappropriate', 'health', 'beyonce', 'plasticfree', 'periodcare', 'sustainability']"
gabriel.nussbaum,"['incometax', 'personalfinance', 'uk', 'raise', 'moneytok', 'financialliteracy', 'tax', 'income', 'isa', 'rich', 'salary', 'moneytaboo', 'thatmoneyshow', 'learnontiktok', 'retirement']"
luiza_yoshida,[]
iamveronicamars,"['tiktokcomedy', 'latinasoftiktok', 'vegastiktok', 'where', 'redflags']"
miadio,"['beforeandafter', 'dating', 'badbunny', 'capcut', 'fyp', 'sheglampartner', 'sheglamlipstick', 'rich', 'vlog', 'glitterlips', 'foodreview', 'sheglam', 'stitch', 'puertorico']"
mrsamcotton,"['bbcearth', 'mammals', 'foryou', 'fantail', 'ad', 'bird']"
sheenamelwani,"['sendhelp', 'findme', 'invisalign', 'india', 'podcast', 'whatsupbrother', 'sketch', 'invisalignpartner', 'ban', 'sheenainterrupted', 'okboomer', 'funny', '1', 'thankyou', 'whatwouldyoudo', 'prankwars', 'prank', 'traveldiaries']"
reesemkenna,['reesescoffeecorner']
jusjka_travellv,"['baltics', 'brīvdienumāja', 'latvianblogger', 'solareclipse', 'atpūta', 'latvijasdaba', 'latviešiceļo', 'latviantiktok', 'kurpalikt', 'totalsolareclipse', 'america', 'atpūtapiedabas', 'placestostay', 'latvia', 'vietaslatvijā', 'zaļaiszelts', 'glamping', 'katvaruliepas', 'solareclipse2024', 'latviannature', 'usa', 'visitlatvia', 'kuratpūsties', 'visitbaltics', 'glempings', 'latvia_in', 'latvija', 'katvari', 'uniquestays']"
lubalin,[]
plasticfreemermaid,[]
girlvsglobe,"['guessmyaccent', 'swedishcandy', 'moneysavingtips', 'londonfood', 'indianfood', 'housesit', 'clubbedthumbs', 'londonfoodie', 'meganfox', 'celebritylookalike', 'ukmemes', 'bookshop', 'ukweather', 'detoxing', 'britishweather', 'londonlife', 'london', 'housesitting', 'housesitter', 'thirty', 'londongirl', 'surprisingfamily', 'thirties', 'brachydactyly', 'booktok', 'londondesserts', 'accentchallenge', 'deinfluencing', 'eyelashserum', 'oxford', 'surprisevisit', 'delhifood', 'thirdculturekid', 'blackwellsbooks']"
oh.thatsreese,[]
marketingwithsam,"['marketingdigital', 'marketing101', 'marketingcalendar', 'google', 'tiktokcreators', 'marketingupdates', 'scienceexperiments', 'research', 'searchengineoptimization', 'chipotle', 'novelapp', 'novel', 'influencersinthewild', 'jomo', 'marketinghacks', 'marketingnews', 'nancyharhut', 'smsmarketing', 'eatingoutketo', 'socialmedia', 'smartmarketing', 'healthyfastfood', 'socialmediainfluencer', 'greenscreen', 'attentive', 'tiktokban', 'contentmarketing', 'opal', 'wishuponastar🌟', 'googlesearch', 'marketingtips', 'coachella', 'socialmediatips', 'marketingtricks', 'eatingout', 'sge', 'seo', 'creatortips', 'tiktoknotes', 'marketingideas', 'consumertrends', 'tiktokbrands', 'tiktokapp', 'ChipotleSponsorMe', 'arc', 'consumerresearch', 'fermat', 'contentcalendar', 'marketingstrategy', 'influencers', 'coachearlea', 'marketingtrends', 'researchpaper', 'poppi', 'marketing', 'perplexityai', 'brandmarketing', 'postpilot', 'influencermarketing', 'beehiiv', 'ftc', 'arcbrowser', 'behavioralscience', 'sms', 'socialmediamarketing', 'marketingtools', 'perplexity', 'contentmarketingtips', 'creators', 'influencertips']"
livewastefree,[]
patricialamastherapy,[]
lukemillingtondrake,[]
stuniiapp,[]
theonemovement_,[]
willsmith,"['nationalpetday', 'coachella']"
tanaka_kimhongnam_kkw,"['bangbangbang', '星野源', '잘자요아가씨', 'xxl', 'gackt', '집사', 'yongposse', '영파씨', '엄마안잔다', '김홍남', 'kimhongnam', 'remix', '콜드플레이', '송하빈', '춘봉', '아일릿', '예원', '고양이집사', 'illit', '다같이오도로', 'bigbang', 'comic', '언더월드', '노빠꾸탁재훈', 'coldplay', 'vivalavida', 'asmrz', '댄스챌린지', 'tanaka', '첨지', '집사의하루', '빅뱅', '동내친구강나미', '아이뽕', '잘자요아가씨챌린지', '뽕짝', '강남', 'fun', '다나카']"
russellbrand,"['christianity', 'nature', 'fyp', 'baptism', 'cards', 'news', 'tarot', 'spirituality', 'trump', 'pets', 'zelensky', 'bookclub', 'faith', 'catsoftiktok', 'sacrifice', 'new', 'pettok', 'ad', 'tarotcards', 'robotdog', 'yoga', 'fda', 'dogsoftiktok', 'reading', 'cia', 'doctor', 'podcast', 'cattok', 'health', 'boeing']"
coco_franklin_,[]
brendangahan,[]
souledoutside,[]
askdoctort,[]
backpackingchristianne,[]
kiss_aka_me,[]
im_max_sinclair,[]
laurainwaterland,[]
anastazjasadventures,"['wheretonext', 'destinationsrilanka', 'skyphotography', 'travelinspo', 'travelwithme', 'traveltips101', 'solotraveller', 'visitsrilanka', 'travelsrilanka', 'pidurangalarock', 'srilankatiktok🇱🇰']"
iamdanreynolds,[]
jelena.stepanenko,"['toddlertoys', 'toddlermum', 'cutetoddler', 'matchingoutfits', 'pregnantoutfits', 'pregnantlife', 'toddlermumoutfits', 'mumdaughter', 'mumsoftiktok', 'pregnancytiktok', 'secondpregnancy', 'pregnanttiktok', '26weekspregnant', 'funnytoddler', 'magnetictiles', 'magnetictoys', 'kidstoys', 'mumdiary', 'twoyearold', 'getreadywithme', 'toddlersoftiktok']"
lucybiggers,[]
thesorrygirls,[]
laurieelle,"['pullandbearcommunity', 'thingstodolondon', 'springfashion', 'nightroutine', 'books', 'coffeeshops', 'hudabeauty', 'dance', 'selfcare', 'holiday', 'outfitinspo', 'gifted', 'lifestyle', 'wellness', 'london', 'routine', 'fitness', 'makeup', 'mindset', 'sausagedog', 'plog', 'batistewithme', 'photodiary', 'vlog']"
nourlivia,[]
kieranpollitt_,"['innerwork', 'reparentyourself', 'traumahealing', 'healingjourney', 'innerchildwork', 'innerchildconnection', 'livingwithintention', 'peoplepleasingrecovery', 'healingtrauma', 'reparentingyourself', 'innerchildhealing', 'peoplepleasing']"
polabur,"['tring', 'noordermarkt', 'uk', 'london', 'netherlands', 'amsterdam', 'britishcountryside', 'notesapp', 'traveltransition', 'fishandchips', 'kibbeling', 'intratuin', 'tulips', 'micadecorations', 'tulipseason']"
nickbglpv,"['рекомендации', 'gymtok', 'fyp', 'earthquake', 'miami', 'spiderman', 'russiantiktok', 'brighton', 'parati', 'russian', 'drake', 'реки', 'stitch', 'immigrantparents']"
callierae63,[]
dana.mckeon,[]
thedrodunola,"['worldnotobaccoday', 'worldnotobaccoday2024', 'secondhandsmoking', 'passivessmoking', 'passivesmokingawareness', 'secondhandsmokingawareness']"
su_miyi,"['chineselearning', 'chinesename', 'chinese', 'learnchinese', 'fyp', 'tiktok', 'learningchinese', 'chinesecharacters', 'chinesemandarin']"
shazza.wav,"['duet', 'arianagrande', 'fyp', 'eidmubarak', 'singing', 'ketipakketipungraya']"
crashadamsmusic,[]
theshanaofficial,"['albumcover', 'meredithgrey', 'mockingbirdeminem', 'tomodell', 'diewildenhühner', 'inverted', 'lgbtq', 'onlylovecanhurtlikethis', 'mileycyrus', 'สปีดสโลว์', 'thechainsmorkers', 'capcut', 'challenge', 'allaboutthatbass', 'meghantrainor', 'howdoisaygoodbye', 'pickmechoosemeloveme', '늙음필터', 'aifilter', 'arianagrande', 'embeihold', 'sims4', 'duett', 'sixthemusical', 'hozier', 'mammamia', 'singingcover', 'closeupauge', 'capadealbum', 'stephensanchez', 'jackblack', 'blondehair', 'darkhorse', 'sheusedtobemine', 'สโลว์สมูท', 'lilyallen', 'shondarhimes', 'waswürdestdutun', 'dandelions', 'rihanna', 'fyp', 'peaches', 'sounds', 'nomakeup', 'cominghome', 'greysanatomy', 'alecbenjamin', 'madonna', 'heatlesscurls', 'disney', 'untilifoundyou', 'redhair', 'wlw', 'kinderserien', 'kindheit', 'cover', 'filter', 'marvelcomics', 'bibiundtina', 'aura', 'ourlastsummer', 'sarabareilles', 'snowman', 'bratzdoll', 'strawberryblonde', 'beachbunny', 'filte', 'bowser', 'duet', 'cristinayang', 'karma', 'deanlewis', 'anotherlove', 'letmedownslowly', 'linalarissastrahl', 'reaction', 'toosweet', 'onet', 'mimikmeme', 'jessiej', 'marvel', 'karaoke', 'katyperry', 'likeaprayer', 'disneyprincess', 'roommakeover', 'rapunzel', 'bodypositivity', 'madworld', 'ansonseabra', 'goldengirls', 'bibiblocksberg', 'keane', 'erstesdate', 'popcornduet', 'coldplay', 'supermariobrosmovie', 'abba', 'anneboleyn', 'promqueen', 'homedecorideas', 'agedfilter', 'wildehühner', 'welcometowonderland', 'wildchicks', 'hairtutorial', 'diamonds', 'pumuckl', 'selflove', 'palomafaith', 'ranking', 'eminem', 'ruthb', 'indila', 'brunette', 'wreckingball', 'beckyg', 'lovestory', 'cancersign', 'espresso', 'cherryredhair', 'lyricsvideo', 'wecantbefriends', 'gingerhair', 'jojosiwa', 'sims', 'themagickey', 'sia', 'bluehair', 'somewhereonlyweknow', 'haircolor', 'sabrinacarpenter', 'barbarasrhabarberbar', 'garyjules', 'foryou', 'taylorswift', 'somethingjustlikethis', 'shower', 'carrotcake', 'pricetag', 'watersigns', 'aged', 'nickiminaj', 'nostalgie', 'anicarusso']"
chrisandjasmin,"['mysterybox', 'fyp', 'longervideos', 'giveaway', 'bible', 'viral', 'pregnant', 'trending', 'homeless', 'mystery', 'iphone']"
learnenglishwithspeak,"['grammar', 'ingles', 'torturedpoetsdepartment', 'fyp', 'learnenglish', 'taylorswift', 'pronunciation', 'englishlesson', 'englishteacher', 'englishgrammar', 'inglesfacil', 'spelling', 'aprenderingles', '英語', 'englishpronunciation']"
worldofdance,"['wodphilippines', 'wodindo24', 'wodph24', 'wodsummit24', 'wodatl23', 'wodla15', 'thatsthekids', 'wodgr24', 'worldofdancegreece', 'worldofdanceindonesia', 'worlddanceday', 'woddortmund24', 'worldofdancegermany', 'wodth2024', 'wodbali', 'redbulldance', 'wodnl24', 'wodina24', 'redbull', 'wodjp', 'wodindonesia24', 'worldofdanceeindhoven', 'worldofdancejapan', 'danceday', 'wodnl', 'worldofdance', 'wodchamps18', 'wodnewzealand24', 'internationaldanceday', 'twins', 'wodthailand', 'wodny24', 'wodtok24', 'wodla24', 'worldofdancethailand', 'worldofdancehasselt', 'givesyouwiiings', 'wod', 'wodny19', 'wodbe24']"
humbleservantofallah2023,"['islamic_video', 'taqwa', 'islamicreminder', 'belalassad', 'islamreminders', 'humility', 'dawah', 'ramadan', 'viral', 'viralvideo', 'dua', 'trending', 'humbleservantofallah', 'salatduha', 'islamicvideo', 'ustadhmohamadbaajour', 'salah', 'selfesteem', 'islam', 'quran', 'vira', 'fasting', 'eGO', 'motivation', 'salat', 'tawakal', 'muslimtiktok', 'bully', 'muslim', 'shawwal', 'omarsuleiman']"
inayahmcmillan,"['airbnbhost', 'doit', 'moneytok', 'fyp', 'automation', 'birthdaytrip', 'dayinthelife', 'remotework', 'airbnbbusiness', 'monkeyland', 'passiveincome', 'dr', 'amazonfinds', 'interiordesign', 'entrepreneur', 'mystory', 'siblings', 'grief', 'remote', 'brother', 'frontier', 'monkeys', 'onlinebusiness', 'decor', 'traveltok', 'furniture', 'airbnb', 'howto', 'storytime', 'fy']"
amauryguichon,"['amauryguichon', 'olympicshospitality', 'caviar', 'paris2024', 'chocolate', 'summer', 'smores']"
roger311,"['foreigner', 'china', 'life', 'screen', 'salary', 'food', 'business', 'seafood', 'factory', 'supermarket', 'workabroad', 'smartfilm', 'madeinchina', 'hightech', 'technology', 'transparentscreen', 'pakistani', 'foodculture', 'freshingredients', 'wages', 'freshfood', 'job', 'ledscreen', 'travel']"
thevoicekids,"['tvk', 'bts', 'produktplatzierung', 'chiaracastelli', 'tvk24']"
shlind,"['codeswitching', 'lifeofapreschooler', 'franglais', 'daddydaughtertime', 'careergoals', 'beingbilingual', 'france', 'teacher', 'shlindshares', 'teachersoftiktok', 'chill', 'raisingbilingual', 'chachasgotthis', 'frenchlife', 'marriedtoafrenchman', 'mylife', 'photographer', 'learningfrench', 'marriedlife', 'british', 'notmyjob', 'secondlanguage', 'golf', 'mumlife', 'storytime', 'opol', 'contentcreator']"
jibrizy,"['softguyera', 'drizzledrizzle']"
ugcwithemmap,"['growthhack', 'ugc', 'capcutedits', 'tiktokgrowth', 'contentcreatortips', 'contentstrategy', 'ugccreator', 'socialmediastrategy', 'videoeditingtutorial', 'videoediting', 'videohooks', 'socialmediaaudit', 'marketingtips', 'ugctips', 'growthhacks', 'creatortips', 'aihacks', 'editingtutorial', 'aiediting', 'ugccommunity', 'hookidea', 'capcutedit', 'capcuttutorial', 'aitools', 'ugccreatortips', 'videoeditingapps', 'tiktokaudit', 'editingtips', 'editing101', 'increasewatchtime', 'visualhooks', 'ugccreators', 'epiceditsseries']"
quizzezquest,"['riddle', 'videogame', 'fyp', 'usa', 'fun', 'games', 'quiz', 'test', 'food', 'funfacts', 'dish']"
mr.benz,[]
toufic.kreidieh,['toufickreidieh']
aliciakeys,"['rememberwheredreamsbegin', 'keyssoulcare']"
beryl.ama,"['capcut', 'fyp', 'onthisday', 'birthday', 'dejavu', 'fypシ゚viral', 'berylama']"
kie_kie__,[]
guessmaster3,"['godblessyou', 'nba', 'christian', 'biblequiz', 'nurseoftiktok', 'music', 'animeedit', 'gametrivia', 'greysanatomy', 'culture', 'fortnite', 'doctorsoftiktok', 'jesus', 'breakingbad', 'disney', 'colorblind', 'david', 'gamemusic', 'gamecharacter', 'quiz', 'bb', 'logo', 'walterwhite', 'heisenberg', 'animetiktok', 'musicquiz', 'openinganime', 'god', 'trivia', 'geography', 'pixar', 'usa_tiktok', 'videogames', 'states', 'nbaedits', 'americanhistory', 'usa', 'anatomy', 'bible', 'ww', 'logoquiz', 'us', 'anime', 'fypシ゚viral', 'usahistory', 'game', 'christanity', 'generalknowledge', 'brand', 'quiztime', 'geographyquiz', 'nba2k', 'usstates', 'colorchallenge', 'religion', 'gaming', 'disneyland', 'iqtest', 'medicaltiktok', 'christianity']"
quizxtreme,"['cars', 'beer', 'fyp', 'viral', 'mcqueen', 'englishforbeginners', 'food', 'voicefilter', 'people', 'football', 'countries', 'guessthecharacter', 'guesswho', 'harrypotter', 'birthday', 'challenge', 'quiz', '2000s', 'logo', 'logos', '2000sthrowback', 'blowthisup', 'geography', 'pixar', 'states', 'potter', 'usa', 'englishspeaking', 'legends', 'soccer', 'mrbeast', 'game', 'generalknowledge', 'cartoon', 'celebrity', 'parents', 'madisonbeer', 'foryou', 'presents', 'celebrities', 'footballquiz', 'famous', 'harry', 'doityourself', 'lightningmcqueen', 'alcohol', 'flags', 'fy', 'english']"
humor_animations,"['liberalparents', 'mums', '2danimation', 'fyp', 'residence', 'managersbelike', 'worklife', 'funny', 'moms', 'viral', 'grandmasoftiktok', 'viralvideo', 'boyfriend', 'trending', 'interview', 'teenage', 'managers', 'dads', 'rent', 'uktiktok', 'blockblast', 'wife', 'uk', 'kidsoftiktok', 'animation', 'momsbelike', 'schoollife', 'teamwork', 'crazygirlfriend', 'teamleader', 'siblings', 'marriagehumor', 'animationmeme', 'foryoupage', 'jobsearch', 'workplace', 'grandma', 'funnyvideos', 'husbandwife', 'usa_tiktok', 'usa', 'jobseeker', 'girlfriend', 'genz', 'momsoftiktok', 'relatable', 'marriedlife', 'couplestiktok', 'work', 'usa🇺🇸', 'officehumor', 'momsover30', 'employee', 'home', 'dinner', 'foryourpage', 'dating', 'house', 'parents', 'kids', 'job', 'wifeandhusband', 'office', 'foryou', 'corporate', 'comingout', 'parentsoftiktok', 'dadsbelike', 'couples', 'dadsoftiktok', 'relationship']"
thebimboademoye,['bimboademoye']
lord_atm,['theak24wedding']
daysinkinder,['teachersoftiktok']
chrissyonair,[]
adejokelasisi,[]
leon_the_lover,"['invasion', 'aliens']"
funkeakindele,"['faan', 'neverdespisethedaysoflittlebeginnings🤲❤️', 'amazonprimevideo', 'funkeakindelenetwork', 'eljthemovie', 'fyp', 'funkeakindele', 'primevideo', 'funkeskindelenetwork', 'everybodylovesjenifa', 'atribecalledjudah', 'jenifa', 'stayfocused', 'jenifans', 'decembergosweet']"
jlo,[]
rebeccas_english_hub,"['ingles', 'grammarlesson', 'britishaccent', 'britishteacher', 'advancedenglish', 'englishgrammar', 'grammartips', 'learnenglish', 'pronunciation', 'vocabulary', 'slang', 'englishteacher', 'accent', 'britishenglish', 'grammar', 'britishslang', 'british', 'advancedvocabulary', 'meme', 'britishpronunciation', 'britishaccents', 'english']"
historic.royal.palaces,"['thomaswolsey', 'williamiii', 'untoldlives', 'tudor', 'kensingtonpalace', 'toilet', 'toolkit', 'edwardi', 'tapestries', 'horriblehistories', 'theorangery', 'spring', 'london', 'tapestry', 'doors', 'hamptoncourtpalace', 'anneboleyn', 'tulips', 'royalmenagerie', 'toweroflondon', 'women', 'queencharlotte', 'conservation', 'queencaroline', 'wolsey', 'learnontiktok', 'riverthames']"
guinnessworldrecords,"['officiallyamazing', 'beard', 'horse', 'acrobatics', 'eggs', 'longhair', 'hulahoop', 'bbq', 'acrobat', 'hair', 'horses', 'knitting', 'skiing', 'knittok', 'guinnessworldrecords', 'oldestman']"
sambatgardening,[]
ellendegeneres,"['jasonsudeikis', 'gwynethpaltrow', 'lastdance', 'modernfamily', '5secondrule', 'chickencoop', 'movietheater', 'knoworgo', 'burningquestions', 'snoopdogg', 'teacher', 'theellenshow', 'name', 'kimkardashian', 'jlo', 'spillthetea', 'djpaulyd', 'derekhough', 'mikethesituation', 'tiktokshop', 'celebrity', 'surprise', 'neverhaveiever', 'beyonce', 'backyardchickens', 'rihanna', 'kobebryant', 'jumpscare', 'flashbackfriday', 'funnymoms', 'marthastewart', 'momtok', 'ciara', 'dory', 'usher', 'tomhanks', 'guessthecelebrity', 'snooki', 'game', 'throwback', 'boyband', 'adamlevine', 'meghanmarkle', 'edoneill', 'marriage', 'toystory', 'karaoke', 'scare', 'fan', 'katyperry', 'mystery', 'findingnemo', 'krisjenner', 'fansurprise', 'competition', 'idinamenzel', 'newsong', 'momsoftiktok', 'kellyclarkson', 'kellyoke', 'jimcarrey', 'nsync', 'thowback', 'memorymonday', 'woody', 'kyliejenner', 'jerseyshore', 'warnerbrothers', 'motherhood', 'blakeshelton', 'aliwong', 'jenniferlawrence', 'jojosiwa', 'fillintheblank', 'vacation', 'thekellyclarksonshow', 'brielle', 'amyschumer', 'chickentok', 'justinbieber', 'sandrabullock', 'taylorswift', 'jwoww', 'johncena', 'prank', 'comedy']"
thealisiddiq,"['funny', 'viral', 'instadaily', 'trending', 'trendingnow', 'alisiddiq', 'lifelesson', 'funnystory', 'parenting', 'ontournow', 'standupcomedy', 'funnyvideos', 'funnyshit', 'standupcomedian', 'comedytour', 'comedyspecial', 'truestory', 'newcomedy', 'mistakes', 'comedy']"
imkevinhart,[]
jenbristercomedy,"['specsavers', 'egypt', 'gofundme', 'standupcomedy', 'eyes', 'evacuation', 'free', 'glasses', 'gaza', 'comedy', 'eyetest']"
donttellcomedy,"['pride', 'susanrice', 'middleeasternparents', 'derrickstroup', 'trending', 'sureniweerasekera', 'drewdunn', 'alimac', 'rap', 'jobopportunities', 'parenting', 'marketinghack', 'branding', 'weddinginspo', 'horrormovies', 'alimacofsky', 'anime', 'tinder', 'got', 'onlinedating', 'tax', 'bisexual', 'taxseason', 'documentary', 'relationship', 'sahibsingh', 'sailormoon', 'mattyryan', 'ipa', 'doctorsoftiktok', 'jarule', 'donttellcomedy', 'pokemon', 'standup', 'mattbraunger', 'jamiewolf', 'bumble', 'marketing', 'jokes', 'taxes', 'wedding', 'craftbeer', 'election', 'breakups', 'vanessagonzalez', 'easterneurope', 'vote', 'emilyvandyke', 'religioustrauma', 'marriage', 'gameofthrones', 'biancacristovao', 'doctorsoffice', 'greencard', 'naturedocumentary', 'weddingplanning', 'married', 'jobsearch', 'fahimanwar', 'queercomedy', 'tomthakkar', 'czech', 'marriedlife', 'canadian', 'queer', 'lgbt', 'uber', 'biden', 'immigrant', 'party', 'brownfamily', 'relationships', 'canada', 'strictparents', 'sureni', 'sydneycastillo', 'funny', 'amosgill', 'middleeastern', 'election2024', '90s', 'kcshornima', 'standupcomedy', 'horror', 'theexorcist', 'opeyolagbaju', 'doctors', 'brewery', 'doctor', 'dating', 'comedyreel', 'datingapp', 'langstonkerman', 'comedian', 'hookup', 'newcomedy', 'linkedin', 'comedy', 'davemerheje']"
