Username,Hashtags
bbcnewsazeri,"['xəbərlər', 'iran', 'siyaset', 'pişiklər', 'tarix', 'qaz', 'rusiya', 'rəsulzadə', 'catsoftiktok', 'etiraz', 'israil', 'kənd', 'sərhəd', 'avropa', 'məhkəmə', 'fransa', 'siyasi', 'qarabağ', 'ermənistan', 'azərbaycan', 'dost', 'paşinyan', 'ata', 'rubenvardanyan', 'sorğu', 'xəbər', 'yemək', 'xeberler']"
bbcnewsbrasil,"['bbccurtas', 'chikungunya', 'astronomia', 'cuscuz', 'irã', 'realityshow', 'tiktoknotícias', 'artesvisuais', 'palestina', 'israel', 'guerra', 'cometadodiabo', 'portugal', 'estudiobbc', 'dermatologia', 'willardwigan', 'historia', 'bbcnewsbrasil', 'escultura', 'idioma', 'budismo', 'estrelas', 'mar', 'comida', 'fisiologia', 'politicainternacional', 'sotaques', 'bbb24', 'cafe', 'vocoroca', 'dengue', 'cafeina', 'economia', 'bbb', 'asia', 'natureza', 'ditadura', 'corais', 'linguistica', 'monge', 'scuplture', 'alemanha', 'saopaulo', 'pelesaudavel', 'paulistano', 'linguagem', 'bbcresponde', 'microescultura', 'bbcmundo', 'indonesia', 'conflitos', 'tiktoknotícias\u200c', 'branqueamento', 'tiktoknoticias', 'chile', 'meioambiente', 'eua', 'tiktoknoticiasbrasil', 'maranhao', 'brasil', 'artesplasticas', 'culinaria', 'bigbrotherbrasil', 'equador', 'clima', 'vidamarinha', 'linguaportuguesa', 'arbovirose', 'curiosidades', 'portugues', 'cometa', 'colageno', 'saude']"
bbcnewsukrainian,"['авто', 'волинь', 'отруєння', 'дружинабуданова', 'закордон', 'поліція', 'мобілізація', 'україна', 'зінченко', 'футбол', 'зброя', 'вода', 'допомога', 'погода', 'великабританія', 'тец', 'собор', 'качки', 'людина', 'батьки', 'потоп', 'поліціяукраїни', 'паводок', 'орськ', 'холоднийяр', 'машина', 'паспорт', 'корея', 'затемнення', 'варшава', 'літак', 'кордон', 'сша', 'краса', 'цікавіфакти', 'словаччина', 'париж', 'зінченко🇺🇦', 'цікаве', 'фортифікаційніспоруди', 'політика', 'диво', 'харківукраїна', 'тварини', 'atacms', 'дтп', 'грузія', 'фільми', 'зеленський', 'ракета', 'порятуноктварин', 'донбас', 'військові', 'оае', 'тваринки', 'власність', 'люди', 'харків', 'наука', 'соборпаризькоїбогоматері', 'ту', 'вінниця', 'арсенал', 'чоловіки', 'коні', 'передбачення', 'запас', 'космос', 'магазин', 'лелека', 'сонце', 'твариниукраїни', 'дубай', 'місяць', 'новиниукраїни', 'новини', 'ракети', 'ведмідь', 'гур', 'війнавукраїні', 'що', 'київ', 'українки', 'проблема', 'аварія', 'еволюція', 'комета', 'снаряд', 'допомогаукраїнцям', 'українка', 'одеса', 'обстріл', 'британія', 'гінеколог', 'війнавукраїні🇺🇦', 'луцьк', 'цікавознати', 'буданов', 'десна', 'зсу', 'юрист', 'річка', 'лондон', 'жінка', 'дощ', 'німеччина', 'прогнози', 'діти', 'небо', 'птахи', 'путін', 'підготовка', 'польща', 'реабілітація', 'енергетика', 'медицина', 'здоровя', 'важливо', 'зрада', 'кіно', 'війна', 'природа', 'розвідник', 'розвідка', 'котики', 'пожежа', 'історія', 'евакуація', 'росіянин', 'росія', 'кіт', 'допомогаукраїні', 'шок']"
gatornationgw,[]
chriscrosschaos11,[]
marcusterritory,[]
toastandroses,[]
kellyfusco,[]
polarpreet,"['boxxe', 'walks', 'asda']"
expeditionguidelife,[]
maklelan,"['maklelan1996', 'maklelan2006', 'maklelan1998', 'maklelan1954', 'maklelan1984', 'maklelan1953', 'maklelan2002', 'maklelan1986', 'maklelan1995', 'maklelan1962', 'maklean1961', 'maklelan2000', 'maklelan1992', 'maklelan1990', 'maklelan1959', 'maklelan1964', 'maklelan1967', 'maklelan1960', 'maklelan2007', 'maklelan1982', 'maklelan1975', 'maklelan1999', 'maklelan1987', 'maklelan1969', 'maklelan1965', 'maklelan1952', 'maklelan1980', 'maklelan1997', 'maklelan1977', 'maklelan1979', 'maklelan1973', 'maklelan2003', 'maklelan1956', 'maklelan1978', 'maklelan2004', 'maklelan1988', 'maklelan1971', 'maklelan1976', 'maklelan1994', 'maklelan1955', 'maklelan1989', 'maklelan1974', 'maklelan1981', 'maklelan1970', 'maklelan2005', 'dataoverdogma', 'maklelan1972', 'maklelan2001', 'maklelan1963', 'maklelan1951', 'maklelan1957', 'maklelan1958', 'maklelan1991', 'maklelan1985', 'maklelan1968', 'maklelan1983', 'maklelan1966']"
realraywilliam,"['shamimabegum', 'catchmeifyoucan', 'england', 'thabobester', 'alaska', 'pennsylvania', 'colorado', 'kimjongnam', 'denalibrehmer', 'truecrime', 'kansas', 'syria', 'staceycastor', 'youtube', 'london', 'texas', 'southafrica', 'memphis', 'menendezbrothers', 'balloonboy', 'northkorea', 'beverlyhills', 'karenmatthews', 'blackmail', 'malaysia', 'frankabagnale', 'indonesia', 'airbnb', 'shannonmatthews', 'melbourne', 'blackwidow', 'ftcollins', 'storytime', 'taylorparker', 'menendezcase', 'nasim', 'burundi', 'noelarokundo']"
rabbert,[]
jack_toohey,"['future', 'environment', 'climatechange', 'regenerativeagriculture']"
rosalynngh,[]
mac.and.milo.fore,"['picturetoburn', 'fantasy', 'ofcourse', 'dream', 'childhood', 'bff', 'soldejaniero', 'why', 'fyp', 'thetourturedpoetsdepartment', 'irealizedyouloveyourself', 'ok', 'ididntgetmyperfectfantesy', 'love', 'thetorturedpoetsdepartment', 'mybaby', 'sure', 'skincareroutine', 'skincare', 'anything', 'unicorn', 'sprays', 'statetheobvious', 'ts', 'viral', 'taylorsversion', 'macandmilo', 'girl', 'taylorswift']"
matthewbeem,"['casetok', 'casetifypartner']"
sulheejessica,"['lunchideas', 'hostbydisney', 'transition', 'coachellaoutfit', 'bentobox', 'letsmakesomelunchformykids', 'pixarinspired', 'lunch', 'ourapartner', 'ouraring', 'cocomeloncanhelp', 'trend', 'cookbook', 'rosedumplings', 'outfit', 'bento', 'fyp', 'relateable', 'pixarfest2024', 'lunchtime', 'mom', 'cocomelon', 'letsmakelunchformykids', 'dumplings', 'carsland', 'disney', 'funny', 'ad', 'momdaughter', 'whatdoyouwanttoeat', 'fitcheck', 'sulheejessica', 'hostedbydisney', 'letsmakesomelunch', 'musicfestival', 'hair', 'oura', 'disneyparks', 'coachella', 'kungfupandalunch', 'KungFuPanda4', 'coachella2024', 'ratedpg', 'disneyland', 'pixar']"
ryaninthecity,[]
ketnipz,[]
jojotatoni,[]
bbc,"['premierleague', 'pika', 'camels', 'datingshow', 'var', 'bluelights', 'ncutigatwa', 'milliegibson', 'foodprices', 'ikissedagirl', 'nature', 'liverpool', 'mosalah', 'podcast', 'graniteharbour', 'classicalmusic', 'mua', 'bbcsounds', 'alessiarusso', 'explainer', 'avoidance', 'raceacrosstheworld', 'thisorthat', 'abba', 'football', 'thenextstep', 'makeup', 'motd', 'tnss9', 'miranda', 'eurovision2024', 'dating', 'ollyalexander', 'kin', 'glowup', 'thenextsteps9', 'bbcproms', 'davidattenborough', 'doctorwho', 'theoneshow', 'mirandacore', 'dance', 'eurovision', 'oliveoil', 'cactus', 'qi', 'dizzy', 'ellatoone', 'womensfootball', 'drama', 'againsttheodds', 'iplayer', 'thistown', 'mammals', 'ianwright', 'lgbtq', 'crimedrama', 'jurgenklopp', 'crime']"
dr_gilbz,[]
fff.leverkusen,[]
naomiy8s,"['capcut', 'toriesout', 'vote']"
die_parallelklasse,"['moschee', 'zweiterweltkrieg', 'mindestlohn', 'pearlharbour', 'rassismus', 'diskriminierung', 'arbeit', 'geflüchtete', 'china', 'digitalnomads', 'islam', 'usa', 'aufklärung', 'remote', 'geschichte', 'aleviten', 'airbnb', 'japan', 'gendern', 'tourismus', 'schule']"
sierraclubclimate,[]
whatchugotforme,[]
climatestrikeok,[]
astrokatiemack,[]
simonegiertz,[]
drbecky_s,"['astrotok', 'jwst', 'cosmology', 'earthshine', 'eclipse', 'space', 'moon', 'womeninstem', 'ttpd', 'womeninscience', 'ad', 'astronomy', 'taylorswift', 'science', 'spacetok', 'jameswebb', 'astrophysics']"
thephysicsgirl,[]
levi__leah,[]
yasmin_elhady,"['nocap', 'mothers', 'standupcomedy', 'fypage', 'fy', 'comedy', 'fypシ゚viral', 'standup', 'oppressionolympics', 'fyp', 'women', 'truth', 'muslimtiktok', 'muslimah', 'trending', 'muslim', 'fypシ']"
professorbren,[]
sciencesara,[]
mattykjordan,"['iceberg', 'corona', 'dorm', 'isolated', 'blizzard', 'abseiling', 'snow', 'sleep', 'asmr', 'dayinthelife', 'caving', 'asmrsounds', 'pistenbully', 'science', 'podcast', 'ship', 'adayinmylife', 'ebook', 'gold', 'polar', 'ice', 'pb100', 'traverse', 'rossiceshelf', 'crevasse', 'work', 'storm', 'korea', 'erupt', 'bridge', 'logistics', 'sleeping', 'volcano', 'climatechange', 'job', 'icebreaker', 'northernlights', 'southernlights', 'career', 'antarctica', 'penguin', 'shoes', 'fish', 'tractor']"
polarthomas,[]
climate_people,['1minuteclimatesnippet']
aunthropocene,[]
maria_in_antarctica,[]
simplyantarctica,"['trashpanda', 'swifttok', 'antarctica', 'antarcticadidthatforme', 'taylorswift', 'simplyantarctica']"
wateraid,"['charity', 'quiz', 'tap', 'marathon', 'riddle', 'schittscreek', 'wateraid', 'timorleste', 'school', 'glastonbury', 'periods', 'watertok', 'wonderwomanwednesday', 'sustainability', 'foryou', 'toilet', 'rhschelsea', 'glastonbury2024', 'fyp', 'gardening', 'capcut', 'londonmarathon', 'menstrualhealth', 'education', 'water', 'costoflivingcrisis', 'period', 'garybarlow', 'swiftie', 'chelseaflowershow', 'davidattenborough', 'glasto', 'trending', 'climatechange', 'competition', 'savewater', 'tiktokpoll', 'music', 'running', 'glastonburytickets', 'donate', 'gardens', 'runners', 'linkinbio', 'women', 'gardentok', 'planttok']"
mitzijonelle,[]
janefonda,[]
billnye,[]
rezo,[]
shelbizleee,"['upcycle', 'diyfashion', 'thriftedfashion', 'thriftstorefinds', 'springvibes', 'upcycledclothing', 'ethicalfashion', 'recycleyourclothes', 'ecofriendlyfashion', 'thrifting', 'birdsoftiktok', 'prelovedfashion', 'diyclothes', 'ecofriendlylawns', 'nativeplants', 'invasivespeciesremoval', 'thriftflip', 'sustainableliving', 'pollinators', 'sustainablefashionista', 'frugalfashion', 'secondhand', 'applepartner', 'lowwasteliving', 'ecofashion', 'earthday', 'fashionrevolution', 'invasivespecies', 'foraging', 'pastasalad', 'creativeupcycling', 'sustainablestyle', 'picnicaesthetic', 'reboxing', 'ecowarrior', 'reuserevolution']"
unep,"['beatplasticpollution', 'plasticstreaty', 'unea6', 'earthday', 'inc4', 'generationrestoration']"
volcanodoc,"['asteroid', 'twitchstreamer', 'scicomm', 'space', 'rocktok', 'science', 'aliens']"
ceelaas,"['animaux', 'renard', 'asmr', 'voyage', 'weather']"
minuteearth,"['food', 'antarcticseaspider', 'animal', 'bear', 'amazonanimals', 'antarticcircumpolarcurrent', 'hugeanimals', 'eel', 'kangaroocare', 'deepsea', 'cosmology🌌🔭', 'electriceel', 'preemiecare', 'largestinvertebrate', 'giantstarfish', 'baby', 'prematurebaby', 'antarcticbluewhale', 'treescience', 'tree', 'animalfact', 'puns', 'southernocean', 'sciencefact', 'psychology', 'helium', 'astrophysics', 'preemie', 'colossalsquid', 'eclipse', 'solareclipse2024']"
fff.magdeburg,[]
extinctionrebellioncr,[]
xrbrismeanjin,[]
fff.passau,[]
dontpayuk,[]
oliverlarsen328,[]
survivalinternational,"['decolonizeunesco', 'otd']"
littlemissflint,"['flint', 'flintwatercrisis', 'teenvogue']"
annikazion,['stitch']
standingbrowngirlemoji,[]
ecoshika,"['sustainableliving', 'april2024', 'climate', 'earthmonth', 'dc', 'community', 'washingtondc', 'earth']"
drshepherdknows,[]
fffaltkreishalle,[]
theclimateinitiative,[]
helenagualinga,"['ecuador', 'fyp', 'consultapopular', 'foryoupage', 'noalarbitrajeinternacional']"
maxklymenko,"['horseracing', 'quick', 'learnontiktok', 'economics', 'filmreview', 'jobs', 'success', 'europe', 'educational', 'thebeatles', 'liverpool', 'frenchfries', 'interesting', 'careeradvice', 'sports', 'foodreview', 'nato', 'circus', 'legal', 'sportaddict', 'learontiktok', 'cirquedusoleil', 'football', 'uk', 'learnontikok', 'protectthefuture', 'work', 'london', 'vacation', 'thefallguy', '1nato75years', 'corporate', 'vlog', 'forbes', 'gordonramsay', 'rebelmoon', 'belgium', 'idaworks', 'movie', 'job', 'music', 'marketing', 'fastfood', 'history', 'business', 'entrepreneur', 'politics', 'brands', 'gymnastics', 'grandnational', 'careers', 'interesrinc', 'anfield']"
sustainableenergyforall,[]
sophiasmithgaler,"['countrynames', 'poland', 'language', 'florence', 'languages', 'firenze', 'languagelearning', 'italy']"
malalafund,"['malalafund', 'climateaction', 'climatechange']"
hashem.alghaili,[]
who,[]
fao,"['girlsinict', 'faobrief', 'investinwomen', 'greencities', 'genderequality', 'withsudan', 'gaza', 'oneyearsudan', 'worldbookday']"
unicef,"['bts', 'btslovemyself', 'humanlypossible', 'onmymind', 'foreverychild']"
sohlae,"['thatsdazs', 'dazspartner']"
thisishowilook,"['romeoandjuliet', 'hottake', 'messytok']"
nickuhas,"['zeppelin', 'scienceismagic', 'experiment', 'eclipse', 'moon', 'surfing', 'eclipse2024', 'scienceexperiments', 'surfboard', 'mindblowing', 'helium', 'diyproject', 'blimp', 'eclipse2024magic', 'hydrogen']"
astrokirsten,"['sun', 'asteroid', 'movaglobe', 'nasa', 'academic', 'phdlife', 'science', 'zodiac', 'satellite', 'camera', 'interesting', 'apollo', 'tea', 'blackhole', 'solarsystem', 'paper', 'space', 'moon', 'stitch', 'astro', 'constellation', 'lunar', 'milkyway', 'physics', 'gifted', 'askastrokirsten', 'sound', 'nightsky', 'starsigns', 'mercury', 'usa', 'astrology', 'golf', 'astronomy', 'volcano', 'phdstudent', 'solareclipse', 'us', 'greatattractor', 'drama', 'orion', 'eclipse', 'mug', 'phd', 'golfball']"
thealgorythm,[]
encyclopaediabritannica,"['impressionism', 'evolution', 'art', 'science', 'theoffice']"
astro_alexandra,"['spacenews', 'quiz', 'learn', 'alien', 'space', 'nasa', 'history', 'solarsystem', 'galaxy', 'astronomy', 'moonlanding', 'science', 'trivia', 'solareclipse', 'news']"
morethanadodo,"['filmfestival', 'quartz', 'universityofoxford', 'learnontiktok', 'shotfilm', 'filmmaker', 'evolution', 'oxforduniversity', 'rocktok', 'minerals', 'fyp', 'naturalhistorymuseum', 'gemtok', 'crocodile', 'wildlifefilmmaker', 'oxford']"
sejsejlija,"['winter', 'scandinaviansleepmethod', 'groceryshopping', 'svalbard', 'cabin', 'longyearbyen', 'icebath', 'cabinlife', 'scandinavia', 'cabinresetday']"
davejorgenson,[]
annelisethearchaeologist,"['baldursgate3', 'ancientegypt', 'books', 'pyramid', 'tome', 'bones', 'wales', 'ireland', 'bosnia', 'poem', 'creatorsearchinsights', 'cleopatra', 'switzerland', 'mesopotamia', 'germany', 'syria', 'discovery', 'pompeii', 'mystery', 'fabric', 'archaeology', 'ancienthistory', 'lebanon', 'italy', 'london', 'spain', 'egypt', 'fossil', 'games', 'greenscreen', 'travel', 'vikings', 'music', 'writing', 'archaeologytiktok', 'romanempire']"
greenpeace_international,"['climatechane', 'plastics', 'learnontiktok', 'plastic', 'news', 'inflation', 'sustainable', 'profits', 'greatbarrierreef', 'kids', 'stopdrillingstartpaying', 'climatejustice', 'science', 'anxiety', 'sustainability', 'rent', 'climate', 'trend', 'stitch', 'solar', 'humanrights', 'ecoliving', 'hot', 'bangkok', 'capitalism', 'tips', 'money', 'coke', 'climateaction', 'weather', 'environment', 'summer', 'billionaires', 'climateyouth', 'heatwaves', 'sustainableliving', 'heat', 'parents', 'typhoon', 'reuse', 'manila', 'ecofriendly', 'greenscreen', 'globalwarming', 'climatechange', 'climatecrisis', 'coral', 'succession', 'future', 'oceanpollution', 'cleanenergy', 'billionaire', 'ottawa', 'cars', 'economy', 'mentalhealth', 'pollution', 'bigoil', 'privatejet', 'privatejets', 'clinatechange', 'vietnam', 'sustainbility', 'income', 'gas', 'grwm', 'storytime', 'oil', 'qanda']"
greenrupertread,"['climateactionnow', 'xr', 'climatemajority', 'booktok', 'civilwar', 'nature', 'climatetok', 'bluebells', 'podcast', 'carbonemissions', 'rupertread', 'climate', 'pileofshit', 'norfolk', 'climatecrisistiktok', 'china', 'india', 'extinctionrebellion', 'williamblake', 'fossilfuels', 'mandascott', 'ecospirituality', 'somedarecallitconspiracy', 'climatechange', 'climatecrisis', 'climateactivist', 'accidentalgods', 'climatemajorityproject']"
adamemedia,"['society', 'politics']"
israhirsi,[]
davechef53,"['food', 'relaxing', 'crisps', 'indian', 'curry', 'home', 'yummy', 'foryou', 'fyp', 'fup', 'film', '🍕', 'fouryoupage', 'good', 'spicy', 'netflix', 'viralticktok', 'indianfood', 'ticktockfood', 'viral', 'aldifinds', 'enjoy', 'taste', 'chocolate', 'aldi', 'fillets', 'snack', 'amazing', 'vegan', 'fenjoy', 'beer', 'chips', 'freshair', 'feel', 'mindfulness', 'fouryourpage', 'morning', 'homemade', 'nuts', 'bread', 'homecooking', 'enjoyable', 'simple', 'vegatarian', 'foryourpage', 'lasagna', 'full', 'cooking', 'bean', 'summervibes', 'ticktock', 'tea', 'delicious', 'fire', 'supper', 'sunday', 'relax', 'peas', 'country', 'countryside', 'peaceful', 'italian', 'pie', 'pizza', '❤️', 'garden', 'love', 'follow', 'peace', 'airfryer', '👍🏻', 'eating', 'vegetarianfood', 'fooryou', 'tasty', 'cod', 'family', 'vegetarian', 'walk', 'potato', 'action', 'meal', 'healthy', 'life', 'fish']"
ecowithrada,"['climateactionnow', 'pollinatorgarden', 'fermentedfood', 'wildlifeconservation', 'gardeningtips', 'ethicalconsumerism', 'conservationheroes', 'veganfood', 'sustainabilitymatters', 'floralhabitat', 'zerowaste', 'environmentallyfriendly', 'stopwaste', 'kitchengarden', 'growyourownveggies', 'homegardening', 'ecofriendlykids', 'wholefoods', 'healthyplanet', 'greenrevolution', 'homesteadkitchen', 'sustainablelifestyle', 'nutritiousfood', 'fyp', 'diyrecipes', 'holistichealth', 'luffa', 'earthmedicine', 'naturalremedies', 'protectourplanet', 'probiotic', 'beefriendlygarden', 'diygarden', 'naturallyhealthy', 'recycledmaterials', 'healthylifestyle', 'earthday', 'style', 'homemadeisbest', 'vegandesert', 'homegrowningredients', 'organic', 'foraging', 'greenthumb', 'eatwild', 'consciousliving', 'earthfriendly', 'allotment', 'wastefree', 'summerstyle', 'organicgardening', 'ecowarrior', 'homemadesyrup', 'allotmentlife', 'sustainablebrand', 'happygut', 'plantbased', 'wildcrafting', 'selfsufficiency', 'wastefreeliving', 'wastefreeplanet', 'luffagrowing', 'backyardharvest', 'vegan', 'ecowarriors', 'environmentaljustice', 'eatclean', 'nutrientdense', 'outdooradventures', 'lowwaste', 'ecofriendlyliving', 'ecoliving', 'flowerpower', 'gardening', 'gutfriendly', 'naturelove', 'climateaction', 'sustainableliving', 'guthealingfood', 'vegandessertrecipes', 'herbalism', 'lowwastelifestyle', 'footwear', 'sustainablefashion', 'foodwaste', 'healthyeating', 'wildfood', 'stopfoodwaste', 'gardentotable', 'medicinalplants', 'digestivehealth', 'plantbasedliving', 'sustainablelife', 'naturalingredientsonly', 'ecoconscious', 'simplecooking', 'allotmentsoftiktok', 'lowimpactmovement', 'homegrownfood', 'homemadefood', 'homemadecake', 'edibleplants', 'plasticfree', 'herbalmedicine', 'nutritioussyrup', 'rhubarb', 'environmentalawareness', 'wildflowergarden', 'dandelionhoney', 'healthybaking', 'foryourpage', 'ecotip', 'nourishyourself', 'sustainability', 'plantsofinstagram', 'allotmentgardening', 'ecotips', 'homemadegoodness', 'planetcare', 'plasticfreeliving', 'saola', 'urbanfarming', 'growyourown', 'guthealth', 'nettles', 'healthyrecipes', 'wildedibles', 'cookingfromscratch', 'nativespecies', 'biglifesmallfootprint', 'foodsaving', 'wildcrafted', 'gardenforbees', 'lovefoodhatewaste', 'forcedrhubarb', 'gardenhacks', 'earthdayeveryday', 'homegrown', 'lowwasteliving', 'healthyliving', 'biodegradable', 'guthealthmatters', 'veganfashion', 'growingpotatoes', 'homebrewing', 'natureiscalling', 'thriftedfinds', 'botanical', 'tipsandtricks', 'ecocommunity', 'comfort', 'naturalsweetener', 'flavorfulcreations', 'plantpower', 'allotmentlife🌱', 'sustainabilityjourney', 'gutbalance', 'kitchencreations', 'springrecipes', 'bloominggarden', 'plantsmakepeoplehappy', 'lowwastekitchen', 'naturelovers', 'diyfoodie', 'natureeducators', 'rhubarbrecipes', 'allotmentlove', 'foragingforfood', 'gratitude', 'consciousconsumer', 'plantcare', 'foodfacts', 'selfsufficient', 'lowimpactliving', 'allotmentgardeninguk', 'veganrecipes', 'foodwastewarrior', 'fypシ゚viral', 'reducereuserecycle', 'ecogarden', 'planetguardians', 'natural', 'environment', 'ukgardening', 'savethebees', 'plantbasedfood', 'beehaven', 'kefirwater', 'outdoorkitchen', 'plantmedicine', 'greeneconomy', 'organiclifestyle', 'ecofriendly', 'pollinatorfriendly', 'urbangardening', 'healthychoices', 'backtonature', 'growyourownfood', 'greenliving', 'globalcitizen', 'reducewaste', 'allotmentuk', 'gutflora']"
its.up.2.us,[]
save.the.earthhhhhh,[]
dr.katharine,[]
nowthis,"['caitlinclark', 'food', 'aquarenasprings', 'lessonlearned', 'lifeadvice', 'nike', 'nasa', 'quicktrips', 'planes', 'ecuador', 'womenempowerment', 'carfire', 'inspiration', 'rescue', 'watchthis', 'ncaabasketball', 'fashion', 'entertainment', 'sports', 'highway', 'freebritney', 'jockstrap', 'tylercameron', 'space', 'sportsbra', 'celebrities', 'beyoncé', 'monkeyman', 'meta', 'karma', 'india', 'britneyspears', 'ncaa', 'countrymusic', 'jojosiwa', 'robots', 'texas', 'flying', 'traveltips', 'africa', 'blackartists', 'technology', 'iowa', 'olympics', 'minnesota', 'totality', 'womeninsports', 'movie', 'travel', 'solareclipse', 'ai', 'popmusic', 'advice', 'paris', 'running', 'lifestyle', 'cowboycarter', 'goinghomewithtylercameron', 'amusementpark', 'rosietheriveter', 'lgbtq', 'spaceexploration']"
luisamneubauer,"['euelections', 'klimatok', 'europa', 'reclaimtiktok', 'trainlove', 'climatecrisis']"
unitednations,"['sudan', 'unitednations', 'vaccines', 'fyp', 'gaza', 'middleeast']"
eddaemilie,[]
rainbowhistoryclass,"['lgbtqtiktok', 'jkrowling', 'lesbiansoftiktok', 'lesbianvisibilityweek', 'taylornation', 'queertiktok', 'tswift', 'girlswholikegirls', 'ikea', 'libsoftiktok', 'lgbt', 'tarot', 'ttpd', 'karma', 'fyp', 'relatable', 'transgender', 'money', 'harrypotter', 'friends', 'jojosiwa', 'taylorswifttok', 'blahaj', 'historytok', 'spirituality', 'occult', 'ikeahack', 'conservative', 'funny', 'trans', 'finance', 'music', 'taylorsversion', 'history', 'facts', 'timetravel', 'taylorswift', 'lgbtq', 'funnyvideos', 'opinion', 'manifest']"
robintrancomedian,"['families', 'vietnamese', 'vietnam', 'standupcomedy', 'italians', 'funny', 'standup', 'vietnamwar', 'asianaccent', 'transgender', 'asian', 'italianaccent', 'italian', 'heckler', 'trans']"
jtfirstman,[]
unitednationsvolunteers,"['volunteering', 'unv', 'worldhealthday', 'dayinthelife', 'comewithme', 'unicef', 'ofcoursechallenge']"
unpeacekeeping,[]
1unicefafrica,[]
unccd,[]
co2action,[]
varyify,[]
schwulesmuseum,"['wiccan', 'queer', 'fashion', 'paragraf218', 'witch', 'berlin', 'period', 'feminism', 'lgbtqia', 'museummoment', 'mindful', 'museum', 'abtreibung', 'swork', 'historian', 'herstory', 'sworker', 'witchcraft', 'accountant', 'history', 'sworkers']"
nogalevyrapoport,[]
tessplease,"['costco', 'communication', 'losangeles', 'unrequitedlove', 'learningisfun', 'costcotiktok', 'podcast', 'fitness', 'burnout', 'sophisticated', 'attractive', 'insecure', 'eclipse2024', 'joke', 'friendbreakup', 'sketch', 'relationships', 'dating', 'heartbreak', 'boundaries', 'breakup', 'workout', 'smart', 'pilates', 'greenscreen', 'solareclipse', 'coachella', 'solareclipse2024', 'men', 'romance', 'toxicworkplace']"
lizzo,"['yittypartner', 'duet', 'stitch', 'grwm']"
eshutunes,"['mononeon', 'eshutune']"
iamlagigi,[]
sam_reich,"['sketchcomedy', 'doorbell', 'dropouttv', 'funny', 'gamechanger', 'montypython']"
climate.change.action,[]
