Username,Hashtags
selenagomez,[]
girlup,"['bookstagram', 'worldbookday', 'books', 'girlup', 'genderjustice', 'reading', 'watchasay???', 'climate', 'earthday']"
itscamerinkindle,"['slime', 'asmr', 'heybike', 'love', 'family', 'foryou', 'casetify', 'fyp', 'baby', 'couplegoals', 'pregnant', 'reels', 'casetok', 'funny', 'couple', 'explore', 'casetifypartner']"
raficomedian,"['jokes', 'standup', 'standupcomedy']"
melpowelson,[]
shopcontradesign,"['unboxingvideo', 'partyfavors', 'supportsmallbusiness', 'customstickers', 'beadedjewelry', 'shopsmallbusiness', 'packanorderwithme', 'packagingsupplies', 'smallbizlove', 'smallbizlife', 'smallbizsupplies', 'smallbusinessmusthaves', 'workfromhome', 'wfhlife', 'packanoderwithme', 'giftideas', 'graduationday', 'personalizedgifts', 'smallbusinessowner', 'namesticker', 'customlabels', 'giftsforher', 'deskterior', 'packagingorders', 'desksetup', 'labels', 'deskdecor', 'goodiebags', 'graduationoutfit', 'birthdaystickers', 'giftguide', 'smallbiztipsandtricks', 'classof2024', 'smallbusinesscheck', 'smallbusinessstickers', 'stationeryaddict', 'packingasmr', 'wfhvlog', 'beadedbracelets', 'deskaesthetic', 'personalizedstickers', 'packingstation', 'deskgoals', 'packageanorderwithme', 'stickershop', 'shopsmall', 'graduationdecor', 'stationeryshop', 'smallbizsquad', 'wfhcheck', 'cozyaesthetic', 'cozysetup', 'unboxing', 'packagingasmr', 'graddecor']"
dalilaumutoninass,[]
annatwinsies,"['twosetsoftwins', 'kidsoftiktok', '2setsoftwins', 'fyp', 'bahamas', 'summervacation', 'momsoftiktok', 'bigbrother', 'momof4', 'twins', 'telepathy', 'toddlers', 'dadsoftiktok', 'familytravel', 'momlifebelike', 'travelvlog', 'exuma', 'identicalvsfraternal', 'matchingoutfits', 'twinmom', 'kids', 'brothersister', 'identicaltwins', 'momhumor', 'summerbreak']"
alkemistorganics,[]
younesfamily,"['marriagehumor', 'funnykids', 'yummyfood', 'parentinghumor', 'foodtiktok', 'kidsoftiktok', 'foryoupage', 'dadvsmom', 'foryou', 'cookingtiktok', 'lifewithkids', 'targetfinds', 'fyp', 'yummy', 'younesfamily', 'momsoftiktok', 'suscatering', 'wifeycooking', 'wifecooking', 'funny', 'lol', 'bestwife', 'birthdaysetup', 'laughs', 'outdoorlife', 'parenting', 'marriage', 'babytok', 'momof4', 'capcut', 'babyhumor', 'isitspringyet', 'marriagelife', 'momlife', 'momstruggles', 'comedy', 'wifeybelike', 'lebanesefood', 'lovemywife', 'relatablecomedy', 'mommylife', 'fortnitetheme', 'funnyvideo', 'mommyhumor', 'fatherandson', 'target', 'parentingproblems', 'kidshumor', 'marriedlife', 'dadlife', 'dadhumor', 'humor', 'dadstruggles', 'wifelife', 'momlifebelike', 'funnytoks', 'fortnite', 'justforfun', 'dadandson', 'dadproblems', 'funnyvideos', 'bdayboy', 'mommylifestyle', 'viral', 'deliciousfood', 'foodtok', 'crawlingbaby', 'wifeylife', 'tiktokfamily', 'mommyof4', 'sonproblems', 'babycrawling', 'thedad', 'foodie']"
drpenking,[]
answer778800,"['直播探險', '晚安小雞', '廢墟探險']"
mooyamusunga,"['funny', 'dance', 'nofear', 'amapiano', 'relatable', 'tshwalabami', '2020', 'dejloaf', 'funk99']"
therealcalebmclaughlin,[]
rahmatrahmeh,[]
uae.nation,"['المنخفض_الجوي', 'العيد', 'uaenation', 'الإمارات_ترحب_بسلطان_عمان', 'عقارات_دبي', 'منخفض_الهدير', 'uae', 'عقارات', 'دبي', 'السيوح', 'رمضان', 'عمان_منا_ونحن_منهم', 'عقارات_للبيع', 'جميرا', 'عيدكم_مبارك', 'الإمارات', 'الهند', 'dubai', 'أبوظبي', 'سندكم', 'عيد_سعيد', 'عمان', 'التأمين', 'الأمطار', 'العمل', 'عيد', 'كلباء']"
unicefthailand,"['songkranday', 'safezone', 'friendofunicef', 'everychildcanread', 'happysongkran', 'familyday', 'education', 'reel']"
zeeliciousfoods,"['eatright', 'travellifestyle', 'eatforgood', 'skinglow', 'celebrations', 'lovelanguage', 'mindset', 'selfcare', 'viraltiktok', 'eatinghealthy', 'healthylifestyle', 'weekday', 'travelblog', 'weightgoals', 'wiead', 'healthymeals', 'weightlossjourney', 'gift', 'lifestyle', 'healthyrecipes', 'greekyogurtrecipes', 'michandkay', 'mealplan', 'gymtimeworkout', 'happygirl', 'wieiad', 'weightloss', 'mealprep', 'recipes', 'mondayvibe', 'zeeliciousfoods😋', 'weightlosstransformation', 'foodie']"
lola_lolypoo,[]
theodigiebrothers,"['acting', 'capcut', 'alllove', 'leahhalton', 'fyp', 'tobtwins', 'foodchallenge', 'funny', 'establish']"
maddie.east,"['glassskin', 'organization', 'sponsored', 'fyp', 'koreansunscreen', 'somebymi', 'vanity', 'ads', 'asmr', 'hellokitty', 'sanrio', 'makeupcollection', 'yesstyle', 'koreanskincare', 'organize', 'v10hyalairfitsunscreen', 'sunscreen', 'kbeauty', 'skimcareroutine', 'kbeautymakeup', 'thewoobles', 'unboxing', 'makeup']"
sdgaction,[]
jeremylynch,"['touch', 'ad', 'jaysjourney', 'KungFuPanda4', 'football', 'experiencesoneva', 'toystory', 'adobeexpresspartner', 'sonevajani', 'discoversoneva', 'phone', 'sonevafushi', 'couple', 'soccer', 'asos', 'wheresthelie']"
tyshonlawrence,"['razr', 'flipthescript', 'doordash_partner']"
eastcoastdiy,['disastertodreamhome']
thecarlinfamily,"['nails', 'parenthack', 'surprise', 'grwm', 'trending', 'targetfinds', 'fyp', 'thecarlins', 'funny', 'bigbrother', '1900parkfare', 'homedecortips', 'badword', 'momlife', 'aveenopartner', 'story', 'homedecorideas', 'couplegoals', 'shoppingspree', 'reaction', 'wholesome', 'disneyeats', 'toddlers', 'mom', 'toddlersoftiktok', 'son', 'bigsister', 'bloompartner', 'family', 'cutetoddler', 'dadlife', 'dad', 'football', '4u', 'birthday', 'HomeMakeOver', 'pov', 'slinkydog', 'blessed', 'viral', 'cutebaby', 'hack', 'athomewithcastlery', 'trend', 'parentlife', 'rollercoaster', 'foodchallenge', 'girldad', 'siblings']"
edwarnyc,"['timessquare', 'viral', 'fyp', 'klikphotography']"
nasdaily,[]
sheleadsafrica,"['slayyourcareer', 'nigeria🇳🇬', 'jobtip', 'slalevelupprogram', 'femalegraduates', 'sheleadsafrica', 'sla', 'slayyourbusiness', 'motherlandmogul', 'motherlandmoguls', 'femaleemployment']"
eika_atikaa,"['tinyhome', 'aestheticvideos', 'myfood', 'sahur', 'littlelife', 'ramadanvlog', 'cookwithlove', 'cottagecore', 'ramadanvibes', 'slowliving', 'aestheticcooking', 'inmykitchen', 'simplebreakfast', 'cottagecoreaesthetic', 'homevlog', 'slowlife']"
wildcookbook,"['avurudurecipes', 'tiktokcookbook', 'wildcookbook', 'sunquick', 'iftardrinks']"
lilliegracep,"['ootdinspo', 'londonoutfits', 'ootn', 'outfitideas', 'springoutfit', 'outfitinspo', 'london', 'ootd']"
lgndfrvr,"['relationship', 'marriedlife', 'trending', 'fyp', 'couplegoals']"
english.nbb,[]
afrobysara,"['شاركها_الرعاية', 'dubai', 'momlife', 'dubai🇦🇪', 'ShareTheCare', 'backtoschool']"
jadapinkettsmith,[]
lilrayrayofficial,[]
layallure,"['grwm', 'urbandecay', 'targetfinds', 'makeuptutorials', 'makeuprecomendation', 'skincareproducts', 'sephora', 'asmrskincare', 'makeuptips', 'sephorasale', 'dovepartner', 'hospitalbagformom', 'sephorahaul', 'skincaretips', 'dovelove', 'newbornessentials', 'asmrmakeup', 'targetstyle', 'makeuptutorial', 'makeupproducts', 'affordablemakeup', 'makeuphacks', 'hospitalbagessentials', 'makeuphack', 'settingspray', 'bodycareroutine', 'hospitalbagforbaby', 'urbandecaypartner', 'cocokindpartner', 'viralmakeup', 'grwmskincare', 'skincareroutine', 'satisfyingsounds', 'hospitalbag', 'newborn', 'pregnancy', 'pregnant', 'drugstoremakeup', 'babyhospitalbag', 'makeuptok', 'udallnighter', 'grwmmakeup']"
happykelli,"['paramountpartner', 'littlestpetshop', 'sportsmode', 'behindthescenes', 'baby', 'bassinet', 'lindtcontest', 'crocs', 'bobbletothebeat', 'lpspartner', 'lindtbeyondwords', 'lindtpartner']"
moyadavid1,['moyadavid1']
kandicebreinholt,"['restock', 'satisfying', 'oddlysatisfying', 'organizedhome', 'snackbreak', 'asmr', 'momlife', 'cleantok', 'snackhacks', 'pokebowl', 'healthyrecipes', 'springvibes', 'snackbox', 'sahmmomlife', 'mealprep', 'veggies', 'CookWithMe', 'spring', 'asmrsounds']"
joshotusanya,"['mentalhealth', 'ad', 'fakepeople', 'productive', 'disliked', 'conversation', 'healthyhabits', 'uncomfortabletruths', 'mentalhealthawareness', 'tiktoktaughtme', 'wisdom', 'alonetime', 'happiness', 'joshosays', 'tired', 'habits', 'mentallydrained', 'burntout', 'introverts', 'skincare', 'confidence', 'selfconfidence', 'productivityhack', 'confident', 'bodylanguage', 'cdphpartner', 'selfconfidencetips', 'makingfriends', 'supportnotstigma', 'conversations', 'lifelessons', 'socialskills', 'introvertsbelike', 'productivity', 'introvert', 'meanpeople', 'recharge', 'fakenice']"
ayomideadeduro,"['capcut', 'darkskinmakeup', 'creatorsearchinsights', 'naturalhairstyles', 'blackgirlmakeup']"
jordannamorandin,"['wifey', 'stayathome', 'outfitideas', 'housereset', 'size12', 'homebody', 'stayathomewife', 'size10', 'midsize', 'sahw']"
xoteam,"['dateoutfit', 'temuhaul', 'viral', 'temucodes']"
veiledcollection,"['abaya', 'modestfashion', 'modalhijab', 'modestfashioninspo', 'veiled', 'hijab', 'eid', 'ootd']"
greenrepublicfarms,[]
enioluwa,"['agbada', 'allofustheseries', 'moreofthespotlight', 'nosleep', 'beans', 'cameroomtiktok🇨🇲']"
designwithrebekah,[]
andy.and.michelle,"['couple', 'relatable', 'relationship', 'andyandmichelle']"
theoneshu,"['asian', 'labigo', 'poses', 'galleryshoot', 'photoshoot', 'bestfriend', 'behindthescenes', 'makeupartist', 'struggleisreal', 'trusttheprocess', 'myapahmstory', 'bluemonday', 'friends', 'bts', 'breakfast', 'sister', 'haircare', 'relationshipgoals', 'comedy', 'couplecomedy', 'sisters', 'swifttok', 'chubbycattle', 'birthdayparty', 'taylorswift', 'imjustagirl', 'boyfriend', 'hidechallenge', 'photography', 'skincare', 'weho', 'babyshu', 'queenvioletweho', 'skit', 'sibling', 'pescatarian', 'birthday', 'asianbarbie', 'freezechallenge', 'ofcourse', 'forafortnightchallenge', 'couple', 'fortnight', 'fiveblinddates', 'food', 'heymommymommy', 'part5', 'trend', 'LivingProof', 'ttpd', 'wereasian', 'nearlyfinished', 'siblings', 'siblingday', 'foodie']"
melissametrano,[]
lovesoreal,"['marriagehumor', 'plantlife', 'nasa', 'vitamins', 'memories', 'couplescomedy', 'tbt', 'following', 'relationshipgoals', 'faces', 'reality', 'mybestfriend', 'thedoncesar', 'guysbelike', 'marriedlife', 'embarrassing', 'eatingchallenge', 'couples', 'oldschool', 'food', 'tips', 'kitchenhacks', 'eclipse', 'foodchallenge', 'mymotivation', 'multivitamin', 'disappointed', 'marriage', 'loveofmylife', 'couplecomedy', 'photooftheday', 'goodmorning', 'couplegoals', 'family', 'relatable', 'married', 'pool', 'houseplant', 'sunglasses', 'shopping', 'couplestiktok', 'familyfirst', 'handsome', 'fun', 'funny', 'actinglikemywife', 'myfamily', 'clean', 'love', 'throwback', 'menshealth', 'girlsbelike', 'comedy', 'floridalife', 'cleaning', 'expectationvsreality', 'content', 'plantsoftiktok', 'couplestherapy', 'vs', 'sleeping', 'ugly', 'zzplant', 'flirting', 'husbandwife', 'plants', 'coupleschallenge', 'update', 'husbands', 'women', 'jokes', 'plantlover', 'clueless', 'plant', 'plantmom', 'babysitting', 'throwbackthursday', 'couplepranks', 'ikea', 'watchmyhusband', 'cleantok', 'iloveyou', 'diy', 'staycation', 'plantsmakepeoplehappy', 'reaction', 'reallife', 'prank', 'motivationalquotes', 'humor', 'flashback', 'cute', 'pov', 'couple', 'influencer', 'funnyvideos', 'rockpaperscissors', 'relatble', 'houseplants', 'relationships', 'totaleclipse2024', 'filter', 'solareclipse']"
briannaancheta,"['desserttiktok', 'packingcubes', 'packwithmeforvacation', 'sephoramusthaves', 'targetfinds', 'recipesoftiktok', 'easydessertrecipe', 'satisfying', 'targethaul', 'unpackwithme', 'organizedhome', 'asmrorganizing', 'vacationmode', 'recipevideo', 'prevacayprep', 'guestbathroom', 'unpackingasmr', 'asmr', 'hotelunpacking', 'organizewithme', 'targetmusthaves', 'prevacationprep', 'sephorasale', 'sephorashopping', 'haircare', 'packinghacks', 'easysnack', 'ultahaul', 'restockasmr', 'guestbathrestock', 'restockguestbathroom', 'sephorahaul', 'organizingtiktok', 'makeup', 'hawaii', 'mangostickyrice', 'makeupfavorites', 'asmrrestock', 'vacation', 'mango', 'bathroomorganization', 'makeupmusthaves', 'asmrorganization', 'vacationprep', 'recipe', 'asmrpacking', 'haircareproducts', 'vacationshopping', 'ultashopping', 'amazontravel', 'sephorasavingsevent', 'targetshopping', 'vacayprep', 'mangodessert', 'hairproducts', 'packwithmeforatrip', 'easysnackideas', 'organizebathroom', 'sephora', 'dessertrecipe', 'packwithme', 'targetbeauty', 'packingtips', 'amazontravelessentials', 'asmrsounds']"
_catben_,"['boggbag', 'sleeplessnight', 'restock', 'boysroom', 'daughtersroominspo', 'amazonfind', 'yeti', 'bathroomcleaning', 'homeoffice', 'amazonfinds', 'satisfying', 'nerf', 'vanity', 'closetorganization', 'organizedhome', 'cadillacescalade', 'asmr', 'cleaningmotivaton', 'momlife', 'cleantok', 'bakingasmr', 'bedroomrefresh', 'organziedhome', 'vanitysetup', 'carcleaning', 'ocedarpartner', 'sportsmom', 'chocolatechipbananabread', 'avengers', 'organzied', 'newvanity', 'ocedarcleansquad', 'ovendeepclean', 'doitwithhart', 'hartpartner', 'livingroomreset', 'gamingsetup', 'springrefresh', 'makeupvanity', 'laundrytok', 'foodie', 'laundryroom', 'deepclean', 'officerefresh', 'unboxing', 'thatgirl', 'daughtersroommakeover', 'vanityorganization', 'afterdark', 'powderbathroom', 'cleanwithme', 'livingroomdecor', 'motivation', 'packwithme', 'laundrymotivation', 'springcleaning', 'saturdayvibes', 'carrestock']"
simplefood4you,[]
lingandlamb,"['ad', 'godisnotdone', 'doubles', 'fun', 'funny', 'jamaica', 'games', 'love', 'trinidad', 'godisnotdoneprisontour', 'comedy', 'genz', 'lingandlamb', 'homegoods', 'prison', 'youtube', 'ct', 'music', 'prisonvisit', 'furby', 'slingshot', 'challenge', 'couple', 'food', 'trivia', 'giveback', 'eclipse', 'trend', 'trinidadandtobago🇹🇹', 'foodingandlamb', 'makeup']"
hafsaaceali,"['eidmubarak', 'fy', 'viral', 'foryou', 'more', 'follow', 'fyp', 'الشعب_الصيني_ماله_حل😂😂']"
thefurrhafamily,"['motherinlaw', 'wedding', 'sisterinlaw', 'viral', 'fypシ', 'foryoupage', 'family', 'foryou', 'beforeandafter', 'fyp', 'jetski', 'grandma', 'fun', 'gifts', 'funny', 'eid']"
abir.sag,"['eidmubarak', 'morroco', 'المغرب', 'tiktokcookbook', 'afghandress', 'nature', 'abirzkitchen', 'afghantiktok', 'traveltiktok', 'mantu', 'eidpreps', 'palestine', 'ramadan2024', 'afghanistan']"
tiamowry,"['walmartpartner', 'stitch']"
smarthome008,[]
tiwasavage,[]
netflix,"['youngroyals', 'austok', 'netty', 'deadboydetectives', 'grwm', 'buyinglondon', 'netflix', 'thegentlemen', 'booktok', 'netflixisajokefest', 'BRIDGERTON', 'bridgertoninbowral', 'anime', 'jurassicworld', 'motherofthebride', 'unfrosted', 'fearstreet']"
greatvado,['showa']
bayashi.tiktok,"['asmr', 'tiktokfood', 'lifehack']"
muazmohd,[]
lovecait,[]
christianandchloemusic,[]
celinedion,[]
gloss,"['trees', 'italy', 'foryou', 'nike', 'reebok', 'tree', 'science', 'fyp', 'sweets', 'istanbul', 'crabsticks', 'louisvuitton', 'foodporn', 'cheese', 'illusion', 'bluecheese', 'iraq', 'dessert', 'camels', 'reebokornike', 'ragag', 'tbone', 'omurice', 'streetart', 'nature', 'krasota', 'meat', 'cooking', 'queen', 'erbil', 'rice', 'art', 'vibrations', 'sport', 'restaurant', 'corona', 'animals', 'falafel', 'turkey', 'painting', 'craft', 'chocolate', 'coach', 'isitart', 'hairstyle', 'rythmofthenight', 'immersive', 'hair', 'mrsuperwow', 'steak', 'shoes', 'food', 'vintage', 'bohemianrhapsody', 'tiramisu', 'dubai', 'camel', 'michelinstar', 'airforce1', 'onelette', 'crab', 'knitting', 'friedrice', 'gymnastics', 'australia', 'bellydance', 'fish', 'kicks', 'bread']"
careervidz,"['interviewtips', 'interviewskills', 'manager', 'career', 'careervidz', 'managersbelike', 'careertiktok', 'jobinterview', 'careertok', 'jobinterviewtips', 'tellmeaboutyourself', 'richardmcmunn', 'introducemyself', 'interviewquestions', 'management']"
ckay_yo,[]
chelseafc,"['chelseafc', 'premierleague', 'cfc', 'gallagher', 'cheeve', 'colwill', 'thiagosilva', 'highlights', 'mclaren', 'colepalmer', 'plinnashville', 'chemun', 'jackson', 'cheavl', 'palmer', 'wembleystadium', 'landonorris', 'chukwuemeka', 'disasi', 'emiratesfacup']"
thefunoftiedye,[]
temiotedola,[]
zahir_009,"['hairstraighteningcomb', 'tiktokfashion', 'home', 'markerpen', 'mensfashion', 'fun', 'wirelesscarcharger', 'summerdress', 'dehumidifier', 'phone', 'earbuds', 'summer', 'itel', 'dualtipbrushpen', 'games', 'waterbottle', 'artmarkers', 'baseusearbuds', 'giftideas', 'comedy', 'womenclothing', 'portable', 'art', 'summerclothes', 'wireless', 'androidtablet', 'portableaircompressor', 'carholder', 'digitalcamera', 'magneticcarphoneholder', 'springsale', 'modestwear', 'pritomtablet', 'tiktokshopfashion', 'p55plus', 'funtime', 'aircompressor', 'swan', 'tablet', 'sale', 'smartkettle', 'baseus', 'familytime', 'funnyvideos', 'abaya', 'swansmartkettle', 'floraldress', 'fungamestoplay', 'sports', 'tiktokmademebuyit', 'ssuction', 'budgettablet', 'wirelesshairstraightener', 'flashsalefriday', 'teamzahir']"
qeenah,"['for', 'viral', 'foryoupage', 'sallah', 'foryou', 'beauty', 'fyp', 'viralvideo']"
donjazzy,[]
wofaifada,[]
tarajipehenson,[]
taaooma,['taaooma']
dw.science,"['datascience', 'ozempic', 'ozempicweightloss', 'tallguys', 'psychology', 'tobacco', 'plasticpollution', 'nasa', 'nicotine', 'pikachu', 'smoking', 'solareclipse2024', 'cat', 'bonding', 'april', 'weather', 'anxiety', 'microplastics', 'breakup', 'height', 'musiclyrics', 'eclipse', 'morningmotivation', 'animalsoftiktok', 'catlover', 'plane', 'catsoftiktok', 'spring', 'weathertok', 'techtok', 'mentalhealth', 'planes', 'biology', 'heterochromia', 'science', 'wegovy', 'dopamine', 'raplyrics', 'boeing', 'snus', 'sportsdrink', 'taller', 'nicotinepouche', 'aprilweather', 'extinct', 'sciencefacts', 'genz', 'ship', 'humanbody', 'addiction', 'alpha', 'dwhealth', 'totaleclipse', 'dinotok', 'springweather', 'deinotherium', 'relationship', 'eclipseglasses', 'ozempicbaby', 'eyeprotection', 'globalwarming', 'solar', 'stereotypes', 'sea', 'sciencetok', 'technology', 'paleontology', 'millennial', 'stemtok', 'cattok', 'bettingpredictions', 'pregnancy', 'morph', 'socialanxiety', 'energydrink', 'vessel', 'airport', 'panamatiktok', 'healthyliving', 'brokenheart', 'bigsmile', 'elephant', 'shipping', 'healthyhabits', 'dopaminedetox', 'teethcare', 'rainyseason', 'drought', 'electricshock', 'music', 'breakuptok', 'predicting', 'semaglutideforweightloss', 'morningroutine', 'pixelart', 'bodyfeatures', 'bet', 'health', 'fdaapproved', 'weightloss', 'gad', 'travel', 'panamacanal', 'lowdopaminemorning', 'mentalhealthmatters', 'astronomy', 'howrare', 'evolution', 'edutok', 'exercisetips', 'airplane', 'heterochromiaeyes', 'coin', 'lyrics', 'radiation', 'scienceexperiments', 'sealife', 'climate', 'sportstiktok', 'toothless', 'tusk', 'traffic', 'hitsdifferent', 'charge', 'prehistoric', 'bodyfacts', 'bones', 'tech', 'dwscience', 'learnontiktok', 'songs', 'plastic', 'musicscience', 'invisibilitycloak', 'mounjaro', 'cuttlefish', 'songlyrics']"
mrohwerkahlmann,[]
yalgannabi,[]
frauspaeth,[]
alvin0vic,[]
fahadmarsoo,[]
estebanepardo,[]
jonma22,[]
_lukashansen,[]
hatimanati,[]
dw_nesia,"['indonesia', 'dwsports', 'prancis', 'kerja', 'lingkungan', 'mesinpenjualotomatis', 'inklusi', 'kesehatan', 'euromaxx', 'lintasagama', 'gadget', 'dw_euromaxx', 'plastik', 'sengketapilpres2024', 'planeta', 'undangundang', 'sungaiseine', 'skotlandia', 'tradisi', 'gajahafrika', 'dwdigital', 'kopisunyi', 'pengungsirohingya', 'toilet', 'gajah', 'jerman', 'air', 'jokowi', 'prabowo', 'kebijakan', 'pemerintah', 'u23', 'gula', 'pialaasia', 'krismon', 'rekomendasi', 'negara', 'alasan', 'puramangkunegaran', 'tentara', 'dwnews', 'inovasi', 'awan', 'erp', 'feminisme', 'mayday', 'sampah', 'reboisasi', 'bisnis', 'pilpres2024', 'seine', 'muslim', 'bumi', 'investasi', 'dwnesia', 'agama', 'panjattali', 'vihara', 'ekonomi', 'lebaran', 'beacukai', 'pangan', 'tur', 'diplomasi', 'dwstories', 'sidangisbat', 'menkeu', 'timnasindonesia', 'genz', 'apple', 'unieropa', 'dwhealth', 'mangkunegaran', 'pemilu2024', 'prabowogibran', 'pilpres', 'transisi', 'penyandangdisabilitas', 'hutan', 'banjir', 'gim', 'kartini', 'eropa', 'pekerjaan', 'uzbekistan', 'bansos', 'kentut', 'wni', 'plestina', 'oecd', 'kpu', 'banjirdubai', 'ramadan', 'kewarganegaraan', 'indonesiafresh', '4bmovement', 'dwplaneta', 'masadepan', 'presiden', 'desatrunyan', 'geologis', 'diaspora', 'cuaca', 'maruararsirait', 'buruh', 'asean', 'mokgweetsimasisi', 'amerikaserikat', 'rupiah', 'ramahlingkungan', 'jupiter', 'ied', 'alien', 'misogini', 'fotokopi', 'dollar', 'bali', 'perubakaniklim', 'asmr', 'peristiwageologis', 'haribumi', 'iedmubarak', 'mudik', 'takjil', 'gaza', 'luhut', 'singapura', 'denyut', 'belanja', 'dwramadan', 'pemakaman', 'hariburuh', 'gayahidup', 'sepakbola', 'gugatan', 'ai', 'matauang', 'dwbusiness', 'ilegal', 'olympic', 'botswana', 'penerbangan', 'kemlu', 'bantal', 'teknologi', 'istana', 'minum', 'hariburuhsedunia', 'hubunganinternasional', 'dubai', 'aceh', 'bea', 'imam', 'olimpiade', 'rohingya', 'pesawatlistrik', 'israel', 'smartphone', 'bahasaisyarat', '1mei', 'paris', 'harikartini', 'luarangkasa', 'idulfitri', 'roti', 'bangunan', 'sdm', 'makan', 'koreaselatan', 'hariraya', 'persahabatan', 'wapres', 'pesawat', 'supermarket', 'rabbi', 'mahkamahkonstitusi', 'puasa', 'transpuan', 'tidursiang', 'acehbarat', 'toleransi', 'analysis', 'perempuan', 'uea', 'komputer', 'deepfake', 'influencer', 'hannovermesse', 'melayang', 'dwscience', 'unjukrasa', 'hidupdijerman', 'matamata', 'olimpiadeparis', 'buruhpabrik', 'cukai']"
misteraceedee,[]
heather.hupp,[]
padiborealis,[]
kiyosusan,[]
tati_thespy,[]
echonaut.science,[]
supersteinii,"['foryoupage', 'motorcycle', 'foryou', 'fyp', 'racing']"
areyouhapppy,"['peaceispossible', 'howtobehappy', 'dialoguenotargument', 'greenerylove', 'outdoorlife', 'youarestrong', 'nonprofitimpact', 'mentalhealthawareness', 'griefsupport', 'globalunity', 'natureheals', 'volunteering', 'religion', 'youareloved', 'searchforcommonground', 'inspiringvoices', 'peacetalks', 'resilience', 'meaningfulmoments', 'journeytopeace', 'sanfranciscoparks', 'dailyreflection', 'charityforchange', 'innerpeace', '30daysofpeace', 'disasterrelief', 'areyouhappy', 'helpingkidsthrive', 'perspectivegains', 'FindingJoy', 'lifeadvice', 'favoritecolorgreen', 'hopeforpeace', 'joyinsimplicity', 'soulfuldonations', 'inspirationalstories', 'worldpeace', 'newbeginnings', 'happinessjourney', 'healingjourney', 'peacefulplaces', 'giveshoesgivehope', 'embracechange', 'personalstories']"
weareyellowdot,"['divestment', 'makemydegreefossilfree', 'reclaimearthday', 'greenactionwashu', 'interesting', 'fyp', 'washu', 'dontlookup', 'protest', 'climateemergency', 'divestfromfossilfuels', 'earthday']"
xiyebastida,[]
loveandclimate,[]
energyandpolicy,[]
marshallproj,"['illustration', 'oklahoma', 'taxday', 'taxes', 'law', 'tax', 'comics']"
artehhmio,"['bluecollar', 'drywall', 'popcornceiling', 'diy', 'electrical', 'electriciansoftiktok', 'sparky', 'electrician', 'solar', 'construction']"
laurenfrank202,"['oregoncoast', 'rockawaybeach', 'teacher', 'teachersoftiktok']"
gemgutier,[]
ace_hottakes,[]
tdnelson21,[]
chrismartinez0824,[]
liloceanpaige,"['oceanography', 'marinebiology', 'phd', 'ocean', 'nasa', 'academicweapon', 'gradschool', 'cfc', 'carbon', 'scitok', 'noaa', 'greenscreen', 'oceantok', 'phdtok', 'climate', 'academia', 'historytok', 'earthscience', 'oilspill', 'hot', 'atomicbombs', 'climateaction', 'gradtok', 'ucsb', 'climatescience', 'climatechange', 'enviornment', 'earthday']"
youthvgov,"['humanrights', 'youthvgovva', 'americasclimatecase', 'earthmonth', 'climatesolution', 'climaterights', 'julianavus', 'epa', 'childrensrights', 'climaterally', 'climatelitigation', 'virginiaclimateaction', 'climatejustice', 'climatscience', 'savejuliana', 'screenprinting', 'climateaction', 'youthvgov', 'youthvgovhi', 'genesisvepa', 'earthday2024', 'climatetrial', 'artbuild', 'earthmonth2024', 'earthday']"
thinkmediaofficial,[]
niners_d,[]
later.com,"['workinsocial', 'asylumwheretheyraisedme', 'youtube', 'socialmediaweek', 'smw', 'corporatelife', 'socialmediamanager', 'pto', 'adweek', 'schedulecontent', 'ttpd', 'youtuberewind', 'worktravel', 'megantheestallion', 'taylorswift', 'influencernarketing']"
ourclimateourfuture,[]
heyyounews,[]
ashley_elizabethtown,"['imnotokay', 'mcr', 'karaoke', 'tequiladaisy']"
cleoinstitute,[]
heavygang74,[]
ace_mlt,[]
ceadvocates,[]
johnpaul.mejia,[]
